0.0,0.0,0.0,0.155072,-0.05418,-0.064327,0.293107,-0.154761,-0.097638,0.311265,-0.318201,-0.132395,0.213798,-0.385833,-0.156556,0.230847,-0.469639,-0.026141,0.26959,-0.56827,-0.101411,0.232165,-0.427652,-0.144726,0.198183,-0.31453,-0.153225,0.137921,-0.506699,-0.025408,0.159312,-0.57976,-0.11684,0.141009,-0.387719,-0.154859,0.125017,-0.255349,-0.152382,0.043778,-0.528076,-0.037748,0.05503,-0.580714,-0.12454,0.068144,-0.410388,-0.147288,0.067578,-0.278471,-0.129729,-0.052315,-0.536262,-0.054024,-0.052071,-0.74755,-0.089882,-0.051966,-0.881195,-0.100023,-0.052513,-0.994229,-0.093552,0.0,0.0,0.0,0.0,0.0,0.0,0.0,0.0,0.0,0.0,0.0,0.0,0.0,0.0,0.0,0.0,0.0,0.0,0.0,0.0,0.0,0.0,0.0,0.0,0.0,0.0,0.0,0.0,0.0,0.0,0.0,0.0,0.0,0.0,0.0,0.0,0.0,0.0,0.0,0.0,0.0,0.0,0.0,0.0,0.0,0.0,0.0,0.0,0.0,0.0,0.0,0.0,0.0,0.0,0.0,0.0,0.0,0.0,0.0,0.0,0.0,0.0,0.0,I
0.0,0.0,0.0,0.162667,-0.062435,-0.057398,0.300929,-0.17438,-0.087747,0.313561,-0.339459,-0.120286,0.207298,-0.391139,-0.143503,0.214954,-0.483113,-0.026097,0.267444,-0.568864,-0.094365,0.232604,-0.424774,-0.133602,0.19684,-0.319849,-0.141449,0.125756,-0.51394,-0.027653,0.163191,-0.570521,-0.110924,0.144747,-0.377918,-0.145364,0.121954,-0.24643,-0.143082,0.035054,-0.530763,-0.040678,0.062167,-0.57895,-0.121146,0.079066,-0.408739,-0.142766,0.074368,-0.27258,-0.126735,-0.057956,-0.534808,-0.056923,-0.061597,-0.748379,-0.089775,-0.06352,-0.882706,-0.099669,-0.067843,-0.993202,-0.094584,0.0,0.0,0.0,0.0,0.0,0.0,0.0,0.0,0.0,0.0,0.0,0.0,0.0,0.0,0.0,0.0,0.0,0.0,0.0,0.0,0.0,0.0,0.0,0.0,0.0,0.0,0.0,0.0,0.0,0.0,0.0,0.0,0.0,0.0,0.0,0.0,0.0,0.0,0.0,0.0,0.0,0.0,0.0,0.0,0.0,0.0,0.0,0.0,0.0,0.0,0.0,0.0,0.0,0.0,0.0,0.0,0.0,0.0,0.0,0.0,0.0,0.0,0.0,I
0.0,0.0,0.0,0.166428,-0.068151,-0.061026,0.30607,-0.173385,-0.094781,0.314433,-0.341675,-0.130643,0.202303,-0.401432,-0.157213,0.214259,-0.483418,-0.026977,0.273124,-0.572285,-0.096427,0.237468,-0.432887,-0.137886,0.198088,-0.332204,-0.147349,0.124544,-0.517154,-0.027428,0.162283,-0.568166,-0.109566,0.147751,-0.378539,-0.146356,0.127414,-0.252298,-0.146622,0.033784,-0.53396,-0.03968,0.064497,-0.578112,-0.12154,0.085891,-0.40892,-0.144106,0.081107,-0.275041,-0.128638,-0.059648,-0.537305,-0.055322,-0.064813,-0.750206,-0.089569,-0.067135,-0.883077,-0.098305,-0.072483,-0.993137,-0.091788,0.0,0.0,0.0,0.0,0.0,0.0,0.0,0.0,0.0,0.0,0.0,0.0,0.0,0.0,0.0,0.0,0.0,0.0,0.0,0.0,0.0,0.0,0.0,0.0,0.0,0.0,0.0,0.0,0.0,0.0,0.0,0.0,0.0,0.0,0.0,0.0,0.0,0.0,0.0,0.0,0.0,0.0,0.0,0.0,0.0,0.0,0.0,0.0,0.0,0.0,0.0,0.0,0.0,0.0,0.0,0.0,0.0,0.0,0.0,0.0,0.0,0.0,0.0,I
0.0,0.0,0.0,0.16858,-0.065917,-0.059209,0.307543,-0.174227,-0.093054,0.316405,-0.338928,-0.129557,0.20352,-0.390018,-0.156887,0.205661,-0.500212,-0.030126,0.271891,-0.574799,-0.100478,0.236299,-0.42713,-0.142241,0.196396,-0.326377,-0.151696,0.117223,-0.528466,-0.032229,0.166107,-0.569971,-0.114801,0.147967,-0.37534,-0.151178,0.123514,-0.244758,-0.150607,0.026273,-0.539119,-0.045523,0.063355,-0.568102,-0.127659,0.074653,-0.394544,-0.150941,0.062146,-0.260639,-0.13502,-0.066076,-0.537824,-0.061854,-0.069521,-0.750512,-0.096149,-0.073013,-0.883811,-0.104952,-0.080815,-0.99191,-0.097895,0.0,0.0,0.0,0.0,0.0,0.0,0.0,0.0,0.0,0.0,0.0,0.0,0.0,0.0,0.0,0.0,0.0,0.0,0.0,0.0,0.0,0.0,0.0,0.0,0.0,0.0,0.0,0.0,0.0,0.0,0.0,0.0,0.0,0.0,0.0,0.0,0.0,0.0,0.0,0.0,0.0,0.0,0.0,0.0,0.0,0.0,0.0,0.0,0.0,0.0,0.0,0.0,0.0,0.0,0.0,0.0,0.0,0.0,0.0,0.0,0.0,0.0,0.0,I
0.0,0.0,0.0,0.166856,-0.068859,-0.061868,0.305452,-0.185743,-0.095904,0.30902,-0.347309,-0.131837,0.190657,-0.385052,-0.158007,0.196372,-0.511494,-0.029545,0.266094,-0.574061,-0.106152,0.235076,-0.416904,-0.154179,0.195778,-0.31401,-0.167039,0.108929,-0.536968,-0.030785,0.159795,-0.580505,-0.115472,0.143185,-0.383977,-0.153877,0.11819,-0.255933,-0.154653,0.019129,-0.542652,-0.044044,0.057562,-0.562302,-0.128035,0.063583,-0.386481,-0.149825,0.046314,-0.256924,-0.132054,-0.072397,-0.535118,-0.060834,-0.071548,-0.749888,-0.096738,-0.072579,-0.884059,-0.104217,-0.078947,-0.992293,-0.095504,0.0,0.0,0.0,0.0,0.0,0.0,0.0,0.0,0.0,0.0,0.0,0.0,0.0,0.0,0.0,0.0,0.0,0.0,0.0,0.0,0.0,0.0,0.0,0.0,0.0,0.0,0.0,0.0,0.0,0.0,0.0,0.0,0.0,0.0,0.0,0.0,0.0,0.0,0.0,0.0,0.0,0.0,0.0,0.0,0.0,0.0,0.0,0.0,0.0,0.0,0.0,0.0,0.0,0.0,0.0,0.0,0.0,0.0,0.0,0.0,0.0,0.0,0.0,I
0.0,0.0,0.0,0.167174,-0.067759,-0.057883,0.298116,-0.192256,-0.08513,0.293489,-0.354018,-0.115287,0.174383,-0.377059,-0.13556,0.193229,-0.493518,-0.018779,0.252373,-0.57397,-0.092192,0.22216,-0.423672,-0.136441,0.186173,-0.318967,-0.147493,0.112932,-0.519462,-0.021187,0.146365,-0.576389,-0.104343,0.130551,-0.380345,-0.139451,0.109798,-0.259999,-0.138283,0.028625,-0.526893,-0.0368,0.055063,-0.557873,-0.121649,0.062657,-0.388439,-0.142309,0.046876,-0.262229,-0.123933,-0.06019,-0.524663,-0.056026,-0.062394,-0.746459,-0.096772,-0.061591,-0.884059,-0.108439,-0.064487,-0.992628,-0.102624,0.0,0.0,0.0,0.0,0.0,0.0,0.0,0.0,0.0,0.0,0.0,0.0,0.0,0.0,0.0,0.0,0.0,0.0,0.0,0.0,0.0,0.0,0.0,0.0,0.0,0.0,0.0,0.0,0.0,0.0,0.0,0.0,0.0,0.0,0.0,0.0,0.0,0.0,0.0,0.0,0.0,0.0,0.0,0.0,0.0,0.0,0.0,0.0,0.0,0.0,0.0,0.0,0.0,0.0,0.0,0.0,0.0,0.0,0.0,0.0,0.0,0.0,0.0,I
0.0,0.0,0.0,0.166287,-0.077698,-0.054269,0.303011,-0.186697,-0.085207,0.294838,-0.343805,-0.121666,0.180013,-0.382511,-0.149076,0.20226,-0.493006,-0.006574,0.251729,-0.596056,-0.083427,0.228665,-0.456907,-0.132341,0.197285,-0.333336,-0.144091,0.115145,-0.520151,-0.011735,0.140992,-0.594466,-0.098018,0.134332,-0.405109,-0.138863,0.117604,-0.272816,-0.140304,0.027063,-0.5296,-0.030724,0.049381,-0.573906,-0.116421,0.062368,-0.412628,-0.140024,0.051094,-0.284868,-0.123228,-0.066698,-0.527721,-0.053227,-0.067374,-0.747339,-0.090971,-0.065682,-0.883315,-0.100526,-0.067457,-0.993338,-0.093426,0.0,0.0,0.0,0.0,0.0,0.0,0.0,0.0,0.0,0.0,0.0,0.0,0.0,0.0,0.0,0.0,0.0,0.0,0.0,0.0,0.0,0.0,0.0,0.0,0.0,0.0,0.0,0.0,0.0,0.0,0.0,0.0,0.0,0.0,0.0,0.0,0.0,0.0,0.0,0.0,0.0,0.0,0.0,0.0,0.0,0.0,0.0,0.0,0.0,0.0,0.0,0.0,0.0,0.0,0.0,0.0,0.0,0.0,0.0,0.0,0.0,0.0,0.0,I
0.0,0.0,0.0,0.170292,-0.07096,-0.062906,0.305755,-0.172179,-0.098732,0.30237,-0.331111,-0.138127,0.195257,-0.380308,-0.168624,0.225676,-0.486271,-0.015539,0.259975,-0.589303,-0.096046,0.234875,-0.455545,-0.146596,0.207813,-0.329129,-0.157743,0.131801,-0.519101,-0.015791,0.141899,-0.591972,-0.105372,0.132575,-0.406288,-0.147542,0.116661,-0.270878,-0.148528,0.036115,-0.531159,-0.030392,0.042522,-0.571678,-0.121631,0.056566,-0.410125,-0.147993,0.051287,-0.277328,-0.130745,-0.063453,-0.529867,-0.048594,-0.064106,-0.747589,-0.089767,-0.063955,-0.883757,-0.1002,-0.066757,-0.993524,-0.091948,0.0,0.0,0.0,0.0,0.0,0.0,0.0,0.0,0.0,0.0,0.0,0.0,0.0,0.0,0.0,0.0,0.0,0.0,0.0,0.0,0.0,0.0,0.0,0.0,0.0,0.0,0.0,0.0,0.0,0.0,0.0,0.0,0.0,0.0,0.0,0.0,0.0,0.0,0.0,0.0,0.0,0.0,0.0,0.0,0.0,0.0,0.0,0.0,0.0,0.0,0.0,0.0,0.0,0.0,0.0,0.0,0.0,0.0,0.0,0.0,0.0,0.0,0.0,I
0.0,0.0,0.0,0.157685,-0.063447,-0.069879,0.290809,-0.169696,-0.105396,0.290408,-0.328472,-0.141343,0.188122,-0.378426,-0.166544,0.219834,-0.478206,-0.027663,0.253232,-0.571392,-0.104841,0.223143,-0.42807,-0.148973,0.193144,-0.313644,-0.156731,0.125914,-0.514709,-0.024112,0.141527,-0.580614,-0.114576,0.124352,-0.385563,-0.152824,0.102728,-0.255935,-0.150105,0.031502,-0.530191,-0.034414,0.044501,-0.564102,-0.127348,0.050817,-0.392842,-0.151515,0.040096,-0.265605,-0.131397,-0.065605,-0.532131,-0.048526,-0.057307,-0.750113,-0.091447,-0.04995,-0.882712,-0.102343,-0.046202,-0.994551,-0.093451,0.0,0.0,0.0,0.0,0.0,0.0,0.0,0.0,0.0,0.0,0.0,0.0,0.0,0.0,0.0,0.0,0.0,0.0,0.0,0.0,0.0,0.0,0.0,0.0,0.0,0.0,0.0,0.0,0.0,0.0,0.0,0.0,0.0,0.0,0.0,0.0,0.0,0.0,0.0,0.0,0.0,0.0,0.0,0.0,0.0,0.0,0.0,0.0,0.0,0.0,0.0,0.0,0.0,0.0,0.0,0.0,0.0,0.0,0.0,0.0,0.0,0.0,0.0,I
0.0,0.0,0.0,0.156046,-0.042514,-0.094148,0.298746,-0.151453,-0.140155,0.302589,-0.327251,-0.181306,0.194206,-0.396018,-0.207285,0.229761,-0.478359,-0.056502,0.272703,-0.575571,-0.145629,0.232607,-0.414249,-0.188945,0.198742,-0.30443,-0.194983,0.135165,-0.516571,-0.043496,0.159736,-0.580651,-0.152834,0.14121,-0.371734,-0.189421,0.122613,-0.249064,-0.18116,0.041566,-0.531841,-0.046655,0.057906,-0.568336,-0.154982,0.06905,-0.379805,-0.175,0.064142,-0.252944,-0.14817,-0.053519,-0.536349,-0.055614,-0.042435,-0.747132,-0.106615,-0.03214,-0.87603,-0.119843,-0.024454,-0.993552,-0.110713,0.0,0.0,0.0,0.0,0.0,0.0,0.0,0.0,0.0,0.0,0.0,0.0,0.0,0.0,0.0,0.0,0.0,0.0,0.0,0.0,0.0,0.0,0.0,0.0,0.0,0.0,0.0,0.0,0.0,0.0,0.0,0.0,0.0,0.0,0.0,0.0,0.0,0.0,0.0,0.0,0.0,0.0,0.0,0.0,0.0,0.0,0.0,0.0,0.0,0.0,0.0,0.0,0.0,0.0,0.0,0.0,0.0,0.0,0.0,0.0,0.0,0.0,0.0,I
0.0,0.0,0.0,0.153,-0.039936,-0.091756,0.296274,-0.156829,-0.133289,0.303793,-0.336473,-0.170126,0.19554,-0.401683,-0.191589,0.235414,-0.48328,-0.050431,0.272456,-0.574103,-0.135821,0.230252,-0.413379,-0.17715,0.199394,-0.312802,-0.183007,0.140651,-0.520986,-0.03877,0.162312,-0.583994,-0.145446,0.142202,-0.383666,-0.181176,0.124801,-0.266978,-0.172808,0.047095,-0.536053,-0.043064,0.061252,-0.575075,-0.147759,0.071038,-0.389358,-0.166645,0.067504,-0.263093,-0.139973,-0.046427,-0.540354,-0.053265,-0.030855,-0.748038,-0.100977,-0.021862,-0.877171,-0.112522,-0.015131,-0.994589,-0.10278,0.0,0.0,0.0,0.0,0.0,0.0,0.0,0.0,0.0,0.0,0.0,0.0,0.0,0.0,0.0,0.0,0.0,0.0,0.0,0.0,0.0,0.0,0.0,0.0,0.0,0.0,0.0,0.0,0.0,0.0,0.0,0.0,0.0,0.0,0.0,0.0,0.0,0.0,0.0,0.0,0.0,0.0,0.0,0.0,0.0,0.0,0.0,0.0,0.0,0.0,0.0,0.0,0.0,0.0,0.0,0.0,0.0,0.0,0.0,0.0,0.0,0.0,0.0,I
0.0,0.0,0.0,0.153978,-0.041084,-0.093099,0.296103,-0.146315,-0.138505,0.301294,-0.320476,-0.179423,0.19638,-0.39149,-0.205397,0.240625,-0.479422,-0.056311,0.27624,-0.569015,-0.144055,0.235165,-0.408089,-0.186943,0.20468,-0.301916,-0.193029,0.14504,-0.518668,-0.044451,0.165006,-0.579038,-0.152383,0.144876,-0.376574,-0.18835,0.126088,-0.257423,-0.180122,0.051292,-0.535515,-0.048379,0.061474,-0.574642,-0.153234,0.071051,-0.38894,-0.171646,0.067681,-0.261708,-0.144848,-0.043586,-0.540982,-0.058374,-0.029778,-0.750895,-0.105222,-0.018785,-0.878762,-0.115433,-0.009692,-0.994443,-0.104834,0.0,0.0,0.0,0.0,0.0,0.0,0.0,0.0,0.0,0.0,0.0,0.0,0.0,0.0,0.0,0.0,0.0,0.0,0.0,0.0,0.0,0.0,0.0,0.0,0.0,0.0,0.0,0.0,0.0,0.0,0.0,0.0,0.0,0.0,0.0,0.0,0.0,0.0,0.0,0.0,0.0,0.0,0.0,0.0,0.0,0.0,0.0,0.0,0.0,0.0,0.0,0.0,0.0,0.0,0.0,0.0,0.0,0.0,0.0,0.0,0.0,0.0,0.0,I
0.0,0.0,0.0,0.157832,-0.045105,-0.083042,0.299342,-0.137112,-0.127436,0.309949,-0.301002,-0.169938,0.206375,-0.381175,-0.198707,0.244673,-0.475124,-0.052303,0.290643,-0.571049,-0.13737,0.245796,-0.421622,-0.177601,0.208505,-0.314092,-0.180627,0.149782,-0.51366,-0.04397,0.173266,-0.556205,-0.149266,0.149234,-0.353208,-0.184308,0.126756,-0.227561,-0.175497,0.055561,-0.530182,-0.050027,0.07093,-0.559926,-0.153735,0.075431,-0.372986,-0.171246,0.066406,-0.240462,-0.14356,-0.039788,-0.53569,-0.060931,-0.027658,-0.749018,-0.107365,-0.015145,-0.87954,-0.116161,-0.003816,-0.994574,-0.103962,0.0,0.0,0.0,0.0,0.0,0.0,0.0,0.0,0.0,0.0,0.0,0.0,0.0,0.0,0.0,0.0,0.0,0.0,0.0,0.0,0.0,0.0,0.0,0.0,0.0,0.0,0.0,0.0,0.0,0.0,0.0,0.0,0.0,0.0,0.0,0.0,0.0,0.0,0.0,0.0,0.0,0.0,0.0,0.0,0.0,0.0,0.0,0.0,0.0,0.0,0.0,0.0,0.0,0.0,0.0,0.0,0.0,0.0,0.0,0.0,0.0,0.0,0.0,I
0.0,0.0,0.0,0.164086,-0.050379,-0.063742,0.314351,-0.15105,-0.096327,0.32397,-0.3238,-0.131371,0.201761,-0.388033,-0.157104,0.245532,-0.466683,-0.022231,0.300326,-0.556237,-0.094846,0.25921,-0.415783,-0.133157,0.219638,-0.315033,-0.136812,0.15952,-0.504606,-0.022075,0.184575,-0.562722,-0.10837,0.159172,-0.38186,-0.144069,0.134137,-0.257979,-0.139938,0.068538,-0.527109,-0.034965,0.086496,-0.559095,-0.126561,0.081594,-0.384633,-0.148646,0.06112,-0.253165,-0.126823,-0.029568,-0.542338,-0.050952,-0.016756,-0.756477,-0.089165,-0.00294,-0.887213,-0.095886,0.0079,-0.996391,-0.084519,0.0,0.0,0.0,0.0,0.0,0.0,0.0,0.0,0.0,0.0,0.0,0.0,0.0,0.0,0.0,0.0,0.0,0.0,0.0,0.0,0.0,0.0,0.0,0.0,0.0,0.0,0.0,0.0,0.0,0.0,0.0,0.0,0.0,0.0,0.0,0.0,0.0,0.0,0.0,0.0,0.0,0.0,0.0,0.0,0.0,0.0,0.0,0.0,0.0,0.0,0.0,0.0,0.0,0.0,0.0,0.0,0.0,0.0,0.0,0.0,0.0,0.0,0.0,I
0.0,0.0,0.0,0.157783,-0.047721,-0.069535,0.308625,-0.155255,-0.104901,0.316085,-0.33566,-0.139897,0.18735,-0.393059,-0.165199,0.246295,-0.469046,-0.031325,0.29308,-0.552685,-0.100696,0.251111,-0.414274,-0.137265,0.213385,-0.323513,-0.142882,0.16007,-0.505632,-0.02916,0.183368,-0.570078,-0.112537,0.152042,-0.379828,-0.144104,0.123292,-0.263127,-0.138633,0.071215,-0.52578,-0.039976,0.085761,-0.566357,-0.128962,0.081997,-0.393697,-0.148787,0.061537,-0.270122,-0.12796,-0.02392,-0.538449,-0.054323,-0.015324,-0.755277,-0.093431,-0.003657,-0.882857,-0.101238,0.005259,-0.99572,-0.092271,0.0,0.0,0.0,0.0,0.0,0.0,0.0,0.0,0.0,0.0,0.0,0.0,0.0,0.0,0.0,0.0,0.0,0.0,0.0,0.0,0.0,0.0,0.0,0.0,0.0,0.0,0.0,0.0,0.0,0.0,0.0,0.0,0.0,0.0,0.0,0.0,0.0,0.0,0.0,0.0,0.0,0.0,0.0,0.0,0.0,0.0,0.0,0.0,0.0,0.0,0.0,0.0,0.0,0.0,0.0,0.0,0.0,0.0,0.0,0.0,0.0,0.0,0.0,I
0.0,0.0,0.0,0.16582,-0.050231,-0.061567,0.312868,-0.157816,-0.093478,0.315313,-0.328346,-0.126349,0.193103,-0.404168,-0.150781,0.24358,-0.473026,-0.028589,0.294635,-0.553696,-0.098936,0.252449,-0.412164,-0.139659,0.209696,-0.311406,-0.147373,0.158734,-0.510237,-0.027647,0.186464,-0.566249,-0.109225,0.153525,-0.372797,-0.142949,0.118222,-0.246086,-0.139726,0.070398,-0.528964,-0.038665,0.090621,-0.570985,-0.122489,0.089428,-0.399864,-0.142818,0.068814,-0.271796,-0.123984,-0.024731,-0.537023,-0.052461,-0.011475,-0.75324,-0.088583,0.000951,-0.882906,-0.095738,0.00817,-0.996183,-0.086901,0.0,0.0,0.0,0.0,0.0,0.0,0.0,0.0,0.0,0.0,0.0,0.0,0.0,0.0,0.0,0.0,0.0,0.0,0.0,0.0,0.0,0.0,0.0,0.0,0.0,0.0,0.0,0.0,0.0,0.0,0.0,0.0,0.0,0.0,0.0,0.0,0.0,0.0,0.0,0.0,0.0,0.0,0.0,0.0,0.0,0.0,0.0,0.0,0.0,0.0,0.0,0.0,0.0,0.0,0.0,0.0,0.0,0.0,0.0,0.0,0.0,0.0,0.0,I
0.0,0.0,0.0,0.168092,-0.044823,-0.066666,0.310492,-0.158304,-0.096687,0.307947,-0.338915,-0.12727,0.182576,-0.391755,-0.146755,0.237691,-0.465359,-0.023226,0.284711,-0.566389,-0.09907,0.248093,-0.414482,-0.142543,0.210862,-0.313016,-0.152096,0.154424,-0.505993,-0.021238,0.179362,-0.581164,-0.106216,0.155072,-0.383709,-0.140868,0.128354,-0.271088,-0.138851,0.068104,-0.527975,-0.033626,0.08516,-0.576458,-0.122095,0.087919,-0.404945,-0.144617,0.069359,-0.287124,-0.127228,-0.024397,-0.540199,-0.049645,-0.012415,-0.75366,-0.089224,-1.7e-05,-0.882388,-0.100653,0.004545,-0.995434,-0.095341,0.0,0.0,0.0,0.0,0.0,0.0,0.0,0.0,0.0,0.0,0.0,0.0,0.0,0.0,0.0,0.0,0.0,0.0,0.0,0.0,0.0,0.0,0.0,0.0,0.0,0.0,0.0,0.0,0.0,0.0,0.0,0.0,0.0,0.0,0.0,0.0,0.0,0.0,0.0,0.0,0.0,0.0,0.0,0.0,0.0,0.0,0.0,0.0,0.0,0.0,0.0,0.0,0.0,0.0,0.0,0.0,0.0,0.0,0.0,0.0,0.0,0.0,0.0,I
0.0,0.0,0.0,0.165829,-0.052858,-0.063466,0.303582,-0.165046,-0.09349,0.295967,-0.334095,-0.126432,0.179566,-0.394066,-0.149978,0.24044,-0.465289,-0.01156,0.27447,-0.569939,-0.088349,0.244808,-0.429714,-0.13652,0.215411,-0.312659,-0.14778,0.151561,-0.504226,-0.01174,0.165476,-0.58337,-0.099598,0.146659,-0.39659,-0.141849,0.127269,-0.27246,-0.143149,0.060441,-0.522745,-0.02637,0.069593,-0.571678,-0.117963,0.073512,-0.40389,-0.145764,0.061501,-0.276255,-0.129641,-0.035755,-0.531619,-0.044208,-0.024295,-0.744319,-0.085589,-0.017376,-0.880255,-0.097457,-0.015253,-0.995744,-0.090892,0.0,0.0,0.0,0.0,0.0,0.0,0.0,0.0,0.0,0.0,0.0,0.0,0.0,0.0,0.0,0.0,0.0,0.0,0.0,0.0,0.0,0.0,0.0,0.0,0.0,0.0,0.0,0.0,0.0,0.0,0.0,0.0,0.0,0.0,0.0,0.0,0.0,0.0,0.0,0.0,0.0,0.0,0.0,0.0,0.0,0.0,0.0,0.0,0.0,0.0,0.0,0.0,0.0,0.0,0.0,0.0,0.0,0.0,0.0,0.0,0.0,0.0,0.0,I
0.0,0.0,0.0,0.16716,-0.053468,-0.063762,0.302971,-0.170772,-0.091901,0.28152,-0.340266,-0.122517,0.156447,-0.387471,-0.143389,0.234204,-0.470929,-0.008676,0.266623,-0.576415,-0.084139,0.239728,-0.431919,-0.131803,0.212362,-0.316219,-0.143283,0.143465,-0.510381,-0.008574,0.157544,-0.593332,-0.092803,0.139874,-0.407005,-0.134103,0.120076,-0.287592,-0.136089,0.051036,-0.526973,-0.023263,0.059146,-0.576085,-0.112862,0.061207,-0.410069,-0.140571,0.046619,-0.287758,-0.12534,-0.045555,-0.533698,-0.041151,-0.038034,-0.749009,-0.081509,-0.032428,-0.883086,-0.092705,-0.032482,-0.995744,-0.086247,0.0,0.0,0.0,0.0,0.0,0.0,0.0,0.0,0.0,0.0,0.0,0.0,0.0,0.0,0.0,0.0,0.0,0.0,0.0,0.0,0.0,0.0,0.0,0.0,0.0,0.0,0.0,0.0,0.0,0.0,0.0,0.0,0.0,0.0,0.0,0.0,0.0,0.0,0.0,0.0,0.0,0.0,0.0,0.0,0.0,0.0,0.0,0.0,0.0,0.0,0.0,0.0,0.0,0.0,0.0,0.0,0.0,0.0,0.0,0.0,0.0,0.0,0.0,I
0.0,0.0,0.0,0.164239,-0.057081,-0.064267,0.297665,-0.175227,-0.09419,0.279111,-0.341228,-0.12714,0.153682,-0.389813,-0.150896,0.233418,-0.476362,-0.007925,0.260492,-0.573134,-0.084738,0.240284,-0.427324,-0.133497,0.21693,-0.306809,-0.144524,0.139908,-0.512065,-0.008294,0.149814,-0.584214,-0.096185,0.139121,-0.39597,-0.140208,0.121903,-0.270493,-0.142178,0.045791,-0.524998,-0.023477,0.053207,-0.566632,-0.115982,0.060535,-0.398062,-0.145833,0.049447,-0.272131,-0.130247,-0.051606,-0.527192,-0.041772,-0.045952,-0.743016,-0.08262,-0.039495,-0.879823,-0.093952,-0.037838,-0.995517,-0.086683,0.0,0.0,0.0,0.0,0.0,0.0,0.0,0.0,0.0,0.0,0.0,0.0,0.0,0.0,0.0,0.0,0.0,0.0,0.0,0.0,0.0,0.0,0.0,0.0,0.0,0.0,0.0,0.0,0.0,0.0,0.0,0.0,0.0,0.0,0.0,0.0,0.0,0.0,0.0,0.0,0.0,0.0,0.0,0.0,0.0,0.0,0.0,0.0,0.0,0.0,0.0,0.0,0.0,0.0,0.0,0.0,0.0,0.0,0.0,0.0,0.0,0.0,0.0,I
0.0,0.0,0.0,0.152858,-0.056921,-0.057373,0.283364,-0.164011,-0.085756,0.266032,-0.314999,-0.118595,0.155912,-0.381954,-0.143556,0.226703,-0.466725,-0.005119,0.252217,-0.565937,-0.078433,0.228558,-0.448047,-0.124632,0.201358,-0.331073,-0.133855,0.131878,-0.504136,-0.007541,0.136069,-0.561717,-0.094895,0.123746,-0.384241,-0.13958,0.105991,-0.254513,-0.142148,0.037793,-0.518438,-0.023618,0.040216,-0.556359,-0.11525,0.048967,-0.397225,-0.144569,0.042003,-0.273039,-0.129218,-0.059254,-0.520676,-0.042074,-0.051535,-0.737138,-0.084348,-0.04528,-0.875041,-0.094455,-0.042005,-0.99543,-0.08576,0.0,0.0,0.0,0.0,0.0,0.0,0.0,0.0,0.0,0.0,0.0,0.0,0.0,0.0,0.0,0.0,0.0,0.0,0.0,0.0,0.0,0.0,0.0,0.0,0.0,0.0,0.0,0.0,0.0,0.0,0.0,0.0,0.0,0.0,0.0,0.0,0.0,0.0,0.0,0.0,0.0,0.0,0.0,0.0,0.0,0.0,0.0,0.0,0.0,0.0,0.0,0.0,0.0,0.0,0.0,0.0,0.0,0.0,0.0,0.0,0.0,0.0,0.0,I
0.0,0.0,0.0,0.152617,-0.038908,-0.069637,0.291556,-0.141994,-0.100997,0.280074,-0.300992,-0.134107,0.16814,-0.373567,-0.157249,0.242817,-0.461945,-0.021298,0.256998,-0.561235,-0.101472,0.221581,-0.427061,-0.146664,0.1952,-0.306202,-0.152305,0.144669,-0.503139,-0.017051,0.138918,-0.560236,-0.113175,0.118504,-0.376322,-0.154982,0.102402,-0.246714,-0.151555,0.047087,-0.52071,-0.02726,0.041019,-0.552271,-0.127439,0.043463,-0.38226,-0.154827,0.038199,-0.253552,-0.133457,-0.052353,-0.52718,-0.040393,-0.037687,-0.740884,-0.085887,-0.029888,-0.878372,-0.095379,-0.024588,-0.996236,-0.083122,0.0,0.0,0.0,0.0,0.0,0.0,0.0,0.0,0.0,0.0,0.0,0.0,0.0,0.0,0.0,0.0,0.0,0.0,0.0,0.0,0.0,0.0,0.0,0.0,0.0,0.0,0.0,0.0,0.0,0.0,0.0,0.0,0.0,0.0,0.0,0.0,0.0,0.0,0.0,0.0,0.0,0.0,0.0,0.0,0.0,0.0,0.0,0.0,0.0,0.0,0.0,0.0,0.0,0.0,0.0,0.0,0.0,0.0,0.0,0.0,0.0,0.0,0.0,I
0.0,0.0,0.0,0.159634,-0.040696,-0.075636,0.296118,-0.150526,-0.110892,0.276632,-0.316199,-0.145516,0.155227,-0.378313,-0.168363,0.238137,-0.477726,-0.030624,0.260499,-0.566302,-0.11047,0.232424,-0.408866,-0.156005,0.211232,-0.298616,-0.164915,0.142757,-0.517011,-0.025216,0.146516,-0.573091,-0.114438,0.128242,-0.377949,-0.151639,0.114466,-0.262231,-0.149604,0.046148,-0.530534,-0.034801,0.044449,-0.563015,-0.129356,0.047661,-0.387642,-0.153316,0.041061,-0.263091,-0.133775,-0.052893,-0.533772,-0.048173,-0.04419,-0.745475,-0.092281,-0.039368,-0.879834,-0.103015,-0.038082,-0.99483,-0.09414,0.0,0.0,0.0,0.0,0.0,0.0,0.0,0.0,0.0,0.0,0.0,0.0,0.0,0.0,0.0,0.0,0.0,0.0,0.0,0.0,0.0,0.0,0.0,0.0,0.0,0.0,0.0,0.0,0.0,0.0,0.0,0.0,0.0,0.0,0.0,0.0,0.0,0.0,0.0,0.0,0.0,0.0,0.0,0.0,0.0,0.0,0.0,0.0,0.0,0.0,0.0,0.0,0.0,0.0,0.0,0.0,0.0,0.0,0.0,0.0,0.0,0.0,0.0,I
0.0,0.0,0.0,0.164429,-0.054735,-0.065884,0.298781,-0.173587,-0.095318,0.282553,-0.338906,-0.12602,0.159213,-0.379852,-0.14573,0.229372,-0.496188,-0.020204,0.261007,-0.572757,-0.096807,0.228665,-0.420216,-0.141365,0.198544,-0.318869,-0.15061,0.140274,-0.526098,-0.020003,0.146351,-0.573754,-0.111222,0.129506,-0.377673,-0.150242,0.111766,-0.2569,-0.147868,0.049278,-0.53546,-0.033977,0.043548,-0.558064,-0.130078,0.05437,-0.382848,-0.157169,0.04981,-0.256336,-0.138093,-0.044927,-0.536029,-0.050939,-0.045731,-0.748874,-0.094951,-0.042323,-0.88178,-0.107178,-0.041051,-0.994232,-0.099079,0.0,0.0,0.0,0.0,0.0,0.0,0.0,0.0,0.0,0.0,0.0,0.0,0.0,0.0,0.0,0.0,0.0,0.0,0.0,0.0,0.0,0.0,0.0,0.0,0.0,0.0,0.0,0.0,0.0,0.0,0.0,0.0,0.0,0.0,0.0,0.0,0.0,0.0,0.0,0.0,0.0,0.0,0.0,0.0,0.0,0.0,0.0,0.0,0.0,0.0,0.0,0.0,0.0,0.0,0.0,0.0,0.0,0.0,0.0,0.0,0.0,0.0,0.0,I
0.0,0.0,0.0,0.161684,-0.049791,-0.069573,0.301693,-0.168471,-0.099451,0.280066,-0.339841,-0.129678,0.155722,-0.400907,-0.148953,0.239275,-0.488778,-0.024698,0.265804,-0.573536,-0.102067,0.227527,-0.424968,-0.144922,0.194472,-0.316314,-0.151588,0.14407,-0.522789,-0.021681,0.152374,-0.576291,-0.114753,0.131407,-0.380385,-0.153844,0.111683,-0.255312,-0.150366,0.050792,-0.532914,-0.03286,0.046313,-0.561815,-0.1312,0.055928,-0.390538,-0.15931,0.05363,-0.265756,-0.140067,-0.046073,-0.533184,-0.046941,-0.041045,-0.747999,-0.092083,-0.039054,-0.881515,-0.103995,-0.038872,-0.994712,-0.095059,0.0,0.0,0.0,0.0,0.0,0.0,0.0,0.0,0.0,0.0,0.0,0.0,0.0,0.0,0.0,0.0,0.0,0.0,0.0,0.0,0.0,0.0,0.0,0.0,0.0,0.0,0.0,0.0,0.0,0.0,0.0,0.0,0.0,0.0,0.0,0.0,0.0,0.0,0.0,0.0,0.0,0.0,0.0,0.0,0.0,0.0,0.0,0.0,0.0,0.0,0.0,0.0,0.0,0.0,0.0,0.0,0.0,0.0,0.0,0.0,0.0,0.0,0.0,I
0.0,0.0,0.0,0.163028,-0.046036,-0.077646,0.296773,-0.174355,-0.108974,0.271762,-0.347829,-0.139623,0.151299,-0.398614,-0.157326,0.241659,-0.490078,-0.02472,0.246398,-0.5854,-0.108592,0.216513,-0.426803,-0.154111,0.198079,-0.313824,-0.161143,0.141815,-0.521702,-0.018599,0.132842,-0.584848,-0.120674,0.120108,-0.38336,-0.160638,0.113222,-0.261688,-0.155206,0.044314,-0.531416,-0.028622,0.027806,-0.574756,-0.133062,0.039436,-0.394705,-0.159119,0.045626,-0.266215,-0.136092,-0.053485,-0.532291,-0.042937,-0.043501,-0.742534,-0.091018,-0.04045,-0.877946,-0.104501,-0.037876,-0.99471,-0.095484,0.0,0.0,0.0,0.0,0.0,0.0,0.0,0.0,0.0,0.0,0.0,0.0,0.0,0.0,0.0,0.0,0.0,0.0,0.0,0.0,0.0,0.0,0.0,0.0,0.0,0.0,0.0,0.0,0.0,0.0,0.0,0.0,0.0,0.0,0.0,0.0,0.0,0.0,0.0,0.0,0.0,0.0,0.0,0.0,0.0,0.0,0.0,0.0,0.0,0.0,0.0,0.0,0.0,0.0,0.0,0.0,0.0,0.0,0.0,0.0,0.0,0.0,0.0,I
0.0,0.0,0.0,0.160117,-0.050737,-0.091984,0.291708,-0.179387,-0.132514,0.262307,-0.350695,-0.168764,0.135287,-0.388118,-0.189251,0.229756,-0.500399,-0.042999,0.246885,-0.588638,-0.129467,0.216576,-0.420965,-0.17334,0.196039,-0.316999,-0.18062,0.130655,-0.527129,-0.032058,0.131781,-0.582812,-0.135434,0.119416,-0.3753,-0.171636,0.112876,-0.268117,-0.165496,0.034021,-0.531602,-0.038546,0.026481,-0.564508,-0.146268,0.041015,-0.376679,-0.169325,0.045346,-0.252409,-0.145103,-0.060712,-0.529715,-0.050622,-0.052002,-0.737741,-0.101813,-0.049159,-0.871391,-0.116353,-0.048539,-0.992866,-0.108909,0.0,0.0,0.0,0.0,0.0,0.0,0.0,0.0,0.0,0.0,0.0,0.0,0.0,0.0,0.0,0.0,0.0,0.0,0.0,0.0,0.0,0.0,0.0,0.0,0.0,0.0,0.0,0.0,0.0,0.0,0.0,0.0,0.0,0.0,0.0,0.0,0.0,0.0,0.0,0.0,0.0,0.0,0.0,0.0,0.0,0.0,0.0,0.0,0.0,0.0,0.0,0.0,0.0,0.0,0.0,0.0,0.0,0.0,0.0,0.0,0.0,0.0,0.0,I
0.0,0.0,0.0,0.15903,-0.055727,-0.088565,0.285938,-0.195023,-0.124954,0.254375,-0.365403,-0.157295,0.128525,-0.391406,-0.173945,0.214831,-0.495846,-0.040792,0.235917,-0.594196,-0.122133,0.208898,-0.428191,-0.161453,0.194094,-0.330239,-0.167217,0.11922,-0.523093,-0.029996,0.123764,-0.589422,-0.12957,0.115494,-0.394625,-0.16233,0.11237,-0.294101,-0.155128,0.024778,-0.531549,-0.036203,0.019824,-0.576457,-0.13962,0.0353,-0.388318,-0.159754,0.040618,-0.260366,-0.135028,-0.067513,-0.535091,-0.048172,-0.063285,-0.741555,-0.096465,-0.060564,-0.872994,-0.11071,-0.058412,-0.992815,-0.104436,0.0,0.0,0.0,0.0,0.0,0.0,0.0,0.0,0.0,0.0,0.0,0.0,0.0,0.0,0.0,0.0,0.0,0.0,0.0,0.0,0.0,0.0,0.0,0.0,0.0,0.0,0.0,0.0,0.0,0.0,0.0,0.0,0.0,0.0,0.0,0.0,0.0,0.0,0.0,0.0,0.0,0.0,0.0,0.0,0.0,0.0,0.0,0.0,0.0,0.0,0.0,0.0,0.0,0.0,0.0,0.0,0.0,0.0,0.0,0.0,0.0,0.0,0.0,I
0.0,0.0,0.0,0.156667,-0.058435,-0.093869,0.285171,-0.190185,-0.135751,0.257361,-0.360304,-0.173808,0.136289,-0.402085,-0.195935,0.221909,-0.503618,-0.044306,0.235795,-0.597834,-0.134166,0.205506,-0.433791,-0.179459,0.187708,-0.32706,-0.18662,0.121648,-0.530899,-0.032667,0.120167,-0.588533,-0.142056,0.110547,-0.386266,-0.18046,0.106101,-0.27536,-0.173828,0.025304,-0.537398,-0.038671,0.015808,-0.578146,-0.149654,0.03337,-0.39218,-0.172263,0.042098,-0.265343,-0.146357,-0.068613,-0.53686,-0.050637,-0.065314,-0.743762,-0.101575,-0.063074,-0.87439,-0.114649,-0.060168,-0.992616,-0.105328,0.0,0.0,0.0,0.0,0.0,0.0,0.0,0.0,0.0,0.0,0.0,0.0,0.0,0.0,0.0,0.0,0.0,0.0,0.0,0.0,0.0,0.0,0.0,0.0,0.0,0.0,0.0,0.0,0.0,0.0,0.0,0.0,0.0,0.0,0.0,0.0,0.0,0.0,0.0,0.0,0.0,0.0,0.0,0.0,0.0,0.0,0.0,0.0,0.0,0.0,0.0,0.0,0.0,0.0,0.0,0.0,0.0,0.0,0.0,0.0,0.0,0.0,0.0,I
0.0,0.0,0.0,0.154221,-0.057667,-0.095778,0.284733,-0.187315,-0.139272,0.259138,-0.359483,-0.17891,0.137782,-0.399723,-0.20264,0.22175,-0.510743,-0.041863,0.229735,-0.600898,-0.131441,0.203217,-0.434342,-0.178207,0.191377,-0.329591,-0.186586,0.121453,-0.537403,-0.02993,0.115839,-0.595474,-0.135778,0.108876,-0.396751,-0.173686,0.109077,-0.289978,-0.167788,0.02336,-0.542095,-0.036006,0.011463,-0.578188,-0.144802,0.027667,-0.391038,-0.166015,0.036601,-0.263989,-0.139759,-0.073473,-0.539834,-0.048358,-0.070122,-0.744806,-0.096894,-0.069513,-0.87569,-0.107134,-0.067884,-0.993064,-0.095999,0.0,0.0,0.0,0.0,0.0,0.0,0.0,0.0,0.0,0.0,0.0,0.0,0.0,0.0,0.0,0.0,0.0,0.0,0.0,0.0,0.0,0.0,0.0,0.0,0.0,0.0,0.0,0.0,0.0,0.0,0.0,0.0,0.0,0.0,0.0,0.0,0.0,0.0,0.0,0.0,0.0,0.0,0.0,0.0,0.0,0.0,0.0,0.0,0.0,0.0,0.0,0.0,0.0,0.0,0.0,0.0,0.0,0.0,0.0,0.0,0.0,0.0,0.0,I
0.0,0.0,0.0,0.155663,-0.058499,-0.083713,0.289368,-0.179576,-0.12218,0.271334,-0.349672,-0.158545,0.155501,-0.404208,-0.18111,0.217681,-0.497923,-0.037045,0.238368,-0.595623,-0.121485,0.211082,-0.436304,-0.166101,0.193291,-0.324141,-0.173283,0.120835,-0.525812,-0.02847,0.125292,-0.595216,-0.130537,0.116991,-0.392427,-0.169634,0.110034,-0.268859,-0.164659,0.02646,-0.533414,-0.035611,0.021401,-0.574198,-0.139472,0.03799,-0.393669,-0.163115,0.04218,-0.267591,-0.139796,-0.068804,-0.533602,-0.047367,-0.064081,-0.747274,-0.094131,-0.063121,-0.878517,-0.104247,-0.064212,-0.993554,-0.093425,0.0,0.0,0.0,0.0,0.0,0.0,0.0,0.0,0.0,0.0,0.0,0.0,0.0,0.0,0.0,0.0,0.0,0.0,0.0,0.0,0.0,0.0,0.0,0.0,0.0,0.0,0.0,0.0,0.0,0.0,0.0,0.0,0.0,0.0,0.0,0.0,0.0,0.0,0.0,0.0,0.0,0.0,0.0,0.0,0.0,0.0,0.0,0.0,0.0,0.0,0.0,0.0,0.0,0.0,0.0,0.0,0.0,0.0,0.0,0.0,0.0,0.0,0.0,I
0.0,0.0,0.0,0.16155,-0.053137,-0.08253,0.297125,-0.179249,-0.118057,0.28051,-0.354214,-0.151399,0.15756,-0.395306,-0.172118,0.2203,-0.49509,-0.036747,0.240438,-0.587315,-0.116839,0.214389,-0.429095,-0.160401,0.196328,-0.325994,-0.168895,0.127392,-0.521918,-0.027943,0.125952,-0.581072,-0.1241,0.118704,-0.384352,-0.16198,0.111505,-0.266949,-0.158831,0.034921,-0.52877,-0.034405,0.023662,-0.563314,-0.132995,0.042404,-0.387556,-0.157516,0.046778,-0.262976,-0.137066,-0.059051,-0.529839,-0.045577,-0.056043,-0.742322,-0.090526,-0.054226,-0.877932,-0.102351,-0.055601,-0.994001,-0.094186,0.0,0.0,0.0,0.0,0.0,0.0,0.0,0.0,0.0,0.0,0.0,0.0,0.0,0.0,0.0,0.0,0.0,0.0,0.0,0.0,0.0,0.0,0.0,0.0,0.0,0.0,0.0,0.0,0.0,0.0,0.0,0.0,0.0,0.0,0.0,0.0,0.0,0.0,0.0,0.0,0.0,0.0,0.0,0.0,0.0,0.0,0.0,0.0,0.0,0.0,0.0,0.0,0.0,0.0,0.0,0.0,0.0,0.0,0.0,0.0,0.0,0.0,0.0,I
0.0,0.0,0.0,0.15346,-0.05956,-0.081667,0.285174,-0.181679,-0.11739,0.266339,-0.352219,-0.14948,0.161015,-0.411857,-0.167328,0.220785,-0.49351,-0.042481,0.237187,-0.591057,-0.122706,0.209662,-0.431541,-0.162819,0.191928,-0.322866,-0.16858,0.123458,-0.52193,-0.033242,0.128946,-0.592996,-0.132837,0.119641,-0.39257,-0.167644,0.110441,-0.272655,-0.160845,0.029101,-0.530744,-0.038866,0.024843,-0.576509,-0.138635,0.043683,-0.400705,-0.158978,0.04984,-0.278248,-0.13561,-0.065868,-0.530877,-0.049043,-0.06351,-0.74486,-0.0963,-0.061916,-0.875984,-0.107881,-0.062124,-0.993148,-0.098984,0.0,0.0,0.0,0.0,0.0,0.0,0.0,0.0,0.0,0.0,0.0,0.0,0.0,0.0,0.0,0.0,0.0,0.0,0.0,0.0,0.0,0.0,0.0,0.0,0.0,0.0,0.0,0.0,0.0,0.0,0.0,0.0,0.0,0.0,0.0,0.0,0.0,0.0,0.0,0.0,0.0,0.0,0.0,0.0,0.0,0.0,0.0,0.0,0.0,0.0,0.0,0.0,0.0,0.0,0.0,0.0,0.0,0.0,0.0,0.0,0.0,0.0,0.0,I
0.0,0.0,0.0,0.15186,-0.060436,-0.091179,0.285675,-0.172608,-0.136973,0.27045,-0.341795,-0.179403,0.16139,-0.403842,-0.207085,0.220424,-0.492375,-0.05233,0.232391,-0.598588,-0.143621,0.201247,-0.43778,-0.189607,0.184081,-0.316065,-0.195606,0.120413,-0.522046,-0.040198,0.118665,-0.593857,-0.14796,0.105643,-0.393253,-0.184448,0.098155,-0.269621,-0.176274,0.023629,-0.531935,-0.044453,0.013615,-0.581028,-0.148977,0.026156,-0.401957,-0.166978,0.032681,-0.273408,-0.139681,-0.072916,-0.530814,-0.054621,-0.068861,-0.745165,-0.101109,-0.067497,-0.877972,-0.110029,-0.066324,-0.992984,-0.097893,0.0,0.0,0.0,0.0,0.0,0.0,0.0,0.0,0.0,0.0,0.0,0.0,0.0,0.0,0.0,0.0,0.0,0.0,0.0,0.0,0.0,0.0,0.0,0.0,0.0,0.0,0.0,0.0,0.0,0.0,0.0,0.0,0.0,0.0,0.0,0.0,0.0,0.0,0.0,0.0,0.0,0.0,0.0,0.0,0.0,0.0,0.0,0.0,0.0,0.0,0.0,0.0,0.0,0.0,0.0,0.0,0.0,0.0,0.0,0.0,0.0,0.0,0.0,I
0.0,0.0,0.0,0.154664,-0.0571,-0.080286,0.286131,-0.175058,-0.118671,0.269318,-0.341964,-0.155134,0.160395,-0.403734,-0.17885,0.219088,-0.49247,-0.042627,0.232777,-0.59025,-0.12666,0.202825,-0.438407,-0.170227,0.184795,-0.319588,-0.175969,0.12054,-0.522313,-0.034067,0.120422,-0.585771,-0.136586,0.108529,-0.390287,-0.173941,0.100205,-0.261347,-0.166916,0.023209,-0.531019,-0.04016,0.014667,-0.569701,-0.141896,0.027274,-0.392365,-0.16212,0.033098,-0.261623,-0.136252,-0.074827,-0.529486,-0.050739,-0.070615,-0.744328,-0.098085,-0.067537,-0.877902,-0.107989,-0.063906,-0.993315,-0.096137,0.0,0.0,0.0,0.0,0.0,0.0,0.0,0.0,0.0,0.0,0.0,0.0,0.0,0.0,0.0,0.0,0.0,0.0,0.0,0.0,0.0,0.0,0.0,0.0,0.0,0.0,0.0,0.0,0.0,0.0,0.0,0.0,0.0,0.0,0.0,0.0,0.0,0.0,0.0,0.0,0.0,0.0,0.0,0.0,0.0,0.0,0.0,0.0,0.0,0.0,0.0,0.0,0.0,0.0,0.0,0.0,0.0,0.0,0.0,0.0,0.0,0.0,0.0,I
0.0,0.0,0.0,0.152522,-0.05577,-0.085588,0.286745,-0.176285,-0.125555,0.271778,-0.346547,-0.162165,0.160285,-0.406778,-0.185052,0.222069,-0.486337,-0.04846,0.234137,-0.588228,-0.136305,0.202065,-0.430859,-0.180837,0.183474,-0.308578,-0.186567,0.121038,-0.517303,-0.03802,0.121328,-0.590145,-0.144562,0.10774,-0.388309,-0.181228,0.09988,-0.25933,-0.172687,0.022698,-0.52785,-0.043015,0.017296,-0.570902,-0.147443,0.029102,-0.390296,-0.165936,0.035266,-0.26131,-0.138103,-0.075077,-0.527549,-0.053142,-0.068122,-0.744745,-0.101219,-0.064332,-0.877745,-0.11053,-0.059645,-0.9934,-0.097978,0.0,0.0,0.0,0.0,0.0,0.0,0.0,0.0,0.0,0.0,0.0,0.0,0.0,0.0,0.0,0.0,0.0,0.0,0.0,0.0,0.0,0.0,0.0,0.0,0.0,0.0,0.0,0.0,0.0,0.0,0.0,0.0,0.0,0.0,0.0,0.0,0.0,0.0,0.0,0.0,0.0,0.0,0.0,0.0,0.0,0.0,0.0,0.0,0.0,0.0,0.0,0.0,0.0,0.0,0.0,0.0,0.0,0.0,0.0,0.0,0.0,0.0,0.0,I
0.0,0.0,0.0,0.153385,-0.05486,-0.078323,0.288272,-0.173592,-0.113492,0.276497,-0.342921,-0.146833,0.171578,-0.416438,-0.167346,0.217521,-0.487008,-0.038495,0.240297,-0.589906,-0.121811,0.206551,-0.438902,-0.165571,0.180078,-0.319956,-0.171752,0.121725,-0.518458,-0.029899,0.129902,-0.582932,-0.130384,0.113216,-0.384532,-0.167773,0.098661,-0.256937,-0.161502,0.028214,-0.529772,-0.035982,0.023841,-0.579405,-0.134639,0.036702,-0.405534,-0.155,0.040946,-0.27993,-0.130839,-0.067503,-0.529769,-0.046503,-0.061336,-0.746048,-0.092755,-0.060516,-0.878337,-0.102729,-0.060379,-0.993968,-0.091558,0.0,0.0,0.0,0.0,0.0,0.0,0.0,0.0,0.0,0.0,0.0,0.0,0.0,0.0,0.0,0.0,0.0,0.0,0.0,0.0,0.0,0.0,0.0,0.0,0.0,0.0,0.0,0.0,0.0,0.0,0.0,0.0,0.0,0.0,0.0,0.0,0.0,0.0,0.0,0.0,0.0,0.0,0.0,0.0,0.0,0.0,0.0,0.0,0.0,0.0,0.0,0.0,0.0,0.0,0.0,0.0,0.0,0.0,0.0,0.0,0.0,0.0,0.0,I
0.0,0.0,0.0,0.157103,-0.057268,-0.072926,0.292214,-0.177269,-0.104931,0.279447,-0.350845,-0.136572,0.168071,-0.413213,-0.156239,0.22043,-0.486416,-0.029239,0.244885,-0.588797,-0.107231,0.213444,-0.436073,-0.149889,0.187455,-0.324437,-0.15741,0.126099,-0.518109,-0.024031,0.129775,-0.589583,-0.120517,0.120004,-0.393525,-0.159554,0.107369,-0.265371,-0.15617,0.033753,-0.530649,-0.032986,0.026438,-0.582916,-0.128263,0.04754,-0.411063,-0.152134,0.052835,-0.284487,-0.132226,-0.060874,-0.53207,-0.046013,-0.059795,-0.745564,-0.089218,-0.05961,-0.878115,-0.100527,-0.062644,-0.993759,-0.092298,0.0,0.0,0.0,0.0,0.0,0.0,0.0,0.0,0.0,0.0,0.0,0.0,0.0,0.0,0.0,0.0,0.0,0.0,0.0,0.0,0.0,0.0,0.0,0.0,0.0,0.0,0.0,0.0,0.0,0.0,0.0,0.0,0.0,0.0,0.0,0.0,0.0,0.0,0.0,0.0,0.0,0.0,0.0,0.0,0.0,0.0,0.0,0.0,0.0,0.0,0.0,0.0,0.0,0.0,0.0,0.0,0.0,0.0,0.0,0.0,0.0,0.0,0.0,I
0.0,0.0,0.0,0.157341,-0.066335,-0.069931,0.289226,-0.1832,-0.104,0.273981,-0.354479,-0.139177,0.162885,-0.427467,-0.163243,0.215212,-0.494526,-0.025618,0.245262,-0.58932,-0.106781,0.209861,-0.441043,-0.154073,0.176998,-0.322891,-0.163212,0.120387,-0.525596,-0.021942,0.130228,-0.586654,-0.11644,0.1135,-0.39412,-0.157331,0.093757,-0.263375,-0.155655,0.027788,-0.537193,-0.03252,0.025604,-0.583691,-0.125602,0.042123,-0.417626,-0.149906,0.042411,-0.290561,-0.13086,-0.068151,-0.536604,-0.046971,-0.069493,-0.749568,-0.08753,-0.070553,-0.881491,-0.096144,-0.073948,-0.993541,-0.086066,0.0,0.0,0.0,0.0,0.0,0.0,0.0,0.0,0.0,0.0,0.0,0.0,0.0,0.0,0.0,0.0,0.0,0.0,0.0,0.0,0.0,0.0,0.0,0.0,0.0,0.0,0.0,0.0,0.0,0.0,0.0,0.0,0.0,0.0,0.0,0.0,0.0,0.0,0.0,0.0,0.0,0.0,0.0,0.0,0.0,0.0,0.0,0.0,0.0,0.0,0.0,0.0,0.0,0.0,0.0,0.0,0.0,0.0,0.0,0.0,0.0,0.0,0.0,I
0.0,0.0,0.0,0.161962,-0.070671,-0.062532,0.294513,-0.192294,-0.092869,0.279723,-0.36553,-0.12597,0.165662,-0.439181,-0.149637,0.217237,-0.496499,-0.017051,0.254546,-0.590611,-0.091785,0.21796,-0.446553,-0.137401,0.183406,-0.329362,-0.146408,0.122588,-0.52748,-0.015913,0.13652,-0.584827,-0.103149,0.119006,-0.397312,-0.143939,0.100091,-0.261672,-0.143434,0.029077,-0.538742,-0.027896,0.034416,-0.581212,-0.114519,0.048454,-0.416223,-0.139236,0.045659,-0.281955,-0.121727,-0.067459,-0.536894,-0.043193,-0.068801,-0.750072,-0.079799,-0.072087,-0.884959,-0.087285,-0.077616,-0.994001,-0.077053,0.0,0.0,0.0,0.0,0.0,0.0,0.0,0.0,0.0,0.0,0.0,0.0,0.0,0.0,0.0,0.0,0.0,0.0,0.0,0.0,0.0,0.0,0.0,0.0,0.0,0.0,0.0,0.0,0.0,0.0,0.0,0.0,0.0,0.0,0.0,0.0,0.0,0.0,0.0,0.0,0.0,0.0,0.0,0.0,0.0,0.0,0.0,0.0,0.0,0.0,0.0,0.0,0.0,0.0,0.0,0.0,0.0,0.0,0.0,0.0,0.0,0.0,0.0,I
0.0,0.0,0.0,0.155036,-0.057561,-0.076505,0.288302,-0.178657,-0.112302,0.281274,-0.354767,-0.14793,0.169195,-0.41916,-0.171228,0.219147,-0.487875,-0.033683,0.250526,-0.593111,-0.117854,0.216823,-0.440569,-0.162921,0.186114,-0.323652,-0.169743,0.121629,-0.519879,-0.02766,0.132132,-0.583902,-0.129005,0.119709,-0.378742,-0.168085,0.10617,-0.248566,-0.163004,0.026665,-0.532764,-0.036633,0.024972,-0.580732,-0.134678,0.043297,-0.404921,-0.157561,0.045572,-0.276896,-0.135733,-0.069631,-0.533648,-0.050214,-0.069997,-0.746712,-0.092548,-0.070079,-0.8794,-0.102522,-0.072828,-0.993013,-0.092853,0.0,0.0,0.0,0.0,0.0,0.0,0.0,0.0,0.0,0.0,0.0,0.0,0.0,0.0,0.0,0.0,0.0,0.0,0.0,0.0,0.0,0.0,0.0,0.0,0.0,0.0,0.0,0.0,0.0,0.0,0.0,0.0,0.0,0.0,0.0,0.0,0.0,0.0,0.0,0.0,0.0,0.0,0.0,0.0,0.0,0.0,0.0,0.0,0.0,0.0,0.0,0.0,0.0,0.0,0.0,0.0,0.0,0.0,0.0,0.0,0.0,0.0,0.0,I
0.0,0.0,0.0,0.152714,-0.057744,-0.085401,0.286892,-0.184676,-0.123391,0.27913,-0.360803,-0.158205,0.167834,-0.416029,-0.178983,0.212531,-0.499669,-0.040583,0.236283,-0.605504,-0.122455,0.206394,-0.447466,-0.164678,0.184959,-0.338354,-0.171371,0.11642,-0.527246,-0.029764,0.124589,-0.596922,-0.130628,0.114224,-0.392319,-0.167757,0.104683,-0.269774,-0.162064,0.021871,-0.535061,-0.03437,0.020777,-0.588895,-0.132608,0.040208,-0.409701,-0.153784,0.045583,-0.282243,-0.131247,-0.073541,-0.532954,-0.044381,-0.075146,-0.742998,-0.088065,-0.076627,-0.874935,-0.100124,-0.079337,-0.992561,-0.092349,0.0,0.0,0.0,0.0,0.0,0.0,0.0,0.0,0.0,0.0,0.0,0.0,0.0,0.0,0.0,0.0,0.0,0.0,0.0,0.0,0.0,0.0,0.0,0.0,0.0,0.0,0.0,0.0,0.0,0.0,0.0,0.0,0.0,0.0,0.0,0.0,0.0,0.0,0.0,0.0,0.0,0.0,0.0,0.0,0.0,0.0,0.0,0.0,0.0,0.0,0.0,0.0,0.0,0.0,0.0,0.0,0.0,0.0,0.0,0.0,0.0,0.0,0.0,I
0.0,0.0,0.0,0.154642,-0.064629,-0.084409,0.287087,-0.186547,-0.123638,0.268105,-0.355387,-0.160002,0.157463,-0.411343,-0.182192,0.203316,-0.498355,-0.045748,0.225114,-0.603683,-0.13314,0.195898,-0.437608,-0.177313,0.174159,-0.313696,-0.182893,0.107295,-0.523127,-0.035557,0.113379,-0.591145,-0.139776,0.107002,-0.388425,-0.176088,0.099442,-0.264743,-0.168755,0.013784,-0.529333,-0.041061,0.005597,-0.573198,-0.143592,0.031244,-0.398497,-0.165187,0.043968,-0.276289,-0.141378,-0.081319,-0.525682,-0.05148,-0.087979,-0.741821,-0.098139,-0.090419,-0.874229,-0.109131,-0.092892,-0.990714,-0.099278,0.0,0.0,0.0,0.0,0.0,0.0,0.0,0.0,0.0,0.0,0.0,0.0,0.0,0.0,0.0,0.0,0.0,0.0,0.0,0.0,0.0,0.0,0.0,0.0,0.0,0.0,0.0,0.0,0.0,0.0,0.0,0.0,0.0,0.0,0.0,0.0,0.0,0.0,0.0,0.0,0.0,0.0,0.0,0.0,0.0,0.0,0.0,0.0,0.0,0.0,0.0,0.0,0.0,0.0,0.0,0.0,0.0,0.0,0.0,0.0,0.0,0.0,0.0,I
0.0,0.0,0.0,0.15306,-0.061963,-0.089021,0.284065,-0.185827,-0.130838,0.266229,-0.356302,-0.169138,0.155298,-0.415485,-0.193451,0.2077,-0.51047,-0.045213,0.225549,-0.602611,-0.134488,0.198178,-0.439682,-0.18154,0.177778,-0.318136,-0.188873,0.109078,-0.535152,-0.033409,0.111885,-0.592879,-0.140779,0.105736,-0.387175,-0.180562,0.097697,-0.260473,-0.174335,0.013345,-0.537394,-0.037773,0.004665,-0.572909,-0.143463,0.029378,-0.395735,-0.166555,0.040772,-0.272543,-0.142256,-0.083225,-0.527623,-0.047318,-0.087002,-0.739543,-0.095706,-0.089416,-0.871364,-0.107086,-0.092748,-0.991003,-0.096491,0.0,0.0,0.0,0.0,0.0,0.0,0.0,0.0,0.0,0.0,0.0,0.0,0.0,0.0,0.0,0.0,0.0,0.0,0.0,0.0,0.0,0.0,0.0,0.0,0.0,0.0,0.0,0.0,0.0,0.0,0.0,0.0,0.0,0.0,0.0,0.0,0.0,0.0,0.0,0.0,0.0,0.0,0.0,0.0,0.0,0.0,0.0,0.0,0.0,0.0,0.0,0.0,0.0,0.0,0.0,0.0,0.0,0.0,0.0,0.0,0.0,0.0,0.0,I
0.0,0.0,0.0,0.151086,-0.059019,-0.101532,0.282179,-0.179379,-0.150194,0.265282,-0.352284,-0.19385,0.158482,-0.42608,-0.221901,0.214278,-0.503561,-0.056656,0.226386,-0.600621,-0.15109,0.196673,-0.439051,-0.198451,0.17704,-0.319111,-0.20507,0.112524,-0.528751,-0.040111,0.113875,-0.58615,-0.154319,0.103983,-0.378277,-0.193841,0.095474,-0.255325,-0.185928,0.015914,-0.532317,-0.04112,0.006219,-0.581514,-0.151677,0.026403,-0.400286,-0.171391,0.037427,-0.271924,-0.143403,-0.080635,-0.525013,-0.048847,-0.078754,-0.738143,-0.100527,-0.08044,-0.871451,-0.11256,-0.082011,-0.991479,-0.101206,0.0,0.0,0.0,0.0,0.0,0.0,0.0,0.0,0.0,0.0,0.0,0.0,0.0,0.0,0.0,0.0,0.0,0.0,0.0,0.0,0.0,0.0,0.0,0.0,0.0,0.0,0.0,0.0,0.0,0.0,0.0,0.0,0.0,0.0,0.0,0.0,0.0,0.0,0.0,0.0,0.0,0.0,0.0,0.0,0.0,0.0,0.0,0.0,0.0,0.0,0.0,0.0,0.0,0.0,0.0,0.0,0.0,0.0,0.0,0.0,0.0,0.0,0.0,I
0.0,0.0,0.0,0.150569,-0.057315,-0.099676,0.284399,-0.176909,-0.147277,0.265679,-0.350432,-0.189211,0.155737,-0.428659,-0.214537,0.218202,-0.490549,-0.060881,0.237028,-0.606618,-0.154914,0.203324,-0.438155,-0.198834,0.182817,-0.317643,-0.202762,0.117876,-0.517733,-0.04435,0.123977,-0.596756,-0.157705,0.111583,-0.387908,-0.193481,0.104898,-0.266812,-0.182914,0.021558,-0.525717,-0.044938,0.018482,-0.585881,-0.154941,0.032648,-0.396959,-0.170331,0.039947,-0.264908,-0.139132,-0.075521,-0.524022,-0.052085,-0.071717,-0.739941,-0.103933,-0.070339,-0.873383,-0.115061,-0.067674,-0.992386,-0.10291,0.0,0.0,0.0,0.0,0.0,0.0,0.0,0.0,0.0,0.0,0.0,0.0,0.0,0.0,0.0,0.0,0.0,0.0,0.0,0.0,0.0,0.0,0.0,0.0,0.0,0.0,0.0,0.0,0.0,0.0,0.0,0.0,0.0,0.0,0.0,0.0,0.0,0.0,0.0,0.0,0.0,0.0,0.0,0.0,0.0,0.0,0.0,0.0,0.0,0.0,0.0,0.0,0.0,0.0,0.0,0.0,0.0,0.0,0.0,0.0,0.0,0.0,0.0,I
0.0,0.0,0.0,0.151137,-0.057355,-0.099059,0.284528,-0.17958,-0.145337,0.263404,-0.354123,-0.186038,0.152673,-0.429193,-0.209853,0.221012,-0.492845,-0.057619,0.237527,-0.604448,-0.149391,0.204739,-0.436303,-0.191514,0.182913,-0.318174,-0.194478,0.120221,-0.520869,-0.040982,0.125507,-0.594936,-0.151793,0.11333,-0.38645,-0.186401,0.106027,-0.270503,-0.175828,0.024157,-0.528877,-0.041546,0.021438,-0.590089,-0.149737,0.033837,-0.401955,-0.165277,0.039098,-0.271895,-0.13481,-0.072049,-0.528723,-0.048678,-0.066002,-0.743249,-0.098948,-0.063771,-0.875742,-0.109875,-0.061277,-0.993297,-0.098015,0.0,0.0,0.0,0.0,0.0,0.0,0.0,0.0,0.0,0.0,0.0,0.0,0.0,0.0,0.0,0.0,0.0,0.0,0.0,0.0,0.0,0.0,0.0,0.0,0.0,0.0,0.0,0.0,0.0,0.0,0.0,0.0,0.0,0.0,0.0,0.0,0.0,0.0,0.0,0.0,0.0,0.0,0.0,0.0,0.0,0.0,0.0,0.0,0.0,0.0,0.0,0.0,0.0,0.0,0.0,0.0,0.0,0.0,0.0,0.0,0.0,0.0,0.0,I
0.0,0.0,0.0,0.151393,-0.058245,-0.095742,0.285143,-0.183817,-0.139213,0.267714,-0.360053,-0.178806,0.150988,-0.417672,-0.202451,0.223853,-0.496929,-0.042495,0.240797,-0.601506,-0.130848,0.206907,-0.44344,-0.175372,0.187381,-0.336174,-0.182016,0.125997,-0.525268,-0.029181,0.125857,-0.59761,-0.135887,0.11293,-0.401511,-0.173161,0.108461,-0.291127,-0.165691,0.030461,-0.53398,-0.033668,0.024929,-0.588405,-0.140904,0.037171,-0.404252,-0.16023,0.042018,-0.273281,-0.132583,-0.065887,-0.53575,-0.044631,-0.057042,-0.744945,-0.093605,-0.056258,-0.877253,-0.104895,-0.055688,-0.994011,-0.094031,0.0,0.0,0.0,0.0,0.0,0.0,0.0,0.0,0.0,0.0,0.0,0.0,0.0,0.0,0.0,0.0,0.0,0.0,0.0,0.0,0.0,0.0,0.0,0.0,0.0,0.0,0.0,0.0,0.0,0.0,0.0,0.0,0.0,0.0,0.0,0.0,0.0,0.0,0.0,0.0,0.0,0.0,0.0,0.0,0.0,0.0,0.0,0.0,0.0,0.0,0.0,0.0,0.0,0.0,0.0,0.0,0.0,0.0,0.0,0.0,0.0,0.0,0.0,I
0.0,0.0,0.0,0.151066,-0.056018,-0.100622,0.279105,-0.180505,-0.147883,0.259965,-0.351409,-0.190507,0.144121,-0.397658,-0.216143,0.221892,-0.501021,-0.051862,0.233776,-0.596854,-0.145896,0.202806,-0.429057,-0.192642,0.186626,-0.321031,-0.199759,0.120948,-0.531444,-0.03805,0.119288,-0.589826,-0.149861,0.108334,-0.387129,-0.186782,0.106553,-0.279124,-0.178512,0.023482,-0.541072,-0.042654,0.014218,-0.583514,-0.154091,0.029516,-0.396595,-0.17419,0.039701,-0.268779,-0.146408,-0.070874,-0.54241,-0.054243,-0.062419,-0.745361,-0.104187,-0.060099,-0.876007,-0.115912,-0.05671,-0.992801,-0.105496,0.0,0.0,0.0,0.0,0.0,0.0,0.0,0.0,0.0,0.0,0.0,0.0,0.0,0.0,0.0,0.0,0.0,0.0,0.0,0.0,0.0,0.0,0.0,0.0,0.0,0.0,0.0,0.0,0.0,0.0,0.0,0.0,0.0,0.0,0.0,0.0,0.0,0.0,0.0,0.0,0.0,0.0,0.0,0.0,0.0,0.0,0.0,0.0,0.0,0.0,0.0,0.0,0.0,0.0,0.0,0.0,0.0,0.0,0.0,0.0,0.0,0.0,0.0,I
0.0,0.0,0.0,0.159043,-0.056813,-0.090541,0.286606,-0.178928,-0.132546,0.260853,-0.341952,-0.171653,0.142907,-0.383254,-0.196049,0.226296,-0.510988,-0.038515,0.238316,-0.586758,-0.12758,0.213332,-0.42161,-0.176183,0.195672,-0.311931,-0.185365,0.128338,-0.539882,-0.028695,0.125369,-0.580232,-0.131157,0.116342,-0.376805,-0.169864,0.109162,-0.264305,-0.165071,0.032455,-0.542692,-0.036273,0.021944,-0.563308,-0.143429,0.037251,-0.381791,-0.167597,0.042486,-0.259191,-0.143499,-0.063585,-0.536215,-0.049158,-0.060828,-0.742959,-0.097916,-0.059578,-0.875165,-0.108445,-0.059759,-0.993474,-0.097148,0.0,0.0,0.0,0.0,0.0,0.0,0.0,0.0,0.0,0.0,0.0,0.0,0.0,0.0,0.0,0.0,0.0,0.0,0.0,0.0,0.0,0.0,0.0,0.0,0.0,0.0,0.0,0.0,0.0,0.0,0.0,0.0,0.0,0.0,0.0,0.0,0.0,0.0,0.0,0.0,0.0,0.0,0.0,0.0,0.0,0.0,0.0,0.0,0.0,0.0,0.0,0.0,0.0,0.0,0.0,0.0,0.0,0.0,0.0,0.0,0.0,0.0,0.0,I
0.0,0.0,0.0,0.156623,-0.05147,-0.088565,0.286318,-0.168453,-0.129403,0.266455,-0.328841,-0.1675,0.152203,-0.374614,-0.19154,0.234779,-0.524616,-0.036846,0.245226,-0.57814,-0.123205,0.216658,-0.417616,-0.171861,0.195523,-0.308869,-0.181201,0.134231,-0.555396,-0.028601,0.127234,-0.56586,-0.129737,0.114999,-0.365338,-0.171016,0.105958,-0.249531,-0.167836,0.035569,-0.551867,-0.036848,0.020732,-0.551463,-0.143147,0.033782,-0.37326,-0.169735,0.040159,-0.250507,-0.146951,-0.061162,-0.535369,-0.050148,-0.055751,-0.740909,-0.099384,-0.055757,-0.876191,-0.110061,-0.056145,-0.993614,-0.097874,0.0,0.0,0.0,0.0,0.0,0.0,0.0,0.0,0.0,0.0,0.0,0.0,0.0,0.0,0.0,0.0,0.0,0.0,0.0,0.0,0.0,0.0,0.0,0.0,0.0,0.0,0.0,0.0,0.0,0.0,0.0,0.0,0.0,0.0,0.0,0.0,0.0,0.0,0.0,0.0,0.0,0.0,0.0,0.0,0.0,0.0,0.0,0.0,0.0,0.0,0.0,0.0,0.0,0.0,0.0,0.0,0.0,0.0,0.0,0.0,0.0,0.0,0.0,I
0.0,0.0,0.0,0.151096,-0.050125,-0.087124,0.281582,-0.160388,-0.12892,0.269089,-0.32457,-0.168719,0.158315,-0.387994,-0.194245,0.232532,-0.50855,-0.039565,0.251022,-0.57536,-0.126637,0.214454,-0.419601,-0.172566,0.186908,-0.313378,-0.179013,0.132751,-0.540288,-0.031719,0.135231,-0.564381,-0.138241,0.117231,-0.362966,-0.17981,0.10372,-0.242471,-0.174193,0.035545,-0.545131,-0.040004,0.027012,-0.555424,-0.149936,0.036419,-0.372352,-0.176084,0.039256,-0.242059,-0.150726,-0.060371,-0.539363,-0.053193,-0.056256,-0.745627,-0.104107,-0.057553,-0.878281,-0.116346,-0.056922,-0.992924,-0.104218,0.0,0.0,0.0,0.0,0.0,0.0,0.0,0.0,0.0,0.0,0.0,0.0,0.0,0.0,0.0,0.0,0.0,0.0,0.0,0.0,0.0,0.0,0.0,0.0,0.0,0.0,0.0,0.0,0.0,0.0,0.0,0.0,0.0,0.0,0.0,0.0,0.0,0.0,0.0,0.0,0.0,0.0,0.0,0.0,0.0,0.0,0.0,0.0,0.0,0.0,0.0,0.0,0.0,0.0,0.0,0.0,0.0,0.0,0.0,0.0,0.0,0.0,0.0,I
0.0,0.0,0.0,0.152713,-0.04995,-0.084413,0.284011,-0.158533,-0.123884,0.271917,-0.322614,-0.161138,0.165536,-0.392648,-0.184184,0.231615,-0.493808,-0.042877,0.253391,-0.576781,-0.128768,0.215387,-0.423467,-0.172109,0.186496,-0.314617,-0.176956,0.134481,-0.52656,-0.034264,0.141053,-0.563113,-0.13912,0.122834,-0.365641,-0.177874,0.108293,-0.24622,-0.171303,0.039719,-0.536384,-0.041222,0.033783,-0.558636,-0.148366,0.042581,-0.380609,-0.172589,0.043772,-0.253894,-0.147672,-0.055299,-0.536405,-0.052808,-0.050812,-0.747111,-0.103121,-0.049034,-0.879673,-0.115265,-0.046453,-0.993497,-0.103949,0.0,0.0,0.0,0.0,0.0,0.0,0.0,0.0,0.0,0.0,0.0,0.0,0.0,0.0,0.0,0.0,0.0,0.0,0.0,0.0,0.0,0.0,0.0,0.0,0.0,0.0,0.0,0.0,0.0,0.0,0.0,0.0,0.0,0.0,0.0,0.0,0.0,0.0,0.0,0.0,0.0,0.0,0.0,0.0,0.0,0.0,0.0,0.0,0.0,0.0,0.0,0.0,0.0,0.0,0.0,0.0,0.0,0.0,0.0,0.0,0.0,0.0,0.0,I
0.0,0.0,0.0,0.157993,-0.052353,-0.080963,0.294955,-0.170959,-0.11648,0.27954,-0.340021,-0.150238,0.165241,-0.400702,-0.170282,0.235669,-0.491112,-0.034669,0.256996,-0.587286,-0.120093,0.219584,-0.433494,-0.165535,0.192068,-0.326006,-0.172661,0.138744,-0.523981,-0.027367,0.143036,-0.586071,-0.130854,0.126882,-0.385697,-0.170327,0.116527,-0.267104,-0.164526,0.043759,-0.534824,-0.035712,0.03397,-0.572711,-0.139747,0.044706,-0.393382,-0.163511,0.048515,-0.268608,-0.139304,-0.052428,-0.535682,-0.048649,-0.0465,-0.746631,-0.095898,-0.043175,-0.879199,-0.10718,-0.040297,-0.994517,-0.096499,0.0,0.0,0.0,0.0,0.0,0.0,0.0,0.0,0.0,0.0,0.0,0.0,0.0,0.0,0.0,0.0,0.0,0.0,0.0,0.0,0.0,0.0,0.0,0.0,0.0,0.0,0.0,0.0,0.0,0.0,0.0,0.0,0.0,0.0,0.0,0.0,0.0,0.0,0.0,0.0,0.0,0.0,0.0,0.0,0.0,0.0,0.0,0.0,0.0,0.0,0.0,0.0,0.0,0.0,0.0,0.0,0.0,0.0,0.0,0.0,0.0,0.0,0.0,I
0.0,0.0,0.0,0.163846,-0.057062,-0.075162,0.299008,-0.178066,-0.107319,0.277778,-0.35124,-0.140621,0.156979,-0.399638,-0.162056,0.230257,-0.488396,-0.016376,0.250762,-0.590748,-0.100292,0.217958,-0.442831,-0.148701,0.191376,-0.326177,-0.156675,0.134363,-0.52132,-0.011112,0.132126,-0.588624,-0.110632,0.117556,-0.39612,-0.154227,0.104758,-0.270364,-0.151353,0.040141,-0.53423,-0.022021,0.031715,-0.57733,-0.124126,0.041099,-0.403664,-0.153369,0.039306,-0.273774,-0.132552,-0.056133,-0.537597,-0.03684,-0.045896,-0.748338,-0.080052,-0.041454,-0.883186,-0.090626,-0.041119,-0.995963,-0.079797,0.0,0.0,0.0,0.0,0.0,0.0,0.0,0.0,0.0,0.0,0.0,0.0,0.0,0.0,0.0,0.0,0.0,0.0,0.0,0.0,0.0,0.0,0.0,0.0,0.0,0.0,0.0,0.0,0.0,0.0,0.0,0.0,0.0,0.0,0.0,0.0,0.0,0.0,0.0,0.0,0.0,0.0,0.0,0.0,0.0,0.0,0.0,0.0,0.0,0.0,0.0,0.0,0.0,0.0,0.0,0.0,0.0,0.0,0.0,0.0,0.0,0.0,0.0,I
0.0,0.0,0.0,0.154791,-0.062621,-0.0658,0.283562,-0.174856,-0.097493,0.264741,-0.333381,-0.132549,0.154235,-0.396329,-0.157988,0.223614,-0.477622,-0.008617,0.242504,-0.576304,-0.087315,0.219374,-0.441711,-0.135372,0.196453,-0.31771,-0.144059,0.129929,-0.510822,-0.007884,0.131874,-0.578621,-0.100682,0.117474,-0.39713,-0.145999,0.100376,-0.267593,-0.146552,0.03559,-0.523843,-0.022203,0.0358,-0.568001,-0.120152,0.042235,-0.403308,-0.151367,0.035717,-0.275407,-0.134097,-0.061854,-0.527305,-0.039369,-0.053421,-0.740918,-0.082926,-0.049649,-0.877727,-0.093973,-0.04921,-0.995205,-0.084527,0.0,0.0,0.0,0.0,0.0,0.0,0.0,0.0,0.0,0.0,0.0,0.0,0.0,0.0,0.0,0.0,0.0,0.0,0.0,0.0,0.0,0.0,0.0,0.0,0.0,0.0,0.0,0.0,0.0,0.0,0.0,0.0,0.0,0.0,0.0,0.0,0.0,0.0,0.0,0.0,0.0,0.0,0.0,0.0,0.0,0.0,0.0,0.0,0.0,0.0,0.0,0.0,0.0,0.0,0.0,0.0,0.0,0.0,0.0,0.0,0.0,0.0,0.0,I
0.0,0.0,0.0,0.152629,-0.052696,-0.071309,0.283079,-0.16693,-0.105751,0.264832,-0.327832,-0.140673,0.146626,-0.385797,-0.164492,0.230746,-0.483504,-0.024739,0.247081,-0.57568,-0.102982,0.220977,-0.429543,-0.147841,0.201108,-0.318276,-0.156228,0.134367,-0.519032,-0.02198,0.134565,-0.578638,-0.11316,0.120119,-0.391411,-0.152767,0.105278,-0.273854,-0.151246,0.038676,-0.529251,-0.033683,0.036203,-0.564901,-0.129817,0.044658,-0.394694,-0.155747,0.040293,-0.271307,-0.136662,-0.057823,-0.527848,-0.048736,-0.051541,-0.739739,-0.093163,-0.047169,-0.875496,-0.103649,-0.047077,-0.994432,-0.094276,0.0,0.0,0.0,0.0,0.0,0.0,0.0,0.0,0.0,0.0,0.0,0.0,0.0,0.0,0.0,0.0,0.0,0.0,0.0,0.0,0.0,0.0,0.0,0.0,0.0,0.0,0.0,0.0,0.0,0.0,0.0,0.0,0.0,0.0,0.0,0.0,0.0,0.0,0.0,0.0,0.0,0.0,0.0,0.0,0.0,0.0,0.0,0.0,0.0,0.0,0.0,0.0,0.0,0.0,0.0,0.0,0.0,0.0,0.0,0.0,0.0,0.0,0.0,I
0.0,0.0,0.0,0.151791,-0.049455,-0.076482,0.279676,-0.158609,-0.114664,0.256174,-0.315479,-0.153434,0.143133,-0.380379,-0.180235,0.233683,-0.490595,-0.026235,0.243592,-0.577716,-0.109298,0.216361,-0.432002,-0.157669,0.198342,-0.316344,-0.167327,0.135358,-0.5253,-0.022249,0.129286,-0.574748,-0.119811,0.113361,-0.387132,-0.16248,0.102351,-0.266464,-0.160928,0.038163,-0.53455,-0.033713,0.032383,-0.556463,-0.136384,0.038378,-0.382498,-0.163195,0.036919,-0.255447,-0.141958,-0.05871,-0.532832,-0.048912,-0.048239,-0.740679,-0.096629,-0.0464,-0.876198,-0.106317,-0.046328,-0.994455,-0.094413,0.0,0.0,0.0,0.0,0.0,0.0,0.0,0.0,0.0,0.0,0.0,0.0,0.0,0.0,0.0,0.0,0.0,0.0,0.0,0.0,0.0,0.0,0.0,0.0,0.0,0.0,0.0,0.0,0.0,0.0,0.0,0.0,0.0,0.0,0.0,0.0,0.0,0.0,0.0,0.0,0.0,0.0,0.0,0.0,0.0,0.0,0.0,0.0,0.0,0.0,0.0,0.0,0.0,0.0,0.0,0.0,0.0,0.0,0.0,0.0,0.0,0.0,0.0,I
0.0,0.0,0.0,0.150762,-0.048549,-0.075789,0.276786,-0.156139,-0.112814,0.256756,-0.310972,-0.150516,0.146153,-0.374438,-0.176379,0.23297,-0.491421,-0.025452,0.23959,-0.566341,-0.108875,0.212951,-0.419042,-0.156941,0.196003,-0.306538,-0.165803,0.13294,-0.524985,-0.022035,0.125682,-0.565784,-0.119695,0.11104,-0.381448,-0.161577,0.100402,-0.264599,-0.159462,0.034443,-0.532076,-0.034308,0.025905,-0.55014,-0.137846,0.035609,-0.378369,-0.165975,0.037984,-0.253349,-0.145252,-0.062318,-0.527492,-0.050256,-0.049986,-0.73582,-0.098619,-0.045477,-0.873918,-0.110082,-0.042952,-0.994118,-0.09942,0.0,0.0,0.0,0.0,0.0,0.0,0.0,0.0,0.0,0.0,0.0,0.0,0.0,0.0,0.0,0.0,0.0,0.0,0.0,0.0,0.0,0.0,0.0,0.0,0.0,0.0,0.0,0.0,0.0,0.0,0.0,0.0,0.0,0.0,0.0,0.0,0.0,0.0,0.0,0.0,0.0,0.0,0.0,0.0,0.0,0.0,0.0,0.0,0.0,0.0,0.0,0.0,0.0,0.0,0.0,0.0,0.0,0.0,0.0,0.0,0.0,0.0,0.0,I
0.0,0.0,0.0,0.155581,-0.048406,-0.080889,0.284113,-0.160261,-0.119959,0.261287,-0.319027,-0.158325,0.14838,-0.381691,-0.183267,0.239217,-0.49924,-0.03316,0.241382,-0.572792,-0.1199,0.215267,-0.414026,-0.168661,0.200608,-0.304707,-0.178473,0.137043,-0.533246,-0.028023,0.125658,-0.572471,-0.129427,0.112784,-0.375372,-0.169889,0.105183,-0.260987,-0.166655,0.0381,-0.539144,-0.038888,0.025397,-0.555768,-0.14509,0.03588,-0.376286,-0.169054,0.039839,-0.252845,-0.145287,-0.057755,-0.533359,-0.054062,-0.047071,-0.738544,-0.104522,-0.044094,-0.873451,-0.114424,-0.043615,-0.993824,-0.102037,0.0,0.0,0.0,0.0,0.0,0.0,0.0,0.0,0.0,0.0,0.0,0.0,0.0,0.0,0.0,0.0,0.0,0.0,0.0,0.0,0.0,0.0,0.0,0.0,0.0,0.0,0.0,0.0,0.0,0.0,0.0,0.0,0.0,0.0,0.0,0.0,0.0,0.0,0.0,0.0,0.0,0.0,0.0,0.0,0.0,0.0,0.0,0.0,0.0,0.0,0.0,0.0,0.0,0.0,0.0,0.0,0.0,0.0,0.0,0.0,0.0,0.0,0.0,I
0.0,0.0,0.0,0.155554,-0.047312,-0.089043,0.284792,-0.172211,-0.127519,0.264833,-0.338017,-0.16291,0.149119,-0.383504,-0.184146,0.240826,-0.507101,-0.035604,0.244023,-0.571799,-0.119734,0.216896,-0.411253,-0.166203,0.200727,-0.306976,-0.175066,0.141198,-0.541314,-0.025874,0.128242,-0.570048,-0.12636,0.113108,-0.369516,-0.165692,0.102663,-0.255957,-0.161311,0.043317,-0.544932,-0.032827,0.026069,-0.561688,-0.138646,0.035328,-0.381805,-0.163987,0.037999,-0.257183,-0.140565,-0.052379,-0.537506,-0.044956,-0.041466,-0.742048,-0.094106,-0.03664,-0.876943,-0.105738,-0.034237,-0.994915,-0.094722,0.0,0.0,0.0,0.0,0.0,0.0,0.0,0.0,0.0,0.0,0.0,0.0,0.0,0.0,0.0,0.0,0.0,0.0,0.0,0.0,0.0,0.0,0.0,0.0,0.0,0.0,0.0,0.0,0.0,0.0,0.0,0.0,0.0,0.0,0.0,0.0,0.0,0.0,0.0,0.0,0.0,0.0,0.0,0.0,0.0,0.0,0.0,0.0,0.0,0.0,0.0,0.0,0.0,0.0,0.0,0.0,0.0,0.0,0.0,0.0,0.0,0.0,0.0,I
0.0,0.0,0.0,0.156617,-0.048016,-0.085784,0.287295,-0.169685,-0.122367,0.269542,-0.33716,-0.156637,0.158609,-0.389772,-0.175782,0.246408,-0.497001,-0.034109,0.257476,-0.578766,-0.119224,0.22372,-0.417247,-0.164231,0.201921,-0.314625,-0.171497,0.14746,-0.530929,-0.025685,0.143312,-0.571607,-0.127491,0.127779,-0.372693,-0.165862,0.119535,-0.264568,-0.160447,0.050143,-0.539491,-0.033859,0.033504,-0.566413,-0.138544,0.043545,-0.384837,-0.161318,0.049282,-0.259729,-0.136367,-0.045977,-0.539196,-0.047341,-0.033117,-0.745549,-0.095997,-0.027518,-0.879585,-0.107232,-0.022328,-0.995136,-0.095948,0.0,0.0,0.0,0.0,0.0,0.0,0.0,0.0,0.0,0.0,0.0,0.0,0.0,0.0,0.0,0.0,0.0,0.0,0.0,0.0,0.0,0.0,0.0,0.0,0.0,0.0,0.0,0.0,0.0,0.0,0.0,0.0,0.0,0.0,0.0,0.0,0.0,0.0,0.0,0.0,0.0,0.0,0.0,0.0,0.0,0.0,0.0,0.0,0.0,0.0,0.0,0.0,0.0,0.0,0.0,0.0,0.0,0.0,0.0,0.0,0.0,0.0,0.0,I
0.0,0.0,0.0,0.149463,-0.048719,-0.091949,0.28071,-0.153604,-0.138226,0.270891,-0.318588,-0.180925,0.165251,-0.398759,-0.207818,0.246501,-0.490889,-0.053628,0.263794,-0.575526,-0.144101,0.223292,-0.4171,-0.189044,0.19827,-0.313884,-0.195059,0.14657,-0.526155,-0.043,0.149622,-0.569025,-0.152049,0.128423,-0.369239,-0.189866,0.116322,-0.259643,-0.182716,0.04875,-0.53745,-0.048693,0.042099,-0.569218,-0.158911,0.048525,-0.383329,-0.179057,0.050547,-0.25604,-0.151446,-0.047425,-0.538859,-0.059915,-0.035649,-0.747132,-0.110966,-0.029071,-0.87772,-0.121584,-0.021126,-0.993769,-0.109443,0.0,0.0,0.0,0.0,0.0,0.0,0.0,0.0,0.0,0.0,0.0,0.0,0.0,0.0,0.0,0.0,0.0,0.0,0.0,0.0,0.0,0.0,0.0,0.0,0.0,0.0,0.0,0.0,0.0,0.0,0.0,0.0,0.0,0.0,0.0,0.0,0.0,0.0,0.0,0.0,0.0,0.0,0.0,0.0,0.0,0.0,0.0,0.0,0.0,0.0,0.0,0.0,0.0,0.0,0.0,0.0,0.0,0.0,0.0,0.0,0.0,0.0,0.0,I
0.0,0.0,0.0,0.151901,-0.051593,-0.091161,0.284171,-0.153941,-0.137215,0.279402,-0.319216,-0.17976,0.179288,-0.400893,-0.206546,0.242451,-0.481955,-0.051847,0.2683,-0.57877,-0.142674,0.228009,-0.419443,-0.186449,0.199123,-0.30751,-0.190382,0.143786,-0.518887,-0.04031,0.157098,-0.582268,-0.148856,0.133801,-0.38079,-0.185036,0.117421,-0.262208,-0.175503,0.046106,-0.533922,-0.045156,0.048418,-0.57664,-0.152962,0.051382,-0.390538,-0.171008,0.048967,-0.263553,-0.141732,-0.05166,-0.538207,-0.055572,-0.037563,-0.752097,-0.10369,-0.027478,-0.881275,-0.112167,-0.017005,-0.994988,-0.098535,0.0,0.0,0.0,0.0,0.0,0.0,0.0,0.0,0.0,0.0,0.0,0.0,0.0,0.0,0.0,0.0,0.0,0.0,0.0,0.0,0.0,0.0,0.0,0.0,0.0,0.0,0.0,0.0,0.0,0.0,0.0,0.0,0.0,0.0,0.0,0.0,0.0,0.0,0.0,0.0,0.0,0.0,0.0,0.0,0.0,0.0,0.0,0.0,0.0,0.0,0.0,0.0,0.0,0.0,0.0,0.0,0.0,0.0,0.0,0.0,0.0,0.0,0.0,I
0.0,0.0,0.0,0.14989,-0.041657,-0.101108,0.290895,-0.145311,-0.149843,0.291447,-0.31653,-0.193206,0.194104,-0.405093,-0.220165,0.248948,-0.484543,-0.058299,0.269278,-0.575369,-0.154249,0.225736,-0.416805,-0.202071,0.195028,-0.303333,-0.208424,0.145815,-0.523059,-0.043453,0.156646,-0.581992,-0.157796,0.133851,-0.380747,-0.197186,0.118901,-0.264017,-0.189022,0.047943,-0.5374,-0.046148,0.050032,-0.577588,-0.157555,0.057412,-0.396803,-0.177764,0.058853,-0.271706,-0.149876,-0.049492,-0.540771,-0.055412,-0.033836,-0.749781,-0.105705,-0.024671,-0.879215,-0.115853,-0.014845,-0.99455,-0.103202,0.0,0.0,0.0,0.0,0.0,0.0,0.0,0.0,0.0,0.0,0.0,0.0,0.0,0.0,0.0,0.0,0.0,0.0,0.0,0.0,0.0,0.0,0.0,0.0,0.0,0.0,0.0,0.0,0.0,0.0,0.0,0.0,0.0,0.0,0.0,0.0,0.0,0.0,0.0,0.0,0.0,0.0,0.0,0.0,0.0,0.0,0.0,0.0,0.0,0.0,0.0,0.0,0.0,0.0,0.0,0.0,0.0,0.0,0.0,0.0,0.0,0.0,0.0,I
0.0,0.0,0.0,0.156766,-0.047566,-0.091773,0.295997,-0.16291,-0.133456,0.294489,-0.340575,-0.170738,0.18739,-0.416145,-0.19244,0.242802,-0.47116,-0.046589,0.275216,-0.581708,-0.133213,0.234584,-0.426296,-0.174583,0.205623,-0.319531,-0.179415,0.14555,-0.509592,-0.03406,0.162846,-0.589816,-0.140273,0.140495,-0.387937,-0.174855,0.125132,-0.272947,-0.165601,0.05087,-0.527482,-0.038431,0.060325,-0.581171,-0.144633,0.066756,-0.394478,-0.163091,0.063162,-0.265468,-0.135758,-0.044634,-0.536088,-0.048689,-0.031113,-0.745937,-0.097972,-0.020898,-0.876553,-0.110711,-0.011875,-0.994731,-0.101827,0.0,0.0,0.0,0.0,0.0,0.0,0.0,0.0,0.0,0.0,0.0,0.0,0.0,0.0,0.0,0.0,0.0,0.0,0.0,0.0,0.0,0.0,0.0,0.0,0.0,0.0,0.0,0.0,0.0,0.0,0.0,0.0,0.0,0.0,0.0,0.0,0.0,0.0,0.0,0.0,0.0,0.0,0.0,0.0,0.0,0.0,0.0,0.0,0.0,0.0,0.0,0.0,0.0,0.0,0.0,0.0,0.0,0.0,0.0,0.0,0.0,0.0,0.0,I
0.0,0.0,0.0,0.150454,-0.052049,-0.085151,0.285939,-0.163477,-0.126943,0.291954,-0.333008,-0.16682,0.19119,-0.402117,-0.19189,0.234317,-0.481409,-0.041125,0.269294,-0.586597,-0.128166,0.231607,-0.428924,-0.171001,0.201833,-0.316179,-0.176054,0.136975,-0.51513,-0.032865,0.158887,-0.585604,-0.138471,0.137909,-0.380415,-0.174274,0.12001,-0.259157,-0.165877,0.04063,-0.530619,-0.040984,0.055529,-0.582148,-0.144597,0.060329,-0.393506,-0.162657,0.0533,-0.263944,-0.135638,-0.055223,-0.536869,-0.054612,-0.042398,-0.747109,-0.099719,-0.030957,-0.876708,-0.109416,-0.021071,-0.994878,-0.098864,0.0,0.0,0.0,0.0,0.0,0.0,0.0,0.0,0.0,0.0,0.0,0.0,0.0,0.0,0.0,0.0,0.0,0.0,0.0,0.0,0.0,0.0,0.0,0.0,0.0,0.0,0.0,0.0,0.0,0.0,0.0,0.0,0.0,0.0,0.0,0.0,0.0,0.0,0.0,0.0,0.0,0.0,0.0,0.0,0.0,0.0,0.0,0.0,0.0,0.0,0.0,0.0,0.0,0.0,0.0,0.0,0.0,0.0,0.0,0.0,0.0,0.0,0.0,I
0.0,0.0,0.0,0.152765,-0.058095,-0.072123,0.296799,-0.176689,-0.107005,0.297364,-0.346429,-0.142931,0.184143,-0.395567,-0.167892,0.224524,-0.495884,-0.027159,0.258003,-0.590333,-0.109801,0.229276,-0.445657,-0.155937,0.20595,-0.329863,-0.16323,0.130369,-0.524062,-0.025382,0.140711,-0.577771,-0.122647,0.128339,-0.385874,-0.16335,0.117296,-0.260718,-0.160098,0.035617,-0.530638,-0.038129,0.036218,-0.559432,-0.138958,0.048122,-0.381503,-0.164873,0.047951,-0.254357,-0.143374,-0.06064,-0.529802,-0.054293,-0.049835,-0.743218,-0.096105,-0.042327,-0.876893,-0.10234,-0.036343,-0.995328,-0.089455,0.0,0.0,0.0,0.0,0.0,0.0,0.0,0.0,0.0,0.0,0.0,0.0,0.0,0.0,0.0,0.0,0.0,0.0,0.0,0.0,0.0,0.0,0.0,0.0,0.0,0.0,0.0,0.0,0.0,0.0,0.0,0.0,0.0,0.0,0.0,0.0,0.0,0.0,0.0,0.0,0.0,0.0,0.0,0.0,0.0,0.0,0.0,0.0,0.0,0.0,0.0,0.0,0.0,0.0,0.0,0.0,0.0,0.0,0.0,0.0,0.0,0.0,0.0,I
0.0,0.0,0.0,0.153912,-0.058332,-0.055411,0.293745,-0.183233,-0.080037,0.277513,-0.348217,-0.108867,0.158133,-0.393241,-0.129866,0.212811,-0.481293,-0.00925,0.24406,-0.58529,-0.082873,0.215869,-0.466631,-0.127308,0.188998,-0.348855,-0.134307,0.117846,-0.510714,-0.012989,0.125837,-0.580443,-0.099029,0.114121,-0.414045,-0.142149,0.101075,-0.279603,-0.142893,0.023491,-0.52018,-0.029442,0.024086,-0.54935,-0.121057,0.031936,-0.386783,-0.149855,0.028373,-0.255454,-0.1327,-0.072396,-0.52166,-0.04807,-0.061373,-0.738058,-0.086161,-0.057354,-0.878947,-0.09233,-0.055544,-0.995166,-0.080986,0.0,0.0,0.0,0.0,0.0,0.0,0.0,0.0,0.0,0.0,0.0,0.0,0.0,0.0,0.0,0.0,0.0,0.0,0.0,0.0,0.0,0.0,0.0,0.0,0.0,0.0,0.0,0.0,0.0,0.0,0.0,0.0,0.0,0.0,0.0,0.0,0.0,0.0,0.0,0.0,0.0,0.0,0.0,0.0,0.0,0.0,0.0,0.0,0.0,0.0,0.0,0.0,0.0,0.0,0.0,0.0,0.0,0.0,0.0,0.0,0.0,0.0,0.0,I
0.0,0.0,0.0,0.151083,-0.074146,-0.088874,0.270658,-0.20088,-0.139197,0.244031,-0.365158,-0.188862,0.135612,-0.452343,-0.226609,0.222369,-0.534472,-0.04777,0.248441,-0.621094,-0.152132,0.223896,-0.471448,-0.216048,0.201367,-0.339847,-0.231058,0.111273,-0.555827,-0.043358,0.123277,-0.639881,-0.154721,0.112722,-0.454675,-0.204484,0.101017,-0.315007,-0.205692,0.001179,-0.554607,-0.056102,0.001582,-0.590438,-0.164728,0.010317,-0.422718,-0.190254,0.011473,-0.291155,-0.168105,-0.109603,-0.537127,-0.074212,-0.106093,-0.74886,-0.113812,-0.099851,-0.882365,-0.113538,-0.090418,-0.991155,-0.097143,0.0,0.0,0.0,0.0,0.0,0.0,0.0,0.0,0.0,0.0,0.0,0.0,0.0,0.0,0.0,0.0,0.0,0.0,0.0,0.0,0.0,0.0,0.0,0.0,0.0,0.0,0.0,0.0,0.0,0.0,0.0,0.0,0.0,0.0,0.0,0.0,0.0,0.0,0.0,0.0,0.0,0.0,0.0,0.0,0.0,0.0,0.0,0.0,0.0,0.0,0.0,0.0,0.0,0.0,0.0,0.0,0.0,0.0,0.0,0.0,0.0,0.0,0.0,I
