0.0,0.0,0.0,0.144803,-0.151357,-0.018816,0.229899,-0.327794,-0.049326,0.288813,-0.442838,-0.090846,0.355515,-0.540311,-0.129686,0.055408,-0.546239,-0.035167,0.054629,-0.732876,-0.086101,0.04597,-0.87057,-0.121102,0.034166,-0.98852,-0.147179,-0.009336,-0.524221,-0.060903,0.156801,-0.585564,-0.140146,0.27663,-0.577272,-0.17012,0.361429,-0.559761,-0.178612,-0.046685,-0.460849,-0.088819,0.152792,-0.417084,-0.150717,0.154528,-0.296773,-0.133718,0.131194,-0.225171,-0.109018,-0.058341,-0.380336,-0.122833,0.098907,-0.349437,-0.153045,0.105364,-0.265996,-0.132808,0.085197,-0.222261,-0.109715,0.0,0.0,0.0,0.0,0.0,0.0,0.0,0.0,0.0,0.0,0.0,0.0,0.0,0.0,0.0,0.0,0.0,0.0,0.0,0.0,0.0,0.0,0.0,0.0,0.0,0.0,0.0,0.0,0.0,0.0,0.0,0.0,0.0,0.0,0.0,0.0,0.0,0.0,0.0,0.0,0.0,0.0,0.0,0.0,0.0,0.0,0.0,0.0,0.0,0.0,0.0,0.0,0.0,0.0,0.0,0.0,0.0,0.0,0.0,0.0,0.0,0.0,0.0,R
0.0,0.0,0.0,0.142215,-0.143003,-0.02025,0.2297,-0.323518,-0.050872,0.291366,-0.442431,-0.091545,0.358108,-0.541955,-0.129301,0.053813,-0.538323,-0.043392,0.049688,-0.733293,-0.093392,0.040015,-0.871096,-0.125943,0.027484,-0.988294,-0.150064,-0.01272,-0.517448,-0.067442,0.156159,-0.584813,-0.145541,0.275656,-0.576915,-0.172791,0.359389,-0.558514,-0.179242,-0.050988,-0.454935,-0.093128,0.148182,-0.41112,-0.152604,0.150874,-0.292412,-0.13438,0.128543,-0.223258,-0.109389,-0.062119,-0.37659,-0.125023,0.093866,-0.34599,-0.153999,0.101649,-0.264687,-0.133569,0.084009,-0.222827,-0.110448,0.0,0.0,0.0,0.0,0.0,0.0,0.0,0.0,0.0,0.0,0.0,0.0,0.0,0.0,0.0,0.0,0.0,0.0,0.0,0.0,0.0,0.0,0.0,0.0,0.0,0.0,0.0,0.0,0.0,0.0,0.0,0.0,0.0,0.0,0.0,0.0,0.0,0.0,0.0,0.0,0.0,0.0,0.0,0.0,0.0,0.0,0.0,0.0,0.0,0.0,0.0,0.0,0.0,0.0,0.0,0.0,0.0,0.0,0.0,0.0,0.0,0.0,0.0,R
0.0,0.0,0.0,0.143078,-0.146613,-0.016461,0.227171,-0.320348,-0.046445,0.286393,-0.435772,-0.087528,0.351784,-0.535481,-0.125721,0.054508,-0.545579,-0.038657,0.051418,-0.734549,-0.087758,0.043011,-0.871159,-0.120899,0.032137,-0.988747,-0.146102,-0.010214,-0.524116,-0.065716,0.163092,-0.579458,-0.142939,0.281069,-0.574986,-0.17198,0.363376,-0.563516,-0.180707,-0.047991,-0.46051,-0.094241,0.153612,-0.410356,-0.156027,0.157711,-0.293026,-0.140239,0.135752,-0.225466,-0.116299,-0.0606,-0.381965,-0.128448,0.096143,-0.353498,-0.161346,0.108006,-0.273456,-0.142398,0.091792,-0.230684,-0.119356,0.0,0.0,0.0,0.0,0.0,0.0,0.0,0.0,0.0,0.0,0.0,0.0,0.0,0.0,0.0,0.0,0.0,0.0,0.0,0.0,0.0,0.0,0.0,0.0,0.0,0.0,0.0,0.0,0.0,0.0,0.0,0.0,0.0,0.0,0.0,0.0,0.0,0.0,0.0,0.0,0.0,0.0,0.0,0.0,0.0,0.0,0.0,0.0,0.0,0.0,0.0,0.0,0.0,0.0,0.0,0.0,0.0,0.0,0.0,0.0,0.0,0.0,0.0,R
0.0,0.0,0.0,0.140219,-0.141555,-0.013038,0.224191,-0.313839,-0.043293,0.288183,-0.431741,-0.085678,0.360049,-0.525213,-0.125319,0.056266,-0.545093,-0.036515,0.053234,-0.73582,-0.085229,0.044766,-0.873027,-0.118212,0.03531,-0.98904,-0.143364,-0.00693,-0.522317,-0.066306,0.16568,-0.579205,-0.144362,0.283813,-0.573735,-0.173193,0.366767,-0.558961,-0.181334,-0.043331,-0.458635,-0.097134,0.160585,-0.412192,-0.160389,0.164033,-0.290417,-0.143545,0.140562,-0.217963,-0.118272,-0.054063,-0.379144,-0.133178,0.105588,-0.35391,-0.167188,0.115132,-0.269139,-0.146773,0.095662,-0.221013,-0.122144,0.0,0.0,0.0,0.0,0.0,0.0,0.0,0.0,0.0,0.0,0.0,0.0,0.0,0.0,0.0,0.0,0.0,0.0,0.0,0.0,0.0,0.0,0.0,0.0,0.0,0.0,0.0,0.0,0.0,0.0,0.0,0.0,0.0,0.0,0.0,0.0,0.0,0.0,0.0,0.0,0.0,0.0,0.0,0.0,0.0,0.0,0.0,0.0,0.0,0.0,0.0,0.0,0.0,0.0,0.0,0.0,0.0,0.0,0.0,0.0,0.0,0.0,0.0,R
0.0,0.0,0.0,0.140524,-0.142528,-0.015319,0.22436,-0.316666,-0.047916,0.290047,-0.440517,-0.09199,0.361459,-0.546739,-0.133215,0.0518,-0.544512,-0.038758,0.050303,-0.734302,-0.087983,0.043638,-0.871634,-0.12064,0.037586,-0.988624,-0.145633,-0.010757,-0.526909,-0.067678,0.162537,-0.580034,-0.145053,0.27983,-0.575978,-0.173113,0.360447,-0.5633,-0.181203,-0.046048,-0.464039,-0.098011,0.157792,-0.412003,-0.16312,0.158532,-0.282589,-0.147325,0.132393,-0.204944,-0.122262,-0.056044,-0.384534,-0.133395,0.09994,-0.351415,-0.171197,0.111833,-0.260371,-0.152817,0.094189,-0.206614,-0.128877,0.0,0.0,0.0,0.0,0.0,0.0,0.0,0.0,0.0,0.0,0.0,0.0,0.0,0.0,0.0,0.0,0.0,0.0,0.0,0.0,0.0,0.0,0.0,0.0,0.0,0.0,0.0,0.0,0.0,0.0,0.0,0.0,0.0,0.0,0.0,0.0,0.0,0.0,0.0,0.0,0.0,0.0,0.0,0.0,0.0,0.0,0.0,0.0,0.0,0.0,0.0,0.0,0.0,0.0,0.0,0.0,0.0,0.0,0.0,0.0,0.0,0.0,0.0,R
0.0,0.0,0.0,0.133721,-0.13443,-0.018755,0.213188,-0.305175,-0.053038,0.279147,-0.428178,-0.0978,0.352098,-0.533575,-0.13954,0.049007,-0.535688,-0.043035,0.044597,-0.733042,-0.092317,0.035914,-0.871237,-0.124819,0.027931,-0.988328,-0.149757,-0.014745,-0.516913,-0.070245,0.151938,-0.580837,-0.150111,0.27318,-0.573131,-0.179136,0.355819,-0.552669,-0.18699,-0.050372,-0.456793,-0.098787,0.148762,-0.410837,-0.166632,0.156618,-0.27587,-0.150715,0.133463,-0.191346,-0.124401,-0.060687,-0.382232,-0.132432,0.096215,-0.353215,-0.172777,0.109204,-0.257575,-0.154352,0.089857,-0.1979,-0.129644,0.0,0.0,0.0,0.0,0.0,0.0,0.0,0.0,0.0,0.0,0.0,0.0,0.0,0.0,0.0,0.0,0.0,0.0,0.0,0.0,0.0,0.0,0.0,0.0,0.0,0.0,0.0,0.0,0.0,0.0,0.0,0.0,0.0,0.0,0.0,0.0,0.0,0.0,0.0,0.0,0.0,0.0,0.0,0.0,0.0,0.0,0.0,0.0,0.0,0.0,0.0,0.0,0.0,0.0,0.0,0.0,0.0,0.0,0.0,0.0,0.0,0.0,0.0,R
0.0,0.0,0.0,0.134979,-0.137827,-0.017307,0.210219,-0.306952,-0.051414,0.273742,-0.428852,-0.096243,0.346916,-0.530689,-0.138595,0.043196,-0.536011,-0.042848,0.03632,-0.731533,-0.092063,0.024788,-0.869573,-0.125507,0.013609,-0.988343,-0.151632,-0.019981,-0.51657,-0.070836,0.151603,-0.585973,-0.148673,0.272745,-0.580728,-0.176685,0.354438,-0.565441,-0.184903,-0.054734,-0.455324,-0.099873,0.143455,-0.417605,-0.164885,0.147861,-0.282893,-0.146533,0.122101,-0.199459,-0.119911,-0.064362,-0.380949,-0.134168,0.091237,-0.356956,-0.171641,0.10326,-0.265253,-0.150908,0.083014,-0.210006,-0.125609,0.0,0.0,0.0,0.0,0.0,0.0,0.0,0.0,0.0,0.0,0.0,0.0,0.0,0.0,0.0,0.0,0.0,0.0,0.0,0.0,0.0,0.0,0.0,0.0,0.0,0.0,0.0,0.0,0.0,0.0,0.0,0.0,0.0,0.0,0.0,0.0,0.0,0.0,0.0,0.0,0.0,0.0,0.0,0.0,0.0,0.0,0.0,0.0,0.0,0.0,0.0,0.0,0.0,0.0,0.0,0.0,0.0,0.0,0.0,0.0,0.0,0.0,0.0,R
0.0,0.0,0.0,0.140468,-0.141674,-0.020767,0.217064,-0.314254,-0.05516,0.284133,-0.435489,-0.099416,0.359186,-0.539689,-0.14053,0.04789,-0.538762,-0.044743,0.031507,-0.733404,-0.092983,0.013087,-0.871287,-0.125697,-0.002009,-0.988542,-0.150932,-0.013208,-0.522052,-0.069647,0.157049,-0.582169,-0.146217,0.274256,-0.575494,-0.173642,0.355177,-0.559327,-0.181265,-0.04604,-0.462568,-0.095905,0.151857,-0.413302,-0.157274,0.156206,-0.278782,-0.138411,0.133701,-0.193549,-0.112052,-0.054643,-0.388058,-0.128197,0.096016,-0.354004,-0.162063,0.106006,-0.262007,-0.141737,0.088913,-0.205859,-0.117146,0.0,0.0,0.0,0.0,0.0,0.0,0.0,0.0,0.0,0.0,0.0,0.0,0.0,0.0,0.0,0.0,0.0,0.0,0.0,0.0,0.0,0.0,0.0,0.0,0.0,0.0,0.0,0.0,0.0,0.0,0.0,0.0,0.0,0.0,0.0,0.0,0.0,0.0,0.0,0.0,0.0,0.0,0.0,0.0,0.0,0.0,0.0,0.0,0.0,0.0,0.0,0.0,0.0,0.0,0.0,0.0,0.0,0.0,0.0,0.0,0.0,0.0,0.0,R
0.0,0.0,0.0,0.143096,-0.139155,-0.018161,0.223679,-0.312474,-0.05184,0.292189,-0.430368,-0.095817,0.36797,-0.530125,-0.136572,0.056541,-0.541918,-0.043602,0.039668,-0.736235,-0.090882,0.020251,-0.873147,-0.123594,0.003169,-0.988786,-0.149309,-0.005769,-0.523474,-0.06966,0.166336,-0.580155,-0.145257,0.289532,-0.572695,-0.172861,0.373661,-0.556024,-0.181776,-0.039555,-0.461993,-0.09669,0.159331,-0.41275,-0.155743,0.162372,-0.280011,-0.135713,0.135667,-0.198253,-0.110423,-0.048523,-0.38504,-0.129627,0.107781,-0.35133,-0.161712,0.114447,-0.258726,-0.13999,0.090276,-0.204349,-0.115522,0.0,0.0,0.0,0.0,0.0,0.0,0.0,0.0,0.0,0.0,0.0,0.0,0.0,0.0,0.0,0.0,0.0,0.0,0.0,0.0,0.0,0.0,0.0,0.0,0.0,0.0,0.0,0.0,0.0,0.0,0.0,0.0,0.0,0.0,0.0,0.0,0.0,0.0,0.0,0.0,0.0,0.0,0.0,0.0,0.0,0.0,0.0,0.0,0.0,0.0,0.0,0.0,0.0,0.0,0.0,0.0,0.0,0.0,0.0,0.0,0.0,0.0,0.0,R
0.0,0.0,0.0,0.142291,-0.139944,-0.01736,0.224778,-0.309533,-0.049408,0.29548,-0.425239,-0.092253,0.372412,-0.520134,-0.132679,0.054001,-0.544517,-0.039032,0.041786,-0.734469,-0.084383,0.023368,-0.872457,-0.116135,0.00625,-0.989986,-0.141027,-0.0078,-0.525691,-0.065137,0.164324,-0.57739,-0.136176,0.284487,-0.57437,-0.162696,0.367905,-0.562001,-0.171957,-0.042421,-0.463451,-0.092474,0.158562,-0.412387,-0.152209,0.161798,-0.279871,-0.133807,0.138352,-0.19549,-0.108659,-0.053302,-0.385997,-0.125369,0.102093,-0.355846,-0.158347,0.113507,-0.263627,-0.136962,0.098194,-0.205493,-0.112086,0.0,0.0,0.0,0.0,0.0,0.0,0.0,0.0,0.0,0.0,0.0,0.0,0.0,0.0,0.0,0.0,0.0,0.0,0.0,0.0,0.0,0.0,0.0,0.0,0.0,0.0,0.0,0.0,0.0,0.0,0.0,0.0,0.0,0.0,0.0,0.0,0.0,0.0,0.0,0.0,0.0,0.0,0.0,0.0,0.0,0.0,0.0,0.0,0.0,0.0,0.0,0.0,0.0,0.0,0.0,0.0,0.0,0.0,0.0,0.0,0.0,0.0,0.0,R
0.0,0.0,0.0,0.149156,-0.14214,-0.016474,0.236169,-0.314413,-0.047486,0.306336,-0.432047,-0.089289,0.380932,-0.524191,-0.128616,0.060545,-0.54272,-0.03661,0.053132,-0.735689,-0.081443,0.037214,-0.873269,-0.113096,0.020246,-0.990177,-0.138343,0.001357,-0.52357,-0.063483,0.172916,-0.584264,-0.132702,0.291817,-0.581574,-0.159322,0.374718,-0.567899,-0.169508,-0.031405,-0.463263,-0.091749,0.166532,-0.420244,-0.146258,0.16858,-0.295645,-0.127786,0.14665,-0.216436,-0.104831,-0.039175,-0.386958,-0.126039,0.114265,-0.360972,-0.154204,0.125389,-0.277908,-0.133441,0.112719,-0.227647,-0.110874,0.0,0.0,0.0,0.0,0.0,0.0,0.0,0.0,0.0,0.0,0.0,0.0,0.0,0.0,0.0,0.0,0.0,0.0,0.0,0.0,0.0,0.0,0.0,0.0,0.0,0.0,0.0,0.0,0.0,0.0,0.0,0.0,0.0,0.0,0.0,0.0,0.0,0.0,0.0,0.0,0.0,0.0,0.0,0.0,0.0,0.0,0.0,0.0,0.0,0.0,0.0,0.0,0.0,0.0,0.0,0.0,0.0,0.0,0.0,0.0,0.0,0.0,0.0,R
0.0,0.0,0.0,0.149656,-0.141659,-0.013318,0.237089,-0.317615,-0.04325,0.307492,-0.43542,-0.085004,0.383919,-0.526447,-0.124418,0.061342,-0.543835,-0.031319,0.054037,-0.735826,-0.076447,0.039222,-0.872657,-0.108513,0.023866,-0.990605,-0.134657,0.003986,-0.523692,-0.060123,0.175339,-0.586158,-0.13085,0.294893,-0.57948,-0.157451,0.376659,-0.567484,-0.16795,-0.028892,-0.461919,-0.090643,0.168057,-0.426229,-0.145485,0.165117,-0.304128,-0.12668,0.136894,-0.23253,-0.104413,-0.037232,-0.383837,-0.126858,0.115953,-0.363143,-0.15345,0.117028,-0.285362,-0.132612,0.092021,-0.246255,-0.111514,0.0,0.0,0.0,0.0,0.0,0.0,0.0,0.0,0.0,0.0,0.0,0.0,0.0,0.0,0.0,0.0,0.0,0.0,0.0,0.0,0.0,0.0,0.0,0.0,0.0,0.0,0.0,0.0,0.0,0.0,0.0,0.0,0.0,0.0,0.0,0.0,0.0,0.0,0.0,0.0,0.0,0.0,0.0,0.0,0.0,0.0,0.0,0.0,0.0,0.0,0.0,0.0,0.0,0.0,0.0,0.0,0.0,0.0,0.0,0.0,0.0,0.0,0.0,R
0.0,0.0,0.0,0.149371,-0.138488,-0.01515,0.239304,-0.314561,-0.044945,0.310031,-0.433557,-0.08598,0.385701,-0.523831,-0.125268,0.066192,-0.540357,-0.036765,0.059711,-0.734112,-0.081991,0.046126,-0.871622,-0.112589,0.031157,-0.990075,-0.137043,0.00702,-0.521481,-0.064091,0.178452,-0.586844,-0.134337,0.298969,-0.581934,-0.159686,0.382071,-0.567325,-0.168798,-0.027888,-0.46073,-0.092832,0.168157,-0.418898,-0.148826,0.165969,-0.294195,-0.130139,0.140756,-0.217785,-0.10682,-0.038761,-0.383126,-0.127139,0.111902,-0.355416,-0.154358,0.116187,-0.27275,-0.133172,0.096868,-0.227401,-0.111057,0.0,0.0,0.0,0.0,0.0,0.0,0.0,0.0,0.0,0.0,0.0,0.0,0.0,0.0,0.0,0.0,0.0,0.0,0.0,0.0,0.0,0.0,0.0,0.0,0.0,0.0,0.0,0.0,0.0,0.0,0.0,0.0,0.0,0.0,0.0,0.0,0.0,0.0,0.0,0.0,0.0,0.0,0.0,0.0,0.0,0.0,0.0,0.0,0.0,0.0,0.0,0.0,0.0,0.0,0.0,0.0,0.0,0.0,0.0,0.0,0.0,0.0,0.0,R
0.0,0.0,0.0,0.147081,-0.137997,-0.011173,0.237628,-0.313008,-0.039561,0.307613,-0.42947,-0.07994,0.382694,-0.515984,-0.118463,0.065406,-0.543363,-0.03194,0.061374,-0.736476,-0.076182,0.048568,-0.873617,-0.107428,0.034981,-0.990518,-0.132852,0.005277,-0.521406,-0.061818,0.176004,-0.582329,-0.131072,0.296998,-0.576645,-0.156783,0.379902,-0.563551,-0.16694,-0.030537,-0.457015,-0.09294,0.166031,-0.419946,-0.147222,0.163794,-0.299231,-0.12745,0.136252,-0.227945,-0.104632,-0.042316,-0.375534,-0.12939,0.110383,-0.355149,-0.155844,0.111864,-0.276897,-0.133441,0.086572,-0.237067,-0.111142,0.0,0.0,0.0,0.0,0.0,0.0,0.0,0.0,0.0,0.0,0.0,0.0,0.0,0.0,0.0,0.0,0.0,0.0,0.0,0.0,0.0,0.0,0.0,0.0,0.0,0.0,0.0,0.0,0.0,0.0,0.0,0.0,0.0,0.0,0.0,0.0,0.0,0.0,0.0,0.0,0.0,0.0,0.0,0.0,0.0,0.0,0.0,0.0,0.0,0.0,0.0,0.0,0.0,0.0,0.0,0.0,0.0,0.0,0.0,0.0,0.0,0.0,0.0,R
0.0,0.0,0.0,0.151347,-0.13666,-0.017024,0.238941,-0.301303,-0.049889,0.307249,-0.415519,-0.093783,0.383687,-0.508242,-0.135395,0.073954,-0.543484,-0.037683,0.075043,-0.734527,-0.084377,0.063566,-0.871473,-0.117929,0.05059,-0.988241,-0.14429,0.013301,-0.524312,-0.064893,0.187094,-0.572534,-0.136134,0.308081,-0.568757,-0.163152,0.39121,-0.55524,-0.173632,-0.021706,-0.461768,-0.093767,0.179877,-0.413395,-0.151484,0.181855,-0.286514,-0.131871,0.157146,-0.205458,-0.107353,-0.03317,-0.382413,-0.128414,0.1246,-0.355435,-0.158862,0.131894,-0.267965,-0.136132,0.111444,-0.214693,-0.111451,0.0,0.0,0.0,0.0,0.0,0.0,0.0,0.0,0.0,0.0,0.0,0.0,0.0,0.0,0.0,0.0,0.0,0.0,0.0,0.0,0.0,0.0,0.0,0.0,0.0,0.0,0.0,0.0,0.0,0.0,0.0,0.0,0.0,0.0,0.0,0.0,0.0,0.0,0.0,0.0,0.0,0.0,0.0,0.0,0.0,0.0,0.0,0.0,0.0,0.0,0.0,0.0,0.0,0.0,0.0,0.0,0.0,0.0,0.0,0.0,0.0,0.0,0.0,R
0.0,0.0,0.0,0.151448,-0.133839,-0.017085,0.241659,-0.302342,-0.051008,0.314664,-0.411218,-0.095972,0.395833,-0.499366,-0.138619,0.078563,-0.541203,-0.042837,0.078609,-0.733621,-0.089791,0.065973,-0.870755,-0.123023,0.054171,-0.987226,-0.149834,0.013667,-0.522916,-0.070561,0.185096,-0.562278,-0.142512,0.305871,-0.554839,-0.169864,0.389467,-0.54162,-0.181218,-0.025483,-0.45809,-0.099423,0.174887,-0.403052,-0.156101,0.173138,-0.274931,-0.135857,0.144038,-0.197445,-0.112468,-0.040346,-0.374744,-0.134216,0.118052,-0.338224,-0.164986,0.122124,-0.250235,-0.1431,0.097069,-0.201281,-0.119944,0.0,0.0,0.0,0.0,0.0,0.0,0.0,0.0,0.0,0.0,0.0,0.0,0.0,0.0,0.0,0.0,0.0,0.0,0.0,0.0,0.0,0.0,0.0,0.0,0.0,0.0,0.0,0.0,0.0,0.0,0.0,0.0,0.0,0.0,0.0,0.0,0.0,0.0,0.0,0.0,0.0,0.0,0.0,0.0,0.0,0.0,0.0,0.0,0.0,0.0,0.0,0.0,0.0,0.0,0.0,0.0,0.0,0.0,0.0,0.0,0.0,0.0,0.0,R
0.0,0.0,0.0,0.153131,-0.128285,-0.01462,0.245083,-0.292347,-0.04822,0.319618,-0.402761,-0.09394,0.401629,-0.490323,-0.13773,0.092571,-0.538954,-0.037832,0.097267,-0.73017,-0.087468,0.088955,-0.86836,-0.121932,0.079626,-0.98553,-0.149636,0.028814,-0.522623,-0.069041,0.202138,-0.567361,-0.146059,0.321423,-0.554526,-0.174973,0.401283,-0.53695,-0.185615,-0.011452,-0.460851,-0.101752,0.187298,-0.405317,-0.164721,0.180384,-0.274195,-0.145637,0.146218,-0.19814,-0.120883,-0.028811,-0.379685,-0.139924,0.127348,-0.339095,-0.175301,0.128868,-0.249763,-0.154302,0.100233,-0.203876,-0.130669,0.0,0.0,0.0,0.0,0.0,0.0,0.0,0.0,0.0,0.0,0.0,0.0,0.0,0.0,0.0,0.0,0.0,0.0,0.0,0.0,0.0,0.0,0.0,0.0,0.0,0.0,0.0,0.0,0.0,0.0,0.0,0.0,0.0,0.0,0.0,0.0,0.0,0.0,0.0,0.0,0.0,0.0,0.0,0.0,0.0,0.0,0.0,0.0,0.0,0.0,0.0,0.0,0.0,0.0,0.0,0.0,0.0,0.0,0.0,0.0,0.0,0.0,0.0,R
0.0,0.0,0.0,0.147747,-0.125081,-0.01459,0.234912,-0.281963,-0.049719,0.30907,-0.392109,-0.096373,0.39375,-0.481456,-0.141151,0.087152,-0.537229,-0.042213,0.092983,-0.727381,-0.091498,0.086877,-0.865644,-0.125667,0.078859,-0.985105,-0.152805,0.023308,-0.522514,-0.072781,0.19986,-0.568061,-0.146695,0.317279,-0.549771,-0.173687,0.394258,-0.526724,-0.18339,-0.015707,-0.459557,-0.104433,0.186095,-0.397972,-0.168878,0.182062,-0.264247,-0.150274,0.149456,-0.18446,-0.124704,-0.031134,-0.37726,-0.140949,0.126078,-0.342463,-0.179593,0.135252,-0.249786,-0.157999,0.113783,-0.194836,-0.132616,0.0,0.0,0.0,0.0,0.0,0.0,0.0,0.0,0.0,0.0,0.0,0.0,0.0,0.0,0.0,0.0,0.0,0.0,0.0,0.0,0.0,0.0,0.0,0.0,0.0,0.0,0.0,0.0,0.0,0.0,0.0,0.0,0.0,0.0,0.0,0.0,0.0,0.0,0.0,0.0,0.0,0.0,0.0,0.0,0.0,0.0,0.0,0.0,0.0,0.0,0.0,0.0,0.0,0.0,0.0,0.0,0.0,0.0,0.0,0.0,0.0,0.0,0.0,R
0.0,0.0,0.0,0.147638,-0.122392,-0.014383,0.235014,-0.283557,-0.049723,0.307649,-0.392711,-0.09602,0.39029,-0.480437,-0.139941,0.088622,-0.536819,-0.047378,0.094685,-0.729222,-0.097145,0.087921,-0.866821,-0.131687,0.080263,-0.983922,-0.159547,0.022837,-0.519716,-0.078837,0.195474,-0.555718,-0.155446,0.315254,-0.537839,-0.183173,0.395582,-0.516054,-0.193563,-0.016879,-0.45356,-0.110842,0.183916,-0.390823,-0.173926,0.182083,-0.258567,-0.153734,0.150579,-0.179259,-0.128586,-0.031488,-0.367848,-0.148103,0.130425,-0.329834,-0.186464,0.139163,-0.236175,-0.164965,0.115686,-0.182106,-0.140276,0.0,0.0,0.0,0.0,0.0,0.0,0.0,0.0,0.0,0.0,0.0,0.0,0.0,0.0,0.0,0.0,0.0,0.0,0.0,0.0,0.0,0.0,0.0,0.0,0.0,0.0,0.0,0.0,0.0,0.0,0.0,0.0,0.0,0.0,0.0,0.0,0.0,0.0,0.0,0.0,0.0,0.0,0.0,0.0,0.0,0.0,0.0,0.0,0.0,0.0,0.0,0.0,0.0,0.0,0.0,0.0,0.0,0.0,0.0,0.0,0.0,0.0,0.0,R
0.0,0.0,0.0,0.144773,-0.126996,-0.01617,0.228934,-0.283943,-0.0515,0.299853,-0.393633,-0.097894,0.379829,-0.485913,-0.141737,0.082535,-0.535879,-0.044346,0.086378,-0.726791,-0.096011,0.079992,-0.866294,-0.131513,0.072301,-0.9846,-0.159173,0.017093,-0.520791,-0.074746,0.190108,-0.564282,-0.15404,0.308768,-0.544805,-0.182884,0.388445,-0.519383,-0.191984,-0.02295,-0.456681,-0.106327,0.176079,-0.390636,-0.173475,0.173449,-0.258778,-0.154945,0.142864,-0.180057,-0.12815,-0.039334,-0.373566,-0.143148,0.116865,-0.334095,-0.183821,0.126952,-0.244499,-0.163194,0.106297,-0.192408,-0.137538,0.0,0.0,0.0,0.0,0.0,0.0,0.0,0.0,0.0,0.0,0.0,0.0,0.0,0.0,0.0,0.0,0.0,0.0,0.0,0.0,0.0,0.0,0.0,0.0,0.0,0.0,0.0,0.0,0.0,0.0,0.0,0.0,0.0,0.0,0.0,0.0,0.0,0.0,0.0,0.0,0.0,0.0,0.0,0.0,0.0,0.0,0.0,0.0,0.0,0.0,0.0,0.0,0.0,0.0,0.0,0.0,0.0,0.0,0.0,0.0,0.0,0.0,0.0,R
0.0,0.0,0.0,0.144012,-0.12421,-0.016555,0.229811,-0.285373,-0.050949,0.300544,-0.396626,-0.096233,0.379452,-0.490915,-0.1388,0.082037,-0.535751,-0.044555,0.082505,-0.730111,-0.09529,0.07385,-0.868831,-0.13032,0.065884,-0.985298,-0.15763,0.016224,-0.520727,-0.074317,0.191164,-0.560976,-0.154928,0.311039,-0.542213,-0.184661,0.392271,-0.517494,-0.193702,-0.023012,-0.457704,-0.105019,0.177152,-0.391048,-0.171599,0.175033,-0.25623,-0.152542,0.144378,-0.176405,-0.125327,-0.037832,-0.37679,-0.141166,0.116368,-0.331324,-0.180742,0.124279,-0.239538,-0.159761,0.101888,-0.188363,-0.133806,0.0,0.0,0.0,0.0,0.0,0.0,0.0,0.0,0.0,0.0,0.0,0.0,0.0,0.0,0.0,0.0,0.0,0.0,0.0,0.0,0.0,0.0,0.0,0.0,0.0,0.0,0.0,0.0,0.0,0.0,0.0,0.0,0.0,0.0,0.0,0.0,0.0,0.0,0.0,0.0,0.0,0.0,0.0,0.0,0.0,0.0,0.0,0.0,0.0,0.0,0.0,0.0,0.0,0.0,0.0,0.0,0.0,0.0,0.0,0.0,0.0,0.0,0.0,R
0.0,0.0,0.0,0.143186,-0.127256,-0.013475,0.230196,-0.290597,-0.046292,0.30132,-0.402271,-0.090618,0.380459,-0.497035,-0.132365,0.083411,-0.537187,-0.041804,0.082415,-0.731046,-0.090301,0.073015,-0.868724,-0.12371,0.063419,-0.986628,-0.150144,0.017352,-0.521781,-0.072303,0.189347,-0.563526,-0.148976,0.307359,-0.5459,-0.17715,0.3855,-0.523148,-0.186249,-0.023718,-0.45844,-0.103642,0.173084,-0.394592,-0.168312,0.173411,-0.262053,-0.151293,0.142951,-0.183721,-0.12613,-0.040302,-0.37832,-0.139898,0.114277,-0.339201,-0.179274,0.12413,-0.248466,-0.160056,0.100717,-0.195612,-0.135719,0.0,0.0,0.0,0.0,0.0,0.0,0.0,0.0,0.0,0.0,0.0,0.0,0.0,0.0,0.0,0.0,0.0,0.0,0.0,0.0,0.0,0.0,0.0,0.0,0.0,0.0,0.0,0.0,0.0,0.0,0.0,0.0,0.0,0.0,0.0,0.0,0.0,0.0,0.0,0.0,0.0,0.0,0.0,0.0,0.0,0.0,0.0,0.0,0.0,0.0,0.0,0.0,0.0,0.0,0.0,0.0,0.0,0.0,0.0,0.0,0.0,0.0,0.0,R
0.0,0.0,0.0,0.142465,-0.127568,-0.01359,0.230988,-0.292576,-0.044876,0.305639,-0.407489,-0.08726,0.385112,-0.50054,-0.127221,0.079959,-0.537029,-0.040326,0.08059,-0.73227,-0.085278,0.073395,-0.871005,-0.115531,0.065125,-0.988098,-0.139358,0.01509,-0.52219,-0.068514,0.186298,-0.563166,-0.13864,0.302117,-0.545588,-0.16334,0.3785,-0.522997,-0.170966,-0.025896,-0.45919,-0.097407,0.169366,-0.395412,-0.155997,0.169655,-0.271093,-0.139219,0.14137,-0.196796,-0.11571,-0.0424,-0.379002,-0.131239,0.109735,-0.339761,-0.165608,0.122337,-0.251938,-0.146353,0.104764,-0.198104,-0.122986,0.0,0.0,0.0,0.0,0.0,0.0,0.0,0.0,0.0,0.0,0.0,0.0,0.0,0.0,0.0,0.0,0.0,0.0,0.0,0.0,0.0,0.0,0.0,0.0,0.0,0.0,0.0,0.0,0.0,0.0,0.0,0.0,0.0,0.0,0.0,0.0,0.0,0.0,0.0,0.0,0.0,0.0,0.0,0.0,0.0,0.0,0.0,0.0,0.0,0.0,0.0,0.0,0.0,0.0,0.0,0.0,0.0,0.0,0.0,0.0,0.0,0.0,0.0,R
0.0,0.0,0.0,0.146723,-0.130176,-0.011284,0.234525,-0.290076,-0.043518,0.304956,-0.400004,-0.087932,0.38355,-0.49225,-0.129851,0.08195,-0.541898,-0.03778,0.083215,-0.732657,-0.085442,0.075486,-0.870818,-0.118752,0.067538,-0.987101,-0.145156,0.017748,-0.524611,-0.068923,0.191499,-0.558362,-0.142877,0.309463,-0.543088,-0.170117,0.38857,-0.52669,-0.17943,-0.02161,-0.458203,-0.10091,0.179003,-0.395205,-0.161372,0.182623,-0.272337,-0.143713,0.155969,-0.20055,-0.119678,-0.036251,-0.374935,-0.137968,0.118445,-0.335279,-0.173927,0.129321,-0.250948,-0.15438,0.108377,-0.202791,-0.130684,0.0,0.0,0.0,0.0,0.0,0.0,0.0,0.0,0.0,0.0,0.0,0.0,0.0,0.0,0.0,0.0,0.0,0.0,0.0,0.0,0.0,0.0,0.0,0.0,0.0,0.0,0.0,0.0,0.0,0.0,0.0,0.0,0.0,0.0,0.0,0.0,0.0,0.0,0.0,0.0,0.0,0.0,0.0,0.0,0.0,0.0,0.0,0.0,0.0,0.0,0.0,0.0,0.0,0.0,0.0,0.0,0.0,0.0,0.0,0.0,0.0,0.0,0.0,R
0.0,0.0,0.0,0.150294,-0.129957,-0.010361,0.238187,-0.294276,-0.041825,0.309271,-0.407026,-0.085669,0.389152,-0.500802,-0.127735,0.085604,-0.545221,-0.03574,0.084754,-0.732278,-0.08273,0.07521,-0.869745,-0.115981,0.065779,-0.987499,-0.143247,0.020978,-0.528589,-0.067696,0.201044,-0.564293,-0.140565,0.316999,-0.542934,-0.167355,0.395088,-0.527246,-0.177122,-0.017769,-0.461104,-0.100649,0.188399,-0.395916,-0.160316,0.180843,-0.272786,-0.143661,0.146323,-0.210806,-0.121678,-0.030669,-0.376845,-0.138556,0.125407,-0.33252,-0.173748,0.129482,-0.248766,-0.155192,0.103274,-0.20954,-0.133701,0.0,0.0,0.0,0.0,0.0,0.0,0.0,0.0,0.0,0.0,0.0,0.0,0.0,0.0,0.0,0.0,0.0,0.0,0.0,0.0,0.0,0.0,0.0,0.0,0.0,0.0,0.0,0.0,0.0,0.0,0.0,0.0,0.0,0.0,0.0,0.0,0.0,0.0,0.0,0.0,0.0,0.0,0.0,0.0,0.0,0.0,0.0,0.0,0.0,0.0,0.0,0.0,0.0,0.0,0.0,0.0,0.0,0.0,0.0,0.0,0.0,0.0,0.0,R
0.0,0.0,0.0,0.147253,-0.135298,-0.009027,0.233498,-0.301929,-0.039967,0.308253,-0.412934,-0.084176,0.390481,-0.504566,-0.126899,0.077143,-0.542869,-0.032681,0.072981,-0.733729,-0.079856,0.062172,-0.871457,-0.113453,0.052678,-0.988797,-0.139662,0.0155,-0.525049,-0.064442,0.194578,-0.565807,-0.138493,0.312852,-0.545955,-0.165334,0.394132,-0.523784,-0.173538,-0.020488,-0.45844,-0.097146,0.186788,-0.395872,-0.15829,0.181629,-0.260275,-0.138889,0.150778,-0.17948,-0.112213,-0.03249,-0.374442,-0.134717,0.120004,-0.338954,-0.169064,0.130549,-0.249669,-0.146796,0.113307,-0.196778,-0.120883,0.0,0.0,0.0,0.0,0.0,0.0,0.0,0.0,0.0,0.0,0.0,0.0,0.0,0.0,0.0,0.0,0.0,0.0,0.0,0.0,0.0,0.0,0.0,0.0,0.0,0.0,0.0,0.0,0.0,0.0,0.0,0.0,0.0,0.0,0.0,0.0,0.0,0.0,0.0,0.0,0.0,0.0,0.0,0.0,0.0,0.0,0.0,0.0,0.0,0.0,0.0,0.0,0.0,0.0,0.0,0.0,0.0,0.0,0.0,0.0,0.0,0.0,0.0,R
0.0,0.0,0.0,0.147473,-0.13694,-0.008736,0.2332,-0.300857,-0.040129,0.305513,-0.414328,-0.084088,0.383158,-0.512381,-0.126147,0.071671,-0.54476,-0.034982,0.069953,-0.732943,-0.081647,0.058057,-0.870888,-0.115279,0.04595,-0.988751,-0.142341,0.010966,-0.526896,-0.067352,0.193229,-0.571639,-0.139652,0.310404,-0.55515,-0.16699,0.388518,-0.538889,-0.176895,-0.022112,-0.45938,-0.100323,0.18378,-0.403801,-0.160083,0.180949,-0.276823,-0.142629,0.149506,-0.203986,-0.118986,-0.029072,-0.376421,-0.138008,0.125,-0.34348,-0.173552,0.135299,-0.258445,-0.153572,0.115025,-0.20996,-0.129921,0.0,0.0,0.0,0.0,0.0,0.0,0.0,0.0,0.0,0.0,0.0,0.0,0.0,0.0,0.0,0.0,0.0,0.0,0.0,0.0,0.0,0.0,0.0,0.0,0.0,0.0,0.0,0.0,0.0,0.0,0.0,0.0,0.0,0.0,0.0,0.0,0.0,0.0,0.0,0.0,0.0,0.0,0.0,0.0,0.0,0.0,0.0,0.0,0.0,0.0,0.0,0.0,0.0,0.0,0.0,0.0,0.0,0.0,0.0,0.0,0.0,0.0,0.0,R
0.0,0.0,0.0,0.147614,-0.144617,-0.005448,0.232319,-0.310128,-0.03351,0.301702,-0.421911,-0.074895,0.377106,-0.513908,-0.114085,0.07043,-0.548499,-0.029747,0.064652,-0.736006,-0.075321,0.048403,-0.872498,-0.108957,0.030747,-0.990242,-0.135925,0.01043,-0.527819,-0.063093,0.185176,-0.575615,-0.133821,0.303336,-0.565598,-0.161388,0.383928,-0.551748,-0.171969,-0.023051,-0.460497,-0.096984,0.17579,-0.40759,-0.154823,0.176125,-0.285404,-0.137646,0.148614,-0.211952,-0.114674,-0.030743,-0.378434,-0.135664,0.123806,-0.34865,-0.168797,0.134926,-0.265256,-0.148546,0.116746,-0.215533,-0.125151,0.0,0.0,0.0,0.0,0.0,0.0,0.0,0.0,0.0,0.0,0.0,0.0,0.0,0.0,0.0,0.0,0.0,0.0,0.0,0.0,0.0,0.0,0.0,0.0,0.0,0.0,0.0,0.0,0.0,0.0,0.0,0.0,0.0,0.0,0.0,0.0,0.0,0.0,0.0,0.0,0.0,0.0,0.0,0.0,0.0,0.0,0.0,0.0,0.0,0.0,0.0,0.0,0.0,0.0,0.0,0.0,0.0,0.0,0.0,0.0,0.0,0.0,0.0,R
0.0,0.0,0.0,0.149129,-0.14532,-0.004046,0.235977,-0.313031,-0.033098,0.305363,-0.424612,-0.076354,0.381748,-0.518577,-0.117977,0.071102,-0.552573,-0.028807,0.065137,-0.738075,-0.076016,0.048364,-0.873332,-0.110968,0.031335,-0.989751,-0.139323,0.009584,-0.531076,-0.064455,0.191001,-0.573653,-0.137067,0.307276,-0.557792,-0.164855,0.385196,-0.54639,-0.175961,-0.024205,-0.459815,-0.100862,0.182617,-0.411436,-0.160154,0.181467,-0.288182,-0.142177,0.150583,-0.220704,-0.119573,-0.031616,-0.373635,-0.141908,0.124973,-0.346293,-0.17646,0.133536,-0.265215,-0.155914,0.110485,-0.222046,-0.133001,0.0,0.0,0.0,0.0,0.0,0.0,0.0,0.0,0.0,0.0,0.0,0.0,0.0,0.0,0.0,0.0,0.0,0.0,0.0,0.0,0.0,0.0,0.0,0.0,0.0,0.0,0.0,0.0,0.0,0.0,0.0,0.0,0.0,0.0,0.0,0.0,0.0,0.0,0.0,0.0,0.0,0.0,0.0,0.0,0.0,0.0,0.0,0.0,0.0,0.0,0.0,0.0,0.0,0.0,0.0,0.0,0.0,0.0,0.0,0.0,0.0,0.0,0.0,R
0.0,0.0,0.0,0.152856,-0.149473,-0.005645,0.236542,-0.317478,-0.036135,0.307201,-0.430733,-0.080501,0.385579,-0.526036,-0.123071,0.067959,-0.551812,-0.031114,0.062636,-0.737204,-0.077812,0.046233,-0.872908,-0.111978,0.029664,-0.989748,-0.139708,0.009554,-0.5291,-0.065376,0.193705,-0.579615,-0.136907,0.311298,-0.564752,-0.163536,0.391365,-0.550691,-0.173672,-0.01912,-0.457341,-0.1005,0.192354,-0.411684,-0.157545,0.193291,-0.288576,-0.139429,0.165575,-0.217695,-0.116897,-0.020359,-0.372352,-0.14059,0.138426,-0.346148,-0.172198,0.147553,-0.266682,-0.152115,0.128059,-0.222748,-0.130185,0.0,0.0,0.0,0.0,0.0,0.0,0.0,0.0,0.0,0.0,0.0,0.0,0.0,0.0,0.0,0.0,0.0,0.0,0.0,0.0,0.0,0.0,0.0,0.0,0.0,0.0,0.0,0.0,0.0,0.0,0.0,0.0,0.0,0.0,0.0,0.0,0.0,0.0,0.0,0.0,0.0,0.0,0.0,0.0,0.0,0.0,0.0,0.0,0.0,0.0,0.0,0.0,0.0,0.0,0.0,0.0,0.0,0.0,0.0,0.0,0.0,0.0,0.0,R
0.0,0.0,0.0,0.149406,-0.150145,-0.008021,0.23193,-0.320128,-0.039658,0.304486,-0.43592,-0.084379,0.383887,-0.532468,-0.126885,0.063316,-0.547883,-0.031866,0.05695,-0.738569,-0.078029,0.0409,-0.873904,-0.1113,0.024653,-0.990101,-0.138173,0.006872,-0.526974,-0.064144,0.186265,-0.58827,-0.13506,0.306196,-0.570807,-0.161234,0.387258,-0.549556,-0.170646,-0.021187,-0.458657,-0.097395,0.182662,-0.41629,-0.151537,0.18295,-0.295862,-0.132947,0.154895,-0.225353,-0.110848,-0.022638,-0.376096,-0.135897,0.133728,-0.349543,-0.164564,0.140294,-0.270103,-0.143876,0.116586,-0.226483,-0.122148,0.0,0.0,0.0,0.0,0.0,0.0,0.0,0.0,0.0,0.0,0.0,0.0,0.0,0.0,0.0,0.0,0.0,0.0,0.0,0.0,0.0,0.0,0.0,0.0,0.0,0.0,0.0,0.0,0.0,0.0,0.0,0.0,0.0,0.0,0.0,0.0,0.0,0.0,0.0,0.0,0.0,0.0,0.0,0.0,0.0,0.0,0.0,0.0,0.0,0.0,0.0,0.0,0.0,0.0,0.0,0.0,0.0,0.0,0.0,0.0,0.0,0.0,0.0,R
0.0,0.0,0.0,0.149072,-0.145713,-0.002714,0.230249,-0.311274,-0.034199,0.303513,-0.423297,-0.080181,0.383646,-0.518406,-0.124712,0.065452,-0.547992,-0.029437,0.060172,-0.736749,-0.075307,0.044413,-0.873664,-0.10873,0.028219,-0.990301,-0.13604,0.008879,-0.527336,-0.065343,0.194437,-0.587741,-0.137122,0.314911,-0.565392,-0.163116,0.394754,-0.542224,-0.171931,-0.018164,-0.459003,-0.101591,0.193083,-0.417647,-0.157206,0.192304,-0.286452,-0.137018,0.160638,-0.209318,-0.112986,-0.018586,-0.377729,-0.14254,0.141126,-0.352698,-0.173342,0.151215,-0.269259,-0.151509,0.129042,-0.221927,-0.128003,0.0,0.0,0.0,0.0,0.0,0.0,0.0,0.0,0.0,0.0,0.0,0.0,0.0,0.0,0.0,0.0,0.0,0.0,0.0,0.0,0.0,0.0,0.0,0.0,0.0,0.0,0.0,0.0,0.0,0.0,0.0,0.0,0.0,0.0,0.0,0.0,0.0,0.0,0.0,0.0,0.0,0.0,0.0,0.0,0.0,0.0,0.0,0.0,0.0,0.0,0.0,0.0,0.0,0.0,0.0,0.0,0.0,0.0,0.0,0.0,0.0,0.0,0.0,R
0.0,0.0,0.0,0.144866,-0.140246,-0.003501,0.223106,-0.306778,-0.036547,0.295728,-0.417866,-0.08331,0.379232,-0.511889,-0.128759,0.065565,-0.542747,-0.037017,0.057364,-0.735252,-0.084778,0.041632,-0.873117,-0.118757,0.02804,-0.988826,-0.146414,0.007766,-0.520384,-0.07369,0.190729,-0.577592,-0.149484,0.310646,-0.559121,-0.17684,0.389833,-0.54064,-0.185999,-0.020235,-0.450196,-0.110076,0.189185,-0.406025,-0.17108,0.186258,-0.270906,-0.150239,0.150539,-0.192155,-0.124465,-0.023573,-0.366268,-0.150694,0.13501,-0.336574,-0.186979,0.144685,-0.245231,-0.164,0.12012,-0.194291,-0.138278,0.0,0.0,0.0,0.0,0.0,0.0,0.0,0.0,0.0,0.0,0.0,0.0,0.0,0.0,0.0,0.0,0.0,0.0,0.0,0.0,0.0,0.0,0.0,0.0,0.0,0.0,0.0,0.0,0.0,0.0,0.0,0.0,0.0,0.0,0.0,0.0,0.0,0.0,0.0,0.0,0.0,0.0,0.0,0.0,0.0,0.0,0.0,0.0,0.0,0.0,0.0,0.0,0.0,0.0,0.0,0.0,0.0,0.0,0.0,0.0,0.0,0.0,0.0,R
0.0,0.0,0.0,0.145387,-0.144558,-0.006688,0.225611,-0.309523,-0.039618,0.30067,-0.420071,-0.084894,0.385196,-0.515214,-0.128408,0.064463,-0.54886,-0.040176,0.057766,-0.735472,-0.086045,0.042709,-0.872481,-0.118858,0.028685,-0.988876,-0.145953,0.007172,-0.527013,-0.074096,0.184797,-0.578183,-0.144863,0.304159,-0.565787,-0.171106,0.384013,-0.548421,-0.181325,-0.019642,-0.454536,-0.107786,0.187788,-0.403642,-0.16635,0.186688,-0.273489,-0.147293,0.153447,-0.193936,-0.123744,-0.020845,-0.366955,-0.145978,0.13725,-0.338207,-0.182287,0.149643,-0.247067,-0.161381,0.129961,-0.191341,-0.137447,0.0,0.0,0.0,0.0,0.0,0.0,0.0,0.0,0.0,0.0,0.0,0.0,0.0,0.0,0.0,0.0,0.0,0.0,0.0,0.0,0.0,0.0,0.0,0.0,0.0,0.0,0.0,0.0,0.0,0.0,0.0,0.0,0.0,0.0,0.0,0.0,0.0,0.0,0.0,0.0,0.0,0.0,0.0,0.0,0.0,0.0,0.0,0.0,0.0,0.0,0.0,0.0,0.0,0.0,0.0,0.0,0.0,0.0,0.0,0.0,0.0,0.0,0.0,R
0.0,0.0,0.0,0.14709,-0.149834,-0.011479,0.227992,-0.310689,-0.048128,0.301982,-0.418063,-0.096696,0.385273,-0.513109,-0.143411,0.060051,-0.545353,-0.04587,0.053508,-0.732397,-0.092601,0.038788,-0.870774,-0.125927,0.023883,-0.987931,-0.153042,0.000448,-0.520988,-0.077222,0.182002,-0.568601,-0.146347,0.301536,-0.559251,-0.171835,0.380972,-0.547609,-0.182718,-0.026512,-0.446825,-0.108707,0.183833,-0.402534,-0.166547,0.184796,-0.275826,-0.147118,0.152695,-0.196086,-0.12401,-0.026382,-0.359441,-0.145163,0.134797,-0.339528,-0.181195,0.152249,-0.254102,-0.160238,0.138336,-0.198889,-0.136434,0.0,0.0,0.0,0.0,0.0,0.0,0.0,0.0,0.0,0.0,0.0,0.0,0.0,0.0,0.0,0.0,0.0,0.0,0.0,0.0,0.0,0.0,0.0,0.0,0.0,0.0,0.0,0.0,0.0,0.0,0.0,0.0,0.0,0.0,0.0,0.0,0.0,0.0,0.0,0.0,0.0,0.0,0.0,0.0,0.0,0.0,0.0,0.0,0.0,0.0,0.0,0.0,0.0,0.0,0.0,0.0,0.0,0.0,0.0,0.0,0.0,0.0,0.0,R
0.0,0.0,0.0,0.147337,-0.151927,-0.00899,0.229967,-0.315024,-0.045366,0.30234,-0.42262,-0.094446,0.383181,-0.517905,-0.141936,0.059467,-0.547924,-0.042436,0.053117,-0.735011,-0.091081,0.039241,-0.871861,-0.126514,0.02533,-0.987578,-0.155078,0.002795,-0.522519,-0.076534,0.187911,-0.574726,-0.15031,0.313334,-0.561834,-0.178586,0.394566,-0.546435,-0.190196,-0.022745,-0.447739,-0.110521,0.18745,-0.406893,-0.170372,0.188068,-0.276163,-0.149979,0.154003,-0.195806,-0.125873,-0.023437,-0.357594,-0.149221,0.139973,-0.335503,-0.184516,0.152155,-0.244885,-0.160658,0.130176,-0.188366,-0.134895,0.0,0.0,0.0,0.0,0.0,0.0,0.0,0.0,0.0,0.0,0.0,0.0,0.0,0.0,0.0,0.0,0.0,0.0,0.0,0.0,0.0,0.0,0.0,0.0,0.0,0.0,0.0,0.0,0.0,0.0,0.0,0.0,0.0,0.0,0.0,0.0,0.0,0.0,0.0,0.0,0.0,0.0,0.0,0.0,0.0,0.0,0.0,0.0,0.0,0.0,0.0,0.0,0.0,0.0,0.0,0.0,0.0,0.0,0.0,0.0,0.0,0.0,0.0,R
0.0,0.0,0.0,0.148217,-0.148664,-0.011068,0.231025,-0.310886,-0.047935,0.30182,-0.419936,-0.096659,0.382249,-0.515714,-0.143779,0.061654,-0.543082,-0.046206,0.055384,-0.734208,-0.094012,0.04246,-0.87199,-0.127531,0.02893,-0.987556,-0.154582,0.005248,-0.519711,-0.077977,0.190676,-0.572968,-0.149579,0.315798,-0.558189,-0.175429,0.395278,-0.542802,-0.185806,-0.020755,-0.446032,-0.109623,0.190142,-0.404373,-0.166821,0.189933,-0.27921,-0.146234,0.154802,-0.204978,-0.12309,-0.022091,-0.357276,-0.146034,0.141461,-0.332437,-0.178962,0.151736,-0.245409,-0.155362,0.127823,-0.193315,-0.130681,0.0,0.0,0.0,0.0,0.0,0.0,0.0,0.0,0.0,0.0,0.0,0.0,0.0,0.0,0.0,0.0,0.0,0.0,0.0,0.0,0.0,0.0,0.0,0.0,0.0,0.0,0.0,0.0,0.0,0.0,0.0,0.0,0.0,0.0,0.0,0.0,0.0,0.0,0.0,0.0,0.0,0.0,0.0,0.0,0.0,0.0,0.0,0.0,0.0,0.0,0.0,0.0,0.0,0.0,0.0,0.0,0.0,0.0,0.0,0.0,0.0,0.0,0.0,R
0.0,0.0,0.0,0.150507,-0.152042,-0.009487,0.233363,-0.314297,-0.045081,0.301851,-0.422529,-0.093286,0.378597,-0.518106,-0.139556,0.061001,-0.547355,-0.041751,0.055413,-0.734813,-0.09014,0.042393,-0.871871,-0.125516,0.028941,-0.987669,-0.153858,0.005999,-0.519895,-0.074736,0.187958,-0.568163,-0.145168,0.311039,-0.560389,-0.171821,0.391759,-0.550983,-0.184068,-0.020329,-0.444041,-0.108053,0.188092,-0.40833,-0.164812,0.189367,-0.286895,-0.143864,0.157275,-0.211132,-0.121033,-0.021591,-0.352649,-0.146364,0.144571,-0.336123,-0.179312,0.156838,-0.253739,-0.155796,0.135128,-0.201455,-0.131404,0.0,0.0,0.0,0.0,0.0,0.0,0.0,0.0,0.0,0.0,0.0,0.0,0.0,0.0,0.0,0.0,0.0,0.0,0.0,0.0,0.0,0.0,0.0,0.0,0.0,0.0,0.0,0.0,0.0,0.0,0.0,0.0,0.0,0.0,0.0,0.0,0.0,0.0,0.0,0.0,0.0,0.0,0.0,0.0,0.0,0.0,0.0,0.0,0.0,0.0,0.0,0.0,0.0,0.0,0.0,0.0,0.0,0.0,0.0,0.0,0.0,0.0,0.0,R
0.0,0.0,0.0,0.151279,-0.159742,-0.009783,0.235096,-0.322486,-0.042852,0.303128,-0.431991,-0.088539,0.376512,-0.525495,-0.132345,0.053448,-0.547059,-0.03583,0.052181,-0.734558,-0.083403,0.042392,-0.871541,-0.118803,0.029107,-0.988767,-0.146605,0.001989,-0.516348,-0.067258,0.182891,-0.574187,-0.135716,0.303343,-0.56831,-0.161976,0.381464,-0.558306,-0.173875,-0.019996,-0.44049,-0.099617,0.1841,-0.411899,-0.154588,0.186593,-0.294428,-0.134993,0.158962,-0.219237,-0.112751,-0.016212,-0.350166,-0.137111,0.145059,-0.339407,-0.166076,0.157512,-0.262643,-0.142908,0.141712,-0.212622,-0.119486,0.0,0.0,0.0,0.0,0.0,0.0,0.0,0.0,0.0,0.0,0.0,0.0,0.0,0.0,0.0,0.0,0.0,0.0,0.0,0.0,0.0,0.0,0.0,0.0,0.0,0.0,0.0,0.0,0.0,0.0,0.0,0.0,0.0,0.0,0.0,0.0,0.0,0.0,0.0,0.0,0.0,0.0,0.0,0.0,0.0,0.0,0.0,0.0,0.0,0.0,0.0,0.0,0.0,0.0,0.0,0.0,0.0,0.0,0.0,0.0,0.0,0.0,0.0,R
0.0,0.0,0.0,0.148117,-0.160793,-0.010003,0.230749,-0.322682,-0.043517,0.296011,-0.430355,-0.088937,0.367881,-0.523469,-0.132359,0.048092,-0.553432,-0.038632,0.04803,-0.738523,-0.086856,0.037783,-0.873086,-0.123647,0.024387,-0.987944,-0.152877,-0.004754,-0.521861,-0.070372,0.179032,-0.575643,-0.138963,0.301392,-0.568709,-0.165981,0.381348,-0.558038,-0.179137,-0.0275,-0.444355,-0.102749,0.179032,-0.411851,-0.155609,0.179368,-0.295874,-0.133978,0.149438,-0.223879,-0.111818,-0.024586,-0.352192,-0.14051,0.13598,-0.335448,-0.167345,0.144948,-0.261157,-0.142452,0.125438,-0.216378,-0.11873,0.0,0.0,0.0,0.0,0.0,0.0,0.0,0.0,0.0,0.0,0.0,0.0,0.0,0.0,0.0,0.0,0.0,0.0,0.0,0.0,0.0,0.0,0.0,0.0,0.0,0.0,0.0,0.0,0.0,0.0,0.0,0.0,0.0,0.0,0.0,0.0,0.0,0.0,0.0,0.0,0.0,0.0,0.0,0.0,0.0,0.0,0.0,0.0,0.0,0.0,0.0,0.0,0.0,0.0,0.0,0.0,0.0,0.0,0.0,0.0,0.0,0.0,0.0,R
0.0,0.0,0.0,0.148419,-0.164038,-0.010275,0.230584,-0.328479,-0.041564,0.296171,-0.435955,-0.084614,0.368043,-0.526644,-0.125803,0.048896,-0.5521,-0.036844,0.049359,-0.735244,-0.084092,0.036995,-0.871239,-0.119893,0.021034,-0.98866,-0.148688,-0.004354,-0.516831,-0.067684,0.173349,-0.575714,-0.13712,0.291476,-0.567228,-0.165058,0.369729,-0.554116,-0.177896,-0.028764,-0.438361,-0.099092,0.170769,-0.411261,-0.152315,0.177525,-0.30416,-0.132929,0.154424,-0.23664,-0.111285,-0.028732,-0.347769,-0.13593,0.126119,-0.337191,-0.162287,0.139995,-0.273278,-0.139869,0.126257,-0.234896,-0.117688,0.0,0.0,0.0,0.0,0.0,0.0,0.0,0.0,0.0,0.0,0.0,0.0,0.0,0.0,0.0,0.0,0.0,0.0,0.0,0.0,0.0,0.0,0.0,0.0,0.0,0.0,0.0,0.0,0.0,0.0,0.0,0.0,0.0,0.0,0.0,0.0,0.0,0.0,0.0,0.0,0.0,0.0,0.0,0.0,0.0,0.0,0.0,0.0,0.0,0.0,0.0,0.0,0.0,0.0,0.0,0.0,0.0,0.0,0.0,0.0,0.0,0.0,0.0,R
0.0,0.0,0.0,0.145557,-0.151226,-0.014601,0.22907,-0.312807,-0.048369,0.293965,-0.418363,-0.093308,0.362735,-0.505808,-0.137146,0.050642,-0.542563,-0.045987,0.051964,-0.730738,-0.096558,0.041785,-0.869912,-0.132165,0.027289,-0.98676,-0.159874,-0.006664,-0.509106,-0.075743,0.175455,-0.570056,-0.148241,0.290609,-0.553015,-0.174241,0.362225,-0.537165,-0.184465,-0.034532,-0.433338,-0.106224,0.165124,-0.402933,-0.161963,0.169517,-0.294534,-0.141577,0.142586,-0.233019,-0.118992,-0.037494,-0.344259,-0.142208,0.116346,-0.323733,-0.168607,0.124396,-0.253833,-0.144562,0.103724,-0.216868,-0.121543,0.0,0.0,0.0,0.0,0.0,0.0,0.0,0.0,0.0,0.0,0.0,0.0,0.0,0.0,0.0,0.0,0.0,0.0,0.0,0.0,0.0,0.0,0.0,0.0,0.0,0.0,0.0,0.0,0.0,0.0,0.0,0.0,0.0,0.0,0.0,0.0,0.0,0.0,0.0,0.0,0.0,0.0,0.0,0.0,0.0,0.0,0.0,0.0,0.0,0.0,0.0,0.0,0.0,0.0,0.0,0.0,0.0,0.0,0.0,0.0,0.0,0.0,0.0,R
0.0,0.0,0.0,0.149305,-0.154556,-0.015112,0.234884,-0.315129,-0.0499,0.30208,-0.419253,-0.095833,0.373662,-0.502725,-0.140483,0.056512,-0.538721,-0.047881,0.059222,-0.728443,-0.099356,0.049581,-0.8677,-0.135646,0.035599,-0.985652,-0.164996,-0.004843,-0.507056,-0.079266,0.178993,-0.574576,-0.153733,0.294247,-0.553512,-0.181436,0.367859,-0.533396,-0.19332,-0.037961,-0.430419,-0.111503,0.162419,-0.404192,-0.16792,0.171094,-0.30099,-0.147435,0.149508,-0.24317,-0.125793,-0.046035,-0.338165,-0.149604,0.104543,-0.327007,-0.179217,0.122291,-0.268001,-0.156961,0.112746,-0.239096,-0.135526,0.0,0.0,0.0,0.0,0.0,0.0,0.0,0.0,0.0,0.0,0.0,0.0,0.0,0.0,0.0,0.0,0.0,0.0,0.0,0.0,0.0,0.0,0.0,0.0,0.0,0.0,0.0,0.0,0.0,0.0,0.0,0.0,0.0,0.0,0.0,0.0,0.0,0.0,0.0,0.0,0.0,0.0,0.0,0.0,0.0,0.0,0.0,0.0,0.0,0.0,0.0,0.0,0.0,0.0,0.0,0.0,0.0,0.0,0.0,0.0,0.0,0.0,0.0,R
0.0,0.0,0.0,0.146275,-0.147605,-0.014238,0.235627,-0.312028,-0.047377,0.303771,-0.418881,-0.09146,0.373492,-0.505272,-0.133857,0.062665,-0.536945,-0.046629,0.066603,-0.728845,-0.095688,0.056328,-0.868855,-0.130003,0.043195,-0.98643,-0.158395,-0.00037,-0.509356,-0.078222,0.179414,-0.569347,-0.149419,0.293342,-0.550775,-0.176179,0.367753,-0.533,-0.1887,-0.037977,-0.433839,-0.110613,0.1555,-0.400627,-0.162804,0.161499,-0.301841,-0.142612,0.139877,-0.248721,-0.123211,-0.051573,-0.340416,-0.149061,0.093618,-0.323848,-0.176074,0.109642,-0.268117,-0.154812,0.099418,-0.243624,-0.135255,0.0,0.0,0.0,0.0,0.0,0.0,0.0,0.0,0.0,0.0,0.0,0.0,0.0,0.0,0.0,0.0,0.0,0.0,0.0,0.0,0.0,0.0,0.0,0.0,0.0,0.0,0.0,0.0,0.0,0.0,0.0,0.0,0.0,0.0,0.0,0.0,0.0,0.0,0.0,0.0,0.0,0.0,0.0,0.0,0.0,0.0,0.0,0.0,0.0,0.0,0.0,0.0,0.0,0.0,0.0,0.0,0.0,0.0,0.0,0.0,0.0,0.0,0.0,R
0.0,0.0,0.0,0.148623,-0.149664,-0.012744,0.237708,-0.311089,-0.04504,0.303622,-0.415974,-0.088686,0.371183,-0.50077,-0.131002,0.06489,-0.533914,-0.047299,0.066065,-0.729311,-0.097109,0.056646,-0.86905,-0.130944,0.044381,-0.986409,-0.158199,0.00085,-0.504745,-0.078831,0.177441,-0.566798,-0.150288,0.291103,-0.548479,-0.175789,0.364037,-0.530203,-0.186697,-0.037639,-0.429106,-0.110919,0.158358,-0.391958,-0.164106,0.166041,-0.293224,-0.143267,0.14326,-0.2397,-0.122426,-0.052315,-0.336202,-0.148739,0.098991,-0.312201,-0.17505,0.112723,-0.252446,-0.152208,0.09674,-0.225238,-0.131129,0.0,0.0,0.0,0.0,0.0,0.0,0.0,0.0,0.0,0.0,0.0,0.0,0.0,0.0,0.0,0.0,0.0,0.0,0.0,0.0,0.0,0.0,0.0,0.0,0.0,0.0,0.0,0.0,0.0,0.0,0.0,0.0,0.0,0.0,0.0,0.0,0.0,0.0,0.0,0.0,0.0,0.0,0.0,0.0,0.0,0.0,0.0,0.0,0.0,0.0,0.0,0.0,0.0,0.0,0.0,0.0,0.0,0.0,0.0,0.0,0.0,0.0,0.0,R
0.0,0.0,0.0,0.14601,-0.146441,-0.011607,0.230609,-0.307685,-0.045068,0.294232,-0.415732,-0.089709,0.367131,-0.50483,-0.132734,0.061593,-0.540759,-0.044673,0.065264,-0.730826,-0.092818,0.054126,-0.868844,-0.126856,0.040768,-0.987034,-0.155245,-0.000266,-0.509769,-0.077492,0.17977,-0.580822,-0.146722,0.290564,-0.563643,-0.172634,0.363637,-0.543546,-0.184583,-0.036286,-0.430391,-0.110982,0.158564,-0.413382,-0.16472,0.167976,-0.312975,-0.144716,0.148854,-0.254737,-0.123882,-0.047311,-0.333797,-0.149831,0.097102,-0.33998,-0.181298,0.123077,-0.299253,-0.162015,0.121075,-0.282626,-0.142162,0.0,0.0,0.0,0.0,0.0,0.0,0.0,0.0,0.0,0.0,0.0,0.0,0.0,0.0,0.0,0.0,0.0,0.0,0.0,0.0,0.0,0.0,0.0,0.0,0.0,0.0,0.0,0.0,0.0,0.0,0.0,0.0,0.0,0.0,0.0,0.0,0.0,0.0,0.0,0.0,0.0,0.0,0.0,0.0,0.0,0.0,0.0,0.0,0.0,0.0,0.0,0.0,0.0,0.0,0.0,0.0,0.0,0.0,0.0,0.0,0.0,0.0,0.0,R
0.0,0.0,0.0,0.14288,-0.142337,-0.010742,0.22794,-0.306858,-0.044298,0.298201,-0.416012,-0.089735,0.375707,-0.507,-0.134149,0.06744,-0.540349,-0.042508,0.068078,-0.733745,-0.092645,0.055679,-0.870331,-0.126683,0.041869,-0.987201,-0.153889,0.004252,-0.511541,-0.0766,0.177497,-0.592866,-0.150364,0.293768,-0.574587,-0.176869,0.369091,-0.549955,-0.186563,-0.032883,-0.436993,-0.111282,0.166149,-0.41899,-0.169819,0.17247,-0.300121,-0.149094,0.14649,-0.230929,-0.125239,-0.044935,-0.343589,-0.150807,0.10846,-0.338468,-0.183333,0.122324,-0.26511,-0.160306,0.102365,-0.225988,-0.136557,0.0,0.0,0.0,0.0,0.0,0.0,0.0,0.0,0.0,0.0,0.0,0.0,0.0,0.0,0.0,0.0,0.0,0.0,0.0,0.0,0.0,0.0,0.0,0.0,0.0,0.0,0.0,0.0,0.0,0.0,0.0,0.0,0.0,0.0,0.0,0.0,0.0,0.0,0.0,0.0,0.0,0.0,0.0,0.0,0.0,0.0,0.0,0.0,0.0,0.0,0.0,0.0,0.0,0.0,0.0,0.0,0.0,0.0,0.0,0.0,0.0,0.0,0.0,R
0.0,0.0,0.0,0.136506,-0.145708,-0.014605,0.215296,-0.311691,-0.050782,0.281276,-0.421223,-0.098408,0.356835,-0.515015,-0.143624,0.051449,-0.545244,-0.04719,0.047363,-0.735969,-0.098847,0.032326,-0.871746,-0.134878,0.018795,-0.986399,-0.16329,-0.013605,-0.514064,-0.079141,0.152012,-0.568414,-0.15509,0.271606,-0.562917,-0.183244,0.354508,-0.550957,-0.195017,-0.051559,-0.436569,-0.112037,0.150459,-0.401115,-0.17395,0.155575,-0.28111,-0.153638,0.128698,-0.208669,-0.129456,-0.063965,-0.342689,-0.15035,0.096445,-0.32923,-0.187446,0.110153,-0.253029,-0.165953,0.088682,-0.209041,-0.142046,0.0,0.0,0.0,0.0,0.0,0.0,0.0,0.0,0.0,0.0,0.0,0.0,0.0,0.0,0.0,0.0,0.0,0.0,0.0,0.0,0.0,0.0,0.0,0.0,0.0,0.0,0.0,0.0,0.0,0.0,0.0,0.0,0.0,0.0,0.0,0.0,0.0,0.0,0.0,0.0,0.0,0.0,0.0,0.0,0.0,0.0,0.0,0.0,0.0,0.0,0.0,0.0,0.0,0.0,0.0,0.0,0.0,0.0,0.0,0.0,0.0,0.0,0.0,R
0.0,0.0,0.0,0.131438,-0.140929,-0.014495,0.206579,-0.302437,-0.05155,0.272537,-0.408981,-0.098471,0.345941,-0.501113,-0.143033,0.049027,-0.539195,-0.059644,0.043271,-0.733427,-0.11301,0.027845,-0.869479,-0.148962,0.012839,-0.984048,-0.177438,-0.017652,-0.510011,-0.092503,0.155362,-0.56501,-0.170753,0.276621,-0.550122,-0.198116,0.355677,-0.528261,-0.208392,-0.056184,-0.431297,-0.125094,0.148205,-0.391887,-0.187508,0.158052,-0.272722,-0.167115,0.129246,-0.202161,-0.143033,-0.069459,-0.335421,-0.162875,0.094316,-0.31678,-0.201464,0.114718,-0.240056,-0.180078,0.094238,-0.19507,-0.155848,0.0,0.0,0.0,0.0,0.0,0.0,0.0,0.0,0.0,0.0,0.0,0.0,0.0,0.0,0.0,0.0,0.0,0.0,0.0,0.0,0.0,0.0,0.0,0.0,0.0,0.0,0.0,0.0,0.0,0.0,0.0,0.0,0.0,0.0,0.0,0.0,0.0,0.0,0.0,0.0,0.0,0.0,0.0,0.0,0.0,0.0,0.0,0.0,0.0,0.0,0.0,0.0,0.0,0.0,0.0,0.0,0.0,0.0,0.0,0.0,0.0,0.0,0.0,R
0.0,0.0,0.0,0.132084,-0.146925,-0.014753,0.209825,-0.308706,-0.054816,0.272377,-0.414714,-0.106602,0.343742,-0.509978,-0.156102,0.052026,-0.540884,-0.053657,0.044553,-0.734963,-0.110249,0.028473,-0.871415,-0.14853,0.014581,-0.983897,-0.178143,-0.014206,-0.510025,-0.088245,0.157358,-0.560634,-0.171563,0.275689,-0.545371,-0.200874,0.353755,-0.525993,-0.210938,-0.053021,-0.431561,-0.12364,0.151244,-0.398497,-0.189385,0.158369,-0.274605,-0.169618,0.129591,-0.20229,-0.144949,-0.06664,-0.337145,-0.164509,0.094669,-0.318296,-0.205013,0.110083,-0.240329,-0.185,0.086191,-0.196861,-0.1612,0.0,0.0,0.0,0.0,0.0,0.0,0.0,0.0,0.0,0.0,0.0,0.0,0.0,0.0,0.0,0.0,0.0,0.0,0.0,0.0,0.0,0.0,0.0,0.0,0.0,0.0,0.0,0.0,0.0,0.0,0.0,0.0,0.0,0.0,0.0,0.0,0.0,0.0,0.0,0.0,0.0,0.0,0.0,0.0,0.0,0.0,0.0,0.0,0.0,0.0,0.0,0.0,0.0,0.0,0.0,0.0,0.0,0.0,0.0,0.0,0.0,0.0,0.0,R
0.0,0.0,0.0,0.140695,-0.151987,-0.009846,0.218082,-0.313918,-0.046452,0.280414,-0.420367,-0.095267,0.350672,-0.515791,-0.141492,0.055188,-0.549637,-0.048037,0.048756,-0.737228,-0.102859,0.032906,-0.872945,-0.140571,0.018533,-0.985125,-0.170838,-0.011089,-0.516888,-0.084281,0.16218,-0.571423,-0.164747,0.281186,-0.55327,-0.193207,0.360512,-0.536231,-0.203808,-0.047524,-0.435877,-0.120934,0.161011,-0.402007,-0.182483,0.170675,-0.286959,-0.160822,0.142478,-0.224663,-0.136943,-0.055789,-0.339456,-0.163119,0.106615,-0.316558,-0.200838,0.120389,-0.246579,-0.180619,0.093984,-0.213242,-0.158226,0.0,0.0,0.0,0.0,0.0,0.0,0.0,0.0,0.0,0.0,0.0,0.0,0.0,0.0,0.0,0.0,0.0,0.0,0.0,0.0,0.0,0.0,0.0,0.0,0.0,0.0,0.0,0.0,0.0,0.0,0.0,0.0,0.0,0.0,0.0,0.0,0.0,0.0,0.0,0.0,0.0,0.0,0.0,0.0,0.0,0.0,0.0,0.0,0.0,0.0,0.0,0.0,0.0,0.0,0.0,0.0,0.0,0.0,0.0,0.0,0.0,0.0,0.0,R
0.0,0.0,0.0,0.138388,-0.158092,-0.009979,0.214992,-0.314132,-0.046703,0.274117,-0.418794,-0.096274,0.342161,-0.509486,-0.143657,0.052882,-0.547411,-0.04602,0.04803,-0.734005,-0.100614,0.03466,-0.871481,-0.139234,0.02062,-0.985303,-0.169566,-0.008189,-0.511004,-0.081592,0.163753,-0.566215,-0.161865,0.28539,-0.550193,-0.192794,0.36719,-0.531762,-0.205001,-0.039378,-0.430425,-0.117283,0.164654,-0.400946,-0.17995,0.174811,-0.291144,-0.160282,0.14931,-0.227877,-0.136776,-0.044565,-0.336266,-0.158158,0.115798,-0.318148,-0.194035,0.132235,-0.24633,-0.1719,0.112341,-0.206714,-0.147793,0.0,0.0,0.0,0.0,0.0,0.0,0.0,0.0,0.0,0.0,0.0,0.0,0.0,0.0,0.0,0.0,0.0,0.0,0.0,0.0,0.0,0.0,0.0,0.0,0.0,0.0,0.0,0.0,0.0,0.0,0.0,0.0,0.0,0.0,0.0,0.0,0.0,0.0,0.0,0.0,0.0,0.0,0.0,0.0,0.0,0.0,0.0,0.0,0.0,0.0,0.0,0.0,0.0,0.0,0.0,0.0,0.0,0.0,0.0,0.0,0.0,0.0,0.0,R
0.0,0.0,0.0,0.147239,-0.16684,-0.006694,0.225529,-0.314951,-0.042045,0.284896,-0.417659,-0.09138,0.353416,-0.508222,-0.139269,0.073114,-0.548896,-0.039307,0.067832,-0.731818,-0.095092,0.056393,-0.869554,-0.135545,0.041982,-0.985059,-0.167021,0.013807,-0.52018,-0.077004,0.190566,-0.574397,-0.155395,0.299317,-0.546738,-0.185273,0.367281,-0.518294,-0.196281,-0.016344,-0.441589,-0.115409,0.186372,-0.402787,-0.173316,0.195295,-0.304859,-0.154205,0.170079,-0.249104,-0.132463,-0.019223,-0.344673,-0.159455,0.140514,-0.312257,-0.188903,0.151911,-0.246828,-0.166639,0.129759,-0.212276,-0.143967,0.0,0.0,0.0,0.0,0.0,0.0,0.0,0.0,0.0,0.0,0.0,0.0,0.0,0.0,0.0,0.0,0.0,0.0,0.0,0.0,0.0,0.0,0.0,0.0,0.0,0.0,0.0,0.0,0.0,0.0,0.0,0.0,0.0,0.0,0.0,0.0,0.0,0.0,0.0,0.0,0.0,0.0,0.0,0.0,0.0,0.0,0.0,0.0,0.0,0.0,0.0,0.0,0.0,0.0,0.0,0.0,0.0,0.0,0.0,0.0,0.0,0.0,0.0,R
0.0,0.0,0.0,0.142914,-0.166128,-0.002948,0.22068,-0.313476,-0.04046,0.285539,-0.412176,-0.092292,0.363851,-0.491905,-0.142404,0.071472,-0.547421,-0.043396,0.06507,-0.730145,-0.09833,0.056474,-0.869577,-0.138536,0.045985,-0.984363,-0.170043,0.011875,-0.514026,-0.082962,0.187225,-0.561477,-0.158532,0.3021,-0.540521,-0.185845,0.377168,-0.514091,-0.197014,-0.018735,-0.43122,-0.122721,0.18346,-0.385859,-0.176522,0.187854,-0.289999,-0.155059,0.158208,-0.233976,-0.133795,-0.02246,-0.330109,-0.167889,0.138667,-0.298769,-0.194066,0.147894,-0.236887,-0.169768,0.122057,-0.204317,-0.147276,0.0,0.0,0.0,0.0,0.0,0.0,0.0,0.0,0.0,0.0,0.0,0.0,0.0,0.0,0.0,0.0,0.0,0.0,0.0,0.0,0.0,0.0,0.0,0.0,0.0,0.0,0.0,0.0,0.0,0.0,0.0,0.0,0.0,0.0,0.0,0.0,0.0,0.0,0.0,0.0,0.0,0.0,0.0,0.0,0.0,0.0,0.0,0.0,0.0,0.0,0.0,0.0,0.0,0.0,0.0,0.0,0.0,0.0,0.0,0.0,0.0,0.0,0.0,R
0.0,0.0,0.0,0.136592,-0.145891,-0.013055,0.215089,-0.29307,-0.054706,0.280571,-0.39458,-0.108561,0.359996,-0.481837,-0.160612,0.057833,-0.534564,-0.055562,0.057418,-0.723358,-0.114358,0.05001,-0.864699,-0.156289,0.041048,-0.981194,-0.188607,-0.000578,-0.498124,-0.090433,0.173171,-0.548287,-0.173468,0.293378,-0.521968,-0.204222,0.37054,-0.495922,-0.216195,-0.029199,-0.415472,-0.125481,0.170881,-0.385842,-0.189965,0.182796,-0.275853,-0.16877,0.157251,-0.209153,-0.144155,-0.032016,-0.316674,-0.165756,0.127079,-0.300963,-0.203856,0.144037,-0.227002,-0.180932,0.122698,-0.181702,-0.155923,0.0,0.0,0.0,0.0,0.0,0.0,0.0,0.0,0.0,0.0,0.0,0.0,0.0,0.0,0.0,0.0,0.0,0.0,0.0,0.0,0.0,0.0,0.0,0.0,0.0,0.0,0.0,0.0,0.0,0.0,0.0,0.0,0.0,0.0,0.0,0.0,0.0,0.0,0.0,0.0,0.0,0.0,0.0,0.0,0.0,0.0,0.0,0.0,0.0,0.0,0.0,0.0,0.0,0.0,0.0,0.0,0.0,0.0,0.0,0.0,0.0,0.0,0.0,R
0.0,0.0,0.0,0.134288,-0.15658,-0.010382,0.209494,-0.309298,-0.050541,0.274171,-0.412505,-0.103763,0.352159,-0.496383,-0.155729,0.052124,-0.542708,-0.052384,0.047915,-0.726974,-0.110719,0.037917,-0.866025,-0.153329,0.027316,-0.981991,-0.18694,-0.005071,-0.503318,-0.089587,0.17011,-0.556347,-0.173238,0.290821,-0.535745,-0.205649,0.369609,-0.513732,-0.219188,-0.032115,-0.417318,-0.126781,0.17229,-0.392199,-0.190099,0.1805,-0.283746,-0.169164,0.15207,-0.218679,-0.145684,-0.033489,-0.315858,-0.169442,0.12787,-0.300872,-0.206402,0.140799,-0.230673,-0.184441,0.116288,-0.190091,-0.160996,0.0,0.0,0.0,0.0,0.0,0.0,0.0,0.0,0.0,0.0,0.0,0.0,0.0,0.0,0.0,0.0,0.0,0.0,0.0,0.0,0.0,0.0,0.0,0.0,0.0,0.0,0.0,0.0,0.0,0.0,0.0,0.0,0.0,0.0,0.0,0.0,0.0,0.0,0.0,0.0,0.0,0.0,0.0,0.0,0.0,0.0,0.0,0.0,0.0,0.0,0.0,0.0,0.0,0.0,0.0,0.0,0.0,0.0,0.0,0.0,0.0,0.0,0.0,R
0.0,0.0,0.0,0.133727,-0.159823,-0.009167,0.206144,-0.311314,-0.04828,0.267665,-0.417495,-0.100373,0.342986,-0.507911,-0.151566,0.041356,-0.541439,-0.054,0.03395,-0.727293,-0.111839,0.02133,-0.866844,-0.152929,0.007413,-0.982771,-0.18468,-0.01468,-0.501892,-0.090595,0.15907,-0.562029,-0.171592,0.277831,-0.543005,-0.2016,0.35426,-0.520895,-0.21325,-0.038937,-0.415979,-0.126832,0.160306,-0.393354,-0.189566,0.176248,-0.286245,-0.168789,0.155214,-0.218868,-0.144835,-0.036831,-0.315532,-0.168102,0.118782,-0.301945,-0.204485,0.136622,-0.230031,-0.181649,0.118884,-0.183295,-0.157149,0.0,0.0,0.0,0.0,0.0,0.0,0.0,0.0,0.0,0.0,0.0,0.0,0.0,0.0,0.0,0.0,0.0,0.0,0.0,0.0,0.0,0.0,0.0,0.0,0.0,0.0,0.0,0.0,0.0,0.0,0.0,0.0,0.0,0.0,0.0,0.0,0.0,0.0,0.0,0.0,0.0,0.0,0.0,0.0,0.0,0.0,0.0,0.0,0.0,0.0,0.0,0.0,0.0,0.0,0.0,0.0,0.0,0.0,0.0,0.0,0.0,0.0,0.0,R
0.0,0.0,0.0,0.135749,-0.158442,-0.010094,0.20675,-0.312774,-0.051932,0.266771,-0.419419,-0.106841,0.343675,-0.51095,-0.160907,0.034447,-0.541552,-0.056845,0.027397,-0.727198,-0.1149,0.014011,-0.867407,-0.155788,-0.00096,-0.982189,-0.187893,-0.01903,-0.497429,-0.094026,0.163091,-0.56488,-0.175163,0.282613,-0.548585,-0.204381,0.358634,-0.53103,-0.216583,-0.039794,-0.408979,-0.130976,0.163811,-0.397384,-0.192248,0.172832,-0.290309,-0.170514,0.144806,-0.22564,-0.147881,-0.033499,-0.307215,-0.173028,0.125251,-0.305629,-0.208397,0.138262,-0.237692,-0.185648,0.114388,-0.197143,-0.162839,0.0,0.0,0.0,0.0,0.0,0.0,0.0,0.0,0.0,0.0,0.0,0.0,0.0,0.0,0.0,0.0,0.0,0.0,0.0,0.0,0.0,0.0,0.0,0.0,0.0,0.0,0.0,0.0,0.0,0.0,0.0,0.0,0.0,0.0,0.0,0.0,0.0,0.0,0.0,0.0,0.0,0.0,0.0,0.0,0.0,0.0,0.0,0.0,0.0,0.0,0.0,0.0,0.0,0.0,0.0,0.0,0.0,0.0,0.0,0.0,0.0,0.0,0.0,R
0.0,0.0,0.0,0.131509,-0.160562,-0.009513,0.197472,-0.316744,-0.048811,0.257116,-0.423283,-0.100844,0.331109,-0.513464,-0.151907,0.023314,-0.53798,-0.056672,0.014297,-0.725886,-0.113795,0.000142,-0.8669,-0.153953,-0.016596,-0.982573,-0.185136,-0.028319,-0.492384,-0.092134,0.147242,-0.56845,-0.170566,0.266329,-0.555681,-0.19839,0.342927,-0.538587,-0.209892,-0.044838,-0.40495,-0.127164,0.156323,-0.398181,-0.185869,0.170036,-0.294161,-0.162783,0.145021,-0.227376,-0.138956,-0.034177,-0.306412,-0.167327,0.122222,-0.312728,-0.200257,0.143289,-0.252956,-0.176389,0.128681,-0.2146,-0.152503,0.0,0.0,0.0,0.0,0.0,0.0,0.0,0.0,0.0,0.0,0.0,0.0,0.0,0.0,0.0,0.0,0.0,0.0,0.0,0.0,0.0,0.0,0.0,0.0,0.0,0.0,0.0,0.0,0.0,0.0,0.0,0.0,0.0,0.0,0.0,0.0,0.0,0.0,0.0,0.0,0.0,0.0,0.0,0.0,0.0,0.0,0.0,0.0,0.0,0.0,0.0,0.0,0.0,0.0,0.0,0.0,0.0,0.0,0.0,0.0,0.0,0.0,0.0,R
0.0,0.0,0.0,0.123842,-0.167632,-0.007853,0.186801,-0.324124,-0.048876,0.249474,-0.429145,-0.10317,0.326145,-0.520232,-0.156482,0.009008,-0.538427,-0.056861,-0.004575,-0.725091,-0.115449,-0.022419,-0.865561,-0.156678,-0.041042,-0.981145,-0.188865,-0.04283,-0.49071,-0.09496,0.135824,-0.571939,-0.175956,0.257199,-0.5598,-0.203874,0.334831,-0.543362,-0.21516,-0.058702,-0.401632,-0.132643,0.146926,-0.401735,-0.192967,0.162086,-0.294791,-0.168858,0.136604,-0.227144,-0.144527,-0.046933,-0.300527,-0.175436,0.111706,-0.31037,-0.21006,0.130924,-0.244847,-0.185311,0.112442,-0.202714,-0.160851,0.0,0.0,0.0,0.0,0.0,0.0,0.0,0.0,0.0,0.0,0.0,0.0,0.0,0.0,0.0,0.0,0.0,0.0,0.0,0.0,0.0,0.0,0.0,0.0,0.0,0.0,0.0,0.0,0.0,0.0,0.0,0.0,0.0,0.0,0.0,0.0,0.0,0.0,0.0,0.0,0.0,0.0,0.0,0.0,0.0,0.0,0.0,0.0,0.0,0.0,0.0,0.0,0.0,0.0,0.0,0.0,0.0,0.0,0.0,0.0,0.0,0.0,0.0,R
0.0,0.0,0.0,0.130731,-0.170511,-0.006734,0.199214,-0.328951,-0.047951,0.26088,-0.433985,-0.103132,0.340811,-0.521457,-0.157888,0.01778,-0.542435,-0.053023,0.002455,-0.725075,-0.110629,-0.016369,-0.866556,-0.152742,-0.035731,-0.981889,-0.186057,-0.033731,-0.496613,-0.092792,0.151519,-0.573808,-0.175335,0.272189,-0.56167,-0.20574,0.34746,-0.542743,-0.217665,-0.048465,-0.406638,-0.131785,0.158047,-0.410242,-0.192682,0.171007,-0.299611,-0.169833,0.144674,-0.226492,-0.14566,-0.035935,-0.30394,-0.175839,0.124736,-0.314441,-0.209675,0.142047,-0.24609,-0.184472,0.122456,-0.199558,-0.159441,0.0,0.0,0.0,0.0,0.0,0.0,0.0,0.0,0.0,0.0,0.0,0.0,0.0,0.0,0.0,0.0,0.0,0.0,0.0,0.0,0.0,0.0,0.0,0.0,0.0,0.0,0.0,0.0,0.0,0.0,0.0,0.0,0.0,0.0,0.0,0.0,0.0,0.0,0.0,0.0,0.0,0.0,0.0,0.0,0.0,0.0,0.0,0.0,0.0,0.0,0.0,0.0,0.0,0.0,0.0,0.0,0.0,0.0,0.0,0.0,0.0,0.0,0.0,R
0.0,0.0,0.0,0.136791,-0.159401,-0.011388,0.207943,-0.319182,-0.053319,0.267292,-0.428378,-0.108063,0.344425,-0.526188,-0.162012,0.033193,-0.538354,-0.056633,0.021815,-0.726774,-0.115012,0.0048,-0.866993,-0.155651,-0.013276,-0.982215,-0.187289,-0.021206,-0.496264,-0.093588,0.158287,-0.578438,-0.178132,0.280556,-0.561147,-0.208205,0.357746,-0.538051,-0.218678,-0.040124,-0.411402,-0.130276,0.170251,-0.41179,-0.195062,0.18156,-0.294019,-0.173382,0.152666,-0.220712,-0.148298,-0.032172,-0.314147,-0.171906,0.130683,-0.320966,-0.209558,0.147161,-0.245453,-0.186337,0.124677,-0.198277,-0.161528,0.0,0.0,0.0,0.0,0.0,0.0,0.0,0.0,0.0,0.0,0.0,0.0,0.0,0.0,0.0,0.0,0.0,0.0,0.0,0.0,0.0,0.0,0.0,0.0,0.0,0.0,0.0,0.0,0.0,0.0,0.0,0.0,0.0,0.0,0.0,0.0,0.0,0.0,0.0,0.0,0.0,0.0,0.0,0.0,0.0,0.0,0.0,0.0,0.0,0.0,0.0,0.0,0.0,0.0,0.0,0.0,0.0,0.0,0.0,0.0,0.0,0.0,0.0,R
0.0,0.0,0.0,0.137422,-0.169239,-0.004215,0.212364,-0.338859,-0.039924,0.281351,-0.449387,-0.089784,0.360722,-0.541639,-0.13922,0.031737,-0.543866,-0.039858,0.018057,-0.734355,-0.088511,0.002109,-0.87234,-0.123583,-0.013778,-0.988387,-0.151329,-0.017146,-0.503167,-0.075492,0.157634,-0.58799,-0.146654,0.279891,-0.578489,-0.172665,0.357994,-0.561647,-0.18248,-0.033207,-0.41837,-0.110732,0.168708,-0.41205,-0.163495,0.179519,-0.296556,-0.144703,0.153219,-0.22101,-0.123596,-0.021921,-0.321306,-0.150378,0.135815,-0.320852,-0.176805,0.151865,-0.244511,-0.154626,0.134259,-0.193432,-0.132794,0.0,0.0,0.0,0.0,0.0,0.0,0.0,0.0,0.0,0.0,0.0,0.0,0.0,0.0,0.0,0.0,0.0,0.0,0.0,0.0,0.0,0.0,0.0,0.0,0.0,0.0,0.0,0.0,0.0,0.0,0.0,0.0,0.0,0.0,0.0,0.0,0.0,0.0,0.0,0.0,0.0,0.0,0.0,0.0,0.0,0.0,0.0,0.0,0.0,0.0,0.0,0.0,0.0,0.0,0.0,0.0,0.0,0.0,0.0,0.0,0.0,0.0,0.0,R
0.0,0.0,0.0,0.139217,-0.169991,-0.006345,0.214996,-0.333946,-0.044548,0.281029,-0.443541,-0.095982,0.358286,-0.540208,-0.146439,0.033038,-0.549255,-0.035368,0.022108,-0.740689,-0.082548,0.00452,-0.873782,-0.117119,-0.012029,-0.989386,-0.144812,-0.013608,-0.512245,-0.069244,0.162073,-0.58844,-0.137378,0.282468,-0.571547,-0.163791,0.358954,-0.554058,-0.17505,-0.031177,-0.430763,-0.103436,0.16727,-0.415565,-0.153665,0.175022,-0.296735,-0.136327,0.150157,-0.220391,-0.117546,-0.022127,-0.335617,-0.142239,0.132969,-0.328752,-0.168203,0.153489,-0.25066,-0.147213,0.142074,-0.198392,-0.126571,0.0,0.0,0.0,0.0,0.0,0.0,0.0,0.0,0.0,0.0,0.0,0.0,0.0,0.0,0.0,0.0,0.0,0.0,0.0,0.0,0.0,0.0,0.0,0.0,0.0,0.0,0.0,0.0,0.0,0.0,0.0,0.0,0.0,0.0,0.0,0.0,0.0,0.0,0.0,0.0,0.0,0.0,0.0,0.0,0.0,0.0,0.0,0.0,0.0,0.0,0.0,0.0,0.0,0.0,0.0,0.0,0.0,0.0,0.0,0.0,0.0,0.0,0.0,R
0.0,0.0,0.0,0.138964,-0.164424,-0.00313,0.214606,-0.331522,-0.04028,0.28236,-0.438371,-0.09096,0.362388,-0.533493,-0.141141,0.042077,-0.55136,-0.04017,0.031739,-0.741203,-0.090838,0.015387,-0.874242,-0.12722,9.1e-05,-0.987745,-0.156075,-0.008828,-0.517292,-0.077162,0.177917,-0.592403,-0.151912,0.300553,-0.567284,-0.179038,0.376706,-0.543099,-0.188647,-0.027339,-0.435585,-0.11355,0.183825,-0.412297,-0.168247,0.181978,-0.28604,-0.148201,0.143923,-0.215226,-0.12639,-0.019975,-0.340638,-0.15421,0.143508,-0.318748,-0.182368,0.1534,-0.233457,-0.158238,0.127273,-0.187502,-0.134637,0.0,0.0,0.0,0.0,0.0,0.0,0.0,0.0,0.0,0.0,0.0,0.0,0.0,0.0,0.0,0.0,0.0,0.0,0.0,0.0,0.0,0.0,0.0,0.0,0.0,0.0,0.0,0.0,0.0,0.0,0.0,0.0,0.0,0.0,0.0,0.0,0.0,0.0,0.0,0.0,0.0,0.0,0.0,0.0,0.0,0.0,0.0,0.0,0.0,0.0,0.0,0.0,0.0,0.0,0.0,0.0,0.0,0.0,0.0,0.0,0.0,0.0,0.0,R
0.0,0.0,0.0,0.140799,-0.162441,-0.004983,0.213678,-0.323186,-0.043299,0.282184,-0.428283,-0.094749,0.364281,-0.52029,-0.14511,0.045825,-0.54816,-0.04582,0.035624,-0.736336,-0.098123,0.021417,-0.872448,-0.135649,0.009298,-0.986196,-0.165322,-0.006968,-0.515313,-0.082502,0.181,-0.577307,-0.159622,0.304363,-0.554576,-0.187532,0.383044,-0.530875,-0.197557,-0.027102,-0.432391,-0.118413,0.186017,-0.398291,-0.176414,0.18873,-0.274359,-0.154892,0.155291,-0.200683,-0.130882,-0.022782,-0.335457,-0.158905,0.141408,-0.308492,-0.190923,0.15617,-0.225528,-0.166525,0.135467,-0.177944,-0.141275,0.0,0.0,0.0,0.0,0.0,0.0,0.0,0.0,0.0,0.0,0.0,0.0,0.0,0.0,0.0,0.0,0.0,0.0,0.0,0.0,0.0,0.0,0.0,0.0,0.0,0.0,0.0,0.0,0.0,0.0,0.0,0.0,0.0,0.0,0.0,0.0,0.0,0.0,0.0,0.0,0.0,0.0,0.0,0.0,0.0,0.0,0.0,0.0,0.0,0.0,0.0,0.0,0.0,0.0,0.0,0.0,0.0,0.0,0.0,0.0,0.0,0.0,0.0,R
0.0,0.0,0.0,0.14459,-0.152214,-0.007796,0.21823,-0.308625,-0.047222,0.290874,-0.412065,-0.099047,0.377713,-0.499359,-0.148887,0.056661,-0.543012,-0.055139,0.05038,-0.731151,-0.109164,0.037139,-0.868999,-0.147805,0.025485,-0.983429,-0.179493,0.001443,-0.508203,-0.093056,0.182801,-0.563129,-0.17419,0.306583,-0.546591,-0.203569,0.388969,-0.527532,-0.215254,-0.018145,-0.424402,-0.129997,0.192282,-0.386823,-0.192428,0.197381,-0.262375,-0.168975,0.164903,-0.186453,-0.143502,-0.011837,-0.328621,-0.172041,0.150614,-0.303525,-0.209738,0.164823,-0.220506,-0.185859,0.143455,-0.172847,-0.160495,0.0,0.0,0.0,0.0,0.0,0.0,0.0,0.0,0.0,0.0,0.0,0.0,0.0,0.0,0.0,0.0,0.0,0.0,0.0,0.0,0.0,0.0,0.0,0.0,0.0,0.0,0.0,0.0,0.0,0.0,0.0,0.0,0.0,0.0,0.0,0.0,0.0,0.0,0.0,0.0,0.0,0.0,0.0,0.0,0.0,0.0,0.0,0.0,0.0,0.0,0.0,0.0,0.0,0.0,0.0,0.0,0.0,0.0,0.0,0.0,0.0,0.0,0.0,R
0.0,0.0,0.0,0.145594,-0.155152,-0.006827,0.218907,-0.305767,-0.046401,0.287393,-0.406758,-0.099276,0.368616,-0.490692,-0.150353,0.047626,-0.531365,-0.054013,0.045695,-0.725715,-0.110163,0.036231,-0.866206,-0.150073,0.025256,-0.98298,-0.181971,-0.003829,-0.494159,-0.092803,0.182374,-0.565072,-0.174668,0.307649,-0.550006,-0.203699,0.390021,-0.53143,-0.215033,-0.019029,-0.412596,-0.130833,0.193448,-0.388127,-0.194625,0.199581,-0.263334,-0.169068,0.168372,-0.186448,-0.141337,-0.008948,-0.320771,-0.173847,0.15225,-0.306941,-0.210458,0.16695,-0.226207,-0.18329,0.147779,-0.177588,-0.155533,0.0,0.0,0.0,0.0,0.0,0.0,0.0,0.0,0.0,0.0,0.0,0.0,0.0,0.0,0.0,0.0,0.0,0.0,0.0,0.0,0.0,0.0,0.0,0.0,0.0,0.0,0.0,0.0,0.0,0.0,0.0,0.0,0.0,0.0,0.0,0.0,0.0,0.0,0.0,0.0,0.0,0.0,0.0,0.0,0.0,0.0,0.0,0.0,0.0,0.0,0.0,0.0,0.0,0.0,0.0,0.0,0.0,0.0,0.0,0.0,0.0,0.0,0.0,R
0.0,0.0,0.0,0.144835,-0.15819,-0.005653,0.216862,-0.312322,-0.045332,0.287626,-0.41558,-0.098464,0.371469,-0.498451,-0.150055,0.036711,-0.527764,-0.052665,0.036326,-0.722239,-0.109253,0.028225,-0.864339,-0.150061,0.018288,-0.98291,-0.183176,-0.009074,-0.491765,-0.091729,0.180518,-0.568266,-0.174101,0.304292,-0.553238,-0.203138,0.382633,-0.534767,-0.214993,-0.019173,-0.411061,-0.130208,0.191872,-0.395653,-0.193067,0.196478,-0.273516,-0.168731,0.163129,-0.197598,-0.143117,-0.00394,-0.31845,-0.173523,0.156771,-0.312138,-0.209924,0.168444,-0.233063,-0.184955,0.145399,-0.184882,-0.159954,0.0,0.0,0.0,0.0,0.0,0.0,0.0,0.0,0.0,0.0,0.0,0.0,0.0,0.0,0.0,0.0,0.0,0.0,0.0,0.0,0.0,0.0,0.0,0.0,0.0,0.0,0.0,0.0,0.0,0.0,0.0,0.0,0.0,0.0,0.0,0.0,0.0,0.0,0.0,0.0,0.0,0.0,0.0,0.0,0.0,0.0,0.0,0.0,0.0,0.0,0.0,0.0,0.0,0.0,0.0,0.0,0.0,0.0,0.0,0.0,0.0,0.0,0.0,R
0.0,0.0,0.0,0.14355,-0.155323,-0.007889,0.214411,-0.307185,-0.048214,0.282175,-0.410612,-0.101037,0.363699,-0.494284,-0.152636,0.037159,-0.529515,-0.055605,0.039773,-0.722127,-0.112391,0.032473,-0.863286,-0.155157,0.022159,-0.981495,-0.190203,-0.005071,-0.489824,-0.093947,0.185751,-0.5656,-0.17622,0.31123,-0.552787,-0.206963,0.39158,-0.533335,-0.221086,-0.01265,-0.40641,-0.131574,0.196369,-0.400579,-0.191171,0.198922,-0.2841,-0.165883,0.164692,-0.208951,-0.141875,0.005025,-0.311308,-0.174578,0.163935,-0.308911,-0.209194,0.17319,-0.233094,-0.183838,0.149867,-0.185391,-0.159674,0.0,0.0,0.0,0.0,0.0,0.0,0.0,0.0,0.0,0.0,0.0,0.0,0.0,0.0,0.0,0.0,0.0,0.0,0.0,0.0,0.0,0.0,0.0,0.0,0.0,0.0,0.0,0.0,0.0,0.0,0.0,0.0,0.0,0.0,0.0,0.0,0.0,0.0,0.0,0.0,0.0,0.0,0.0,0.0,0.0,0.0,0.0,0.0,0.0,0.0,0.0,0.0,0.0,0.0,0.0,0.0,0.0,0.0,0.0,0.0,0.0,0.0,0.0,R
0.0,0.0,0.0,0.14106,-0.161885,-0.006454,0.213586,-0.314046,-0.045822,0.278985,-0.416631,-0.098501,0.355838,-0.502367,-0.150266,0.041156,-0.534673,-0.05212,0.038732,-0.722113,-0.107702,0.029021,-0.863719,-0.150024,0.017613,-0.982678,-0.184482,-0.003708,-0.49164,-0.090956,0.187945,-0.563308,-0.171328,0.315203,-0.55312,-0.202463,0.398431,-0.534557,-0.217159,-0.015563,-0.405209,-0.129097,0.193431,-0.398223,-0.188438,0.196766,-0.283967,-0.164179,0.165559,-0.208466,-0.140398,-0.00207,-0.307263,-0.17242,0.158772,-0.306597,-0.206251,0.170229,-0.233864,-0.180727,0.14966,-0.185589,-0.156172,0.0,0.0,0.0,0.0,0.0,0.0,0.0,0.0,0.0,0.0,0.0,0.0,0.0,0.0,0.0,0.0,0.0,0.0,0.0,0.0,0.0,0.0,0.0,0.0,0.0,0.0,0.0,0.0,0.0,0.0,0.0,0.0,0.0,0.0,0.0,0.0,0.0,0.0,0.0,0.0,0.0,0.0,0.0,0.0,0.0,0.0,0.0,0.0,0.0,0.0,0.0,0.0,0.0,0.0,0.0,0.0,0.0,0.0,0.0,0.0,0.0,0.0,0.0,R
0.0,0.0,0.0,0.143322,-0.161669,-0.005894,0.219832,-0.317376,-0.045368,0.291686,-0.42173,-0.098312,0.375647,-0.505881,-0.15043,0.041863,-0.530626,-0.051519,0.040895,-0.719758,-0.1084,0.033758,-0.8624,-0.15046,0.02536,-0.982537,-0.184333,-0.00296,-0.490635,-0.090651,0.191021,-0.5675,-0.171209,0.314997,-0.551728,-0.200413,0.393879,-0.530939,-0.213293,-0.014225,-0.40708,-0.129529,0.19789,-0.400136,-0.189462,0.200919,-0.282955,-0.165163,0.168729,-0.208397,-0.141143,0.000629,-0.310973,-0.173518,0.162699,-0.309256,-0.206808,0.173099,-0.233381,-0.181878,0.151606,-0.18442,-0.158186,0.0,0.0,0.0,0.0,0.0,0.0,0.0,0.0,0.0,0.0,0.0,0.0,0.0,0.0,0.0,0.0,0.0,0.0,0.0,0.0,0.0,0.0,0.0,0.0,0.0,0.0,0.0,0.0,0.0,0.0,0.0,0.0,0.0,0.0,0.0,0.0,0.0,0.0,0.0,0.0,0.0,0.0,0.0,0.0,0.0,0.0,0.0,0.0,0.0,0.0,0.0,0.0,0.0,0.0,0.0,0.0,0.0,0.0,0.0,0.0,0.0,0.0,0.0,R
0.0,0.0,0.0,0.142692,-0.158142,-0.002156,0.21934,-0.31281,-0.038994,0.290482,-0.416812,-0.089995,0.373855,-0.498775,-0.140801,0.049529,-0.528974,-0.049767,0.051108,-0.719336,-0.105207,0.044665,-0.862238,-0.14613,0.035935,-0.983099,-0.179511,0.003938,-0.488284,-0.090677,0.195957,-0.568332,-0.169784,0.319062,-0.553379,-0.198948,0.397595,-0.532446,-0.212116,-0.00796,-0.40471,-0.130726,0.200649,-0.401518,-0.18989,0.203251,-0.284854,-0.165113,0.171164,-0.209987,-0.140895,0.005939,-0.309472,-0.17548,0.16287,-0.311981,-0.208725,0.173646,-0.239792,-0.183443,0.154294,-0.192861,-0.159506,0.0,0.0,0.0,0.0,0.0,0.0,0.0,0.0,0.0,0.0,0.0,0.0,0.0,0.0,0.0,0.0,0.0,0.0,0.0,0.0,0.0,0.0,0.0,0.0,0.0,0.0,0.0,0.0,0.0,0.0,0.0,0.0,0.0,0.0,0.0,0.0,0.0,0.0,0.0,0.0,0.0,0.0,0.0,0.0,0.0,0.0,0.0,0.0,0.0,0.0,0.0,0.0,0.0,0.0,0.0,0.0,0.0,0.0,0.0,0.0,0.0,0.0,0.0,R
0.0,0.0,0.0,0.143411,-0.15432,-0.005786,0.224272,-0.309516,-0.042579,0.296106,-0.411804,-0.09277,0.378564,-0.491972,-0.142209,0.056895,-0.531574,-0.047997,0.063757,-0.722524,-0.101527,0.060084,-0.864682,-0.140668,0.053372,-0.983626,-0.172137,0.011332,-0.491575,-0.085853,0.19965,-0.565668,-0.163171,0.323401,-0.550534,-0.191823,0.40389,-0.528607,-0.204337,-0.002422,-0.409354,-0.123391,0.204784,-0.400244,-0.180968,0.207234,-0.285355,-0.157813,0.176643,-0.212059,-0.134391,0.009716,-0.314635,-0.165898,0.16623,-0.314833,-0.196782,0.174915,-0.243071,-0.172269,0.153954,-0.197225,-0.148942,0.0,0.0,0.0,0.0,0.0,0.0,0.0,0.0,0.0,0.0,0.0,0.0,0.0,0.0,0.0,0.0,0.0,0.0,0.0,0.0,0.0,0.0,0.0,0.0,0.0,0.0,0.0,0.0,0.0,0.0,0.0,0.0,0.0,0.0,0.0,0.0,0.0,0.0,0.0,0.0,0.0,0.0,0.0,0.0,0.0,0.0,0.0,0.0,0.0,0.0,0.0,0.0,0.0,0.0,0.0,0.0,0.0,0.0,0.0,0.0,0.0,0.0,0.0,R
0.0,0.0,0.0,0.14467,-0.153336,-0.004262,0.22544,-0.304849,-0.041413,0.298791,-0.404058,-0.092054,0.382344,-0.48824,-0.141746,0.064796,-0.532427,-0.04719,0.073864,-0.723239,-0.100567,0.07187,-0.86392,-0.139831,0.066681,-0.982955,-0.171329,0.017912,-0.49634,-0.085488,0.205631,-0.557575,-0.162389,0.33126,-0.543029,-0.191741,0.414158,-0.523212,-0.205013,0.002993,-0.415436,-0.12308,0.210132,-0.389615,-0.179936,0.207431,-0.270578,-0.156186,0.172884,-0.195771,-0.132459,0.013009,-0.320864,-0.165587,0.172342,-0.308082,-0.196468,0.180706,-0.230507,-0.170663,0.1596,-0.181949,-0.145909,0.0,0.0,0.0,0.0,0.0,0.0,0.0,0.0,0.0,0.0,0.0,0.0,0.0,0.0,0.0,0.0,0.0,0.0,0.0,0.0,0.0,0.0,0.0,0.0,0.0,0.0,0.0,0.0,0.0,0.0,0.0,0.0,0.0,0.0,0.0,0.0,0.0,0.0,0.0,0.0,0.0,0.0,0.0,0.0,0.0,0.0,0.0,0.0,0.0,0.0,0.0,0.0,0.0,0.0,0.0,0.0,0.0,0.0,0.0,0.0,0.0,0.0,0.0,R
0.0,0.0,0.0,0.149209,-0.156376,-0.003978,0.230737,-0.307755,-0.041122,0.309165,-0.408131,-0.091867,0.395912,-0.490409,-0.141243,0.065453,-0.530285,-0.046616,0.075309,-0.721629,-0.100107,0.075375,-0.863422,-0.1388,0.071969,-0.982927,-0.169336,0.018654,-0.496678,-0.084589,0.205051,-0.553708,-0.162156,0.33236,-0.541226,-0.190777,0.415435,-0.522937,-0.202805,0.003985,-0.417676,-0.122076,0.21,-0.383283,-0.181998,0.211991,-0.263073,-0.15991,0.179975,-0.185715,-0.135275,0.01293,-0.325885,-0.164251,0.172178,-0.30913,-0.196655,0.185653,-0.230196,-0.171635,0.168907,-0.178471,-0.146384,0.0,0.0,0.0,0.0,0.0,0.0,0.0,0.0,0.0,0.0,0.0,0.0,0.0,0.0,0.0,0.0,0.0,0.0,0.0,0.0,0.0,0.0,0.0,0.0,0.0,0.0,0.0,0.0,0.0,0.0,0.0,0.0,0.0,0.0,0.0,0.0,0.0,0.0,0.0,0.0,0.0,0.0,0.0,0.0,0.0,0.0,0.0,0.0,0.0,0.0,0.0,0.0,0.0,0.0,0.0,0.0,0.0,0.0,0.0,0.0,0.0,0.0,0.0,R
0.0,0.0,0.0,0.152737,-0.152266,-0.000468,0.235262,-0.303738,-0.036732,0.313921,-0.402106,-0.087316,0.39915,-0.484639,-0.136862,0.068351,-0.536806,-0.045477,0.077591,-0.724557,-0.097738,0.075603,-0.865278,-0.135529,0.072053,-0.983406,-0.166495,0.020229,-0.503336,-0.085646,0.217498,-0.552491,-0.162326,0.340662,-0.528008,-0.189675,0.418647,-0.508711,-0.201745,0.004795,-0.420861,-0.124853,0.217916,-0.383518,-0.183693,0.211658,-0.262959,-0.160811,0.170646,-0.195016,-0.137571,0.013842,-0.325145,-0.168349,0.177776,-0.302972,-0.201032,0.185017,-0.224512,-0.176317,0.159809,-0.18128,-0.152495,0.0,0.0,0.0,0.0,0.0,0.0,0.0,0.0,0.0,0.0,0.0,0.0,0.0,0.0,0.0,0.0,0.0,0.0,0.0,0.0,0.0,0.0,0.0,0.0,0.0,0.0,0.0,0.0,0.0,0.0,0.0,0.0,0.0,0.0,0.0,0.0,0.0,0.0,0.0,0.0,0.0,0.0,0.0,0.0,0.0,0.0,0.0,0.0,0.0,0.0,0.0,0.0,0.0,0.0,0.0,0.0,0.0,0.0,0.0,0.0,0.0,0.0,0.0,R
