0.0,0.0,0.0,0.151906,-0.035895,-0.115837,0.281063,-0.146932,-0.17334,0.393127,-0.257118,-0.222031,0.504625,-0.281248,-0.264036,0.213828,-0.495247,-0.065889,0.244064,-0.694383,-0.118284,0.255095,-0.839305,-0.13423,0.258782,-0.955518,-0.14148,0.112409,-0.498848,-0.040258,0.08951,-0.617737,-0.118187,0.083171,-0.436765,-0.10837,0.10763,-0.389862,-0.073593,0.020836,-0.485618,-0.031523,-0.010654,-0.548627,-0.124462,0.002917,-0.382543,-0.093854,0.035782,-0.357623,-0.042679,-0.065257,-0.466694,-0.033654,-0.091757,-0.560361,-0.090569,-0.073421,-0.441874,-0.065515,-0.044795,-0.389094,-0.028056,0.0,0.0,0.0,0.0,0.0,0.0,0.0,0.0,0.0,0.0,0.0,0.0,0.0,0.0,0.0,0.0,0.0,0.0,0.0,0.0,0.0,0.0,0.0,0.0,0.0,0.0,0.0,0.0,0.0,0.0,0.0,0.0,0.0,0.0,0.0,0.0,0.0,0.0,0.0,0.0,0.0,0.0,0.0,0.0,0.0,0.0,0.0,0.0,0.0,0.0,0.0,0.0,0.0,0.0,0.0,0.0,0.0,0.0,0.0,0.0,0.0,0.0,0.0,L
0.0,0.0,0.0,0.155145,-0.034895,-0.115413,0.284685,-0.153299,-0.17013,0.392128,-0.26251,-0.214876,0.504082,-0.282574,-0.252903,0.212863,-0.50059,-0.072175,0.243297,-0.695272,-0.127244,0.25366,-0.837179,-0.145918,0.260052,-0.952961,-0.155687,0.11277,-0.50415,-0.047935,0.0882,-0.619671,-0.127013,0.078477,-0.437976,-0.119366,0.102688,-0.389142,-0.08754,0.020943,-0.490116,-0.040267,-0.008397,-0.553807,-0.133894,-0.001188,-0.388975,-0.104788,0.028599,-0.368451,-0.055968,-0.066169,-0.466735,-0.043474,-0.092691,-0.559577,-0.100252,-0.078085,-0.444358,-0.075781,-0.054121,-0.397226,-0.040023,0.0,0.0,0.0,0.0,0.0,0.0,0.0,0.0,0.0,0.0,0.0,0.0,0.0,0.0,0.0,0.0,0.0,0.0,0.0,0.0,0.0,0.0,0.0,0.0,0.0,0.0,0.0,0.0,0.0,0.0,0.0,0.0,0.0,0.0,0.0,0.0,0.0,0.0,0.0,0.0,0.0,0.0,0.0,0.0,0.0,0.0,0.0,0.0,0.0,0.0,0.0,0.0,0.0,0.0,0.0,0.0,0.0,0.0,0.0,0.0,0.0,0.0,0.0,L
0.0,0.0,0.0,0.153523,-0.035326,-0.114344,0.285002,-0.146984,-0.173471,0.394884,-0.252396,-0.223911,0.507595,-0.276505,-0.268825,0.211457,-0.495731,-0.075223,0.240995,-0.695352,-0.129168,0.251359,-0.838728,-0.146786,0.256244,-0.95388,-0.156374,0.110186,-0.500925,-0.052224,0.082362,-0.621793,-0.132723,0.07464,-0.440415,-0.125198,0.099381,-0.388411,-0.0933,0.018582,-0.485355,-0.044941,-0.015693,-0.550785,-0.138226,-0.00612,-0.386698,-0.107112,0.025266,-0.362892,-0.057329,-0.068106,-0.461424,-0.048402,-0.098422,-0.556126,-0.105357,-0.082944,-0.438527,-0.079513,-0.055704,-0.389599,-0.0429,0.0,0.0,0.0,0.0,0.0,0.0,0.0,0.0,0.0,0.0,0.0,0.0,0.0,0.0,0.0,0.0,0.0,0.0,0.0,0.0,0.0,0.0,0.0,0.0,0.0,0.0,0.0,0.0,0.0,0.0,0.0,0.0,0.0,0.0,0.0,0.0,0.0,0.0,0.0,0.0,0.0,0.0,0.0,0.0,0.0,0.0,0.0,0.0,0.0,0.0,0.0,0.0,0.0,0.0,0.0,0.0,0.0,0.0,0.0,0.0,0.0,0.0,0.0,L
0.0,0.0,0.0,0.148628,-0.031671,-0.127816,0.274989,-0.140054,-0.195141,0.382614,-0.249479,-0.251547,0.500356,-0.27605,-0.301447,0.211754,-0.489442,-0.086946,0.239693,-0.689022,-0.147172,0.247076,-0.836621,-0.166754,0.250641,-0.951963,-0.175914,0.11132,-0.492676,-0.057441,0.079957,-0.617645,-0.142334,0.069831,-0.437388,-0.132733,0.098687,-0.386794,-0.097348,0.020796,-0.478533,-0.045435,-0.014751,-0.545814,-0.141588,-0.006892,-0.385233,-0.108999,0.028668,-0.361263,-0.056678,-0.06494,-0.458155,-0.045571,-0.099163,-0.555902,-0.104454,-0.085046,-0.441479,-0.079748,-0.05402,-0.390497,-0.042788,0.0,0.0,0.0,0.0,0.0,0.0,0.0,0.0,0.0,0.0,0.0,0.0,0.0,0.0,0.0,0.0,0.0,0.0,0.0,0.0,0.0,0.0,0.0,0.0,0.0,0.0,0.0,0.0,0.0,0.0,0.0,0.0,0.0,0.0,0.0,0.0,0.0,0.0,0.0,0.0,0.0,0.0,0.0,0.0,0.0,0.0,0.0,0.0,0.0,0.0,0.0,0.0,0.0,0.0,0.0,0.0,0.0,0.0,0.0,0.0,0.0,0.0,0.0,L
0.0,0.0,0.0,0.148199,-0.033582,-0.12602,0.273134,-0.14524,-0.18856,0.383155,-0.251233,-0.238941,0.496319,-0.274448,-0.281334,0.209779,-0.496248,-0.084014,0.236647,-0.694232,-0.141914,0.242529,-0.838248,-0.159835,0.246314,-0.954473,-0.168258,0.10936,-0.49832,-0.054644,0.079156,-0.61923,-0.132823,0.070806,-0.439736,-0.119846,0.101778,-0.398611,-0.084363,0.018164,-0.484576,-0.043254,-0.017105,-0.548703,-0.134477,-0.007622,-0.389748,-0.101361,0.028949,-0.37627,-0.051024,-0.067972,-0.463121,-0.044147,-0.102235,-0.553793,-0.099704,-0.086423,-0.440265,-0.074805,-0.056657,-0.394973,-0.039191,0.0,0.0,0.0,0.0,0.0,0.0,0.0,0.0,0.0,0.0,0.0,0.0,0.0,0.0,0.0,0.0,0.0,0.0,0.0,0.0,0.0,0.0,0.0,0.0,0.0,0.0,0.0,0.0,0.0,0.0,0.0,0.0,0.0,0.0,0.0,0.0,0.0,0.0,0.0,0.0,0.0,0.0,0.0,0.0,0.0,0.0,0.0,0.0,0.0,0.0,0.0,0.0,0.0,0.0,0.0,0.0,0.0,0.0,0.0,0.0,0.0,0.0,0.0,L
0.0,0.0,0.0,0.151721,-0.029013,-0.120934,0.278769,-0.139515,-0.182361,0.385134,-0.246998,-0.233019,0.498891,-0.27054,-0.277252,0.208175,-0.490951,-0.084257,0.236156,-0.693438,-0.140754,0.243314,-0.838691,-0.157975,0.245891,-0.954856,-0.166698,0.107257,-0.495782,-0.057807,0.079727,-0.620853,-0.138684,0.0713,-0.440395,-0.127647,0.097404,-0.389387,-0.093163,0.01506,-0.481349,-0.047986,-0.016928,-0.547521,-0.142192,-0.008383,-0.384847,-0.109674,0.024042,-0.362,-0.058973,-0.072874,-0.457917,-0.049552,-0.10124,-0.549641,-0.107744,-0.084734,-0.433835,-0.082941,-0.056799,-0.385809,-0.047083,0.0,0.0,0.0,0.0,0.0,0.0,0.0,0.0,0.0,0.0,0.0,0.0,0.0,0.0,0.0,0.0,0.0,0.0,0.0,0.0,0.0,0.0,0.0,0.0,0.0,0.0,0.0,0.0,0.0,0.0,0.0,0.0,0.0,0.0,0.0,0.0,0.0,0.0,0.0,0.0,0.0,0.0,0.0,0.0,0.0,0.0,0.0,0.0,0.0,0.0,0.0,0.0,0.0,0.0,0.0,0.0,0.0,0.0,0.0,0.0,0.0,0.0,0.0,L
0.0,0.0,0.0,0.153455,-0.034302,-0.112886,0.282902,-0.143073,-0.17242,0.390484,-0.251592,-0.22371,0.503733,-0.274484,-0.269504,0.214596,-0.494279,-0.06965,0.241946,-0.694065,-0.121789,0.249719,-0.841704,-0.138212,0.253433,-0.956098,-0.147134,0.113757,-0.500395,-0.047272,0.084153,-0.62651,-0.12495,0.070297,-0.449421,-0.116024,0.094055,-0.397783,-0.083155,0.022044,-0.487321,-0.040727,-0.011981,-0.562373,-0.130147,-0.008647,-0.404983,-0.097226,0.020663,-0.380784,-0.04712,-0.065164,-0.46343,-0.045158,-0.095273,-0.559222,-0.099272,-0.082898,-0.444806,-0.072295,-0.056144,-0.397667,-0.035265,0.0,0.0,0.0,0.0,0.0,0.0,0.0,0.0,0.0,0.0,0.0,0.0,0.0,0.0,0.0,0.0,0.0,0.0,0.0,0.0,0.0,0.0,0.0,0.0,0.0,0.0,0.0,0.0,0.0,0.0,0.0,0.0,0.0,0.0,0.0,0.0,0.0,0.0,0.0,0.0,0.0,0.0,0.0,0.0,0.0,0.0,0.0,0.0,0.0,0.0,0.0,0.0,0.0,0.0,0.0,0.0,0.0,0.0,0.0,0.0,0.0,0.0,0.0,L
0.0,0.0,0.0,0.14736,-0.033414,-0.125609,0.275371,-0.1466,-0.18865,0.388129,-0.257123,-0.240418,0.50227,-0.281337,-0.284669,0.214633,-0.499226,-0.077605,0.242555,-0.694926,-0.131375,0.25019,-0.840166,-0.146422,0.25476,-0.954812,-0.153072,0.112914,-0.5022,-0.048152,0.087044,-0.627945,-0.123472,0.077691,-0.447387,-0.109211,0.107143,-0.405021,-0.072248,0.021103,-0.488404,-0.03668,-0.00964,-0.555997,-0.12654,-0.001857,-0.395947,-0.093293,0.03176,-0.380393,-0.042453,-0.065139,-0.468007,-0.037426,-0.093007,-0.563243,-0.091904,-0.078985,-0.449601,-0.066659,-0.05154,-0.403166,-0.030809,0.0,0.0,0.0,0.0,0.0,0.0,0.0,0.0,0.0,0.0,0.0,0.0,0.0,0.0,0.0,0.0,0.0,0.0,0.0,0.0,0.0,0.0,0.0,0.0,0.0,0.0,0.0,0.0,0.0,0.0,0.0,0.0,0.0,0.0,0.0,0.0,0.0,0.0,0.0,0.0,0.0,0.0,0.0,0.0,0.0,0.0,0.0,0.0,0.0,0.0,0.0,0.0,0.0,0.0,0.0,0.0,0.0,0.0,0.0,0.0,0.0,0.0,0.0,L
0.0,0.0,0.0,0.149172,-0.034186,-0.116902,0.278702,-0.147426,-0.176939,0.391346,-0.252992,-0.227055,0.505187,-0.272613,-0.270824,0.21408,-0.493854,-0.078563,0.241128,-0.693973,-0.134201,0.249093,-0.837897,-0.152158,0.254877,-0.953355,-0.161717,0.113539,-0.49834,-0.053731,0.08729,-0.622756,-0.132712,0.077321,-0.442948,-0.122353,0.104433,-0.392473,-0.088933,0.022055,-0.485189,-0.045244,-0.01024,-0.555147,-0.136674,-0.002587,-0.393899,-0.103949,0.031343,-0.369733,-0.054025,-0.065131,-0.463735,-0.048022,-0.093727,-0.556491,-0.104817,-0.07902,-0.438807,-0.079825,-0.05056,-0.388657,-0.044099,0.0,0.0,0.0,0.0,0.0,0.0,0.0,0.0,0.0,0.0,0.0,0.0,0.0,0.0,0.0,0.0,0.0,0.0,0.0,0.0,0.0,0.0,0.0,0.0,0.0,0.0,0.0,0.0,0.0,0.0,0.0,0.0,0.0,0.0,0.0,0.0,0.0,0.0,0.0,0.0,0.0,0.0,0.0,0.0,0.0,0.0,0.0,0.0,0.0,0.0,0.0,0.0,0.0,0.0,0.0,0.0,0.0,0.0,0.0,0.0,0.0,0.0,0.0,L
0.0,0.0,0.0,0.152699,-0.033649,-0.12274,0.28324,-0.144265,-0.183037,0.396,-0.253017,-0.232119,0.512376,-0.274197,-0.273396,0.218553,-0.492445,-0.075939,0.247315,-0.692177,-0.131021,0.256784,-0.837171,-0.146603,0.262926,-0.952566,-0.15326,0.118461,-0.495925,-0.047986,0.096774,-0.622705,-0.124171,0.086152,-0.44023,-0.109882,0.112408,-0.395239,-0.072558,0.02647,-0.483863,-0.038034,-0.000489,-0.553238,-0.128567,0.005672,-0.392128,-0.095401,0.036896,-0.377186,-0.043969,-0.061394,-0.464514,-0.040003,-0.087197,-0.560095,-0.093963,-0.071491,-0.44646,-0.068119,-0.045439,-0.400837,-0.031614,0.0,0.0,0.0,0.0,0.0,0.0,0.0,0.0,0.0,0.0,0.0,0.0,0.0,0.0,0.0,0.0,0.0,0.0,0.0,0.0,0.0,0.0,0.0,0.0,0.0,0.0,0.0,0.0,0.0,0.0,0.0,0.0,0.0,0.0,0.0,0.0,0.0,0.0,0.0,0.0,0.0,0.0,0.0,0.0,0.0,0.0,0.0,0.0,0.0,0.0,0.0,0.0,0.0,0.0,0.0,0.0,0.0,0.0,0.0,0.0,0.0,0.0,0.0,L
0.0,0.0,0.0,0.152565,-0.033051,-0.120291,0.283726,-0.142298,-0.179864,0.399632,-0.251119,-0.22875,0.516,-0.274333,-0.270642,0.220745,-0.494456,-0.07395,0.250991,-0.691607,-0.1277,0.261085,-0.835784,-0.144753,0.268014,-0.951162,-0.153163,0.119062,-0.501043,-0.046174,0.096566,-0.625941,-0.121567,0.084966,-0.447493,-0.109574,0.110657,-0.400331,-0.074699,0.027068,-0.489373,-0.035573,-0.002962,-0.558669,-0.124208,0.002,-0.399124,-0.091411,0.033547,-0.379754,-0.041351,-0.060085,-0.470244,-0.036681,-0.087818,-0.562216,-0.090803,-0.073748,-0.445884,-0.065089,-0.046079,-0.39757,-0.028853,0.0,0.0,0.0,0.0,0.0,0.0,0.0,0.0,0.0,0.0,0.0,0.0,0.0,0.0,0.0,0.0,0.0,0.0,0.0,0.0,0.0,0.0,0.0,0.0,0.0,0.0,0.0,0.0,0.0,0.0,0.0,0.0,0.0,0.0,0.0,0.0,0.0,0.0,0.0,0.0,0.0,0.0,0.0,0.0,0.0,0.0,0.0,0.0,0.0,0.0,0.0,0.0,0.0,0.0,0.0,0.0,0.0,0.0,0.0,0.0,0.0,0.0,0.0,L
0.0,0.0,0.0,0.154492,-0.033126,-0.118794,0.290423,-0.149215,-0.17402,0.405835,-0.253013,-0.21786,0.517338,-0.275364,-0.253751,0.222058,-0.499042,-0.074284,0.253117,-0.693787,-0.128669,0.263301,-0.83285,-0.146021,0.27206,-0.949768,-0.154674,0.121674,-0.504233,-0.048296,0.10205,-0.621466,-0.122737,0.09106,-0.440218,-0.111917,0.117052,-0.396536,-0.07912,0.029025,-0.493613,-0.039531,0.004659,-0.560312,-0.129922,0.009073,-0.394778,-0.098594,0.039095,-0.378094,-0.049518,-0.058966,-0.474443,-0.042223,-0.08024,-0.567204,-0.097101,-0.066963,-0.450253,-0.071266,-0.044869,-0.402065,-0.035082,0.0,0.0,0.0,0.0,0.0,0.0,0.0,0.0,0.0,0.0,0.0,0.0,0.0,0.0,0.0,0.0,0.0,0.0,0.0,0.0,0.0,0.0,0.0,0.0,0.0,0.0,0.0,0.0,0.0,0.0,0.0,0.0,0.0,0.0,0.0,0.0,0.0,0.0,0.0,0.0,0.0,0.0,0.0,0.0,0.0,0.0,0.0,0.0,0.0,0.0,0.0,0.0,0.0,0.0,0.0,0.0,0.0,0.0,0.0,0.0,0.0,0.0,0.0,L
0.0,0.0,0.0,0.1574,-0.03437,-0.116081,0.289181,-0.150212,-0.171533,0.403565,-0.255037,-0.216733,0.515248,-0.276729,-0.254233,0.222939,-0.49948,-0.071609,0.253517,-0.692183,-0.128172,0.264923,-0.832089,-0.145758,0.272832,-0.949709,-0.153672,0.120637,-0.50412,-0.047182,0.10086,-0.618358,-0.123862,0.089517,-0.432269,-0.111589,0.113809,-0.391791,-0.076416,0.027225,-0.494405,-0.040138,0.001189,-0.55971,-0.133082,0.007434,-0.387653,-0.099585,0.037659,-0.371178,-0.047575,-0.061286,-0.47566,-0.044188,-0.082949,-0.568188,-0.09961,-0.067132,-0.445393,-0.071466,-0.043853,-0.395229,-0.03278,0.0,0.0,0.0,0.0,0.0,0.0,0.0,0.0,0.0,0.0,0.0,0.0,0.0,0.0,0.0,0.0,0.0,0.0,0.0,0.0,0.0,0.0,0.0,0.0,0.0,0.0,0.0,0.0,0.0,0.0,0.0,0.0,0.0,0.0,0.0,0.0,0.0,0.0,0.0,0.0,0.0,0.0,0.0,0.0,0.0,0.0,0.0,0.0,0.0,0.0,0.0,0.0,0.0,0.0,0.0,0.0,0.0,0.0,0.0,0.0,0.0,0.0,0.0,L
0.0,0.0,0.0,0.156923,-0.03299,-0.119377,0.289926,-0.146552,-0.179093,0.403366,-0.252777,-0.22873,0.515901,-0.277452,-0.271246,0.220593,-0.495813,-0.076615,0.252326,-0.69264,-0.133759,0.264754,-0.833651,-0.15232,0.272188,-0.948628,-0.161306,0.118189,-0.50159,-0.05085,0.097024,-0.624067,-0.133784,0.088568,-0.437887,-0.125011,0.113574,-0.385064,-0.090735,0.025199,-0.490294,-0.042091,-0.000612,-0.557011,-0.13897,0.007946,-0.386617,-0.107886,0.038778,-0.359721,-0.056032,-0.063469,-0.471344,-0.044464,-0.085243,-0.563475,-0.103454,-0.069206,-0.444785,-0.078896,-0.044134,-0.3934,-0.041965,0.0,0.0,0.0,0.0,0.0,0.0,0.0,0.0,0.0,0.0,0.0,0.0,0.0,0.0,0.0,0.0,0.0,0.0,0.0,0.0,0.0,0.0,0.0,0.0,0.0,0.0,0.0,0.0,0.0,0.0,0.0,0.0,0.0,0.0,0.0,0.0,0.0,0.0,0.0,0.0,0.0,0.0,0.0,0.0,0.0,0.0,0.0,0.0,0.0,0.0,0.0,0.0,0.0,0.0,0.0,0.0,0.0,0.0,0.0,0.0,0.0,0.0,0.0,L
0.0,0.0,0.0,0.153627,-0.031715,-0.113285,0.286513,-0.147234,-0.172617,0.401087,-0.257513,-0.223933,0.515288,-0.27517,-0.269826,0.218554,-0.493621,-0.07284,0.250946,-0.690558,-0.127599,0.264403,-0.835196,-0.143755,0.271308,-0.950485,-0.15156,0.117675,-0.500589,-0.049434,0.093134,-0.626509,-0.128563,0.086597,-0.441563,-0.115761,0.113075,-0.391192,-0.07914,0.026443,-0.487566,-0.04227,-0.004749,-0.556184,-0.133843,0.007559,-0.388627,-0.098479,0.04112,-0.360925,-0.045262,-0.060247,-0.466254,-0.046088,-0.088583,-0.564767,-0.102253,-0.072434,-0.445947,-0.075945,-0.043908,-0.393778,-0.038537,0.0,0.0,0.0,0.0,0.0,0.0,0.0,0.0,0.0,0.0,0.0,0.0,0.0,0.0,0.0,0.0,0.0,0.0,0.0,0.0,0.0,0.0,0.0,0.0,0.0,0.0,0.0,0.0,0.0,0.0,0.0,0.0,0.0,0.0,0.0,0.0,0.0,0.0,0.0,0.0,0.0,0.0,0.0,0.0,0.0,0.0,0.0,0.0,0.0,0.0,0.0,0.0,0.0,0.0,0.0,0.0,0.0,0.0,0.0,0.0,0.0,0.0,0.0,L
0.0,0.0,0.0,0.150909,-0.036841,-0.128918,0.280735,-0.147598,-0.192781,0.395945,-0.256675,-0.244877,0.515018,-0.282695,-0.288621,0.221447,-0.505551,-0.072333,0.251093,-0.695442,-0.126521,0.26144,-0.83828,-0.142195,0.267083,-0.952233,-0.148051,0.118753,-0.507938,-0.040346,0.097854,-0.634263,-0.111817,0.089809,-0.45196,-0.095627,0.117341,-0.414681,-0.056788,0.026161,-0.493916,-0.027429,0.00034,-0.561736,-0.113943,0.008861,-0.399205,-0.079239,0.039691,-0.387765,-0.026931,-0.060427,-0.47361,-0.027217,-0.082988,-0.570738,-0.077332,-0.068605,-0.457441,-0.04931,-0.045112,-0.412503,-0.011253,0.0,0.0,0.0,0.0,0.0,0.0,0.0,0.0,0.0,0.0,0.0,0.0,0.0,0.0,0.0,0.0,0.0,0.0,0.0,0.0,0.0,0.0,0.0,0.0,0.0,0.0,0.0,0.0,0.0,0.0,0.0,0.0,0.0,0.0,0.0,0.0,0.0,0.0,0.0,0.0,0.0,0.0,0.0,0.0,0.0,0.0,0.0,0.0,0.0,0.0,0.0,0.0,0.0,0.0,0.0,0.0,0.0,0.0,0.0,0.0,0.0,0.0,0.0,L
0.0,0.0,0.0,0.152947,-0.030697,-0.12854,0.284578,-0.144882,-0.191228,0.397335,-0.260215,-0.241615,0.513719,-0.283476,-0.282412,0.22044,-0.501686,-0.078803,0.249192,-0.695988,-0.137921,0.259265,-0.83508,-0.151355,0.266966,-0.951249,-0.154446,0.118831,-0.503509,-0.04825,0.097821,-0.628903,-0.123572,0.089977,-0.433118,-0.101339,0.119451,-0.400098,-0.057362,0.026387,-0.491866,-0.037413,0.001027,-0.558725,-0.129227,0.010031,-0.384635,-0.088856,0.042543,-0.378489,-0.031591,-0.062116,-0.472714,-0.039232,-0.086892,-0.569446,-0.091813,-0.06932,-0.44908,-0.061388,-0.044509,-0.402422,-0.021167,0.0,0.0,0.0,0.0,0.0,0.0,0.0,0.0,0.0,0.0,0.0,0.0,0.0,0.0,0.0,0.0,0.0,0.0,0.0,0.0,0.0,0.0,0.0,0.0,0.0,0.0,0.0,0.0,0.0,0.0,0.0,0.0,0.0,0.0,0.0,0.0,0.0,0.0,0.0,0.0,0.0,0.0,0.0,0.0,0.0,0.0,0.0,0.0,0.0,0.0,0.0,0.0,0.0,0.0,0.0,0.0,0.0,0.0,0.0,0.0,0.0,0.0,0.0,L
0.0,0.0,0.0,0.151077,-0.033611,-0.124411,0.281974,-0.14375,-0.188603,0.391776,-0.2543,-0.242252,0.509064,-0.279274,-0.288508,0.216376,-0.499069,-0.078127,0.246602,-0.69522,-0.136437,0.257086,-0.835992,-0.153233,0.263482,-0.951285,-0.16011,0.115239,-0.503388,-0.050079,0.092468,-0.627493,-0.13053,0.081675,-0.441202,-0.117081,0.106582,-0.398887,-0.079307,0.023376,-0.490282,-0.039961,-0.004138,-0.554379,-0.135152,0.002207,-0.385735,-0.100059,0.032236,-0.367743,-0.045923,-0.064507,-0.469004,-0.041632,-0.087704,-0.561294,-0.098915,-0.072588,-0.439879,-0.071476,-0.047333,-0.389959,-0.032548,0.0,0.0,0.0,0.0,0.0,0.0,0.0,0.0,0.0,0.0,0.0,0.0,0.0,0.0,0.0,0.0,0.0,0.0,0.0,0.0,0.0,0.0,0.0,0.0,0.0,0.0,0.0,0.0,0.0,0.0,0.0,0.0,0.0,0.0,0.0,0.0,0.0,0.0,0.0,0.0,0.0,0.0,0.0,0.0,0.0,0.0,0.0,0.0,0.0,0.0,0.0,0.0,0.0,0.0,0.0,0.0,0.0,0.0,0.0,0.0,0.0,0.0,0.0,L
0.0,0.0,0.0,0.154222,-0.040486,-0.116704,0.282896,-0.153589,-0.174413,0.394529,-0.261391,-0.222619,0.508427,-0.284055,-0.263956,0.217872,-0.501347,-0.063762,0.247555,-0.694775,-0.11609,0.259087,-0.837919,-0.133048,0.264063,-0.954114,-0.141199,0.117444,-0.5037,-0.039138,0.096237,-0.627764,-0.112554,0.087717,-0.447287,-0.102252,0.110678,-0.404778,-0.068165,0.02553,-0.491218,-0.031987,-0.000978,-0.558455,-0.121293,0.009226,-0.392387,-0.091143,0.037409,-0.374658,-0.04158,-0.060958,-0.470607,-0.036152,-0.085728,-0.568983,-0.089839,-0.066445,-0.448457,-0.063583,-0.040613,-0.397519,-0.026412,0.0,0.0,0.0,0.0,0.0,0.0,0.0,0.0,0.0,0.0,0.0,0.0,0.0,0.0,0.0,0.0,0.0,0.0,0.0,0.0,0.0,0.0,0.0,0.0,0.0,0.0,0.0,0.0,0.0,0.0,0.0,0.0,0.0,0.0,0.0,0.0,0.0,0.0,0.0,0.0,0.0,0.0,0.0,0.0,0.0,0.0,0.0,0.0,0.0,0.0,0.0,0.0,0.0,0.0,0.0,0.0,0.0,0.0,0.0,0.0,0.0,0.0,0.0,L
0.0,0.0,0.0,0.150164,-0.035333,-0.11932,0.282002,-0.145607,-0.18168,0.393658,-0.254339,-0.234373,0.50674,-0.278644,-0.279872,0.218968,-0.495896,-0.077122,0.249881,-0.69128,-0.13507,0.26116,-0.835268,-0.151281,0.267589,-0.95054,-0.1577,0.117923,-0.500819,-0.051497,0.093587,-0.630941,-0.131426,0.083026,-0.442625,-0.11602,0.108464,-0.396287,-0.076551,0.027501,-0.488423,-0.043239,-0.00269,-0.56075,-0.1354,0.004719,-0.39355,-0.097341,0.035507,-0.374107,-0.04181,-0.058781,-0.467831,-0.046674,-0.087818,-0.564522,-0.100888,-0.073838,-0.447717,-0.071887,-0.048235,-0.401172,-0.032497,0.0,0.0,0.0,0.0,0.0,0.0,0.0,0.0,0.0,0.0,0.0,0.0,0.0,0.0,0.0,0.0,0.0,0.0,0.0,0.0,0.0,0.0,0.0,0.0,0.0,0.0,0.0,0.0,0.0,0.0,0.0,0.0,0.0,0.0,0.0,0.0,0.0,0.0,0.0,0.0,0.0,0.0,0.0,0.0,0.0,0.0,0.0,0.0,0.0,0.0,0.0,0.0,0.0,0.0,0.0,0.0,0.0,0.0,0.0,0.0,0.0,0.0,0.0,L
0.0,0.0,0.0,0.148563,-0.033972,-0.122787,0.2773,-0.145171,-0.18514,0.390934,-0.252,-0.237055,0.507105,-0.272978,-0.281667,0.218963,-0.494142,-0.075611,0.251315,-0.689734,-0.130851,0.262783,-0.834939,-0.147274,0.268915,-0.950681,-0.154566,0.117527,-0.498584,-0.048279,0.096699,-0.625365,-0.125015,0.085092,-0.443743,-0.112031,0.109683,-0.40029,-0.075612,0.025393,-0.487189,-0.038665,0.000771,-0.560124,-0.12864,0.00525,-0.398874,-0.094488,0.033242,-0.383284,-0.042596,-0.062068,-0.468524,-0.041081,-0.084507,-0.568723,-0.094093,-0.07277,-0.456767,-0.066681,-0.050633,-0.4112,-0.029141,0.0,0.0,0.0,0.0,0.0,0.0,0.0,0.0,0.0,0.0,0.0,0.0,0.0,0.0,0.0,0.0,0.0,0.0,0.0,0.0,0.0,0.0,0.0,0.0,0.0,0.0,0.0,0.0,0.0,0.0,0.0,0.0,0.0,0.0,0.0,0.0,0.0,0.0,0.0,0.0,0.0,0.0,0.0,0.0,0.0,0.0,0.0,0.0,0.0,0.0,0.0,0.0,0.0,0.0,0.0,0.0,0.0,0.0,0.0,0.0,0.0,0.0,0.0,L
0.0,0.0,0.0,0.148598,-0.028213,-0.127819,0.280245,-0.136024,-0.193706,0.393856,-0.243871,-0.248301,0.509733,-0.263206,-0.294857,0.223151,-0.4898,-0.082478,0.25533,-0.685943,-0.141528,0.265298,-0.831203,-0.15713,0.271383,-0.948553,-0.163087,0.122785,-0.497743,-0.052955,0.095747,-0.619678,-0.133832,0.082327,-0.432654,-0.117267,0.111754,-0.391935,-0.076852,0.031275,-0.489905,-0.041851,-0.003097,-0.553082,-0.136124,0.002356,-0.387924,-0.097961,0.038669,-0.375505,-0.042265,-0.05586,-0.475424,-0.043175,-0.086793,-0.562494,-0.09853,-0.073292,-0.443966,-0.069429,-0.043866,-0.400683,-0.029846,0.0,0.0,0.0,0.0,0.0,0.0,0.0,0.0,0.0,0.0,0.0,0.0,0.0,0.0,0.0,0.0,0.0,0.0,0.0,0.0,0.0,0.0,0.0,0.0,0.0,0.0,0.0,0.0,0.0,0.0,0.0,0.0,0.0,0.0,0.0,0.0,0.0,0.0,0.0,0.0,0.0,0.0,0.0,0.0,0.0,0.0,0.0,0.0,0.0,0.0,0.0,0.0,0.0,0.0,0.0,0.0,0.0,0.0,0.0,0.0,0.0,0.0,0.0,L
0.0,0.0,0.0,0.149515,-0.034037,-0.113592,0.279895,-0.141371,-0.17484,0.389516,-0.244073,-0.228105,0.501455,-0.264821,-0.27589,0.215589,-0.488051,-0.074223,0.24906,-0.688851,-0.129768,0.26077,-0.834342,-0.147911,0.266798,-0.950793,-0.157514,0.114964,-0.497652,-0.05236,0.091649,-0.620946,-0.134703,0.076065,-0.440793,-0.126991,0.097061,-0.388776,-0.094141,0.022604,-0.487397,-0.046396,-0.006564,-0.553508,-0.140609,-0.003169,-0.390561,-0.108856,0.025607,-0.36496,-0.058201,-0.065628,-0.468714,-0.051183,-0.090666,-0.562639,-0.108575,-0.078589,-0.444653,-0.082707,-0.052985,-0.3944,-0.04563,0.0,0.0,0.0,0.0,0.0,0.0,0.0,0.0,0.0,0.0,0.0,0.0,0.0,0.0,0.0,0.0,0.0,0.0,0.0,0.0,0.0,0.0,0.0,0.0,0.0,0.0,0.0,0.0,0.0,0.0,0.0,0.0,0.0,0.0,0.0,0.0,0.0,0.0,0.0,0.0,0.0,0.0,0.0,0.0,0.0,0.0,0.0,0.0,0.0,0.0,0.0,0.0,0.0,0.0,0.0,0.0,0.0,0.0,0.0,0.0,0.0,0.0,0.0,L
0.0,0.0,0.0,0.150403,-0.033052,-0.127813,0.277793,-0.138879,-0.189895,0.388844,-0.240814,-0.239822,0.503745,-0.262073,-0.280738,0.217136,-0.493527,-0.077548,0.250237,-0.690207,-0.136702,0.260399,-0.830664,-0.153771,0.267106,-0.950225,-0.160398,0.117879,-0.496654,-0.048216,0.095652,-0.612176,-0.123588,0.083232,-0.4261,-0.107915,0.108531,-0.396151,-0.070436,0.026144,-0.486787,-0.038147,-0.000387,-0.547552,-0.129501,0.005065,-0.379035,-0.094286,0.035238,-0.374564,-0.041878,-0.060826,-0.467632,-0.040645,-0.087018,-0.558088,-0.093337,-0.070211,-0.43723,-0.06378,-0.04621,-0.391256,-0.024775,0.0,0.0,0.0,0.0,0.0,0.0,0.0,0.0,0.0,0.0,0.0,0.0,0.0,0.0,0.0,0.0,0.0,0.0,0.0,0.0,0.0,0.0,0.0,0.0,0.0,0.0,0.0,0.0,0.0,0.0,0.0,0.0,0.0,0.0,0.0,0.0,0.0,0.0,0.0,0.0,0.0,0.0,0.0,0.0,0.0,0.0,0.0,0.0,0.0,0.0,0.0,0.0,0.0,0.0,0.0,0.0,0.0,0.0,0.0,0.0,0.0,0.0,0.0,L
0.0,0.0,0.0,0.151603,-0.031846,-0.122424,0.280907,-0.137292,-0.185612,0.390395,-0.239058,-0.238209,0.505776,-0.258162,-0.283483,0.217335,-0.490336,-0.081734,0.247921,-0.690134,-0.141352,0.258194,-0.832885,-0.158979,0.264277,-0.949918,-0.166775,0.118452,-0.494139,-0.056173,0.093572,-0.61256,-0.13529,0.081454,-0.42681,-0.121557,0.106419,-0.387932,-0.085406,0.027087,-0.481813,-0.048376,-0.001474,-0.547231,-0.141983,0.004208,-0.380889,-0.106782,0.034453,-0.368249,-0.054412,-0.061303,-0.459209,-0.052442,-0.088538,-0.55241,-0.108386,-0.071108,-0.432522,-0.080083,-0.045863,-0.385239,-0.041825,0.0,0.0,0.0,0.0,0.0,0.0,0.0,0.0,0.0,0.0,0.0,0.0,0.0,0.0,0.0,0.0,0.0,0.0,0.0,0.0,0.0,0.0,0.0,0.0,0.0,0.0,0.0,0.0,0.0,0.0,0.0,0.0,0.0,0.0,0.0,0.0,0.0,0.0,0.0,0.0,0.0,0.0,0.0,0.0,0.0,0.0,0.0,0.0,0.0,0.0,0.0,0.0,0.0,0.0,0.0,0.0,0.0,0.0,0.0,0.0,0.0,0.0,0.0,L
0.0,0.0,0.0,0.148231,-0.03458,-0.122561,0.274741,-0.140122,-0.187081,0.383848,-0.242816,-0.240887,0.49538,-0.267293,-0.286927,0.211036,-0.491039,-0.083749,0.241466,-0.690627,-0.145215,0.252843,-0.832873,-0.163449,0.259693,-0.950397,-0.171186,0.111111,-0.495912,-0.058107,0.087897,-0.610932,-0.140461,0.075556,-0.422858,-0.126685,0.099492,-0.385795,-0.089365,0.019752,-0.48575,-0.050269,-0.00935,-0.543541,-0.14655,-0.001092,-0.373933,-0.110422,0.030569,-0.362561,-0.05652,-0.067655,-0.466557,-0.054157,-0.095173,-0.551285,-0.11184,-0.076335,-0.427097,-0.083259,-0.049552,-0.380865,-0.044066,0.0,0.0,0.0,0.0,0.0,0.0,0.0,0.0,0.0,0.0,0.0,0.0,0.0,0.0,0.0,0.0,0.0,0.0,0.0,0.0,0.0,0.0,0.0,0.0,0.0,0.0,0.0,0.0,0.0,0.0,0.0,0.0,0.0,0.0,0.0,0.0,0.0,0.0,0.0,0.0,0.0,0.0,0.0,0.0,0.0,0.0,0.0,0.0,0.0,0.0,0.0,0.0,0.0,0.0,0.0,0.0,0.0,0.0,0.0,0.0,0.0,0.0,0.0,L
0.0,0.0,0.0,0.149529,-0.032665,-0.12605,0.279914,-0.138444,-0.190471,0.391721,-0.242152,-0.243359,0.507041,-0.263142,-0.287908,0.220049,-0.487949,-0.083212,0.251225,-0.687113,-0.144878,0.26021,-0.829263,-0.162268,0.266751,-0.948832,-0.168999,0.121296,-0.492368,-0.055462,0.0946,-0.611504,-0.13622,0.082031,-0.422983,-0.120699,0.110014,-0.386371,-0.0819,0.030411,-0.483558,-0.046271,-0.001497,-0.546864,-0.14108,0.00475,-0.377904,-0.104066,0.039101,-0.3673,-0.049275,-0.055929,-0.465508,-0.049362,-0.089003,-0.558514,-0.1052,-0.071308,-0.436361,-0.075933,-0.041121,-0.386495,-0.036129,0.0,0.0,0.0,0.0,0.0,0.0,0.0,0.0,0.0,0.0,0.0,0.0,0.0,0.0,0.0,0.0,0.0,0.0,0.0,0.0,0.0,0.0,0.0,0.0,0.0,0.0,0.0,0.0,0.0,0.0,0.0,0.0,0.0,0.0,0.0,0.0,0.0,0.0,0.0,0.0,0.0,0.0,0.0,0.0,0.0,0.0,0.0,0.0,0.0,0.0,0.0,0.0,0.0,0.0,0.0,0.0,0.0,0.0,0.0,0.0,0.0,0.0,0.0,L
0.0,0.0,0.0,0.149706,-0.028496,-0.124573,0.278396,-0.138386,-0.187768,0.389292,-0.245198,-0.2397,0.503952,-0.264121,-0.28356,0.219669,-0.492049,-0.083508,0.250775,-0.688756,-0.14462,0.261035,-0.830943,-0.162805,0.268388,-0.948049,-0.170797,0.119311,-0.497622,-0.056572,0.093141,-0.613585,-0.139456,0.081057,-0.431921,-0.127077,0.108209,-0.395275,-0.090744,0.02805,-0.488711,-0.047791,-0.00296,-0.549564,-0.144643,0.005498,-0.386093,-0.111661,0.040614,-0.376466,-0.059882,-0.058611,-0.471658,-0.050962,-0.088038,-0.55722,-0.109887,-0.069946,-0.437282,-0.084798,-0.04015,-0.39266,-0.048111,0.0,0.0,0.0,0.0,0.0,0.0,0.0,0.0,0.0,0.0,0.0,0.0,0.0,0.0,0.0,0.0,0.0,0.0,0.0,0.0,0.0,0.0,0.0,0.0,0.0,0.0,0.0,0.0,0.0,0.0,0.0,0.0,0.0,0.0,0.0,0.0,0.0,0.0,0.0,0.0,0.0,0.0,0.0,0.0,0.0,0.0,0.0,0.0,0.0,0.0,0.0,0.0,0.0,0.0,0.0,0.0,0.0,0.0,0.0,0.0,0.0,0.0,0.0,L
0.0,0.0,0.0,0.150645,-0.029676,-0.122454,0.281347,-0.13851,-0.183816,0.393563,-0.24472,-0.233905,0.509445,-0.263948,-0.275533,0.223571,-0.489328,-0.080073,0.255023,-0.687746,-0.139422,0.266634,-0.829746,-0.155529,0.2739,-0.948045,-0.161831,0.123568,-0.49634,-0.053447,0.101727,-0.616138,-0.131585,0.08776,-0.426413,-0.114991,0.112074,-0.389658,-0.076091,0.031782,-0.488805,-0.044919,0.00467,-0.55351,-0.137606,0.009311,-0.384884,-0.09971,0.039771,-0.376155,-0.045193,-0.056455,-0.471641,-0.048335,-0.081526,-0.560157,-0.102416,-0.064676,-0.438584,-0.0722,-0.039249,-0.39342,-0.032441,0.0,0.0,0.0,0.0,0.0,0.0,0.0,0.0,0.0,0.0,0.0,0.0,0.0,0.0,0.0,0.0,0.0,0.0,0.0,0.0,0.0,0.0,0.0,0.0,0.0,0.0,0.0,0.0,0.0,0.0,0.0,0.0,0.0,0.0,0.0,0.0,0.0,0.0,0.0,0.0,0.0,0.0,0.0,0.0,0.0,0.0,0.0,0.0,0.0,0.0,0.0,0.0,0.0,0.0,0.0,0.0,0.0,0.0,0.0,0.0,0.0,0.0,0.0,L
0.0,0.0,0.0,0.154222,-0.036423,-0.113934,0.28547,-0.147674,-0.170637,0.395997,-0.251431,-0.217753,0.508728,-0.269759,-0.257828,0.22305,-0.492658,-0.073556,0.256978,-0.689541,-0.130334,0.271043,-0.828633,-0.147583,0.27903,-0.947547,-0.155872,0.123495,-0.500048,-0.051763,0.103877,-0.620065,-0.13016,0.090689,-0.433022,-0.118643,0.110739,-0.39173,-0.084022,0.031971,-0.491596,-0.04691,0.007016,-0.556363,-0.140929,0.013813,-0.385124,-0.108429,0.04171,-0.371191,-0.057389,-0.055596,-0.472449,-0.052921,-0.080553,-0.567437,-0.109982,-0.061157,-0.443034,-0.08312,-0.034972,-0.393058,-0.045608,0.0,0.0,0.0,0.0,0.0,0.0,0.0,0.0,0.0,0.0,0.0,0.0,0.0,0.0,0.0,0.0,0.0,0.0,0.0,0.0,0.0,0.0,0.0,0.0,0.0,0.0,0.0,0.0,0.0,0.0,0.0,0.0,0.0,0.0,0.0,0.0,0.0,0.0,0.0,0.0,0.0,0.0,0.0,0.0,0.0,0.0,0.0,0.0,0.0,0.0,0.0,0.0,0.0,0.0,0.0,0.0,0.0,0.0,0.0,0.0,0.0,0.0,0.0,L
0.0,0.0,0.0,0.152422,-0.030129,-0.126413,0.282605,-0.140962,-0.187518,0.396869,-0.247264,-0.236785,0.512876,-0.267551,-0.276963,0.224692,-0.493176,-0.077421,0.2587,-0.687232,-0.136572,0.272216,-0.827693,-0.151999,0.281132,-0.946704,-0.157218,0.123433,-0.497225,-0.047786,0.100391,-0.616015,-0.125898,0.086757,-0.423145,-0.108369,0.112623,-0.390193,-0.06797,0.031857,-0.488845,-0.03723,0.003558,-0.552525,-0.131122,0.008462,-0.380803,-0.093447,0.040142,-0.375597,-0.038015,-0.054872,-0.473314,-0.038957,-0.082507,-0.566921,-0.093812,-0.067986,-0.445366,-0.064342,-0.0427,-0.39962,-0.024551,0.0,0.0,0.0,0.0,0.0,0.0,0.0,0.0,0.0,0.0,0.0,0.0,0.0,0.0,0.0,0.0,0.0,0.0,0.0,0.0,0.0,0.0,0.0,0.0,0.0,0.0,0.0,0.0,0.0,0.0,0.0,0.0,0.0,0.0,0.0,0.0,0.0,0.0,0.0,0.0,0.0,0.0,0.0,0.0,0.0,0.0,0.0,0.0,0.0,0.0,0.0,0.0,0.0,0.0,0.0,0.0,0.0,0.0,0.0,0.0,0.0,0.0,0.0,L
0.0,0.0,0.0,0.150382,-0.03051,-0.122706,0.282194,-0.135841,-0.18636,0.393526,-0.242185,-0.239861,0.507722,-0.264054,-0.286336,0.22299,-0.488087,-0.080241,0.257626,-0.68463,-0.139854,0.270648,-0.828441,-0.157995,0.278053,-0.946101,-0.166068,0.123491,-0.496573,-0.053368,0.096998,-0.61659,-0.135266,0.083362,-0.43198,-0.122651,0.108499,-0.388844,-0.0857,0.032759,-0.4867,-0.044118,0.000878,-0.547281,-0.139274,0.006473,-0.381347,-0.104707,0.039026,-0.364697,-0.051422,-0.05387,-0.468381,-0.046639,-0.083558,-0.557982,-0.10414,-0.068233,-0.437562,-0.077391,-0.039388,-0.388777,-0.039138,0.0,0.0,0.0,0.0,0.0,0.0,0.0,0.0,0.0,0.0,0.0,0.0,0.0,0.0,0.0,0.0,0.0,0.0,0.0,0.0,0.0,0.0,0.0,0.0,0.0,0.0,0.0,0.0,0.0,0.0,0.0,0.0,0.0,0.0,0.0,0.0,0.0,0.0,0.0,0.0,0.0,0.0,0.0,0.0,0.0,0.0,0.0,0.0,0.0,0.0,0.0,0.0,0.0,0.0,0.0,0.0,0.0,0.0,0.0,0.0,0.0,0.0,0.0,L
0.0,0.0,0.0,0.151571,-0.031158,-0.120973,0.283926,-0.139423,-0.183316,0.399451,-0.2418,-0.236259,0.512748,-0.260254,-0.282387,0.226446,-0.487438,-0.074973,0.261901,-0.684991,-0.132455,0.275104,-0.829173,-0.149492,0.282555,-0.946334,-0.156888,0.126626,-0.493084,-0.048723,0.099873,-0.615692,-0.130318,0.085417,-0.431643,-0.118429,0.111393,-0.387628,-0.081642,0.035193,-0.481846,-0.039985,0.002247,-0.545346,-0.134431,0.007053,-0.37947,-0.099563,0.04,-0.360804,-0.045938,-0.052202,-0.464032,-0.04296,-0.080215,-0.556597,-0.098899,-0.067877,-0.43672,-0.070672,-0.041488,-0.386948,-0.031497,0.0,0.0,0.0,0.0,0.0,0.0,0.0,0.0,0.0,0.0,0.0,0.0,0.0,0.0,0.0,0.0,0.0,0.0,0.0,0.0,0.0,0.0,0.0,0.0,0.0,0.0,0.0,0.0,0.0,0.0,0.0,0.0,0.0,0.0,0.0,0.0,0.0,0.0,0.0,0.0,0.0,0.0,0.0,0.0,0.0,0.0,0.0,0.0,0.0,0.0,0.0,0.0,0.0,0.0,0.0,0.0,0.0,0.0,0.0,0.0,0.0,0.0,0.0,L
0.0,0.0,0.0,0.155412,-0.031966,-0.117096,0.289732,-0.136575,-0.17713,0.403016,-0.239442,-0.227974,0.517239,-0.258004,-0.271885,0.228642,-0.487719,-0.072864,0.265193,-0.68677,-0.129691,0.279675,-0.828912,-0.146808,0.288463,-0.944969,-0.154343,0.128518,-0.495485,-0.049105,0.109467,-0.613499,-0.127415,0.092689,-0.43015,-0.11609,0.114077,-0.390913,-0.081307,0.036694,-0.487943,-0.04261,0.012877,-0.554293,-0.135472,0.016352,-0.388298,-0.102958,0.044566,-0.372457,-0.051877,-0.051966,-0.470986,-0.04744,-0.076951,-0.567937,-0.103603,-0.059623,-0.447557,-0.076906,-0.032833,-0.395306,-0.039126,0.0,0.0,0.0,0.0,0.0,0.0,0.0,0.0,0.0,0.0,0.0,0.0,0.0,0.0,0.0,0.0,0.0,0.0,0.0,0.0,0.0,0.0,0.0,0.0,0.0,0.0,0.0,0.0,0.0,0.0,0.0,0.0,0.0,0.0,0.0,0.0,0.0,0.0,0.0,0.0,0.0,0.0,0.0,0.0,0.0,0.0,0.0,0.0,0.0,0.0,0.0,0.0,0.0,0.0,0.0,0.0,0.0,0.0,0.0,0.0,0.0,0.0,0.0,L
0.0,0.0,0.0,0.156912,-0.025901,-0.110825,0.293002,-0.133046,-0.166162,0.40881,-0.23555,-0.214216,0.5215,-0.257089,-0.256288,0.23325,-0.487198,-0.062845,0.271749,-0.686818,-0.115842,0.287783,-0.82758,-0.132436,0.296516,-0.944606,-0.140707,0.131898,-0.500056,-0.041204,0.112207,-0.61417,-0.121093,0.096844,-0.434539,-0.114221,0.116568,-0.392543,-0.082023,0.037445,-0.494251,-0.035899,0.010814,-0.551361,-0.130726,0.01602,-0.38633,-0.101511,0.045218,-0.368896,-0.051713,-0.051992,-0.480232,-0.040936,-0.070805,-0.571428,-0.098701,-0.056607,-0.449996,-0.072655,-0.032931,-0.40013,-0.034709,0.0,0.0,0.0,0.0,0.0,0.0,0.0,0.0,0.0,0.0,0.0,0.0,0.0,0.0,0.0,0.0,0.0,0.0,0.0,0.0,0.0,0.0,0.0,0.0,0.0,0.0,0.0,0.0,0.0,0.0,0.0,0.0,0.0,0.0,0.0,0.0,0.0,0.0,0.0,0.0,0.0,0.0,0.0,0.0,0.0,0.0,0.0,0.0,0.0,0.0,0.0,0.0,0.0,0.0,0.0,0.0,0.0,0.0,0.0,0.0,0.0,0.0,0.0,L
0.0,0.0,0.0,0.15993,-0.027936,-0.104228,0.298449,-0.135566,-0.156233,0.412292,-0.234401,-0.202222,0.522337,-0.253119,-0.243084,0.238314,-0.483136,-0.059193,0.278048,-0.684414,-0.111579,0.295836,-0.825983,-0.12709,0.305555,-0.942655,-0.134306,0.138429,-0.495286,-0.040779,0.118778,-0.616306,-0.120081,0.102664,-0.430273,-0.111481,0.12199,-0.378653,-0.07761,0.044626,-0.488691,-0.038126,0.018034,-0.550067,-0.132075,0.02197,-0.378943,-0.100184,0.049925,-0.353212,-0.048269,-0.045488,-0.472876,-0.045327,-0.067078,-0.572021,-0.101636,-0.054178,-0.448303,-0.073436,-0.031016,-0.393913,-0.034064,0.0,0.0,0.0,0.0,0.0,0.0,0.0,0.0,0.0,0.0,0.0,0.0,0.0,0.0,0.0,0.0,0.0,0.0,0.0,0.0,0.0,0.0,0.0,0.0,0.0,0.0,0.0,0.0,0.0,0.0,0.0,0.0,0.0,0.0,0.0,0.0,0.0,0.0,0.0,0.0,0.0,0.0,0.0,0.0,0.0,0.0,0.0,0.0,0.0,0.0,0.0,0.0,0.0,0.0,0.0,0.0,0.0,0.0,0.0,0.0,0.0,0.0,0.0,L
0.0,0.0,0.0,0.160641,-0.025544,-0.101043,0.299418,-0.133263,-0.151382,0.411203,-0.235426,-0.19631,0.522164,-0.255018,-0.236748,0.235859,-0.481876,-0.058557,0.27825,-0.684235,-0.108809,0.296492,-0.825611,-0.124808,0.305897,-0.942633,-0.133681,0.135541,-0.495867,-0.041578,0.116582,-0.620556,-0.120245,0.100896,-0.442688,-0.114558,0.120352,-0.390424,-0.084359,0.041441,-0.48851,-0.03954,0.014305,-0.555726,-0.131753,0.019733,-0.392719,-0.103055,0.049904,-0.364966,-0.054727,-0.048913,-0.472051,-0.047085,-0.07275,-0.57736,-0.103562,-0.057686,-0.460837,-0.078472,-0.030563,-0.405785,-0.042195,0.0,0.0,0.0,0.0,0.0,0.0,0.0,0.0,0.0,0.0,0.0,0.0,0.0,0.0,0.0,0.0,0.0,0.0,0.0,0.0,0.0,0.0,0.0,0.0,0.0,0.0,0.0,0.0,0.0,0.0,0.0,0.0,0.0,0.0,0.0,0.0,0.0,0.0,0.0,0.0,0.0,0.0,0.0,0.0,0.0,0.0,0.0,0.0,0.0,0.0,0.0,0.0,0.0,0.0,0.0,0.0,0.0,0.0,0.0,0.0,0.0,0.0,0.0,L
0.0,0.0,0.0,0.158082,-0.025843,-0.1083,0.296674,-0.132076,-0.161288,0.412366,-0.232797,-0.207066,0.522912,-0.251619,-0.246768,0.240667,-0.485621,-0.058246,0.281653,-0.683288,-0.110474,0.300318,-0.825426,-0.126412,0.310359,-0.941157,-0.133795,0.139596,-0.498727,-0.036511,0.120749,-0.617054,-0.112993,0.1038,-0.434224,-0.102857,0.123409,-0.388545,-0.068166,0.044915,-0.491862,-0.03123,0.017932,-0.547028,-0.122383,0.022809,-0.381471,-0.090562,0.05169,-0.362418,-0.0392,-0.046091,-0.477078,-0.036292,-0.066846,-0.566888,-0.090666,-0.053586,-0.44665,-0.062678,-0.030576,-0.39965,-0.023551,0.0,0.0,0.0,0.0,0.0,0.0,0.0,0.0,0.0,0.0,0.0,0.0,0.0,0.0,0.0,0.0,0.0,0.0,0.0,0.0,0.0,0.0,0.0,0.0,0.0,0.0,0.0,0.0,0.0,0.0,0.0,0.0,0.0,0.0,0.0,0.0,0.0,0.0,0.0,0.0,0.0,0.0,0.0,0.0,0.0,0.0,0.0,0.0,0.0,0.0,0.0,0.0,0.0,0.0,0.0,0.0,0.0,0.0,0.0,0.0,0.0,0.0,0.0,L
0.0,0.0,0.0,0.16171,-0.028959,-0.099573,0.302942,-0.142953,-0.145961,0.415837,-0.244707,-0.186256,0.525143,-0.257554,-0.221633,0.242715,-0.487414,-0.050176,0.284765,-0.685052,-0.096334,0.303718,-0.826819,-0.110531,0.313141,-0.942298,-0.118395,0.14275,-0.501649,-0.032441,0.127515,-0.626529,-0.105709,0.109257,-0.44691,-0.098592,0.124478,-0.392575,-0.067319,0.048405,-0.494104,-0.029857,0.025185,-0.555048,-0.118811,0.028302,-0.388445,-0.091097,0.05333,-0.362393,-0.043471,-0.042856,-0.477827,-0.036652,-0.061918,-0.574652,-0.090411,-0.049166,-0.454989,-0.064973,-0.027431,-0.40513,-0.028755,0.0,0.0,0.0,0.0,0.0,0.0,0.0,0.0,0.0,0.0,0.0,0.0,0.0,0.0,0.0,0.0,0.0,0.0,0.0,0.0,0.0,0.0,0.0,0.0,0.0,0.0,0.0,0.0,0.0,0.0,0.0,0.0,0.0,0.0,0.0,0.0,0.0,0.0,0.0,0.0,0.0,0.0,0.0,0.0,0.0,0.0,0.0,0.0,0.0,0.0,0.0,0.0,0.0,0.0,0.0,0.0,0.0,0.0,0.0,0.0,0.0,0.0,0.0,L
0.0,0.0,0.0,0.159315,-0.026924,-0.101591,0.30001,-0.137715,-0.153395,0.414677,-0.244507,-0.199851,0.526204,-0.257576,-0.241541,0.242086,-0.484835,-0.056944,0.284252,-0.684364,-0.107879,0.302882,-0.825835,-0.123764,0.312796,-0.940571,-0.132229,0.140801,-0.498504,-0.039608,0.121178,-0.62407,-0.12011,0.104246,-0.442923,-0.114331,0.123938,-0.389149,-0.08277,0.046265,-0.491024,-0.037211,0.01901,-0.551869,-0.130933,0.022962,-0.385411,-0.101087,0.05276,-0.356637,-0.050994,-0.045592,-0.475251,-0.044396,-0.067434,-0.572249,-0.100617,-0.055422,-0.452248,-0.074304,-0.030174,-0.399792,-0.036676,0.0,0.0,0.0,0.0,0.0,0.0,0.0,0.0,0.0,0.0,0.0,0.0,0.0,0.0,0.0,0.0,0.0,0.0,0.0,0.0,0.0,0.0,0.0,0.0,0.0,0.0,0.0,0.0,0.0,0.0,0.0,0.0,0.0,0.0,0.0,0.0,0.0,0.0,0.0,0.0,0.0,0.0,0.0,0.0,0.0,0.0,0.0,0.0,0.0,0.0,0.0,0.0,0.0,0.0,0.0,0.0,0.0,0.0,0.0,0.0,0.0,0.0,0.0,L
0.0,0.0,0.0,0.159137,-0.02337,-0.101813,0.299664,-0.137073,-0.152963,0.414818,-0.244769,-0.198533,0.526391,-0.253291,-0.238899,0.240942,-0.483635,-0.056393,0.282272,-0.684891,-0.106369,0.300946,-0.826344,-0.119974,0.31139,-0.941768,-0.126927,0.139153,-0.498462,-0.038241,0.119072,-0.618865,-0.117284,0.10214,-0.434106,-0.107924,0.123252,-0.385133,-0.073751,0.045176,-0.49289,-0.035409,0.015537,-0.551537,-0.128905,0.022213,-0.384722,-0.097895,0.055299,-0.361245,-0.046988,-0.045469,-0.479061,-0.042175,-0.069596,-0.569718,-0.099475,-0.054247,-0.447841,-0.07401,-0.025006,-0.397611,-0.036748,0.0,0.0,0.0,0.0,0.0,0.0,0.0,0.0,0.0,0.0,0.0,0.0,0.0,0.0,0.0,0.0,0.0,0.0,0.0,0.0,0.0,0.0,0.0,0.0,0.0,0.0,0.0,0.0,0.0,0.0,0.0,0.0,0.0,0.0,0.0,0.0,0.0,0.0,0.0,0.0,0.0,0.0,0.0,0.0,0.0,0.0,0.0,0.0,0.0,0.0,0.0,0.0,0.0,0.0,0.0,0.0,0.0,0.0,0.0,0.0,0.0,0.0,0.0,L
0.0,0.0,0.0,0.158556,-0.029021,-0.105622,0.294498,-0.13948,-0.159308,0.408233,-0.239639,-0.206664,0.521352,-0.254707,-0.248222,0.236976,-0.486215,-0.060258,0.276591,-0.684773,-0.113357,0.294561,-0.825825,-0.128008,0.305001,-0.94274,-0.134962,0.134926,-0.498292,-0.041341,0.112718,-0.617182,-0.121263,0.095497,-0.429247,-0.110881,0.117707,-0.382007,-0.075958,0.040415,-0.491211,-0.038615,0.009926,-0.548557,-0.133739,0.014598,-0.377209,-0.101197,0.047271,-0.358617,-0.04928,-0.05004,-0.475952,-0.04584,-0.077124,-0.567473,-0.103587,-0.062822,-0.440946,-0.076533,-0.033862,-0.390733,-0.038323,0.0,0.0,0.0,0.0,0.0,0.0,0.0,0.0,0.0,0.0,0.0,0.0,0.0,0.0,0.0,0.0,0.0,0.0,0.0,0.0,0.0,0.0,0.0,0.0,0.0,0.0,0.0,0.0,0.0,0.0,0.0,0.0,0.0,0.0,0.0,0.0,0.0,0.0,0.0,0.0,0.0,0.0,0.0,0.0,0.0,0.0,0.0,0.0,0.0,0.0,0.0,0.0,0.0,0.0,0.0,0.0,0.0,0.0,0.0,0.0,0.0,0.0,0.0,L
0.0,0.0,0.0,0.154994,-0.026387,-0.116051,0.289608,-0.138269,-0.173257,0.406243,-0.244726,-0.221485,0.521734,-0.259484,-0.26185,0.24025,-0.487473,-0.066158,0.27784,-0.683335,-0.123346,0.294996,-0.823135,-0.137954,0.306492,-0.941053,-0.143115,0.139358,-0.498916,-0.041533,0.117371,-0.616376,-0.12017,0.101394,-0.421995,-0.10313,0.127206,-0.382325,-0.062482,0.045722,-0.493188,-0.035152,0.015654,-0.548563,-0.129474,0.021075,-0.372684,-0.091799,0.055218,-0.358006,-0.035621,-0.044174,-0.478457,-0.040116,-0.071494,-0.565911,-0.096128,-0.056311,-0.438267,-0.066942,-0.02768,-0.38921,-0.026595,0.0,0.0,0.0,0.0,0.0,0.0,0.0,0.0,0.0,0.0,0.0,0.0,0.0,0.0,0.0,0.0,0.0,0.0,0.0,0.0,0.0,0.0,0.0,0.0,0.0,0.0,0.0,0.0,0.0,0.0,0.0,0.0,0.0,0.0,0.0,0.0,0.0,0.0,0.0,0.0,0.0,0.0,0.0,0.0,0.0,0.0,0.0,0.0,0.0,0.0,0.0,0.0,0.0,0.0,0.0,0.0,0.0,0.0,0.0,0.0,0.0,0.0,0.0,L
0.0,0.0,0.0,0.155093,-0.03148,-0.114267,0.290946,-0.143213,-0.170591,0.40941,-0.24559,-0.217326,0.524695,-0.259544,-0.255291,0.241294,-0.490299,-0.065983,0.276271,-0.686771,-0.122054,0.290738,-0.824951,-0.135266,0.299644,-0.943729,-0.139961,0.140122,-0.501176,-0.042484,0.118595,-0.614733,-0.117391,0.102223,-0.418292,-0.098403,0.125676,-0.386037,-0.058362,0.045436,-0.495505,-0.037277,0.019416,-0.553646,-0.128678,0.024034,-0.377418,-0.090558,0.054455,-0.372529,-0.036374,-0.047261,-0.480053,-0.043311,-0.07082,-0.56193,-0.09786,-0.053809,-0.433995,-0.069043,-0.028377,-0.391466,-0.030462,0.0,0.0,0.0,0.0,0.0,0.0,0.0,0.0,0.0,0.0,0.0,0.0,0.0,0.0,0.0,0.0,0.0,0.0,0.0,0.0,0.0,0.0,0.0,0.0,0.0,0.0,0.0,0.0,0.0,0.0,0.0,0.0,0.0,0.0,0.0,0.0,0.0,0.0,0.0,0.0,0.0,0.0,0.0,0.0,0.0,0.0,0.0,0.0,0.0,0.0,0.0,0.0,0.0,0.0,0.0,0.0,0.0,0.0,0.0,0.0,0.0,0.0,0.0,L
0.0,0.0,0.0,0.157277,-0.029722,-0.111367,0.292859,-0.14157,-0.167242,0.40792,-0.244975,-0.214254,0.522318,-0.26199,-0.25424,0.236712,-0.488305,-0.070534,0.27345,-0.686308,-0.126055,0.289311,-0.825711,-0.140797,0.299626,-0.94263,-0.147219,0.13588,-0.497992,-0.049709,0.11474,-0.616048,-0.126863,0.098336,-0.427376,-0.113171,0.120583,-0.386809,-0.077419,0.041987,-0.491195,-0.045787,0.017078,-0.555137,-0.139779,0.020933,-0.381103,-0.105846,0.051188,-0.367522,-0.054307,-0.049559,-0.474834,-0.0525,-0.075977,-0.569294,-0.110297,-0.058469,-0.442666,-0.083547,-0.030633,-0.392117,-0.046246,0.0,0.0,0.0,0.0,0.0,0.0,0.0,0.0,0.0,0.0,0.0,0.0,0.0,0.0,0.0,0.0,0.0,0.0,0.0,0.0,0.0,0.0,0.0,0.0,0.0,0.0,0.0,0.0,0.0,0.0,0.0,0.0,0.0,0.0,0.0,0.0,0.0,0.0,0.0,0.0,0.0,0.0,0.0,0.0,0.0,0.0,0.0,0.0,0.0,0.0,0.0,0.0,0.0,0.0,0.0,0.0,0.0,0.0,0.0,0.0,0.0,0.0,0.0,L
0.0,0.0,0.0,0.154373,-0.026741,-0.107313,0.292162,-0.137266,-0.163481,0.40711,-0.238761,-0.212383,0.522295,-0.250968,-0.256519,0.236699,-0.481903,-0.069664,0.273042,-0.683246,-0.123085,0.287802,-0.827957,-0.141335,0.296525,-0.942869,-0.15189,0.136244,-0.495412,-0.049839,0.111615,-0.618007,-0.131737,0.094309,-0.438823,-0.126267,0.114638,-0.379669,-0.095648,0.04176,-0.486345,-0.044987,0.012458,-0.55138,-0.138497,0.014105,-0.38919,-0.109603,0.043519,-0.359916,-0.061474,-0.050323,-0.469085,-0.050174,-0.074752,-0.562616,-0.108255,-0.06335,-0.44659,-0.084755,-0.036134,-0.397755,-0.04973,0.0,0.0,0.0,0.0,0.0,0.0,0.0,0.0,0.0,0.0,0.0,0.0,0.0,0.0,0.0,0.0,0.0,0.0,0.0,0.0,0.0,0.0,0.0,0.0,0.0,0.0,0.0,0.0,0.0,0.0,0.0,0.0,0.0,0.0,0.0,0.0,0.0,0.0,0.0,0.0,0.0,0.0,0.0,0.0,0.0,0.0,0.0,0.0,0.0,0.0,0.0,0.0,0.0,0.0,0.0,0.0,0.0,0.0,0.0,0.0,0.0,0.0,0.0,L
0.0,0.0,0.0,0.149644,-0.028579,-0.111819,0.283602,-0.138519,-0.171819,0.398352,-0.239507,-0.223561,0.513629,-0.255478,-0.269733,0.23355,-0.478917,-0.07675,0.268044,-0.682057,-0.132229,0.28303,-0.825876,-0.149879,0.291081,-0.943262,-0.159775,0.130782,-0.494506,-0.054844,0.10726,-0.615963,-0.136705,0.090503,-0.436503,-0.128447,0.109404,-0.386672,-0.096377,0.036342,-0.490279,-0.048434,0.007908,-0.560521,-0.141761,0.011443,-0.397326,-0.108709,0.040808,-0.374392,-0.058582,-0.054804,-0.478201,-0.052551,-0.078966,-0.568345,-0.110999,-0.065325,-0.446908,-0.08546,-0.037029,-0.398484,-0.049094,0.0,0.0,0.0,0.0,0.0,0.0,0.0,0.0,0.0,0.0,0.0,0.0,0.0,0.0,0.0,0.0,0.0,0.0,0.0,0.0,0.0,0.0,0.0,0.0,0.0,0.0,0.0,0.0,0.0,0.0,0.0,0.0,0.0,0.0,0.0,0.0,0.0,0.0,0.0,0.0,0.0,0.0,0.0,0.0,0.0,0.0,0.0,0.0,0.0,0.0,0.0,0.0,0.0,0.0,0.0,0.0,0.0,0.0,0.0,0.0,0.0,0.0,0.0,L
0.0,0.0,0.0,0.151144,-0.027944,-0.114965,0.285398,-0.13472,-0.172734,0.402636,-0.232551,-0.220966,0.518096,-0.249949,-0.263059,0.235065,-0.475727,-0.076011,0.269678,-0.678827,-0.131839,0.283894,-0.822958,-0.150101,0.293921,-0.942327,-0.160096,0.13522,-0.488051,-0.051725,0.106848,-0.615718,-0.129729,0.091098,-0.437752,-0.119019,0.116838,-0.387358,-0.086,0.042589,-0.480701,-0.043892,0.005819,-0.556737,-0.134186,0.009988,-0.39567,-0.100623,0.045768,-0.373329,-0.050882,-0.04632,-0.465315,-0.047227,-0.081164,-0.563564,-0.102939,-0.067323,-0.444416,-0.07674,-0.035249,-0.392122,-0.040638,0.0,0.0,0.0,0.0,0.0,0.0,0.0,0.0,0.0,0.0,0.0,0.0,0.0,0.0,0.0,0.0,0.0,0.0,0.0,0.0,0.0,0.0,0.0,0.0,0.0,0.0,0.0,0.0,0.0,0.0,0.0,0.0,0.0,0.0,0.0,0.0,0.0,0.0,0.0,0.0,0.0,0.0,0.0,0.0,0.0,0.0,0.0,0.0,0.0,0.0,0.0,0.0,0.0,0.0,0.0,0.0,0.0,0.0,0.0,0.0,0.0,0.0,0.0,L
0.0,0.0,0.0,0.148394,-0.023114,-0.109616,0.281951,-0.131697,-0.166505,0.398284,-0.23423,-0.21556,0.513394,-0.254032,-0.258664,0.230556,-0.476264,-0.071849,0.267154,-0.682754,-0.126711,0.27994,-0.826131,-0.144586,0.289103,-0.944724,-0.154644,0.129799,-0.490597,-0.050386,0.103806,-0.608517,-0.131537,0.089259,-0.432807,-0.124603,0.115507,-0.383932,-0.094257,0.036274,-0.483954,-0.044379,0.001558,-0.554437,-0.136186,0.008174,-0.39614,-0.104439,0.044671,-0.37018,-0.055995,-0.052241,-0.468907,-0.048922,-0.082311,-0.564752,-0.106118,-0.06904,-0.44766,-0.080922,-0.038151,-0.394391,-0.045057,0.0,0.0,0.0,0.0,0.0,0.0,0.0,0.0,0.0,0.0,0.0,0.0,0.0,0.0,0.0,0.0,0.0,0.0,0.0,0.0,0.0,0.0,0.0,0.0,0.0,0.0,0.0,0.0,0.0,0.0,0.0,0.0,0.0,0.0,0.0,0.0,0.0,0.0,0.0,0.0,0.0,0.0,0.0,0.0,0.0,0.0,0.0,0.0,0.0,0.0,0.0,0.0,0.0,0.0,0.0,0.0,0.0,0.0,0.0,0.0,0.0,0.0,0.0,L
0.0,0.0,0.0,0.150331,-0.021483,-0.112283,0.284893,-0.130565,-0.168291,0.399442,-0.230758,-0.215608,0.513993,-0.247013,-0.256038,0.230341,-0.480012,-0.0727,0.267252,-0.684197,-0.127996,0.280086,-0.82599,-0.143692,0.291009,-0.944665,-0.151402,0.129938,-0.49234,-0.049939,0.10346,-0.605619,-0.128868,0.088485,-0.427174,-0.117926,0.116233,-0.387465,-0.084625,0.036134,-0.485535,-0.043535,0.004045,-0.54988,-0.135764,0.008826,-0.389471,-0.102974,0.044893,-0.375482,-0.05335,-0.053838,-0.470663,-0.047906,-0.082643,-0.561675,-0.104039,-0.069578,-0.445932,-0.077869,-0.040154,-0.399551,-0.04134,0.0,0.0,0.0,0.0,0.0,0.0,0.0,0.0,0.0,0.0,0.0,0.0,0.0,0.0,0.0,0.0,0.0,0.0,0.0,0.0,0.0,0.0,0.0,0.0,0.0,0.0,0.0,0.0,0.0,0.0,0.0,0.0,0.0,0.0,0.0,0.0,0.0,0.0,0.0,0.0,0.0,0.0,0.0,0.0,0.0,0.0,0.0,0.0,0.0,0.0,0.0,0.0,0.0,0.0,0.0,0.0,0.0,0.0,0.0,0.0,0.0,0.0,0.0,L
0.0,0.0,0.0,0.152567,-0.027841,-0.101588,0.28646,-0.140483,-0.152266,0.399733,-0.236008,-0.196523,0.508584,-0.25014,-0.23508,0.229262,-0.481684,-0.062456,0.266283,-0.686944,-0.114626,0.279459,-0.828022,-0.131436,0.289429,-0.946743,-0.141097,0.128829,-0.491392,-0.044939,0.103773,-0.606802,-0.123379,0.088575,-0.429869,-0.116941,0.112608,-0.38453,-0.087554,0.035516,-0.48155,-0.042485,0.003751,-0.553028,-0.132462,0.009945,-0.393946,-0.102607,0.042426,-0.371676,-0.055784,-0.052639,-0.462585,-0.049991,-0.080396,-0.560903,-0.105364,-0.06681,-0.445245,-0.080324,-0.039444,-0.393059,-0.045025,0.0,0.0,0.0,0.0,0.0,0.0,0.0,0.0,0.0,0.0,0.0,0.0,0.0,0.0,0.0,0.0,0.0,0.0,0.0,0.0,0.0,0.0,0.0,0.0,0.0,0.0,0.0,0.0,0.0,0.0,0.0,0.0,0.0,0.0,0.0,0.0,0.0,0.0,0.0,0.0,0.0,0.0,0.0,0.0,0.0,0.0,0.0,0.0,0.0,0.0,0.0,0.0,0.0,0.0,0.0,0.0,0.0,0.0,0.0,0.0,0.0,0.0,0.0,L
0.0,0.0,0.0,0.149416,-0.023852,-0.114241,0.281926,-0.130492,-0.17385,0.398491,-0.228834,-0.225067,0.513063,-0.242072,-0.268708,0.231351,-0.480466,-0.072656,0.266608,-0.685532,-0.130446,0.278257,-0.82697,-0.146017,0.287665,-0.945499,-0.152579,0.129722,-0.490633,-0.049882,0.10606,-0.611982,-0.13069,0.088687,-0.428893,-0.117839,0.114863,-0.393916,-0.081855,0.035978,-0.483919,-0.044138,0.005154,-0.552999,-0.136689,0.008214,-0.390655,-0.100655,0.043287,-0.380973,-0.048211,-0.053628,-0.470689,-0.049615,-0.082887,-0.567511,-0.103178,-0.072289,-0.452427,-0.073877,-0.044739,-0.407831,-0.035251,0.0,0.0,0.0,0.0,0.0,0.0,0.0,0.0,0.0,0.0,0.0,0.0,0.0,0.0,0.0,0.0,0.0,0.0,0.0,0.0,0.0,0.0,0.0,0.0,0.0,0.0,0.0,0.0,0.0,0.0,0.0,0.0,0.0,0.0,0.0,0.0,0.0,0.0,0.0,0.0,0.0,0.0,0.0,0.0,0.0,0.0,0.0,0.0,0.0,0.0,0.0,0.0,0.0,0.0,0.0,0.0,0.0,0.0,0.0,0.0,0.0,0.0,0.0,L
0.0,0.0,0.0,0.151693,-0.021065,-0.113435,0.289323,-0.129728,-0.164541,0.408027,-0.22446,-0.20508,0.516435,-0.24055,-0.235751,0.23198,-0.484892,-0.068867,0.268401,-0.684776,-0.127598,0.280515,-0.822961,-0.143664,0.292122,-0.944554,-0.149939,0.1302,-0.493023,-0.046534,0.107981,-0.599739,-0.124047,0.092227,-0.408956,-0.109453,0.119474,-0.380158,-0.07351,0.035894,-0.489022,-0.04222,0.006146,-0.551145,-0.135378,0.012948,-0.379255,-0.10054,0.048221,-0.372979,-0.049088,-0.052622,-0.474744,-0.049115,-0.077305,-0.560876,-0.102799,-0.059217,-0.436748,-0.072698,-0.034675,-0.389441,-0.033293,0.0,0.0,0.0,0.0,0.0,0.0,0.0,0.0,0.0,0.0,0.0,0.0,0.0,0.0,0.0,0.0,0.0,0.0,0.0,0.0,0.0,0.0,0.0,0.0,0.0,0.0,0.0,0.0,0.0,0.0,0.0,0.0,0.0,0.0,0.0,0.0,0.0,0.0,0.0,0.0,0.0,0.0,0.0,0.0,0.0,0.0,0.0,0.0,0.0,0.0,0.0,0.0,0.0,0.0,0.0,0.0,0.0,0.0,0.0,0.0,0.0,0.0,0.0,L
0.0,0.0,0.0,0.151619,-0.022816,-0.109174,0.286549,-0.129824,-0.164115,0.403306,-0.215403,-0.211333,0.509799,-0.221773,-0.25159,0.23107,-0.479299,-0.070498,0.268289,-0.68305,-0.127837,0.280313,-0.825913,-0.143904,0.289243,-0.945212,-0.151369,0.130537,-0.490284,-0.049688,0.105349,-0.603454,-0.131645,0.083826,-0.416574,-0.118952,0.107891,-0.374314,-0.083197,0.037274,-0.484471,-0.045483,0.004059,-0.542957,-0.139702,0.00429,-0.376422,-0.104364,0.037289,-0.360727,-0.051982,-0.051946,-0.470369,-0.051943,-0.079918,-0.556654,-0.108469,-0.0696,-0.438227,-0.080785,-0.043078,-0.391776,-0.042803,0.0,0.0,0.0,0.0,0.0,0.0,0.0,0.0,0.0,0.0,0.0,0.0,0.0,0.0,0.0,0.0,0.0,0.0,0.0,0.0,0.0,0.0,0.0,0.0,0.0,0.0,0.0,0.0,0.0,0.0,0.0,0.0,0.0,0.0,0.0,0.0,0.0,0.0,0.0,0.0,0.0,0.0,0.0,0.0,0.0,0.0,0.0,0.0,0.0,0.0,0.0,0.0,0.0,0.0,0.0,0.0,0.0,0.0,0.0,0.0,0.0,0.0,0.0,L
0.0,0.0,0.0,0.151141,-0.029175,-0.102107,0.28359,-0.134232,-0.155045,0.393797,-0.221671,-0.201176,0.499363,-0.232388,-0.24168,0.223454,-0.481446,-0.069623,0.259434,-0.686082,-0.123989,0.272822,-0.828358,-0.141856,0.281994,-0.947304,-0.15197,0.124201,-0.491277,-0.052778,0.102654,-0.599654,-0.129332,0.084446,-0.41997,-0.120234,0.10482,-0.379706,-0.090137,0.031618,-0.482426,-0.050881,0.005268,-0.544886,-0.139529,0.008019,-0.38497,-0.106971,0.036025,-0.368949,-0.059284,-0.057728,-0.461975,-0.059069,-0.082862,-0.555976,-0.11347,-0.066867,-0.44127,-0.086203,-0.040983,-0.39254,-0.049771,0.0,0.0,0.0,0.0,0.0,0.0,0.0,0.0,0.0,0.0,0.0,0.0,0.0,0.0,0.0,0.0,0.0,0.0,0.0,0.0,0.0,0.0,0.0,0.0,0.0,0.0,0.0,0.0,0.0,0.0,0.0,0.0,0.0,0.0,0.0,0.0,0.0,0.0,0.0,0.0,0.0,0.0,0.0,0.0,0.0,0.0,0.0,0.0,0.0,0.0,0.0,0.0,0.0,0.0,0.0,0.0,0.0,0.0,0.0,0.0,0.0,0.0,0.0,L
0.0,0.0,0.0,0.15045,-0.027012,-0.106355,0.284995,-0.133507,-0.159651,0.400135,-0.217985,-0.205434,0.503931,-0.22987,-0.244931,0.222324,-0.48451,-0.068276,0.256093,-0.687768,-0.122089,0.268597,-0.829686,-0.138357,0.277624,-0.949377,-0.146997,0.121648,-0.492246,-0.048718,0.095465,-0.605105,-0.127054,0.082386,-0.426971,-0.117881,0.107517,-0.387064,-0.086397,0.028904,-0.481862,-0.044852,-0.00533,-0.543355,-0.135935,0.00173,-0.38434,-0.104488,0.035537,-0.371521,-0.056383,-0.059239,-0.463731,-0.051257,-0.087762,-0.549687,-0.106839,-0.07321,-0.432975,-0.080723,-0.045971,-0.388071,-0.044819,0.0,0.0,0.0,0.0,0.0,0.0,0.0,0.0,0.0,0.0,0.0,0.0,0.0,0.0,0.0,0.0,0.0,0.0,0.0,0.0,0.0,0.0,0.0,0.0,0.0,0.0,0.0,0.0,0.0,0.0,0.0,0.0,0.0,0.0,0.0,0.0,0.0,0.0,0.0,0.0,0.0,0.0,0.0,0.0,0.0,0.0,0.0,0.0,0.0,0.0,0.0,0.0,0.0,0.0,0.0,0.0,0.0,0.0,0.0,0.0,0.0,0.0,0.0,L
0.0,0.0,0.0,0.154277,-0.025975,-0.100678,0.291965,-0.131618,-0.153234,0.404501,-0.222936,-0.199426,0.507759,-0.232751,-0.24047,0.220669,-0.47697,-0.070962,0.255965,-0.685992,-0.12439,0.26863,-0.830135,-0.140625,0.27615,-0.949378,-0.149745,0.120084,-0.486865,-0.055026,0.095981,-0.604605,-0.133651,0.079421,-0.424257,-0.124493,0.097988,-0.378017,-0.093269,0.026894,-0.477811,-0.053551,-0.001616,-0.544706,-0.142986,0.002374,-0.385303,-0.110247,0.029385,-0.366627,-0.061785,-0.062302,-0.458977,-0.061935,-0.089173,-0.554673,-0.116243,-0.075968,-0.444039,-0.089808,-0.051939,-0.39978,-0.054092,0.0,0.0,0.0,0.0,0.0,0.0,0.0,0.0,0.0,0.0,0.0,0.0,0.0,0.0,0.0,0.0,0.0,0.0,0.0,0.0,0.0,0.0,0.0,0.0,0.0,0.0,0.0,0.0,0.0,0.0,0.0,0.0,0.0,0.0,0.0,0.0,0.0,0.0,0.0,0.0,0.0,0.0,0.0,0.0,0.0,0.0,0.0,0.0,0.0,0.0,0.0,0.0,0.0,0.0,0.0,0.0,0.0,0.0,0.0,0.0,0.0,0.0,0.0,L
0.0,0.0,0.0,0.15137,-0.026952,-0.106202,0.287815,-0.135466,-0.160258,0.404863,-0.223996,-0.206585,0.511261,-0.233633,-0.247523,0.218015,-0.476087,-0.074733,0.250042,-0.686767,-0.128314,0.260153,-0.831557,-0.146845,0.26734,-0.950556,-0.158026,0.121174,-0.483125,-0.054867,0.091495,-0.600399,-0.133867,0.077554,-0.430407,-0.127624,0.102415,-0.380729,-0.099091,0.030717,-0.472163,-0.049832,-0.003844,-0.539359,-0.137901,0.001188,-0.389355,-0.107865,0.034412,-0.367716,-0.061961,-0.0559,-0.453877,-0.055264,-0.086938,-0.542818,-0.109676,-0.073831,-0.435396,-0.085935,-0.044901,-0.391102,-0.052329,0.0,0.0,0.0,0.0,0.0,0.0,0.0,0.0,0.0,0.0,0.0,0.0,0.0,0.0,0.0,0.0,0.0,0.0,0.0,0.0,0.0,0.0,0.0,0.0,0.0,0.0,0.0,0.0,0.0,0.0,0.0,0.0,0.0,0.0,0.0,0.0,0.0,0.0,0.0,0.0,0.0,0.0,0.0,0.0,0.0,0.0,0.0,0.0,0.0,0.0,0.0,0.0,0.0,0.0,0.0,0.0,0.0,0.0,0.0,0.0,0.0,0.0,0.0,L
0.0,0.0,0.0,0.149729,-0.025509,-0.109341,0.283926,-0.136039,-0.164665,0.400002,-0.224286,-0.211271,0.506949,-0.23729,-0.252133,0.211043,-0.482971,-0.07826,0.243258,-0.689124,-0.133006,0.254273,-0.831218,-0.152888,0.262003,-0.950844,-0.165074,0.112269,-0.492398,-0.05696,0.084114,-0.601555,-0.136517,0.072083,-0.431688,-0.1311,0.095532,-0.386911,-0.103516,0.020098,-0.482231,-0.050607,-0.012207,-0.539995,-0.140335,-0.005659,-0.386199,-0.110903,0.027114,-0.36972,-0.065573,-0.067076,-0.464389,-0.054769,-0.093058,-0.544384,-0.111191,-0.079932,-0.43083,-0.087584,-0.053627,-0.389192,-0.053979,0.0,0.0,0.0,0.0,0.0,0.0,0.0,0.0,0.0,0.0,0.0,0.0,0.0,0.0,0.0,0.0,0.0,0.0,0.0,0.0,0.0,0.0,0.0,0.0,0.0,0.0,0.0,0.0,0.0,0.0,0.0,0.0,0.0,0.0,0.0,0.0,0.0,0.0,0.0,0.0,0.0,0.0,0.0,0.0,0.0,0.0,0.0,0.0,0.0,0.0,0.0,0.0,0.0,0.0,0.0,0.0,0.0,0.0,0.0,0.0,0.0,0.0,0.0,L
0.0,0.0,0.0,0.16031,-0.032717,-0.09908,0.298579,-0.143348,-0.148084,0.415566,-0.234,-0.190672,0.519055,-0.241858,-0.228934,0.217066,-0.487673,-0.063563,0.248046,-0.694004,-0.112007,0.257317,-0.838408,-0.129923,0.262475,-0.954543,-0.141262,0.117172,-0.493542,-0.046148,0.088473,-0.610216,-0.120924,0.077226,-0.43914,-0.117163,0.099867,-0.383378,-0.090565,0.025309,-0.478325,-0.042466,-0.008037,-0.547137,-0.127248,-0.002281,-0.397256,-0.100375,0.026777,-0.371122,-0.056423,-0.061519,-0.454133,-0.048487,-0.092578,-0.55284,-0.100848,-0.079233,-0.446485,-0.077088,-0.052526,-0.398371,-0.043342,0.0,0.0,0.0,0.0,0.0,0.0,0.0,0.0,0.0,0.0,0.0,0.0,0.0,0.0,0.0,0.0,0.0,0.0,0.0,0.0,0.0,0.0,0.0,0.0,0.0,0.0,0.0,0.0,0.0,0.0,0.0,0.0,0.0,0.0,0.0,0.0,0.0,0.0,0.0,0.0,0.0,0.0,0.0,0.0,0.0,0.0,0.0,0.0,0.0,0.0,0.0,0.0,0.0,0.0,0.0,0.0,0.0,0.0,0.0,0.0,0.0,0.0,0.0,L
0.0,0.0,0.0,0.156341,-0.026331,-0.099838,0.298898,-0.137881,-0.150025,0.415287,-0.226735,-0.193407,0.519432,-0.236559,-0.232578,0.219605,-0.481878,-0.071986,0.250995,-0.691121,-0.123402,0.258794,-0.833596,-0.143046,0.265896,-0.951346,-0.155693,0.119641,-0.492725,-0.055048,0.091558,-0.605081,-0.13347,0.077041,-0.437401,-0.131262,0.10015,-0.382664,-0.106588,0.026184,-0.481684,-0.051347,-0.005199,-0.547771,-0.139053,-0.002107,-0.39684,-0.111525,0.028463,-0.366767,-0.067711,-0.062562,-0.460768,-0.057293,-0.087727,-0.556744,-0.112253,-0.07833,-0.447134,-0.088163,-0.054561,-0.395353,-0.054163,0.0,0.0,0.0,0.0,0.0,0.0,0.0,0.0,0.0,0.0,0.0,0.0,0.0,0.0,0.0,0.0,0.0,0.0,0.0,0.0,0.0,0.0,0.0,0.0,0.0,0.0,0.0,0.0,0.0,0.0,0.0,0.0,0.0,0.0,0.0,0.0,0.0,0.0,0.0,0.0,0.0,0.0,0.0,0.0,0.0,0.0,0.0,0.0,0.0,0.0,0.0,0.0,0.0,0.0,0.0,0.0,0.0,0.0,0.0,0.0,0.0,0.0,0.0,L
0.0,0.0,0.0,0.154966,-0.029554,-0.102627,0.290722,-0.139817,-0.154116,0.40928,-0.230338,-0.197795,0.517513,-0.240073,-0.23715,0.216401,-0.485767,-0.071402,0.245283,-0.691564,-0.120367,0.255129,-0.835882,-0.13884,0.260333,-0.953633,-0.151032,0.117685,-0.493201,-0.052456,0.094459,-0.608237,-0.125518,0.082368,-0.435216,-0.119977,0.102477,-0.379549,-0.093428,0.026275,-0.479873,-0.047303,-0.001239,-0.549598,-0.131676,0.003717,-0.395794,-0.103293,0.030045,-0.366842,-0.059375,-0.06109,-0.45655,-0.052128,-0.086098,-0.55613,-0.106346,-0.071453,-0.444961,-0.082999,-0.046729,-0.392605,-0.049937,0.0,0.0,0.0,0.0,0.0,0.0,0.0,0.0,0.0,0.0,0.0,0.0,0.0,0.0,0.0,0.0,0.0,0.0,0.0,0.0,0.0,0.0,0.0,0.0,0.0,0.0,0.0,0.0,0.0,0.0,0.0,0.0,0.0,0.0,0.0,0.0,0.0,0.0,0.0,0.0,0.0,0.0,0.0,0.0,0.0,0.0,0.0,0.0,0.0,0.0,0.0,0.0,0.0,0.0,0.0,0.0,0.0,0.0,0.0,0.0,0.0,0.0,0.0,L
0.0,0.0,0.0,0.155797,-0.033056,-0.110646,0.292233,-0.142657,-0.162502,0.411436,-0.230044,-0.204374,0.516117,-0.241863,-0.239011,0.220881,-0.491819,-0.070506,0.248109,-0.693774,-0.121126,0.2561,-0.837017,-0.136803,0.261325,-0.954327,-0.144806,0.120083,-0.494229,-0.047832,0.098978,-0.608663,-0.116662,0.086902,-0.427341,-0.103881,0.112268,-0.383323,-0.071598,0.027195,-0.482279,-0.041418,0.002664,-0.550844,-0.125558,0.006935,-0.391263,-0.093702,0.034922,-0.375376,-0.046585,-0.060985,-0.460804,-0.046028,-0.084372,-0.563008,-0.097414,-0.070242,-0.450977,-0.070597,-0.048563,-0.400354,-0.034906,0.0,0.0,0.0,0.0,0.0,0.0,0.0,0.0,0.0,0.0,0.0,0.0,0.0,0.0,0.0,0.0,0.0,0.0,0.0,0.0,0.0,0.0,0.0,0.0,0.0,0.0,0.0,0.0,0.0,0.0,0.0,0.0,0.0,0.0,0.0,0.0,0.0,0.0,0.0,0.0,0.0,0.0,0.0,0.0,0.0,0.0,0.0,0.0,0.0,0.0,0.0,0.0,0.0,0.0,0.0,0.0,0.0,0.0,0.0,0.0,0.0,0.0,0.0,L
0.0,0.0,0.0,0.15601,-0.029217,-0.109934,0.295407,-0.139997,-0.162916,0.413808,-0.229268,-0.206642,0.518956,-0.24001,-0.243208,0.221255,-0.49113,-0.070929,0.249737,-0.693834,-0.124147,0.25841,-0.835124,-0.140352,0.265321,-0.952681,-0.148336,0.121288,-0.495891,-0.049524,0.102909,-0.60421,-0.12387,0.090175,-0.425764,-0.113083,0.114699,-0.387267,-0.080866,0.028916,-0.485538,-0.044234,0.005642,-0.54792,-0.13279,0.010588,-0.388513,-0.101328,0.04002,-0.375602,-0.053318,-0.059301,-0.465835,-0.049756,-0.079397,-0.556209,-0.103948,-0.064403,-0.440516,-0.077649,-0.041693,-0.39295,-0.041412,0.0,0.0,0.0,0.0,0.0,0.0,0.0,0.0,0.0,0.0,0.0,0.0,0.0,0.0,0.0,0.0,0.0,0.0,0.0,0.0,0.0,0.0,0.0,0.0,0.0,0.0,0.0,0.0,0.0,0.0,0.0,0.0,0.0,0.0,0.0,0.0,0.0,0.0,0.0,0.0,0.0,0.0,0.0,0.0,0.0,0.0,0.0,0.0,0.0,0.0,0.0,0.0,0.0,0.0,0.0,0.0,0.0,0.0,0.0,0.0,0.0,0.0,0.0,L
0.0,0.0,0.0,0.154208,-0.03064,-0.121502,0.290366,-0.139168,-0.17867,0.411515,-0.226238,-0.224193,0.518059,-0.238673,-0.259738,0.221241,-0.494841,-0.076902,0.248716,-0.694874,-0.135858,0.258048,-0.832504,-0.150771,0.265123,-0.951672,-0.155018,0.120113,-0.49341,-0.050637,0.105421,-0.605537,-0.123249,0.096977,-0.413461,-0.104039,0.124473,-0.388508,-0.065148,0.027503,-0.482292,-0.043361,0.008367,-0.547442,-0.13196,0.015439,-0.378776,-0.094104,0.043918,-0.379445,-0.041109,-0.060802,-0.461782,-0.048354,-0.081426,-0.559113,-0.097668,-0.064299,-0.446019,-0.066361,-0.045861,-0.401823,-0.027139,0.0,0.0,0.0,0.0,0.0,0.0,0.0,0.0,0.0,0.0,0.0,0.0,0.0,0.0,0.0,0.0,0.0,0.0,0.0,0.0,0.0,0.0,0.0,0.0,0.0,0.0,0.0,0.0,0.0,0.0,0.0,0.0,0.0,0.0,0.0,0.0,0.0,0.0,0.0,0.0,0.0,0.0,0.0,0.0,0.0,0.0,0.0,0.0,0.0,0.0,0.0,0.0,0.0,0.0,0.0,0.0,0.0,0.0,0.0,0.0,0.0,0.0,0.0,L
0.0,0.0,0.0,0.156204,-0.031689,-0.113428,0.295801,-0.135918,-0.167646,0.414396,-0.216453,-0.211703,0.519092,-0.228958,-0.247697,0.225671,-0.488959,-0.074025,0.254981,-0.690649,-0.130555,0.264583,-0.830899,-0.147153,0.272282,-0.949813,-0.154008,0.12565,-0.492269,-0.052018,0.110253,-0.602206,-0.125698,0.097294,-0.418476,-0.112242,0.119558,-0.383863,-0.078004,0.032558,-0.483762,-0.047264,0.01252,-0.546246,-0.136348,0.017219,-0.380127,-0.103087,0.043935,-0.372618,-0.053454,-0.056758,-0.465375,-0.053704,-0.076827,-0.559074,-0.105911,-0.059987,-0.44067,-0.076969,-0.04022,-0.393361,-0.039143,0.0,0.0,0.0,0.0,0.0,0.0,0.0,0.0,0.0,0.0,0.0,0.0,0.0,0.0,0.0,0.0,0.0,0.0,0.0,0.0,0.0,0.0,0.0,0.0,0.0,0.0,0.0,0.0,0.0,0.0,0.0,0.0,0.0,0.0,0.0,0.0,0.0,0.0,0.0,0.0,0.0,0.0,0.0,0.0,0.0,0.0,0.0,0.0,0.0,0.0,0.0,0.0,0.0,0.0,0.0,0.0,0.0,0.0,0.0,0.0,0.0,0.0,0.0,L
0.0,0.0,0.0,0.160098,-0.02795,-0.121727,0.297331,-0.130329,-0.177133,0.41318,-0.215882,-0.220303,0.51925,-0.22756,-0.253665,0.225377,-0.487,-0.075201,0.25519,-0.688028,-0.133371,0.267212,-0.827265,-0.151157,0.275882,-0.948099,-0.158105,0.125478,-0.486642,-0.048585,0.111947,-0.598325,-0.121377,0.100908,-0.413081,-0.107511,0.124864,-0.384397,-0.072802,0.033751,-0.479088,-0.040661,0.015591,-0.544806,-0.129313,0.020729,-0.376627,-0.096046,0.048179,-0.373302,-0.045978,-0.05304,-0.462958,-0.044888,-0.073341,-0.558176,-0.094753,-0.055293,-0.440524,-0.065331,-0.035214,-0.393503,-0.027316,0.0,0.0,0.0,0.0,0.0,0.0,0.0,0.0,0.0,0.0,0.0,0.0,0.0,0.0,0.0,0.0,0.0,0.0,0.0,0.0,0.0,0.0,0.0,0.0,0.0,0.0,0.0,0.0,0.0,0.0,0.0,0.0,0.0,0.0,0.0,0.0,0.0,0.0,0.0,0.0,0.0,0.0,0.0,0.0,0.0,0.0,0.0,0.0,0.0,0.0,0.0,0.0,0.0,0.0,0.0,0.0,0.0,0.0,0.0,0.0,0.0,0.0,0.0,L
0.0,0.0,0.0,0.156443,-0.028149,-0.117878,0.294291,-0.127747,-0.176136,0.413331,-0.211894,-0.224762,0.520418,-0.223013,-0.265156,0.231805,-0.486127,-0.070674,0.264447,-0.68824,-0.126047,0.276662,-0.830781,-0.141208,0.284063,-0.947583,-0.146269,0.130008,-0.48739,-0.046141,0.11634,-0.602452,-0.120235,0.101143,-0.420096,-0.106416,0.123575,-0.386455,-0.070089,0.037518,-0.479675,-0.039491,0.019476,-0.542685,-0.128534,0.021205,-0.377462,-0.094529,0.047178,-0.369058,-0.042724,-0.049466,-0.465012,-0.044572,-0.066508,-0.560617,-0.094793,-0.053894,-0.443933,-0.064566,-0.034516,-0.396752,-0.024988,0.0,0.0,0.0,0.0,0.0,0.0,0.0,0.0,0.0,0.0,0.0,0.0,0.0,0.0,0.0,0.0,0.0,0.0,0.0,0.0,0.0,0.0,0.0,0.0,0.0,0.0,0.0,0.0,0.0,0.0,0.0,0.0,0.0,0.0,0.0,0.0,0.0,0.0,0.0,0.0,0.0,0.0,0.0,0.0,0.0,0.0,0.0,0.0,0.0,0.0,0.0,0.0,0.0,0.0,0.0,0.0,0.0,0.0,0.0,0.0,0.0,0.0,0.0,L
0.0,0.0,0.0,0.16286,-0.02186,-0.112322,0.306158,-0.128226,-0.163022,0.424928,-0.213318,-0.203608,0.530331,-0.221067,-0.235718,0.234301,-0.487386,-0.069426,0.267599,-0.689117,-0.125726,0.280635,-0.827326,-0.142312,0.289939,-0.945474,-0.148372,0.133681,-0.489288,-0.047381,0.122082,-0.598301,-0.122171,0.107405,-0.411241,-0.110524,0.12892,-0.376311,-0.076477,0.0408,-0.482581,-0.042599,0.023542,-0.543742,-0.133695,0.026767,-0.371737,-0.101919,0.053395,-0.361275,-0.051386,-0.046935,-0.466242,-0.048737,-0.062961,-0.562897,-0.09994,-0.047887,-0.443026,-0.069535,-0.029769,-0.391428,-0.029662,0.0,0.0,0.0,0.0,0.0,0.0,0.0,0.0,0.0,0.0,0.0,0.0,0.0,0.0,0.0,0.0,0.0,0.0,0.0,0.0,0.0,0.0,0.0,0.0,0.0,0.0,0.0,0.0,0.0,0.0,0.0,0.0,0.0,0.0,0.0,0.0,0.0,0.0,0.0,0.0,0.0,0.0,0.0,0.0,0.0,0.0,0.0,0.0,0.0,0.0,0.0,0.0,0.0,0.0,0.0,0.0,0.0,0.0,0.0,0.0,0.0,0.0,0.0,L
0.0,0.0,0.0,0.161473,-0.024158,-0.105248,0.305379,-0.126165,-0.157674,0.426548,-0.21046,-0.20293,0.530355,-0.220252,-0.2414,0.235702,-0.479239,-0.064712,0.267949,-0.684262,-0.119127,0.282022,-0.827008,-0.13439,0.288775,-0.947074,-0.140214,0.133899,-0.486071,-0.045364,0.122268,-0.598682,-0.12041,0.109004,-0.410493,-0.107304,0.127925,-0.37343,-0.071777,0.040413,-0.480094,-0.04207,0.021029,-0.540604,-0.131484,0.026448,-0.368245,-0.095617,0.051469,-0.353668,-0.042635,-0.048866,-0.466555,-0.049067,-0.064895,-0.562835,-0.099511,-0.050058,-0.441342,-0.067218,-0.031502,-0.391049,-0.026097,0.0,0.0,0.0,0.0,0.0,0.0,0.0,0.0,0.0,0.0,0.0,0.0,0.0,0.0,0.0,0.0,0.0,0.0,0.0,0.0,0.0,0.0,0.0,0.0,0.0,0.0,0.0,0.0,0.0,0.0,0.0,0.0,0.0,0.0,0.0,0.0,0.0,0.0,0.0,0.0,0.0,0.0,0.0,0.0,0.0,0.0,0.0,0.0,0.0,0.0,0.0,0.0,0.0,0.0,0.0,0.0,0.0,0.0,0.0,0.0,0.0,0.0,0.0,L
0.0,0.0,0.0,0.157091,-0.024262,-0.11623,0.299051,-0.125572,-0.172185,0.421773,-0.213942,-0.218512,0.528815,-0.225563,-0.256411,0.234649,-0.486339,-0.066657,0.268319,-0.683768,-0.120968,0.282884,-0.827292,-0.136567,0.289737,-0.946493,-0.142136,0.130964,-0.493409,-0.041053,0.122301,-0.60294,-0.110874,0.110149,-0.416236,-0.094355,0.130026,-0.386007,-0.05717,0.035617,-0.486873,-0.03332,0.018857,-0.547488,-0.118739,0.026248,-0.378834,-0.082018,0.051025,-0.370739,-0.029294,-0.055077,-0.472438,-0.037131,-0.065911,-0.563685,-0.084458,-0.050803,-0.448052,-0.052037,-0.037769,-0.404513,-0.011329,0.0,0.0,0.0,0.0,0.0,0.0,0.0,0.0,0.0,0.0,0.0,0.0,0.0,0.0,0.0,0.0,0.0,0.0,0.0,0.0,0.0,0.0,0.0,0.0,0.0,0.0,0.0,0.0,0.0,0.0,0.0,0.0,0.0,0.0,0.0,0.0,0.0,0.0,0.0,0.0,0.0,0.0,0.0,0.0,0.0,0.0,0.0,0.0,0.0,0.0,0.0,0.0,0.0,0.0,0.0,0.0,0.0,0.0,0.0,0.0,0.0,0.0,0.0,L
0.0,0.0,0.0,0.160412,-0.019877,-0.10237,0.303156,-0.127088,-0.152034,0.42321,-0.216399,-0.195074,0.528833,-0.225059,-0.232223,0.233571,-0.482422,-0.05923,0.269222,-0.688208,-0.10874,0.284389,-0.830628,-0.124798,0.291246,-0.947413,-0.132608,0.132445,-0.490887,-0.040558,0.122655,-0.604891,-0.113072,0.110141,-0.431305,-0.105325,0.126112,-0.390208,-0.074943,0.038633,-0.48504,-0.037,0.021649,-0.547803,-0.123011,0.028093,-0.38569,-0.09251,0.051022,-0.363845,-0.044171,-0.050181,-0.470686,-0.043388,-0.060818,-0.566414,-0.093265,-0.046458,-0.451403,-0.06413,-0.030411,-0.400557,-0.025476,0.0,0.0,0.0,0.0,0.0,0.0,0.0,0.0,0.0,0.0,0.0,0.0,0.0,0.0,0.0,0.0,0.0,0.0,0.0,0.0,0.0,0.0,0.0,0.0,0.0,0.0,0.0,0.0,0.0,0.0,0.0,0.0,0.0,0.0,0.0,0.0,0.0,0.0,0.0,0.0,0.0,0.0,0.0,0.0,0.0,0.0,0.0,0.0,0.0,0.0,0.0,0.0,0.0,0.0,0.0,0.0,0.0,0.0,0.0,0.0,0.0,0.0,0.0,L
0.0,0.0,0.0,0.16424,-0.022401,-0.100527,0.310994,-0.127387,-0.150974,0.431671,-0.214528,-0.196193,0.536068,-0.22241,-0.23611,0.238277,-0.482693,-0.057212,0.274495,-0.685349,-0.108988,0.289811,-0.827434,-0.126003,0.296922,-0.945343,-0.134775,0.135923,-0.494266,-0.040578,0.126208,-0.608045,-0.118694,0.112143,-0.427845,-0.112282,0.128213,-0.383063,-0.081301,0.040194,-0.488478,-0.038984,0.019949,-0.549329,-0.130268,0.026389,-0.382196,-0.099045,0.051701,-0.358156,-0.048835,-0.051865,-0.475149,-0.047013,-0.064909,-0.566776,-0.100038,-0.050796,-0.446581,-0.070531,-0.033312,-0.395497,-0.031052,0.0,0.0,0.0,0.0,0.0,0.0,0.0,0.0,0.0,0.0,0.0,0.0,0.0,0.0,0.0,0.0,0.0,0.0,0.0,0.0,0.0,0.0,0.0,0.0,0.0,0.0,0.0,0.0,0.0,0.0,0.0,0.0,0.0,0.0,0.0,0.0,0.0,0.0,0.0,0.0,0.0,0.0,0.0,0.0,0.0,0.0,0.0,0.0,0.0,0.0,0.0,0.0,0.0,0.0,0.0,0.0,0.0,0.0,0.0,0.0,0.0,0.0,0.0,L
0.0,0.0,0.0,0.165073,-0.025289,-0.099284,0.309731,-0.131368,-0.148725,0.43046,-0.221669,-0.192503,0.53505,-0.226766,-0.230573,0.236803,-0.482744,-0.058504,0.272798,-0.685426,-0.109042,0.289171,-0.827931,-0.124278,0.295512,-0.946193,-0.131875,0.133708,-0.493217,-0.041508,0.126492,-0.606985,-0.11197,0.11448,-0.422691,-0.099686,0.129944,-0.385397,-0.067033,0.037886,-0.486395,-0.039803,0.023139,-0.550482,-0.124664,0.030471,-0.382752,-0.089828,0.051604,-0.364404,-0.039743,-0.05426,-0.470962,-0.048024,-0.065283,-0.568762,-0.09774,-0.048145,-0.453176,-0.067768,-0.033051,-0.404075,-0.029504,0.0,0.0,0.0,0.0,0.0,0.0,0.0,0.0,0.0,0.0,0.0,0.0,0.0,0.0,0.0,0.0,0.0,0.0,0.0,0.0,0.0,0.0,0.0,0.0,0.0,0.0,0.0,0.0,0.0,0.0,0.0,0.0,0.0,0.0,0.0,0.0,0.0,0.0,0.0,0.0,0.0,0.0,0.0,0.0,0.0,0.0,0.0,0.0,0.0,0.0,0.0,0.0,0.0,0.0,0.0,0.0,0.0,0.0,0.0,0.0,0.0,0.0,0.0,L
0.0,0.0,0.0,0.163165,-0.027216,-0.104655,0.310586,-0.127389,-0.152981,0.431471,-0.21337,-0.193658,0.538075,-0.225963,-0.228636,0.243446,-0.482578,-0.054979,0.283699,-0.68132,-0.100576,0.300497,-0.824912,-0.117365,0.308433,-0.94269,-0.127297,0.141466,-0.495383,-0.035318,0.134077,-0.616954,-0.10418,0.117247,-0.444145,-0.100201,0.129957,-0.393845,-0.0734,0.044891,-0.489776,-0.030879,0.032228,-0.557141,-0.116317,0.034062,-0.394427,-0.09144,0.054446,-0.368724,-0.047098,-0.047316,-0.473724,-0.036298,-0.053133,-0.567479,-0.086437,-0.041386,-0.453835,-0.060464,-0.029173,-0.40412,-0.024729,0.0,0.0,0.0,0.0,0.0,0.0,0.0,0.0,0.0,0.0,0.0,0.0,0.0,0.0,0.0,0.0,0.0,0.0,0.0,0.0,0.0,0.0,0.0,0.0,0.0,0.0,0.0,0.0,0.0,0.0,0.0,0.0,0.0,0.0,0.0,0.0,0.0,0.0,0.0,0.0,0.0,0.0,0.0,0.0,0.0,0.0,0.0,0.0,0.0,0.0,0.0,0.0,0.0,0.0,0.0,0.0,0.0,0.0,0.0,0.0,0.0,0.0,0.0,L
0.0,0.0,0.0,0.164315,-0.019604,-0.094941,0.312669,-0.127004,-0.139444,0.429969,-0.21935,-0.178555,0.534079,-0.225101,-0.213697,0.238845,-0.477665,-0.053731,0.280228,-0.682584,-0.099807,0.298265,-0.825097,-0.117705,0.305769,-0.943299,-0.129201,0.136713,-0.492344,-0.038929,0.132808,-0.611604,-0.112811,0.116783,-0.441669,-0.112065,0.124079,-0.390677,-0.087273,0.040241,-0.485413,-0.037531,0.026893,-0.547973,-0.125699,0.030404,-0.383964,-0.101186,0.047519,-0.353621,-0.056901,-0.051669,-0.467467,-0.0449,-0.059001,-0.563432,-0.098269,-0.045568,-0.447487,-0.072924,-0.031959,-0.395436,-0.037303,0.0,0.0,0.0,0.0,0.0,0.0,0.0,0.0,0.0,0.0,0.0,0.0,0.0,0.0,0.0,0.0,0.0,0.0,0.0,0.0,0.0,0.0,0.0,0.0,0.0,0.0,0.0,0.0,0.0,0.0,0.0,0.0,0.0,0.0,0.0,0.0,0.0,0.0,0.0,0.0,0.0,0.0,0.0,0.0,0.0,0.0,0.0,0.0,0.0,0.0,0.0,0.0,0.0,0.0,0.0,0.0,0.0,0.0,0.0,0.0,0.0,0.0,0.0,L
0.0,0.0,0.0,0.163529,-0.021363,-0.089521,0.310555,-0.128728,-0.134728,0.428045,-0.21725,-0.176425,0.531693,-0.221324,-0.214786,0.23645,-0.478766,-0.053904,0.279044,-0.685381,-0.100299,0.29744,-0.827297,-0.116326,0.304526,-0.944106,-0.126202,0.133881,-0.492593,-0.042505,0.128904,-0.606163,-0.115437,0.110752,-0.430458,-0.111308,0.117275,-0.38182,-0.084853,0.037303,-0.48497,-0.043977,0.025849,-0.545288,-0.130724,0.02713,-0.380286,-0.102265,0.042254,-0.352782,-0.056316,-0.055483,-0.466366,-0.053882,-0.06349,-0.566563,-0.105922,-0.049832,-0.45058,-0.077781,-0.036006,-0.397893,-0.0406,0.0,0.0,0.0,0.0,0.0,0.0,0.0,0.0,0.0,0.0,0.0,0.0,0.0,0.0,0.0,0.0,0.0,0.0,0.0,0.0,0.0,0.0,0.0,0.0,0.0,0.0,0.0,0.0,0.0,0.0,0.0,0.0,0.0,0.0,0.0,0.0,0.0,0.0,0.0,0.0,0.0,0.0,0.0,0.0,0.0,0.0,0.0,0.0,0.0,0.0,0.0,0.0,0.0,0.0,0.0,0.0,0.0,0.0,0.0,0.0,0.0,0.0,0.0,L
0.0,0.0,0.0,0.162668,-0.023061,-0.101615,0.306767,-0.126809,-0.151099,0.429333,-0.216026,-0.194653,0.537588,-0.225479,-0.232895,0.2396,-0.477994,-0.056805,0.280561,-0.680166,-0.104609,0.298151,-0.824835,-0.119391,0.306204,-0.94342,-0.127269,0.138066,-0.49086,-0.038648,0.127326,-0.611032,-0.11028,0.112869,-0.434684,-0.101064,0.128307,-0.387906,-0.069576,0.042001,-0.484155,-0.035857,0.022174,-0.545747,-0.122625,0.027758,-0.380278,-0.092524,0.051616,-0.356424,-0.044249,-0.048855,-0.469611,-0.042879,-0.063192,-0.566925,-0.094025,-0.051872,-0.455823,-0.067214,-0.035928,-0.409911,-0.030765,0.0,0.0,0.0,0.0,0.0,0.0,0.0,0.0,0.0,0.0,0.0,0.0,0.0,0.0,0.0,0.0,0.0,0.0,0.0,0.0,0.0,0.0,0.0,0.0,0.0,0.0,0.0,0.0,0.0,0.0,0.0,0.0,0.0,0.0,0.0,0.0,0.0,0.0,0.0,0.0,0.0,0.0,0.0,0.0,0.0,0.0,0.0,0.0,0.0,0.0,0.0,0.0,0.0,0.0,0.0,0.0,0.0,0.0,0.0,0.0,0.0,0.0,0.0,L
0.0,0.0,0.0,0.162721,-0.01457,-0.096517,0.310718,-0.121421,-0.14246,0.429372,-0.215643,-0.183454,0.536674,-0.220334,-0.220504,0.23725,-0.472571,-0.057072,0.280977,-0.680898,-0.105637,0.297927,-0.824588,-0.124284,0.305899,-0.942315,-0.135899,0.13676,-0.489441,-0.041704,0.120575,-0.605861,-0.121581,0.104241,-0.4378,-0.122432,0.118259,-0.380619,-0.097614,0.040848,-0.48572,-0.039949,0.016054,-0.546557,-0.131791,0.021148,-0.386938,-0.108922,0.046798,-0.350953,-0.064797,-0.049609,-0.472462,-0.047156,-0.066554,-0.567339,-0.103386,-0.054236,-0.455865,-0.080918,-0.033614,-0.402809,-0.046535,0.0,0.0,0.0,0.0,0.0,0.0,0.0,0.0,0.0,0.0,0.0,0.0,0.0,0.0,0.0,0.0,0.0,0.0,0.0,0.0,0.0,0.0,0.0,0.0,0.0,0.0,0.0,0.0,0.0,0.0,0.0,0.0,0.0,0.0,0.0,0.0,0.0,0.0,0.0,0.0,0.0,0.0,0.0,0.0,0.0,0.0,0.0,0.0,0.0,0.0,0.0,0.0,0.0,0.0,0.0,0.0,0.0,0.0,0.0,0.0,0.0,0.0,0.0,L
0.0,0.0,0.0,0.163369,-0.021395,-0.100039,0.308307,-0.125878,-0.149745,0.428656,-0.218488,-0.194695,0.53887,-0.226102,-0.235406,0.237341,-0.480129,-0.054835,0.279683,-0.683087,-0.103361,0.297532,-0.826471,-0.120055,0.305369,-0.943365,-0.129665,0.135895,-0.495277,-0.038762,0.123845,-0.613252,-0.11644,0.107726,-0.439504,-0.11352,0.12212,-0.390338,-0.08536,0.03985,-0.489047,-0.03742,0.018373,-0.548908,-0.129786,0.024219,-0.384034,-0.104942,0.049443,-0.354737,-0.058627,-0.051593,-0.473929,-0.045465,-0.068894,-0.573382,-0.101987,-0.05405,-0.458902,-0.078602,-0.032297,-0.405845,-0.043224,0.0,0.0,0.0,0.0,0.0,0.0,0.0,0.0,0.0,0.0,0.0,0.0,0.0,0.0,0.0,0.0,0.0,0.0,0.0,0.0,0.0,0.0,0.0,0.0,0.0,0.0,0.0,0.0,0.0,0.0,0.0,0.0,0.0,0.0,0.0,0.0,0.0,0.0,0.0,0.0,0.0,0.0,0.0,0.0,0.0,0.0,0.0,0.0,0.0,0.0,0.0,0.0,0.0,0.0,0.0,0.0,0.0,0.0,0.0,0.0,0.0,0.0,0.0,L
0.0,0.0,0.0,0.160736,-0.027309,-0.107002,0.30083,-0.133137,-0.161178,0.417567,-0.227318,-0.208919,0.528673,-0.237088,-0.250993,0.236735,-0.483351,-0.059117,0.274437,-0.68355,-0.11109,0.290227,-0.828662,-0.127694,0.29692,-0.945219,-0.135648,0.135635,-0.494694,-0.03967,0.118098,-0.615183,-0.116657,0.102591,-0.434406,-0.108392,0.122175,-0.385158,-0.07531,0.040944,-0.487993,-0.036309,0.015156,-0.552383,-0.127499,0.019876,-0.385603,-0.096574,0.046936,-0.36037,-0.045753,-0.049608,-0.472968,-0.043314,-0.070352,-0.57465,-0.097002,-0.058329,-0.457605,-0.068958,-0.038113,-0.405165,-0.029984,0.0,0.0,0.0,0.0,0.0,0.0,0.0,0.0,0.0,0.0,0.0,0.0,0.0,0.0,0.0,0.0,0.0,0.0,0.0,0.0,0.0,0.0,0.0,0.0,0.0,0.0,0.0,0.0,0.0,0.0,0.0,0.0,0.0,0.0,0.0,0.0,0.0,0.0,0.0,0.0,0.0,0.0,0.0,0.0,0.0,0.0,0.0,0.0,0.0,0.0,0.0,0.0,0.0,0.0,0.0,0.0,0.0,0.0,0.0,0.0,0.0,0.0,0.0,L
0.0,0.0,0.0,0.157751,-0.026987,-0.115101,0.296429,-0.135249,-0.172384,0.419215,-0.232159,-0.22122,0.533235,-0.242537,-0.262186,0.240082,-0.489546,-0.063714,0.274711,-0.688303,-0.118193,0.288196,-0.82893,-0.131933,0.297001,-0.945085,-0.136403,0.13926,-0.498304,-0.039956,0.119065,-0.616376,-0.116516,0.102136,-0.428543,-0.101167,0.128659,-0.39068,-0.062174,0.045005,-0.492916,-0.034186,0.01821,-0.552626,-0.125656,0.02215,-0.381504,-0.08975,0.055772,-0.366842,-0.035284,-0.045294,-0.480356,-0.039849,-0.068435,-0.573766,-0.092528,-0.056024,-0.451837,-0.062747,-0.030886,-0.40141,-0.022409,0.0,0.0,0.0,0.0,0.0,0.0,0.0,0.0,0.0,0.0,0.0,0.0,0.0,0.0,0.0,0.0,0.0,0.0,0.0,0.0,0.0,0.0,0.0,0.0,0.0,0.0,0.0,0.0,0.0,0.0,0.0,0.0,0.0,0.0,0.0,0.0,0.0,0.0,0.0,0.0,0.0,0.0,0.0,0.0,0.0,0.0,0.0,0.0,0.0,0.0,0.0,0.0,0.0,0.0,0.0,0.0,0.0,0.0,0.0,0.0,0.0,0.0,0.0,L
0.0,0.0,0.0,0.162366,-0.029552,-0.108489,0.300936,-0.136095,-0.162305,0.416647,-0.229198,-0.208229,0.52646,-0.240208,-0.247396,0.234698,-0.492894,-0.063304,0.270253,-0.690959,-0.114585,0.284114,-0.831221,-0.127821,0.291412,-0.947251,-0.133395,0.133224,-0.501892,-0.043034,0.116043,-0.616504,-0.116869,0.098876,-0.43337,-0.104172,0.119008,-0.397007,-0.069147,0.038862,-0.493422,-0.039295,0.015746,-0.546562,-0.130242,0.019878,-0.376465,-0.098932,0.048322,-0.36541,-0.049034,-0.052285,-0.475525,-0.04595,-0.074128,-0.56437,-0.100729,-0.057265,-0.441256,-0.074299,-0.031835,-0.393656,-0.037282,0.0,0.0,0.0,0.0,0.0,0.0,0.0,0.0,0.0,0.0,0.0,0.0,0.0,0.0,0.0,0.0,0.0,0.0,0.0,0.0,0.0,0.0,0.0,0.0,0.0,0.0,0.0,0.0,0.0,0.0,0.0,0.0,0.0,0.0,0.0,0.0,0.0,0.0,0.0,0.0,0.0,0.0,0.0,0.0,0.0,0.0,0.0,0.0,0.0,0.0,0.0,0.0,0.0,0.0,0.0,0.0,0.0,0.0,0.0,0.0,0.0,0.0,0.0,L
0.0,0.0,0.0,0.157077,-0.029677,-0.116854,0.293974,-0.140135,-0.172335,0.413874,-0.238406,-0.218223,0.527869,-0.248173,-0.255429,0.238108,-0.497232,-0.061477,0.270974,-0.693331,-0.114092,0.282504,-0.831675,-0.126718,0.29013,-0.948011,-0.130769,0.137215,-0.504901,-0.037202,0.121187,-0.617546,-0.10929,0.103189,-0.430381,-0.093804,0.125226,-0.40112,-0.056197,0.043359,-0.499085,-0.031456,0.021963,-0.555004,-0.122186,0.025545,-0.382374,-0.089436,0.054003,-0.375614,-0.03793,-0.04696,-0.484394,-0.037194,-0.067994,-0.574364,-0.090736,-0.051202,-0.449876,-0.062958,-0.026879,-0.401813,-0.02454,0.0,0.0,0.0,0.0,0.0,0.0,0.0,0.0,0.0,0.0,0.0,0.0,0.0,0.0,0.0,0.0,0.0,0.0,0.0,0.0,0.0,0.0,0.0,0.0,0.0,0.0,0.0,0.0,0.0,0.0,0.0,0.0,0.0,0.0,0.0,0.0,0.0,0.0,0.0,0.0,0.0,0.0,0.0,0.0,0.0,0.0,0.0,0.0,0.0,0.0,0.0,0.0,0.0,0.0,0.0,0.0,0.0,0.0,0.0,0.0,0.0,0.0,0.0,L
0.0,0.0,0.0,0.15531,-0.026869,-0.108539,0.293419,-0.132347,-0.165723,0.411636,-0.228431,-0.215785,0.523989,-0.237523,-0.259971,0.234825,-0.482622,-0.067584,0.270114,-0.684753,-0.121864,0.282548,-0.828384,-0.137574,0.288947,-0.946215,-0.145557,0.133434,-0.495726,-0.04823,0.113685,-0.615768,-0.128843,0.095878,-0.431659,-0.118715,0.115972,-0.385558,-0.084766,0.039028,-0.490575,-0.044784,0.013258,-0.553493,-0.139055,0.014461,-0.384631,-0.105055,0.042543,-0.364824,-0.053023,-0.052549,-0.475909,-0.051763,-0.073836,-0.567304,-0.108493,-0.060592,-0.441654,-0.080156,-0.034823,-0.390319,-0.041573,0.0,0.0,0.0,0.0,0.0,0.0,0.0,0.0,0.0,0.0,0.0,0.0,0.0,0.0,0.0,0.0,0.0,0.0,0.0,0.0,0.0,0.0,0.0,0.0,0.0,0.0,0.0,0.0,0.0,0.0,0.0,0.0,0.0,0.0,0.0,0.0,0.0,0.0,0.0,0.0,0.0,0.0,0.0,0.0,0.0,0.0,0.0,0.0,0.0,0.0,0.0,0.0,0.0,0.0,0.0,0.0,0.0,0.0,0.0,0.0,0.0,0.0,0.0,L
0.0,0.0,0.0,0.158602,-0.028959,-0.113181,0.295184,-0.134716,-0.170815,0.411034,-0.230054,-0.219907,0.521236,-0.240208,-0.26217,0.230214,-0.488218,-0.069582,0.265415,-0.687376,-0.125377,0.278127,-0.829177,-0.141692,0.285895,-0.946596,-0.149064,0.129866,-0.496821,-0.047581,0.107537,-0.61105,-0.127406,0.092239,-0.425464,-0.11595,0.115407,-0.382612,-0.080785,0.036493,-0.488174,-0.042593,0.009548,-0.543353,-0.136849,0.014791,-0.373923,-0.104555,0.045234,-0.357083,-0.053352,-0.053464,-0.470902,-0.048528,-0.078134,-0.557824,-0.105305,-0.06226,-0.434233,-0.079122,-0.036311,-0.385145,-0.041785,0.0,0.0,0.0,0.0,0.0,0.0,0.0,0.0,0.0,0.0,0.0,0.0,0.0,0.0,0.0,0.0,0.0,0.0,0.0,0.0,0.0,0.0,0.0,0.0,0.0,0.0,0.0,0.0,0.0,0.0,0.0,0.0,0.0,0.0,0.0,0.0,0.0,0.0,0.0,0.0,0.0,0.0,0.0,0.0,0.0,0.0,0.0,0.0,0.0,0.0,0.0,0.0,0.0,0.0,0.0,0.0,0.0,0.0,0.0,0.0,0.0,0.0,0.0,L
0.0,0.0,0.0,0.155668,-0.031449,-0.120268,0.292243,-0.139287,-0.17709,0.412016,-0.235965,-0.222936,0.523794,-0.249272,-0.258877,0.235464,-0.492614,-0.065435,0.267486,-0.688433,-0.12148,0.278217,-0.827449,-0.134907,0.285663,-0.948176,-0.13914,0.135041,-0.50007,-0.03918,0.114632,-0.612649,-0.112483,0.097851,-0.42036,-0.093441,0.122773,-0.394471,-0.053211,0.040927,-0.49463,-0.032282,0.015243,-0.549908,-0.123112,0.017927,-0.37591,-0.0856,0.04828,-0.377164,-0.031419,-0.049779,-0.480896,-0.037335,-0.072216,-0.563163,-0.089254,-0.057069,-0.438761,-0.058724,-0.034043,-0.399736,-0.018985,0.0,0.0,0.0,0.0,0.0,0.0,0.0,0.0,0.0,0.0,0.0,0.0,0.0,0.0,0.0,0.0,0.0,0.0,0.0,0.0,0.0,0.0,0.0,0.0,0.0,0.0,0.0,0.0,0.0,0.0,0.0,0.0,0.0,0.0,0.0,0.0,0.0,0.0,0.0,0.0,0.0,0.0,0.0,0.0,0.0,0.0,0.0,0.0,0.0,0.0,0.0,0.0,0.0,0.0,0.0,0.0,0.0,0.0,0.0,0.0,0.0,0.0,0.0,L
0.0,0.0,0.0,0.15542,-0.029534,-0.116149,0.290944,-0.139331,-0.172428,0.411267,-0.236842,-0.219092,0.523861,-0.25045,-0.25731,0.234349,-0.491473,-0.067298,0.266059,-0.690709,-0.122208,0.275165,-0.831157,-0.135612,0.280983,-0.94935,-0.140653,0.133284,-0.500175,-0.043496,0.113262,-0.612804,-0.117464,0.09694,-0.421196,-0.10059,0.12315,-0.38931,-0.0628,0.039382,-0.494054,-0.037873,0.013796,-0.552543,-0.12959,0.018028,-0.378789,-0.093738,0.050109,-0.369953,-0.041126,-0.051765,-0.477573,-0.043747,-0.077414,-0.569228,-0.099246,-0.059453,-0.441388,-0.070608,-0.031834,-0.388782,-0.031934,0.0,0.0,0.0,0.0,0.0,0.0,0.0,0.0,0.0,0.0,0.0,0.0,0.0,0.0,0.0,0.0,0.0,0.0,0.0,0.0,0.0,0.0,0.0,0.0,0.0,0.0,0.0,0.0,0.0,0.0,0.0,0.0,0.0,0.0,0.0,0.0,0.0,0.0,0.0,0.0,0.0,0.0,0.0,0.0,0.0,0.0,0.0,0.0,0.0,0.0,0.0,0.0,0.0,0.0,0.0,0.0,0.0,0.0,0.0,0.0,0.0,0.0,0.0,L
0.0,0.0,0.0,0.159457,-0.034423,-0.10909,0.295599,-0.143592,-0.163965,0.411145,-0.23847,-0.211025,0.519469,-0.248871,-0.251628,0.227706,-0.491879,-0.064037,0.259979,-0.693654,-0.114421,0.271065,-0.836209,-0.127784,0.277958,-0.951178,-0.134164,0.127273,-0.499853,-0.043765,0.104949,-0.61371,-0.118663,0.089706,-0.433297,-0.107181,0.112513,-0.39187,-0.073331,0.034112,-0.489663,-0.040009,0.005005,-0.549412,-0.129732,0.011342,-0.386472,-0.099422,0.042251,-0.371892,-0.051265,-0.056483,-0.470868,-0.046861,-0.085028,-0.560192,-0.101719,-0.067489,-0.44175,-0.077024,-0.039524,-0.39531,-0.041808,0.0,0.0,0.0,0.0,0.0,0.0,0.0,0.0,0.0,0.0,0.0,0.0,0.0,0.0,0.0,0.0,0.0,0.0,0.0,0.0,0.0,0.0,0.0,0.0,0.0,0.0,0.0,0.0,0.0,0.0,0.0,0.0,0.0,0.0,0.0,0.0,0.0,0.0,0.0,0.0,0.0,0.0,0.0,0.0,0.0,0.0,0.0,0.0,0.0,0.0,0.0,0.0,0.0,0.0,0.0,0.0,0.0,0.0,0.0,0.0,0.0,0.0,0.0,L
0.0,0.0,0.0,0.154046,-0.034261,-0.113154,0.288291,-0.142953,-0.170851,0.403704,-0.242167,-0.220228,0.514029,-0.256545,-0.262249,0.228774,-0.491251,-0.065076,0.260999,-0.689197,-0.12025,0.270362,-0.832752,-0.135979,0.276944,-0.950202,-0.142891,0.128378,-0.499729,-0.042343,0.105974,-0.614297,-0.121181,0.087007,-0.428601,-0.108562,0.109658,-0.387721,-0.072257,0.034604,-0.491038,-0.036831,0.006607,-0.549503,-0.128722,0.007299,-0.383568,-0.093816,0.036363,-0.368498,-0.041193,-0.057023,-0.47461,-0.042418,-0.080264,-0.560259,-0.09608,-0.069128,-0.440588,-0.067358,-0.046337,-0.395918,-0.028465,0.0,0.0,0.0,0.0,0.0,0.0,0.0,0.0,0.0,0.0,0.0,0.0,0.0,0.0,0.0,0.0,0.0,0.0,0.0,0.0,0.0,0.0,0.0,0.0,0.0,0.0,0.0,0.0,0.0,0.0,0.0,0.0,0.0,0.0,0.0,0.0,0.0,0.0,0.0,0.0,0.0,0.0,0.0,0.0,0.0,0.0,0.0,0.0,0.0,0.0,0.0,0.0,0.0,0.0,0.0,0.0,0.0,0.0,0.0,0.0,0.0,0.0,0.0,L
0.0,0.0,0.0,0.154424,-0.037211,-0.111393,0.288513,-0.14616,-0.169249,0.403065,-0.244126,-0.218681,0.513042,-0.261414,-0.260526,0.223129,-0.491296,-0.070397,0.253089,-0.693975,-0.125942,0.262852,-0.835483,-0.139747,0.268487,-0.952279,-0.145187,0.122844,-0.49719,-0.049036,0.101992,-0.607172,-0.124787,0.087487,-0.416352,-0.108026,0.110218,-0.381229,-0.070737,0.03066,-0.487675,-0.04488,0.00594,-0.550227,-0.1358,0.01196,-0.380645,-0.098698,0.040648,-0.369242,-0.046181,-0.060201,-0.469081,-0.051764,-0.085496,-0.560231,-0.107073,-0.067171,-0.439158,-0.07901,-0.041533,-0.392602,-0.041227,0.0,0.0,0.0,0.0,0.0,0.0,0.0,0.0,0.0,0.0,0.0,0.0,0.0,0.0,0.0,0.0,0.0,0.0,0.0,0.0,0.0,0.0,0.0,0.0,0.0,0.0,0.0,0.0,0.0,0.0,0.0,0.0,0.0,0.0,0.0,0.0,0.0,0.0,0.0,0.0,0.0,0.0,0.0,0.0,0.0,0.0,0.0,0.0,0.0,0.0,0.0,0.0,0.0,0.0,0.0,0.0,0.0,0.0,0.0,0.0,0.0,0.0,0.0,L
0.0,0.0,0.0,0.15401,-0.035728,-0.113367,0.286575,-0.144882,-0.172858,0.399657,-0.242348,-0.223668,0.510271,-0.257764,-0.267051,0.217291,-0.495398,-0.071565,0.24535,-0.693781,-0.127154,0.254393,-0.834762,-0.142367,0.259622,-0.954042,-0.149665,0.115658,-0.500609,-0.049843,0.09533,-0.606257,-0.126429,0.082541,-0.418524,-0.111583,0.104066,-0.387282,-0.075904,0.02232,-0.489532,-0.045209,-0.002169,-0.546635,-0.136104,0.004469,-0.378537,-0.099449,0.032447,-0.374253,-0.047876,-0.068063,-0.469954,-0.051679,-0.089365,-0.550934,-0.105475,-0.072198,-0.428497,-0.076215,-0.049718,-0.389752,-0.038492,0.0,0.0,0.0,0.0,0.0,0.0,0.0,0.0,0.0,0.0,0.0,0.0,0.0,0.0,0.0,0.0,0.0,0.0,0.0,0.0,0.0,0.0,0.0,0.0,0.0,0.0,0.0,0.0,0.0,0.0,0.0,0.0,0.0,0.0,0.0,0.0,0.0,0.0,0.0,0.0,0.0,0.0,0.0,0.0,0.0,0.0,0.0,0.0,0.0,0.0,0.0,0.0,0.0,0.0,0.0,0.0,0.0,0.0,0.0,0.0,0.0,0.0,0.0,L
0.0,0.0,0.0,0.153452,-0.035647,-0.114499,0.285154,-0.145597,-0.175219,0.398072,-0.246041,-0.227564,0.508643,-0.259247,-0.27256,0.217891,-0.491861,-0.072449,0.246421,-0.693832,-0.129649,0.255857,-0.835988,-0.144912,0.26144,-0.953294,-0.151262,0.117465,-0.496067,-0.049979,0.091124,-0.61001,-0.128643,0.079509,-0.423575,-0.113423,0.104889,-0.38655,-0.075795,0.024619,-0.485332,-0.044906,-0.004648,-0.542589,-0.13619,0.003231,-0.377345,-0.09935,0.03548,-0.367203,-0.046084,-0.064395,-0.46675,-0.051239,-0.091655,-0.551359,-0.104556,-0.075452,-0.434217,-0.075875,-0.048791,-0.392974,-0.03755,0.0,0.0,0.0,0.0,0.0,0.0,0.0,0.0,0.0,0.0,0.0,0.0,0.0,0.0,0.0,0.0,0.0,0.0,0.0,0.0,0.0,0.0,0.0,0.0,0.0,0.0,0.0,0.0,0.0,0.0,0.0,0.0,0.0,0.0,0.0,0.0,0.0,0.0,0.0,0.0,0.0,0.0,0.0,0.0,0.0,0.0,0.0,0.0,0.0,0.0,0.0,0.0,0.0,0.0,0.0,0.0,0.0,0.0,0.0,0.0,0.0,0.0,0.0,L
0.0,0.0,0.0,0.149917,-0.032814,-0.118185,0.280287,-0.13987,-0.181922,0.395589,-0.239082,-0.237297,0.508474,-0.259758,-0.285355,0.217691,-0.490104,-0.075706,0.24684,-0.692172,-0.135381,0.255092,-0.834531,-0.15175,0.26055,-0.952405,-0.158238,0.114338,-0.492907,-0.051935,0.09041,-0.606372,-0.134582,0.077572,-0.419387,-0.12139,0.10349,-0.386129,-0.084434,0.020211,-0.480145,-0.045716,-0.008187,-0.538387,-0.141309,-0.001027,-0.373355,-0.105255,0.032235,-0.365018,-0.051648,-0.069337,-0.460753,-0.051013,-0.096942,-0.553436,-0.107649,-0.081093,-0.435113,-0.07894,-0.052706,-0.388186,-0.039802,0.0,0.0,0.0,0.0,0.0,0.0,0.0,0.0,0.0,0.0,0.0,0.0,0.0,0.0,0.0,0.0,0.0,0.0,0.0,0.0,0.0,0.0,0.0,0.0,0.0,0.0,0.0,0.0,0.0,0.0,0.0,0.0,0.0,0.0,0.0,0.0,0.0,0.0,0.0,0.0,0.0,0.0,0.0,0.0,0.0,0.0,0.0,0.0,0.0,0.0,0.0,0.0,0.0,0.0,0.0,0.0,0.0,0.0,0.0,0.0,0.0,0.0,0.0,L
0.0,0.0,0.0,0.156226,-0.030432,-0.116518,0.288727,-0.136902,-0.175725,0.401416,-0.233289,-0.225342,0.511169,-0.249901,-0.267162,0.219475,-0.488043,-0.076182,0.250552,-0.688276,-0.135939,0.257599,-0.830912,-0.153078,0.262399,-0.951483,-0.160707,0.119628,-0.491587,-0.053774,0.092828,-0.599003,-0.134939,0.077645,-0.411723,-0.121838,0.10351,-0.378715,-0.086116,0.026825,-0.481465,-0.049008,-0.004124,-0.535683,-0.144377,0.000372,-0.367602,-0.109321,0.033546,-0.362436,-0.057118,-0.06241,-0.462103,-0.055647,-0.09398,-0.543614,-0.112119,-0.076797,-0.421613,-0.083853,-0.047798,-0.378345,-0.045704,0.0,0.0,0.0,0.0,0.0,0.0,0.0,0.0,0.0,0.0,0.0,0.0,0.0,0.0,0.0,0.0,0.0,0.0,0.0,0.0,0.0,0.0,0.0,0.0,0.0,0.0,0.0,0.0,0.0,0.0,0.0,0.0,0.0,0.0,0.0,0.0,0.0,0.0,0.0,0.0,0.0,0.0,0.0,0.0,0.0,0.0,0.0,0.0,0.0,0.0,0.0,0.0,0.0,0.0,0.0,0.0,0.0,0.0,0.0,0.0,0.0,0.0,0.0,L
0.0,0.0,0.0,0.153628,-0.034295,-0.111787,0.285535,-0.144398,-0.169809,0.398977,-0.242486,-0.219814,0.507052,-0.257764,-0.262922,0.218204,-0.492048,-0.069625,0.248889,-0.69348,-0.125765,0.259449,-0.834968,-0.141151,0.264104,-0.953099,-0.147822,0.116739,-0.496793,-0.048629,0.094033,-0.60638,-0.126183,0.080448,-0.417519,-0.112639,0.100455,-0.384393,-0.077044,0.023582,-0.485028,-0.044554,-0.003423,-0.540838,-0.13658,0.004437,-0.371462,-0.101263,0.031185,-0.361867,-0.049462,-0.066209,-0.46335,-0.051405,-0.092594,-0.549192,-0.106631,-0.072369,-0.42607,-0.077854,-0.047206,-0.379672,-0.039343,0.0,0.0,0.0,0.0,0.0,0.0,0.0,0.0,0.0,0.0,0.0,0.0,0.0,0.0,0.0,0.0,0.0,0.0,0.0,0.0,0.0,0.0,0.0,0.0,0.0,0.0,0.0,0.0,0.0,0.0,0.0,0.0,0.0,0.0,0.0,0.0,0.0,0.0,0.0,0.0,0.0,0.0,0.0,0.0,0.0,0.0,0.0,0.0,0.0,0.0,0.0,0.0,0.0,0.0,0.0,0.0,0.0,0.0,0.0,0.0,0.0,0.0,0.0,L
0.0,0.0,0.0,0.155658,-0.040093,-0.112799,0.286996,-0.147511,-0.167142,0.399954,-0.246449,-0.212466,0.509063,-0.270794,-0.249832,0.224921,-0.491464,-0.062026,0.256837,-0.690671,-0.115945,0.267499,-0.833627,-0.131304,0.273201,-0.952057,-0.137657,0.126075,-0.496414,-0.038598,0.10224,-0.604529,-0.112861,0.088324,-0.419651,-0.099326,0.109886,-0.38052,-0.063544,0.033002,-0.485739,-0.032893,0.005493,-0.540498,-0.122274,0.011854,-0.374443,-0.088587,0.039575,-0.362227,-0.037422,-0.056663,-0.465749,-0.038343,-0.080737,-0.549997,-0.090826,-0.061788,-0.43038,-0.062282,-0.037511,-0.386131,-0.023687,0.0,0.0,0.0,0.0,0.0,0.0,0.0,0.0,0.0,0.0,0.0,0.0,0.0,0.0,0.0,0.0,0.0,0.0,0.0,0.0,0.0,0.0,0.0,0.0,0.0,0.0,0.0,0.0,0.0,0.0,0.0,0.0,0.0,0.0,0.0,0.0,0.0,0.0,0.0,0.0,0.0,0.0,0.0,0.0,0.0,0.0,0.0,0.0,0.0,0.0,0.0,0.0,0.0,0.0,0.0,0.0,0.0,0.0,0.0,0.0,0.0,0.0,0.0,L
0.0,0.0,0.0,0.153634,-0.037837,-0.109355,0.288259,-0.146208,-0.163648,0.397705,-0.251261,-0.210721,0.506112,-0.281399,-0.250559,0.228867,-0.485174,-0.059935,0.261831,-0.683158,-0.117119,0.274745,-0.825414,-0.136542,0.284732,-0.94739,-0.146215,0.13091,-0.49384,-0.038241,0.11276,-0.589688,-0.11775,0.096893,-0.407429,-0.108582,0.118158,-0.370423,-0.076331,0.038507,-0.483275,-0.033642,0.009957,-0.535179,-0.126316,0.014743,-0.369439,-0.092111,0.045321,-0.351979,-0.040775,-0.05175,-0.465619,-0.039805,-0.075385,-0.54905,-0.095216,-0.060661,-0.426815,-0.065985,-0.03685,-0.376224,-0.026378,0.0,0.0,0.0,0.0,0.0,0.0,0.0,0.0,0.0,0.0,0.0,0.0,0.0,0.0,0.0,0.0,0.0,0.0,0.0,0.0,0.0,0.0,0.0,0.0,0.0,0.0,0.0,0.0,0.0,0.0,0.0,0.0,0.0,0.0,0.0,0.0,0.0,0.0,0.0,0.0,0.0,0.0,0.0,0.0,0.0,0.0,0.0,0.0,0.0,0.0,0.0,0.0,0.0,0.0,0.0,0.0,0.0,0.0,0.0,0.0,0.0,0.0,0.0,L
0.0,0.0,0.0,0.141014,-0.040832,-0.092215,0.275951,-0.150031,-0.139127,0.374521,-0.25584,-0.181342,0.479133,-0.298509,-0.219342,0.225924,-0.480123,-0.052023,0.264751,-0.68643,-0.10238,0.283022,-0.824982,-0.128775,0.29598,-0.94382,-0.146969,0.131385,-0.498975,-0.03868,0.123066,-0.595628,-0.121536,0.113781,-0.429812,-0.132099,0.124514,-0.360502,-0.115485,0.040151,-0.492126,-0.037947,0.026751,-0.546638,-0.128163,0.031778,-0.388015,-0.108038,0.049413,-0.337293,-0.067493,-0.046623,-0.472046,-0.04574,-0.054912,-0.556492,-0.103658,-0.039636,-0.43799,-0.081931,-0.019612,-0.37485,-0.04742,0.0,0.0,0.0,0.0,0.0,0.0,0.0,0.0,0.0,0.0,0.0,0.0,0.0,0.0,0.0,0.0,0.0,0.0,0.0,0.0,0.0,0.0,0.0,0.0,0.0,0.0,0.0,0.0,0.0,0.0,0.0,0.0,0.0,0.0,0.0,0.0,0.0,0.0,0.0,0.0,0.0,0.0,0.0,0.0,0.0,0.0,0.0,0.0,0.0,0.0,0.0,0.0,0.0,0.0,0.0,0.0,0.0,0.0,0.0,0.0,0.0,0.0,0.0,L
0.0,0.0,0.0,0.138501,-0.025168,-0.078432,0.273677,-0.133583,-0.117958,0.365408,-0.242762,-0.154209,0.463413,-0.301021,-0.188749,0.233355,-0.446448,-0.062127,0.285425,-0.66581,-0.113611,0.309846,-0.805713,-0.146182,0.328047,-0.929121,-0.170642,0.147856,-0.471481,-0.055644,0.144406,-0.575158,-0.142927,0.131335,-0.432572,-0.166678,0.129736,-0.341304,-0.162705,0.058946,-0.46772,-0.057299,0.056246,-0.539932,-0.143663,0.053715,-0.397492,-0.129809,0.059351,-0.317303,-0.097126,-0.030494,-0.447911,-0.066309,-0.029555,-0.538932,-0.124938,-0.015753,-0.436879,-0.109452,0.000104,-0.359507,-0.080736,0.0,0.0,0.0,0.0,0.0,0.0,0.0,0.0,0.0,0.0,0.0,0.0,0.0,0.0,0.0,0.0,0.0,0.0,0.0,0.0,0.0,0.0,0.0,0.0,0.0,0.0,0.0,0.0,0.0,0.0,0.0,0.0,0.0,0.0,0.0,0.0,0.0,0.0,0.0,0.0,0.0,0.0,0.0,0.0,0.0,0.0,0.0,0.0,0.0,0.0,0.0,0.0,0.0,0.0,0.0,0.0,0.0,0.0,0.0,0.0,0.0,0.0,0.0,L
