0.0,0.0,0.0,-0.004338,-0.356812,0.082048,-0.069011,-0.5407,0.123591,-0.11304,-0.722482,0.128625,-0.148558,-0.906588,0.129497,-0.290306,-0.395062,0.241597,-0.382594,-0.566215,0.275351,-0.420998,-0.728424,0.265392,-0.439592,-0.862932,0.249214,-0.329145,-0.333225,0.171803,-0.439986,-0.523174,0.195081,-0.465099,-0.717788,0.164719,-0.446743,-0.878872,0.138452,-0.350212,-0.278047,0.091741,-0.470477,-0.47304,0.104351,-0.486847,-0.668466,0.085298,-0.474502,-0.825544,0.066866,-0.346485,-0.245677,0.011521,-0.45676,-0.423724,0.014281,-0.484767,-0.581343,0.009829,-0.485877,-0.724456,0.002873,0.0,0.0,0.0,0.0,0.0,0.0,0.0,0.0,0.0,0.0,0.0,0.0,0.0,0.0,0.0,0.0,0.0,0.0,0.0,0.0,0.0,0.0,0.0,0.0,0.0,0.0,0.0,0.0,0.0,0.0,0.0,0.0,0.0,0.0,0.0,0.0,0.0,0.0,0.0,0.0,0.0,0.0,0.0,0.0,0.0,0.0,0.0,0.0,0.0,0.0,0.0,0.0,0.0,0.0,0.0,0.0,0.0,0.0,0.0,0.0,0.0,0.0,0.0,U
0.0,0.0,0.0,-0.002345,-0.36517,0.10719,-0.06483,-0.543718,0.163502,-0.107085,-0.712961,0.178075,-0.142391,-0.891748,0.186832,-0.27628,-0.388506,0.285803,-0.366213,-0.557334,0.336478,-0.403192,-0.717739,0.33242,-0.423929,-0.8484,0.31702,-0.315028,-0.327617,0.204371,-0.423057,-0.518883,0.240953,-0.450294,-0.716228,0.20671,-0.432784,-0.871698,0.174292,-0.33784,-0.274956,0.113845,-0.452613,-0.465953,0.138633,-0.468776,-0.666252,0.114538,-0.459612,-0.822667,0.08866,-0.336837,-0.245312,0.024891,-0.44311,-0.418291,0.035774,-0.468621,-0.576898,0.029283,-0.470081,-0.718127,0.017562,0.0,0.0,0.0,0.0,0.0,0.0,0.0,0.0,0.0,0.0,0.0,0.0,0.0,0.0,0.0,0.0,0.0,0.0,0.0,0.0,0.0,0.0,0.0,0.0,0.0,0.0,0.0,0.0,0.0,0.0,0.0,0.0,0.0,0.0,0.0,0.0,0.0,0.0,0.0,0.0,0.0,0.0,0.0,0.0,0.0,0.0,0.0,0.0,0.0,0.0,0.0,0.0,0.0,0.0,0.0,0.0,0.0,0.0,0.0,0.0,0.0,0.0,0.0,U
0.0,0.0,0.0,-0.000878,-0.357924,0.085269,-0.062991,-0.546948,0.129813,-0.104332,-0.724239,0.137056,-0.141262,-0.9044,0.138937,-0.292328,-0.406334,0.2486,-0.385869,-0.56811,0.284023,-0.42081,-0.729297,0.2716,-0.436157,-0.863665,0.252687,-0.330032,-0.342902,0.17571,-0.443896,-0.521728,0.197369,-0.466696,-0.722628,0.159124,-0.440426,-0.879661,0.126483,-0.350937,-0.280584,0.093016,-0.473496,-0.464892,0.102446,-0.4835,-0.670555,0.074772,-0.462398,-0.828702,0.050712,-0.346368,-0.236208,0.010841,-0.461926,-0.410081,0.008982,-0.483416,-0.571174,-0.000399,-0.474674,-0.712013,-0.010671,0.0,0.0,0.0,0.0,0.0,0.0,0.0,0.0,0.0,0.0,0.0,0.0,0.0,0.0,0.0,0.0,0.0,0.0,0.0,0.0,0.0,0.0,0.0,0.0,0.0,0.0,0.0,0.0,0.0,0.0,0.0,0.0,0.0,0.0,0.0,0.0,0.0,0.0,0.0,0.0,0.0,0.0,0.0,0.0,0.0,0.0,0.0,0.0,0.0,0.0,0.0,0.0,0.0,0.0,0.0,0.0,0.0,0.0,0.0,0.0,0.0,0.0,0.0,U
0.0,0.0,0.0,0.003349,-0.366014,0.117434,-0.055173,-0.545021,0.180135,-0.096213,-0.708343,0.198448,-0.132016,-0.884051,0.210118,-0.269516,-0.398201,0.306015,-0.36184,-0.551971,0.36421,-0.401421,-0.708074,0.363351,-0.422862,-0.836411,0.348719,-0.308772,-0.339504,0.218893,-0.421675,-0.51396,0.25997,-0.448404,-0.712356,0.22382,-0.424793,-0.864936,0.18911,-0.333148,-0.286136,0.122936,-0.45227,-0.461921,0.149347,-0.4649,-0.664487,0.120422,-0.448191,-0.81811,0.090638,-0.334481,-0.249479,0.029391,-0.44202,-0.410148,0.038533,-0.462028,-0.568172,0.027698,-0.454456,-0.706253,0.012554,0.0,0.0,0.0,0.0,0.0,0.0,0.0,0.0,0.0,0.0,0.0,0.0,0.0,0.0,0.0,0.0,0.0,0.0,0.0,0.0,0.0,0.0,0.0,0.0,0.0,0.0,0.0,0.0,0.0,0.0,0.0,0.0,0.0,0.0,0.0,0.0,0.0,0.0,0.0,0.0,0.0,0.0,0.0,0.0,0.0,0.0,0.0,0.0,0.0,0.0,0.0,0.0,0.0,0.0,0.0,0.0,0.0,0.0,0.0,0.0,0.0,0.0,0.0,U
0.0,0.0,0.0,-0.003658,-0.345931,0.066149,-0.070358,-0.542163,0.102092,-0.114189,-0.727033,0.105063,-0.154362,-0.910438,0.104278,-0.29811,-0.413521,0.224862,-0.394802,-0.571301,0.251409,-0.434404,-0.727916,0.236148,-0.454608,-0.863742,0.217443,-0.334279,-0.351591,0.161685,-0.450045,-0.519219,0.181802,-0.482976,-0.710697,0.149436,-0.470668,-0.873212,0.121096,-0.355535,-0.283414,0.086801,-0.478104,-0.456782,0.093758,-0.498328,-0.652208,0.072556,-0.485712,-0.811222,0.054051,-0.353534,-0.228416,0.010584,-0.47079,-0.392169,0.007538,-0.497479,-0.54744,0.002388,-0.491996,-0.687178,-0.003579,0.0,0.0,0.0,0.0,0.0,0.0,0.0,0.0,0.0,0.0,0.0,0.0,0.0,0.0,0.0,0.0,0.0,0.0,0.0,0.0,0.0,0.0,0.0,0.0,0.0,0.0,0.0,0.0,0.0,0.0,0.0,0.0,0.0,0.0,0.0,0.0,0.0,0.0,0.0,0.0,0.0,0.0,0.0,0.0,0.0,0.0,0.0,0.0,0.0,0.0,0.0,0.0,0.0,0.0,0.0,0.0,0.0,0.0,0.0,0.0,0.0,0.0,0.0,U
0.0,0.0,0.0,-0.003962,-0.326253,0.041886,-0.076751,-0.534745,0.069595,-0.126023,-0.725787,0.071909,-0.1687,-0.9105,0.072125,-0.306363,-0.404108,0.182955,-0.397558,-0.573279,0.196303,-0.436413,-0.735359,0.176259,-0.457567,-0.874202,0.156999,-0.342835,-0.347917,0.135768,-0.454909,-0.524467,0.146177,-0.485663,-0.713281,0.115445,-0.477415,-0.874008,0.090467,-0.362526,-0.277755,0.07671,-0.486752,-0.458299,0.07368,-0.506525,-0.647918,0.053055,-0.494247,-0.801081,0.038272,-0.361406,-0.214723,0.015555,-0.478376,-0.380744,0.00432,-0.501942,-0.534793,-0.001606,-0.493954,-0.671596,-0.004936,0.0,0.0,0.0,0.0,0.0,0.0,0.0,0.0,0.0,0.0,0.0,0.0,0.0,0.0,0.0,0.0,0.0,0.0,0.0,0.0,0.0,0.0,0.0,0.0,0.0,0.0,0.0,0.0,0.0,0.0,0.0,0.0,0.0,0.0,0.0,0.0,0.0,0.0,0.0,0.0,0.0,0.0,0.0,0.0,0.0,0.0,0.0,0.0,0.0,0.0,0.0,0.0,0.0,0.0,0.0,0.0,0.0,0.0,0.0,0.0,0.0,0.0,0.0,U
0.0,0.0,0.0,-0.00654,-0.352909,0.073705,-0.078741,-0.53842,0.115424,-0.130961,-0.718459,0.122151,-0.176008,-0.90143,0.123883,-0.29024,-0.393288,0.238043,-0.383274,-0.557836,0.268436,-0.427224,-0.717283,0.254081,-0.455897,-0.854595,0.233897,-0.331568,-0.331928,0.171254,-0.446365,-0.507922,0.191165,-0.479827,-0.705814,0.155369,-0.472255,-0.872823,0.123103,-0.355656,-0.258772,0.092807,-0.480798,-0.445198,0.09448,-0.494589,-0.64852,0.065327,-0.482374,-0.808898,0.040774,-0.357375,-0.199264,0.01453,-0.473803,-0.372818,0.003909,-0.488209,-0.534958,-0.008211,-0.475803,-0.676661,-0.019844,0.0,0.0,0.0,0.0,0.0,0.0,0.0,0.0,0.0,0.0,0.0,0.0,0.0,0.0,0.0,0.0,0.0,0.0,0.0,0.0,0.0,0.0,0.0,0.0,0.0,0.0,0.0,0.0,0.0,0.0,0.0,0.0,0.0,0.0,0.0,0.0,0.0,0.0,0.0,0.0,0.0,0.0,0.0,0.0,0.0,0.0,0.0,0.0,0.0,0.0,0.0,0.0,0.0,0.0,0.0,0.0,0.0,0.0,0.0,0.0,0.0,0.0,0.0,U
0.0,0.0,0.0,-0.006895,-0.353703,0.078597,-0.078511,-0.542674,0.123779,-0.129636,-0.719644,0.134184,-0.170391,-0.899904,0.1398,-0.28803,-0.397435,0.242903,-0.381792,-0.563011,0.278276,-0.424056,-0.722617,0.267304,-0.451883,-0.856173,0.249357,-0.326918,-0.339401,0.17667,-0.438177,-0.518402,0.204189,-0.472183,-0.711155,0.171528,-0.467271,-0.872947,0.140079,-0.348963,-0.276765,0.099632,-0.471041,-0.463236,0.110994,-0.486869,-0.658648,0.084046,-0.478123,-0.814223,0.058604,-0.350812,-0.226563,0.02301,-0.465052,-0.395121,0.021189,-0.483338,-0.547163,0.011645,-0.47416,-0.678898,4.3e-05,0.0,0.0,0.0,0.0,0.0,0.0,0.0,0.0,0.0,0.0,0.0,0.0,0.0,0.0,0.0,0.0,0.0,0.0,0.0,0.0,0.0,0.0,0.0,0.0,0.0,0.0,0.0,0.0,0.0,0.0,0.0,0.0,0.0,0.0,0.0,0.0,0.0,0.0,0.0,0.0,0.0,0.0,0.0,0.0,0.0,0.0,0.0,0.0,0.0,0.0,0.0,0.0,0.0,0.0,0.0,0.0,0.0,0.0,0.0,0.0,0.0,0.0,0.0,U
0.0,0.0,0.0,-0.005212,-0.351388,0.067219,-0.077431,-0.546064,0.109065,-0.127793,-0.723422,0.119517,-0.166597,-0.901557,0.12621,-0.285945,-0.415418,0.222054,-0.379688,-0.571262,0.249884,-0.422343,-0.72334,0.236408,-0.45014,-0.854684,0.218128,-0.325093,-0.358108,0.162271,-0.436141,-0.530196,0.181678,-0.469023,-0.718388,0.149365,-0.462456,-0.878428,0.12041,-0.346852,-0.290811,0.091341,-0.46841,-0.466953,0.09619,-0.487142,-0.65576,0.07025,-0.479647,-0.811273,0.047837,-0.348636,-0.230248,0.020241,-0.461792,-0.39001,0.014865,-0.486303,-0.53598,0.004913,-0.482777,-0.667661,-0.005531,0.0,0.0,0.0,0.0,0.0,0.0,0.0,0.0,0.0,0.0,0.0,0.0,0.0,0.0,0.0,0.0,0.0,0.0,0.0,0.0,0.0,0.0,0.0,0.0,0.0,0.0,0.0,0.0,0.0,0.0,0.0,0.0,0.0,0.0,0.0,0.0,0.0,0.0,0.0,0.0,0.0,0.0,0.0,0.0,0.0,0.0,0.0,0.0,0.0,0.0,0.0,0.0,0.0,0.0,0.0,0.0,0.0,0.0,0.0,0.0,0.0,0.0,0.0,U
0.0,0.0,0.0,-0.005956,-0.353464,0.072223,-0.076556,-0.541062,0.114319,-0.125848,-0.719093,0.122501,-0.16764,-0.899006,0.126432,-0.283359,-0.412211,0.23314,-0.377109,-0.567589,0.260018,-0.420307,-0.72337,0.243675,-0.448028,-0.859226,0.222897,-0.323853,-0.353712,0.16807,-0.437988,-0.526253,0.184774,-0.47049,-0.720158,0.147722,-0.460338,-0.880203,0.115464,-0.347559,-0.283166,0.091503,-0.470656,-0.460679,0.09311,-0.486797,-0.653238,0.063267,-0.474893,-0.807429,0.038389,-0.350786,-0.21983,0.01504,-0.463236,-0.379429,0.006037,-0.482468,-0.527099,-0.006356,-0.472968,-0.658474,-0.018385,0.0,0.0,0.0,0.0,0.0,0.0,0.0,0.0,0.0,0.0,0.0,0.0,0.0,0.0,0.0,0.0,0.0,0.0,0.0,0.0,0.0,0.0,0.0,0.0,0.0,0.0,0.0,0.0,0.0,0.0,0.0,0.0,0.0,0.0,0.0,0.0,0.0,0.0,0.0,0.0,0.0,0.0,0.0,0.0,0.0,0.0,0.0,0.0,0.0,0.0,0.0,0.0,0.0,0.0,0.0,0.0,0.0,0.0,0.0,0.0,0.0,0.0,0.0,U
0.0,0.0,0.0,-0.007233,-0.354505,0.070261,-0.075712,-0.541564,0.110089,-0.124886,-0.71983,0.116457,-0.169186,-0.896963,0.11884,-0.285566,-0.407256,0.227127,-0.380006,-0.567477,0.252863,-0.423108,-0.725782,0.236584,-0.450901,-0.863222,0.216152,-0.324528,-0.34815,0.16307,-0.4391,-0.522067,0.17912,-0.472539,-0.716839,0.142798,-0.463522,-0.879077,0.111226,-0.346112,-0.281648,0.087799,-0.468226,-0.457756,0.091601,-0.487987,-0.650687,0.063991,-0.479522,-0.806713,0.040188,-0.347126,-0.22575,0.012211,-0.459619,-0.384604,0.00636,-0.485428,-0.534498,-0.004511,-0.482276,-0.670747,-0.015816,0.0,0.0,0.0,0.0,0.0,0.0,0.0,0.0,0.0,0.0,0.0,0.0,0.0,0.0,0.0,0.0,0.0,0.0,0.0,0.0,0.0,0.0,0.0,0.0,0.0,0.0,0.0,0.0,0.0,0.0,0.0,0.0,0.0,0.0,0.0,0.0,0.0,0.0,0.0,0.0,0.0,0.0,0.0,0.0,0.0,0.0,0.0,0.0,0.0,0.0,0.0,0.0,0.0,0.0,0.0,0.0,0.0,0.0,0.0,0.0,0.0,0.0,0.0,U
0.0,0.0,0.0,-0.006149,-0.352985,0.077478,-0.075423,-0.537124,0.120291,-0.124955,-0.71474,0.12777,-0.168195,-0.894728,0.130786,-0.284727,-0.400309,0.242624,-0.37842,-0.561585,0.273581,-0.420198,-0.722413,0.258551,-0.447346,-0.861994,0.238428,-0.325099,-0.339656,0.175262,-0.436884,-0.513545,0.198582,-0.471784,-0.70673,0.163449,-0.464944,-0.870263,0.131384,-0.348688,-0.272483,0.096631,-0.4674,-0.450068,0.108013,-0.487541,-0.642693,0.082882,-0.481264,-0.801097,0.058997,-0.350865,-0.217492,0.017738,-0.461017,-0.384046,0.018543,-0.485921,-0.536715,0.011058,-0.484167,-0.675601,0.001051,0.0,0.0,0.0,0.0,0.0,0.0,0.0,0.0,0.0,0.0,0.0,0.0,0.0,0.0,0.0,0.0,0.0,0.0,0.0,0.0,0.0,0.0,0.0,0.0,0.0,0.0,0.0,0.0,0.0,0.0,0.0,0.0,0.0,0.0,0.0,0.0,0.0,0.0,0.0,0.0,0.0,0.0,0.0,0.0,0.0,0.0,0.0,0.0,0.0,0.0,0.0,0.0,0.0,0.0,0.0,0.0,0.0,0.0,0.0,0.0,0.0,0.0,0.0,U
0.0,0.0,0.0,-0.003039,-0.343832,0.056774,-0.073294,-0.537156,0.093106,-0.123177,-0.717815,0.10036,-0.16707,-0.894613,0.103844,-0.291217,-0.409601,0.206263,-0.385576,-0.563172,0.224361,-0.425359,-0.721382,0.203575,-0.449065,-0.859958,0.182467,-0.331195,-0.351129,0.15052,-0.441781,-0.525832,0.164593,-0.47707,-0.71515,0.128621,-0.470508,-0.876898,0.098349,-0.353761,-0.279155,0.08334,-0.47137,-0.45802,0.086412,-0.496677,-0.649199,0.06158,-0.493829,-0.80914,0.041157,-0.354313,-0.211567,0.014882,-0.472478,-0.368109,0.00882,-0.502708,-0.518875,0.001446,-0.503599,-0.662067,-0.005255,0.0,0.0,0.0,0.0,0.0,0.0,0.0,0.0,0.0,0.0,0.0,0.0,0.0,0.0,0.0,0.0,0.0,0.0,0.0,0.0,0.0,0.0,0.0,0.0,0.0,0.0,0.0,0.0,0.0,0.0,0.0,0.0,0.0,0.0,0.0,0.0,0.0,0.0,0.0,0.0,0.0,0.0,0.0,0.0,0.0,0.0,0.0,0.0,0.0,0.0,0.0,0.0,0.0,0.0,0.0,0.0,0.0,0.0,0.0,0.0,0.0,0.0,0.0,U
0.0,0.0,0.0,-0.00335,-0.332614,0.037028,-0.076619,-0.534275,0.062146,-0.126053,-0.719647,0.062899,-0.170823,-0.900166,0.060943,-0.296179,-0.419947,0.163345,-0.391623,-0.575435,0.167478,-0.433942,-0.728241,0.142529,-0.460567,-0.866027,0.119672,-0.335088,-0.358316,0.114953,-0.447638,-0.529218,0.115819,-0.484165,-0.711694,0.081036,-0.482691,-0.874197,0.05282,-0.355111,-0.279591,0.054593,-0.475746,-0.453017,0.043229,-0.502989,-0.633392,0.017512,-0.501781,-0.789948,-0.001222,-0.354677,-0.206324,-0.007901,-0.471818,-0.360248,-0.026286,-0.50579,-0.508034,-0.038243,-0.509392,-0.652094,-0.046867,0.0,0.0,0.0,0.0,0.0,0.0,0.0,0.0,0.0,0.0,0.0,0.0,0.0,0.0,0.0,0.0,0.0,0.0,0.0,0.0,0.0,0.0,0.0,0.0,0.0,0.0,0.0,0.0,0.0,0.0,0.0,0.0,0.0,0.0,0.0,0.0,0.0,0.0,0.0,0.0,0.0,0.0,0.0,0.0,0.0,0.0,0.0,0.0,0.0,0.0,0.0,0.0,0.0,0.0,0.0,0.0,0.0,0.0,0.0,0.0,0.0,0.0,0.0,U
0.0,0.0,0.0,-0.001846,-0.349677,0.062094,-0.073177,-0.537326,0.101196,-0.125823,-0.71651,0.10923,-0.170434,-0.896427,0.113369,-0.286799,-0.405617,0.220417,-0.383599,-0.562474,0.242991,-0.425513,-0.721454,0.223969,-0.451706,-0.860937,0.202852,-0.328731,-0.344297,0.161372,-0.442175,-0.519629,0.17658,-0.477824,-0.71327,0.138568,-0.469185,-0.876631,0.106698,-0.352442,-0.271683,0.090628,-0.471286,-0.449948,0.09462,-0.49421,-0.643976,0.067023,-0.488434,-0.804933,0.044173,-0.353958,-0.206121,0.018843,-0.470406,-0.359766,0.012936,-0.499687,-0.512077,0.002673,-0.499245,-0.657848,-0.006919,0.0,0.0,0.0,0.0,0.0,0.0,0.0,0.0,0.0,0.0,0.0,0.0,0.0,0.0,0.0,0.0,0.0,0.0,0.0,0.0,0.0,0.0,0.0,0.0,0.0,0.0,0.0,0.0,0.0,0.0,0.0,0.0,0.0,0.0,0.0,0.0,0.0,0.0,0.0,0.0,0.0,0.0,0.0,0.0,0.0,0.0,0.0,0.0,0.0,0.0,0.0,0.0,0.0,0.0,0.0,0.0,0.0,0.0,0.0,0.0,0.0,0.0,0.0,U
0.0,0.0,0.0,-0.002268,-0.328026,0.032319,-0.073586,-0.533896,0.055055,-0.124656,-0.721417,0.055028,-0.16571,-0.901276,0.052548,-0.293832,-0.418753,0.156395,-0.388292,-0.571652,0.157045,-0.427088,-0.728769,0.129812,-0.448499,-0.866733,0.106963,-0.332376,-0.359954,0.112391,-0.443847,-0.533681,0.112414,-0.478015,-0.719001,0.07717,-0.473505,-0.879397,0.049532,-0.353664,-0.283519,0.056702,-0.473385,-0.458167,0.047235,-0.501002,-0.642311,0.022452,-0.498413,-0.798606,0.004738,-0.355439,-0.208914,-0.001441,-0.472509,-0.353896,-0.0169,-0.504258,-0.502363,-0.026666,-0.504748,-0.645837,-0.033013,0.0,0.0,0.0,0.0,0.0,0.0,0.0,0.0,0.0,0.0,0.0,0.0,0.0,0.0,0.0,0.0,0.0,0.0,0.0,0.0,0.0,0.0,0.0,0.0,0.0,0.0,0.0,0.0,0.0,0.0,0.0,0.0,0.0,0.0,0.0,0.0,0.0,0.0,0.0,0.0,0.0,0.0,0.0,0.0,0.0,0.0,0.0,0.0,0.0,0.0,0.0,0.0,0.0,0.0,0.0,0.0,0.0,0.0,0.0,0.0,0.0,0.0,0.0,U
0.0,0.0,0.0,-1.6e-05,-0.332606,0.038854,-0.07084,-0.531216,0.067283,-0.123382,-0.714216,0.071391,-0.166456,-0.891682,0.073115,-0.291613,-0.415168,0.174465,-0.384742,-0.570082,0.181317,-0.425227,-0.726188,0.157421,-0.44918,-0.864362,0.135981,-0.330891,-0.357916,0.128217,-0.440907,-0.529114,0.133193,-0.476742,-0.7137,0.099739,-0.475454,-0.87673,0.072722,-0.352935,-0.283764,0.069666,-0.469239,-0.457334,0.062831,-0.496363,-0.643762,0.038407,-0.494381,-0.803227,0.020628,-0.355079,-0.211454,0.008825,-0.47116,-0.353864,-0.005326,-0.501403,-0.506712,-0.015762,-0.500559,-0.657615,-0.023026,0.0,0.0,0.0,0.0,0.0,0.0,0.0,0.0,0.0,0.0,0.0,0.0,0.0,0.0,0.0,0.0,0.0,0.0,0.0,0.0,0.0,0.0,0.0,0.0,0.0,0.0,0.0,0.0,0.0,0.0,0.0,0.0,0.0,0.0,0.0,0.0,0.0,0.0,0.0,0.0,0.0,0.0,0.0,0.0,0.0,0.0,0.0,0.0,0.0,0.0,0.0,0.0,0.0,0.0,0.0,0.0,0.0,0.0,0.0,0.0,0.0,0.0,0.0,U
0.0,0.0,0.0,-0.001334,-0.319371,0.023867,-0.073024,-0.526982,0.040561,-0.125044,-0.715472,0.036439,-0.169726,-0.897169,0.03065,-0.300973,-0.418576,0.139426,-0.39638,-0.572844,0.134863,-0.435928,-0.730315,0.106249,-0.457635,-0.869485,0.083194,-0.33918,-0.35859,0.098807,-0.453952,-0.529282,0.094643,-0.487188,-0.714111,0.061027,-0.482772,-0.875037,0.035235,-0.359425,-0.282079,0.046341,-0.483086,-0.451966,0.032842,-0.510935,-0.636448,0.009292,-0.505643,-0.793131,-0.00659,-0.360459,-0.207477,-0.009125,-0.478461,-0.348617,-0.027621,-0.510819,-0.497722,-0.037664,-0.509151,-0.640583,-0.043398,0.0,0.0,0.0,0.0,0.0,0.0,0.0,0.0,0.0,0.0,0.0,0.0,0.0,0.0,0.0,0.0,0.0,0.0,0.0,0.0,0.0,0.0,0.0,0.0,0.0,0.0,0.0,0.0,0.0,0.0,0.0,0.0,0.0,0.0,0.0,0.0,0.0,0.0,0.0,0.0,0.0,0.0,0.0,0.0,0.0,0.0,0.0,0.0,0.0,0.0,0.0,0.0,0.0,0.0,0.0,0.0,0.0,0.0,0.0,0.0,0.0,0.0,0.0,U
0.0,0.0,0.0,0.003717,-0.294312,0.005188,-0.070367,-0.525479,0.01379,-0.122771,-0.72513,0.007323,-0.169477,-0.910469,0.001906,-0.32051,-0.421367,0.113197,-0.414336,-0.57482,0.101191,-0.450602,-0.731978,0.069791,-0.465316,-0.867611,0.047423,-0.357094,-0.363606,0.084818,-0.472092,-0.532467,0.078313,-0.50413,-0.710645,0.048828,-0.498754,-0.866315,0.027263,-0.377564,-0.289617,0.044096,-0.501831,-0.460798,0.029353,-0.528088,-0.642076,0.011135,-0.515965,-0.79553,0.000685,-0.379511,-0.215358,-0.001005,-0.490451,-0.361503,-0.018268,-0.516915,-0.514036,-0.02368,-0.507046,-0.656096,-0.024168,0.0,0.0,0.0,0.0,0.0,0.0,0.0,0.0,0.0,0.0,0.0,0.0,0.0,0.0,0.0,0.0,0.0,0.0,0.0,0.0,0.0,0.0,0.0,0.0,0.0,0.0,0.0,0.0,0.0,0.0,0.0,0.0,0.0,0.0,0.0,0.0,0.0,0.0,0.0,0.0,0.0,0.0,0.0,0.0,0.0,0.0,0.0,0.0,0.0,0.0,0.0,0.0,0.0,0.0,0.0,0.0,0.0,0.0,0.0,0.0,0.0,0.0,0.0,U
0.0,0.0,0.0,0.000282,-0.323489,0.025925,-0.067325,-0.529609,0.04575,-0.122221,-0.715563,0.044306,-0.167562,-0.900231,0.041001,-0.290314,-0.4145,0.154339,-0.381456,-0.571628,0.156379,-0.422461,-0.726735,0.13026,-0.447351,-0.86178,0.108004,-0.331039,-0.356462,0.114493,-0.440894,-0.532934,0.117408,-0.47683,-0.715647,0.084494,-0.476535,-0.877263,0.05766,-0.354583,-0.281064,0.06225,-0.47198,-0.461288,0.053662,-0.501153,-0.649555,0.030164,-0.500244,-0.810079,0.013008,-0.358701,-0.207638,0.007068,-0.473856,-0.354045,-0.008037,-0.502795,-0.506576,-0.017091,-0.500144,-0.653919,-0.023018,0.0,0.0,0.0,0.0,0.0,0.0,0.0,0.0,0.0,0.0,0.0,0.0,0.0,0.0,0.0,0.0,0.0,0.0,0.0,0.0,0.0,0.0,0.0,0.0,0.0,0.0,0.0,0.0,0.0,0.0,0.0,0.0,0.0,0.0,0.0,0.0,0.0,0.0,0.0,0.0,0.0,0.0,0.0,0.0,0.0,0.0,0.0,0.0,0.0,0.0,0.0,0.0,0.0,0.0,0.0,0.0,0.0,0.0,0.0,0.0,0.0,0.0,0.0,U
0.0,0.0,0.0,-0.001807,-0.327345,0.034444,-0.071764,-0.528954,0.059547,-0.126002,-0.715709,0.060907,-0.171127,-0.897485,0.059972,-0.289536,-0.410303,0.168383,-0.384775,-0.564127,0.173377,-0.425735,-0.720168,0.147807,-0.450008,-0.857846,0.125434,-0.330525,-0.353488,0.123781,-0.444832,-0.527232,0.127255,-0.480141,-0.713177,0.092099,-0.475965,-0.877134,0.063981,-0.354567,-0.279019,0.066932,-0.476337,-0.454497,0.058678,-0.50407,-0.642466,0.032418,-0.499853,-0.803996,0.013445,-0.359467,-0.205869,0.007705,-0.477384,-0.354448,-0.007881,-0.507148,-0.505125,-0.018625,-0.50378,-0.651183,-0.025763,0.0,0.0,0.0,0.0,0.0,0.0,0.0,0.0,0.0,0.0,0.0,0.0,0.0,0.0,0.0,0.0,0.0,0.0,0.0,0.0,0.0,0.0,0.0,0.0,0.0,0.0,0.0,0.0,0.0,0.0,0.0,0.0,0.0,0.0,0.0,0.0,0.0,0.0,0.0,0.0,0.0,0.0,0.0,0.0,0.0,0.0,0.0,0.0,0.0,0.0,0.0,0.0,0.0,0.0,0.0,0.0,0.0,0.0,0.0,0.0,0.0,0.0,0.0,U
0.0,0.0,0.0,-0.001411,-0.327228,0.034245,-0.07264,-0.531579,0.057107,-0.124574,-0.719789,0.056043,-0.167977,-0.902254,0.052085,-0.293555,-0.417648,0.159207,-0.389356,-0.569089,0.160289,-0.428421,-0.724707,0.132688,-0.450873,-0.863275,0.108938,-0.332681,-0.35933,0.112232,-0.447237,-0.528466,0.112339,-0.481516,-0.713676,0.076135,-0.477254,-0.877509,0.046963,-0.355039,-0.283101,0.05337,-0.476937,-0.457975,0.04209,-0.502974,-0.64553,0.015671,-0.498077,-0.806588,-0.003421,-0.357737,-0.209124,-0.007852,-0.478724,-0.357689,-0.02578,-0.510632,-0.510832,-0.036963,-0.5086,-0.658306,-0.044592,0.0,0.0,0.0,0.0,0.0,0.0,0.0,0.0,0.0,0.0,0.0,0.0,0.0,0.0,0.0,0.0,0.0,0.0,0.0,0.0,0.0,0.0,0.0,0.0,0.0,0.0,0.0,0.0,0.0,0.0,0.0,0.0,0.0,0.0,0.0,0.0,0.0,0.0,0.0,0.0,0.0,0.0,0.0,0.0,0.0,0.0,0.0,0.0,0.0,0.0,0.0,0.0,0.0,0.0,0.0,0.0,0.0,0.0,0.0,0.0,0.0,0.0,0.0,U
0.0,0.0,0.0,0.002052,-0.333281,0.03824,-0.066801,-0.532767,0.064973,-0.120366,-0.716831,0.067198,-0.163947,-0.897599,0.066995,-0.284573,-0.414764,0.172174,-0.379457,-0.570849,0.177994,-0.419777,-0.728467,0.1533,-0.442388,-0.867348,0.131509,-0.325572,-0.357791,0.125736,-0.438199,-0.532971,0.129158,-0.472696,-0.719197,0.093922,-0.466974,-0.881794,0.066149,-0.349872,-0.284132,0.067325,-0.468914,-0.462014,0.060206,-0.495998,-0.649335,0.035076,-0.492444,-0.809448,0.016897,-0.354462,-0.212136,0.006717,-0.470878,-0.360056,-0.007328,-0.503308,-0.510027,-0.017577,-0.50436,-0.656814,-0.024549,0.0,0.0,0.0,0.0,0.0,0.0,0.0,0.0,0.0,0.0,0.0,0.0,0.0,0.0,0.0,0.0,0.0,0.0,0.0,0.0,0.0,0.0,0.0,0.0,0.0,0.0,0.0,0.0,0.0,0.0,0.0,0.0,0.0,0.0,0.0,0.0,0.0,0.0,0.0,0.0,0.0,0.0,0.0,0.0,0.0,0.0,0.0,0.0,0.0,0.0,0.0,0.0,0.0,0.0,0.0,0.0,0.0,0.0,0.0,0.0,0.0,0.0,0.0,U
0.0,0.0,0.0,0.002634,-0.325431,0.028752,-0.067791,-0.527984,0.050724,-0.121904,-0.713469,0.050482,-0.166528,-0.89651,0.048314,-0.287838,-0.416128,0.155651,-0.38207,-0.568211,0.156983,-0.422265,-0.723259,0.130502,-0.445733,-0.861262,0.107741,-0.328411,-0.359969,0.113086,-0.440997,-0.531332,0.113157,-0.475205,-0.716479,0.078376,-0.471096,-0.880624,0.050691,-0.352033,-0.28505,0.058201,-0.471613,-0.46052,0.04691,-0.498551,-0.64747,0.020636,-0.494385,-0.808699,0.001985,-0.356525,-0.210389,0.000597,-0.474379,-0.355401,-0.01757,-0.504474,-0.507399,-0.029671,-0.500952,-0.655574,-0.037618,0.0,0.0,0.0,0.0,0.0,0.0,0.0,0.0,0.0,0.0,0.0,0.0,0.0,0.0,0.0,0.0,0.0,0.0,0.0,0.0,0.0,0.0,0.0,0.0,0.0,0.0,0.0,0.0,0.0,0.0,0.0,0.0,0.0,0.0,0.0,0.0,0.0,0.0,0.0,0.0,0.0,0.0,0.0,0.0,0.0,0.0,0.0,0.0,0.0,0.0,0.0,0.0,0.0,0.0,0.0,0.0,0.0,0.0,0.0,0.0,0.0,0.0,0.0,U
0.0,0.0,0.0,0.00102,-0.32795,0.035631,-0.071796,-0.529752,0.061142,-0.124432,-0.715552,0.063033,-0.168274,-0.896871,0.062547,-0.291474,-0.41813,0.163217,-0.386167,-0.574699,0.168196,-0.426021,-0.730567,0.143575,-0.450061,-0.868599,0.121555,-0.33175,-0.358226,0.117371,-0.442831,-0.52832,0.121672,-0.47854,-0.713345,0.088435,-0.475892,-0.877391,0.060928,-0.3539,-0.281008,0.059648,-0.471584,-0.454396,0.052868,-0.499778,-0.636578,0.02842,-0.498518,-0.794953,0.009784,-0.355784,-0.207764,-0.000537,-0.473122,-0.351918,-0.015413,-0.505785,-0.499673,-0.026026,-0.505804,-0.645431,-0.033695,0.0,0.0,0.0,0.0,0.0,0.0,0.0,0.0,0.0,0.0,0.0,0.0,0.0,0.0,0.0,0.0,0.0,0.0,0.0,0.0,0.0,0.0,0.0,0.0,0.0,0.0,0.0,0.0,0.0,0.0,0.0,0.0,0.0,0.0,0.0,0.0,0.0,0.0,0.0,0.0,0.0,0.0,0.0,0.0,0.0,0.0,0.0,0.0,0.0,0.0,0.0,0.0,0.0,0.0,0.0,0.0,0.0,0.0,0.0,0.0,0.0,0.0,0.0,U
0.0,0.0,0.0,0.003847,-0.325468,0.032856,-0.065614,-0.531913,0.056975,-0.118136,-0.717897,0.058205,-0.162713,-0.897714,0.057,-0.287595,-0.427863,0.161494,-0.380778,-0.583342,0.165909,-0.420933,-0.738664,0.141188,-0.443931,-0.875872,0.11951,-0.328454,-0.371514,0.118278,-0.43868,-0.541484,0.122178,-0.472821,-0.722371,0.088821,-0.468361,-0.88136,0.061997,-0.351845,-0.295158,0.063244,-0.47135,-0.468617,0.055502,-0.496423,-0.64803,0.032012,-0.490456,-0.800373,0.015341,-0.354725,-0.219041,0.00576,-0.473404,-0.368302,-0.009539,-0.499812,-0.515659,-0.018548,-0.492774,-0.6552,-0.023861,0.0,0.0,0.0,0.0,0.0,0.0,0.0,0.0,0.0,0.0,0.0,0.0,0.0,0.0,0.0,0.0,0.0,0.0,0.0,0.0,0.0,0.0,0.0,0.0,0.0,0.0,0.0,0.0,0.0,0.0,0.0,0.0,0.0,0.0,0.0,0.0,0.0,0.0,0.0,0.0,0.0,0.0,0.0,0.0,0.0,0.0,0.0,0.0,0.0,0.0,0.0,0.0,0.0,0.0,0.0,0.0,0.0,0.0,0.0,0.0,0.0,0.0,0.0,U
0.0,0.0,0.0,0.00354,-0.325791,0.031421,-0.064515,-0.52611,0.056728,-0.118463,-0.713661,0.059331,-0.164869,-0.893997,0.059911,-0.278979,-0.41825,0.167112,-0.372525,-0.576565,0.172349,-0.414115,-0.731069,0.148234,-0.44016,-0.86771,0.126881,-0.319128,-0.364799,0.124779,-0.427538,-0.541201,0.128297,-0.462485,-0.724143,0.093705,-0.46098,-0.884949,0.066047,-0.343996,-0.291375,0.06979,-0.458066,-0.468603,0.060605,-0.48454,-0.654723,0.034983,-0.481824,-0.812933,0.016967,-0.351291,-0.216421,0.012215,-0.465232,-0.364177,-0.004213,-0.495782,-0.515141,-0.0156,-0.495194,-0.662902,-0.022998,0.0,0.0,0.0,0.0,0.0,0.0,0.0,0.0,0.0,0.0,0.0,0.0,0.0,0.0,0.0,0.0,0.0,0.0,0.0,0.0,0.0,0.0,0.0,0.0,0.0,0.0,0.0,0.0,0.0,0.0,0.0,0.0,0.0,0.0,0.0,0.0,0.0,0.0,0.0,0.0,0.0,0.0,0.0,0.0,0.0,0.0,0.0,0.0,0.0,0.0,0.0,0.0,0.0,0.0,0.0,0.0,0.0,0.0,0.0,0.0,0.0,0.0,0.0,U
0.0,0.0,0.0,0.002238,-0.323127,0.031522,-0.071228,-0.523756,0.055143,-0.124519,-0.710463,0.055735,-0.168496,-0.891288,0.054086,-0.286096,-0.418589,0.158627,-0.38097,-0.573525,0.159812,-0.422018,-0.72864,0.133489,-0.447132,-0.866992,0.110618,-0.326317,-0.361284,0.114092,-0.437867,-0.531607,0.112939,-0.473982,-0.716967,0.077443,-0.472509,-0.879931,0.049568,-0.349396,-0.285205,0.057267,-0.468372,-0.45624,0.044489,-0.495447,-0.640877,0.017939,-0.492169,-0.799404,-0.000348,-0.352669,-0.211137,-0.002056,-0.470078,-0.35759,-0.021142,-0.501894,-0.507589,-0.033511,-0.501128,-0.654194,-0.041595,0.0,0.0,0.0,0.0,0.0,0.0,0.0,0.0,0.0,0.0,0.0,0.0,0.0,0.0,0.0,0.0,0.0,0.0,0.0,0.0,0.0,0.0,0.0,0.0,0.0,0.0,0.0,0.0,0.0,0.0,0.0,0.0,0.0,0.0,0.0,0.0,0.0,0.0,0.0,0.0,0.0,0.0,0.0,0.0,0.0,0.0,0.0,0.0,0.0,0.0,0.0,0.0,0.0,0.0,0.0,0.0,0.0,0.0,0.0,0.0,0.0,0.0,0.0,U
0.0,0.0,0.0,-0.000748,-0.318039,0.032548,-0.074953,-0.528918,0.054817,-0.12431,-0.714677,0.054232,-0.165989,-0.895738,0.05102,-0.291986,-0.428758,0.149527,-0.385943,-0.585189,0.150321,-0.42691,-0.737167,0.124513,-0.454105,-0.873261,0.101311,-0.330775,-0.368554,0.103063,-0.442081,-0.53657,0.102823,-0.478097,-0.718088,0.068822,-0.478329,-0.877253,0.04035,-0.351702,-0.289802,0.045082,-0.471547,-0.460695,0.031933,-0.497196,-0.642846,0.005494,-0.49428,-0.798539,-0.014096,-0.353965,-0.21419,-0.015056,-0.470913,-0.364172,-0.035554,-0.501829,-0.513518,-0.048333,-0.500738,-0.655394,-0.057569,0.0,0.0,0.0,0.0,0.0,0.0,0.0,0.0,0.0,0.0,0.0,0.0,0.0,0.0,0.0,0.0,0.0,0.0,0.0,0.0,0.0,0.0,0.0,0.0,0.0,0.0,0.0,0.0,0.0,0.0,0.0,0.0,0.0,0.0,0.0,0.0,0.0,0.0,0.0,0.0,0.0,0.0,0.0,0.0,0.0,0.0,0.0,0.0,0.0,0.0,0.0,0.0,0.0,0.0,0.0,0.0,0.0,0.0,0.0,0.0,0.0,0.0,0.0,U
0.0,0.0,0.0,-0.000599,-0.329125,0.03443,-0.069981,-0.528794,0.057078,-0.12132,-0.716008,0.055341,-0.167256,-0.898707,0.051118,-0.2886,-0.42073,0.166423,-0.383773,-0.579889,0.169827,-0.42506,-0.737304,0.143312,-0.448908,-0.87645,0.120045,-0.327004,-0.363023,0.11979,-0.441413,-0.532895,0.121223,-0.477368,-0.717582,0.084483,-0.473021,-0.879337,0.05493,-0.349526,-0.287656,0.06086,-0.470567,-0.460348,0.051153,-0.496705,-0.647182,0.024476,-0.48992,-0.806681,0.005089,-0.352358,-0.214875,-0.000608,-0.469087,-0.363002,-0.016895,-0.501111,-0.513499,-0.028422,-0.499266,-0.658574,-0.036542,0.0,0.0,0.0,0.0,0.0,0.0,0.0,0.0,0.0,0.0,0.0,0.0,0.0,0.0,0.0,0.0,0.0,0.0,0.0,0.0,0.0,0.0,0.0,0.0,0.0,0.0,0.0,0.0,0.0,0.0,0.0,0.0,0.0,0.0,0.0,0.0,0.0,0.0,0.0,0.0,0.0,0.0,0.0,0.0,0.0,0.0,0.0,0.0,0.0,0.0,0.0,0.0,0.0,0.0,0.0,0.0,0.0,0.0,0.0,0.0,0.0,0.0,0.0,U
0.0,0.0,0.0,0.001608,-0.321365,0.027857,-0.06923,-0.525741,0.047472,-0.121665,-0.713778,0.044553,-0.166283,-0.89721,0.039509,-0.288772,-0.422968,0.15184,-0.384673,-0.578717,0.151254,-0.427114,-0.733648,0.124196,-0.45147,-0.871995,0.10103,-0.327276,-0.364463,0.107913,-0.44207,-0.531242,0.104692,-0.477294,-0.716916,0.068655,-0.473288,-0.879966,0.040728,-0.348496,-0.288058,0.051769,-0.470763,-0.454953,0.037695,-0.49666,-0.64189,0.011703,-0.490215,-0.801305,-0.006106,-0.350054,-0.21449,-0.007196,-0.466871,-0.358567,-0.026688,-0.499458,-0.508636,-0.03863,-0.499929,-0.654114,-0.04636,0.0,0.0,0.0,0.0,0.0,0.0,0.0,0.0,0.0,0.0,0.0,0.0,0.0,0.0,0.0,0.0,0.0,0.0,0.0,0.0,0.0,0.0,0.0,0.0,0.0,0.0,0.0,0.0,0.0,0.0,0.0,0.0,0.0,0.0,0.0,0.0,0.0,0.0,0.0,0.0,0.0,0.0,0.0,0.0,0.0,0.0,0.0,0.0,0.0,0.0,0.0,0.0,0.0,0.0,0.0,0.0,0.0,0.0,0.0,0.0,0.0,0.0,0.0,U
0.0,0.0,0.0,0.000225,-0.337629,0.048111,-0.070383,-0.531755,0.077622,-0.12154,-0.715302,0.079712,-0.165771,-0.894713,0.078427,-0.283026,-0.424818,0.183751,-0.381769,-0.578991,0.194305,-0.426771,-0.729884,0.172498,-0.455238,-0.86621,0.1508,-0.322905,-0.362213,0.129662,-0.43794,-0.530056,0.134984,-0.476489,-0.715039,0.099953,-0.474291,-0.877496,0.071062,-0.344549,-0.283917,0.063882,-0.465804,-0.45151,0.057009,-0.491684,-0.633857,0.032037,-0.488262,-0.790548,0.012888,-0.344151,-0.211854,-0.003498,-0.461286,-0.358986,-0.01789,-0.492939,-0.507799,-0.028514,-0.493412,-0.652256,-0.037031,0.0,0.0,0.0,0.0,0.0,0.0,0.0,0.0,0.0,0.0,0.0,0.0,0.0,0.0,0.0,0.0,0.0,0.0,0.0,0.0,0.0,0.0,0.0,0.0,0.0,0.0,0.0,0.0,0.0,0.0,0.0,0.0,0.0,0.0,0.0,0.0,0.0,0.0,0.0,0.0,0.0,0.0,0.0,0.0,0.0,0.0,0.0,0.0,0.0,0.0,0.0,0.0,0.0,0.0,0.0,0.0,0.0,0.0,0.0,0.0,0.0,0.0,0.0,U
0.0,0.0,0.0,0.002521,-0.338768,0.05199,-0.068652,-0.530612,0.08315,-0.119446,-0.710901,0.08595,-0.162316,-0.893454,0.085094,-0.283991,-0.422662,0.190886,-0.38136,-0.579675,0.20536,-0.424359,-0.732809,0.184872,-0.451154,-0.870779,0.16345,-0.322383,-0.362631,0.13495,-0.437026,-0.530687,0.144245,-0.474304,-0.717252,0.10937,-0.469384,-0.879381,0.079796,-0.343634,-0.286749,0.06755,-0.464317,-0.455685,0.065138,-0.489587,-0.640774,0.040213,-0.485264,-0.799014,0.019915,-0.342834,-0.217176,-0.001412,-0.460832,-0.365148,-0.012883,-0.492868,-0.515077,-0.023547,-0.493468,-0.659906,-0.032844,0.0,0.0,0.0,0.0,0.0,0.0,0.0,0.0,0.0,0.0,0.0,0.0,0.0,0.0,0.0,0.0,0.0,0.0,0.0,0.0,0.0,0.0,0.0,0.0,0.0,0.0,0.0,0.0,0.0,0.0,0.0,0.0,0.0,0.0,0.0,0.0,0.0,0.0,0.0,0.0,0.0,0.0,0.0,0.0,0.0,0.0,0.0,0.0,0.0,0.0,0.0,0.0,0.0,0.0,0.0,0.0,0.0,0.0,0.0,0.0,0.0,0.0,0.0,U
0.0,0.0,0.0,0.001497,-0.331205,0.041283,-0.068045,-0.532791,0.065446,-0.117781,-0.71522,0.06358,-0.16449,-0.897107,0.058549,-0.290219,-0.426805,0.172848,-0.389169,-0.584578,0.180284,-0.432989,-0.738931,0.15629,-0.458836,-0.878424,0.133572,-0.32781,-0.362296,0.12136,-0.446679,-0.524426,0.124652,-0.484499,-0.708549,0.088525,-0.478305,-0.870148,0.05911,-0.347986,-0.28257,0.058186,-0.474012,-0.447613,0.050148,-0.500602,-0.632871,0.025148,-0.494073,-0.792261,0.006204,-0.34543,-0.209544,-0.007103,-0.464796,-0.357185,-0.022738,-0.497254,-0.507708,-0.033379,-0.496935,-0.652371,-0.041495,0.0,0.0,0.0,0.0,0.0,0.0,0.0,0.0,0.0,0.0,0.0,0.0,0.0,0.0,0.0,0.0,0.0,0.0,0.0,0.0,0.0,0.0,0.0,0.0,0.0,0.0,0.0,0.0,0.0,0.0,0.0,0.0,0.0,0.0,0.0,0.0,0.0,0.0,0.0,0.0,0.0,0.0,0.0,0.0,0.0,0.0,0.0,0.0,0.0,0.0,0.0,0.0,0.0,0.0,0.0,0.0,0.0,0.0,0.0,0.0,0.0,0.0,0.0,U
0.0,0.0,0.0,0.003062,-0.337122,0.053639,-0.066218,-0.534083,0.085242,-0.116362,-0.714727,0.088191,-0.163596,-0.893584,0.08782,-0.286558,-0.424737,0.191596,-0.386215,-0.578828,0.207179,-0.431846,-0.730087,0.18775,-0.459898,-0.866537,0.166842,-0.324961,-0.363789,0.133871,-0.444535,-0.52645,0.142369,-0.482985,-0.713787,0.107147,-0.477451,-0.875238,0.077455,-0.345252,-0.290728,0.064901,-0.471108,-0.454129,0.060204,-0.496612,-0.644335,0.033407,-0.490452,-0.806316,0.012186,-0.344003,-0.226723,-0.005272,-0.464145,-0.376513,-0.018921,-0.49911,-0.527458,-0.031188,-0.502954,-0.673615,-0.041684,0.0,0.0,0.0,0.0,0.0,0.0,0.0,0.0,0.0,0.0,0.0,0.0,0.0,0.0,0.0,0.0,0.0,0.0,0.0,0.0,0.0,0.0,0.0,0.0,0.0,0.0,0.0,0.0,0.0,0.0,0.0,0.0,0.0,0.0,0.0,0.0,0.0,0.0,0.0,0.0,0.0,0.0,0.0,0.0,0.0,0.0,0.0,0.0,0.0,0.0,0.0,0.0,0.0,0.0,0.0,0.0,0.0,0.0,0.0,0.0,0.0,0.0,0.0,U
0.0,0.0,0.0,0.002464,-0.347429,0.077853,-0.063354,-0.535729,0.11972,-0.10923,-0.706463,0.126383,-0.154898,-0.880837,0.128163,-0.272984,-0.423147,0.234052,-0.372441,-0.58001,0.265452,-0.417722,-0.730142,0.252859,-0.446216,-0.863798,0.233974,-0.311268,-0.362423,0.163366,-0.429067,-0.520842,0.185803,-0.468726,-0.708166,0.151426,-0.460833,-0.867458,0.119511,-0.3341,-0.29289,0.081992,-0.456543,-0.453424,0.09113,-0.480387,-0.639636,0.066341,-0.474742,-0.796847,0.042529,-0.3339,-0.234687,0.000372,-0.450568,-0.384976,-0.002324,-0.483092,-0.532825,-0.011361,-0.485962,-0.671547,-0.022648,0.0,0.0,0.0,0.0,0.0,0.0,0.0,0.0,0.0,0.0,0.0,0.0,0.0,0.0,0.0,0.0,0.0,0.0,0.0,0.0,0.0,0.0,0.0,0.0,0.0,0.0,0.0,0.0,0.0,0.0,0.0,0.0,0.0,0.0,0.0,0.0,0.0,0.0,0.0,0.0,0.0,0.0,0.0,0.0,0.0,0.0,0.0,0.0,0.0,0.0,0.0,0.0,0.0,0.0,0.0,0.0,0.0,0.0,0.0,0.0,0.0,0.0,0.0,U
0.0,0.0,0.0,0.003591,-0.342748,0.06713,-0.062105,-0.536811,0.103935,-0.110526,-0.715541,0.108388,-0.155846,-0.893783,0.109337,-0.280038,-0.430854,0.21205,-0.380338,-0.58225,0.235161,-0.428507,-0.729573,0.220111,-0.457754,-0.863545,0.201124,-0.3193,-0.368785,0.146838,-0.441939,-0.525255,0.162309,-0.482363,-0.711653,0.131129,-0.475861,-0.873452,0.103144,-0.341266,-0.295526,0.07048,-0.471081,-0.454201,0.070526,-0.497017,-0.639668,0.046728,-0.488932,-0.79858,0.026385,-0.340562,-0.234443,-0.006456,-0.4588,-0.388702,-0.017027,-0.48853,-0.541324,-0.027286,-0.485629,-0.686064,-0.037164,0.0,0.0,0.0,0.0,0.0,0.0,0.0,0.0,0.0,0.0,0.0,0.0,0.0,0.0,0.0,0.0,0.0,0.0,0.0,0.0,0.0,0.0,0.0,0.0,0.0,0.0,0.0,0.0,0.0,0.0,0.0,0.0,0.0,0.0,0.0,0.0,0.0,0.0,0.0,0.0,0.0,0.0,0.0,0.0,0.0,0.0,0.0,0.0,0.0,0.0,0.0,0.0,0.0,0.0,0.0,0.0,0.0,0.0,0.0,0.0,0.0,0.0,0.0,U
0.0,0.0,0.0,0.004695,-0.34673,0.079623,-0.05638,-0.536335,0.120771,-0.101237,-0.711153,0.126097,-0.14675,-0.890636,0.126669,-0.273701,-0.424226,0.235692,-0.372489,-0.578685,0.267767,-0.419006,-0.728158,0.255277,-0.448237,-0.862127,0.236263,-0.312954,-0.364637,0.163427,-0.433208,-0.520766,0.186438,-0.471688,-0.708034,0.153006,-0.461882,-0.867335,0.121684,-0.336353,-0.296325,0.080606,-0.462716,-0.454644,0.089308,-0.48471,-0.641967,0.065036,-0.474641,-0.798967,0.041923,-0.337065,-0.241294,-0.002377,-0.455577,-0.393163,-0.005978,-0.483964,-0.542789,-0.014643,-0.480614,-0.681606,-0.025195,0.0,0.0,0.0,0.0,0.0,0.0,0.0,0.0,0.0,0.0,0.0,0.0,0.0,0.0,0.0,0.0,0.0,0.0,0.0,0.0,0.0,0.0,0.0,0.0,0.0,0.0,0.0,0.0,0.0,0.0,0.0,0.0,0.0,0.0,0.0,0.0,0.0,0.0,0.0,0.0,0.0,0.0,0.0,0.0,0.0,0.0,0.0,0.0,0.0,0.0,0.0,0.0,0.0,0.0,0.0,0.0,0.0,0.0,0.0,0.0,0.0,0.0,0.0,U
0.0,0.0,0.0,0.005922,-0.337122,0.05645,-0.057783,-0.534358,0.08862,-0.105423,-0.716434,0.091078,-0.149139,-0.899306,0.090341,-0.279399,-0.422779,0.199199,-0.38075,-0.576918,0.219784,-0.429923,-0.724045,0.204177,-0.46124,-0.858445,0.185226,-0.318803,-0.361663,0.139597,-0.440391,-0.517604,0.153962,-0.480602,-0.708188,0.123443,-0.475992,-0.874187,0.096066,-0.340699,-0.288363,0.068348,-0.468067,-0.44628,0.067022,-0.495008,-0.637415,0.043859,-0.489046,-0.79956,0.024505,-0.34022,-0.227924,-0.004279,-0.460942,-0.374085,-0.016114,-0.491775,-0.530616,-0.02626,-0.489474,-0.679772,-0.035518,0.0,0.0,0.0,0.0,0.0,0.0,0.0,0.0,0.0,0.0,0.0,0.0,0.0,0.0,0.0,0.0,0.0,0.0,0.0,0.0,0.0,0.0,0.0,0.0,0.0,0.0,0.0,0.0,0.0,0.0,0.0,0.0,0.0,0.0,0.0,0.0,0.0,0.0,0.0,0.0,0.0,0.0,0.0,0.0,0.0,0.0,0.0,0.0,0.0,0.0,0.0,0.0,0.0,0.0,0.0,0.0,0.0,0.0,0.0,0.0,0.0,0.0,0.0,U
0.0,0.0,0.0,0.008976,-0.325919,0.036916,-0.056219,-0.535577,0.061916,-0.103416,-0.722634,0.063244,-0.142132,-0.906144,0.063011,-0.285395,-0.425322,0.160989,-0.386374,-0.574703,0.168554,-0.437746,-0.721677,0.148246,-0.470259,-0.859403,0.128569,-0.324131,-0.363723,0.113068,-0.446074,-0.51796,0.118411,-0.489313,-0.701676,0.090164,-0.491982,-0.868082,0.066236,-0.34439,-0.287435,0.053281,-0.474179,-0.442652,0.042763,-0.508138,-0.624999,0.020502,-0.508801,-0.78575,0.004567,-0.345399,-0.222244,-0.008666,-0.464095,-0.368774,-0.027064,-0.497168,-0.522064,-0.037657,-0.498599,-0.671136,-0.04488,0.0,0.0,0.0,0.0,0.0,0.0,0.0,0.0,0.0,0.0,0.0,0.0,0.0,0.0,0.0,0.0,0.0,0.0,0.0,0.0,0.0,0.0,0.0,0.0,0.0,0.0,0.0,0.0,0.0,0.0,0.0,0.0,0.0,0.0,0.0,0.0,0.0,0.0,0.0,0.0,0.0,0.0,0.0,0.0,0.0,0.0,0.0,0.0,0.0,0.0,0.0,0.0,0.0,0.0,0.0,0.0,0.0,0.0,0.0,0.0,0.0,0.0,0.0,U
0.0,0.0,0.0,0.005054,-0.334854,0.057797,-0.058197,-0.535165,0.088675,-0.100514,-0.718786,0.090518,-0.141379,-0.900287,0.088733,-0.287789,-0.424285,0.187998,-0.388354,-0.577248,0.205263,-0.437494,-0.721593,0.18825,-0.470245,-0.856217,0.16863,-0.325401,-0.36049,0.126948,-0.446553,-0.518434,0.140404,-0.491988,-0.703366,0.111189,-0.493858,-0.86544,0.084366,-0.344888,-0.282253,0.055121,-0.471839,-0.440211,0.051943,-0.504658,-0.626783,0.029567,-0.505375,-0.786202,0.01085,-0.34163,-0.217672,-0.017621,-0.46231,-0.366276,-0.032273,-0.495012,-0.519729,-0.042346,-0.496,-0.66591,-0.050927,0.0,0.0,0.0,0.0,0.0,0.0,0.0,0.0,0.0,0.0,0.0,0.0,0.0,0.0,0.0,0.0,0.0,0.0,0.0,0.0,0.0,0.0,0.0,0.0,0.0,0.0,0.0,0.0,0.0,0.0,0.0,0.0,0.0,0.0,0.0,0.0,0.0,0.0,0.0,0.0,0.0,0.0,0.0,0.0,0.0,0.0,0.0,0.0,0.0,0.0,0.0,0.0,0.0,0.0,0.0,0.0,0.0,0.0,0.0,0.0,0.0,0.0,0.0,U
0.0,0.0,0.0,0.008426,-0.321547,0.037871,-0.056042,-0.530627,0.060046,-0.102943,-0.720888,0.057969,-0.142407,-0.909002,0.053833,-0.293181,-0.424004,0.158632,-0.394798,-0.577323,0.166074,-0.445634,-0.727083,0.145169,-0.47676,-0.865941,0.124881,-0.330998,-0.358493,0.108717,-0.456865,-0.512624,0.113816,-0.500617,-0.698897,0.084757,-0.500398,-0.863716,0.059974,-0.35009,-0.278351,0.047348,-0.483732,-0.433158,0.036852,-0.516083,-0.620795,0.014095,-0.512395,-0.782981,-0.00256,-0.349029,-0.210266,-0.016034,-0.469244,-0.357899,-0.035518,-0.500355,-0.514312,-0.046867,-0.498244,-0.663906,-0.054594,0.0,0.0,0.0,0.0,0.0,0.0,0.0,0.0,0.0,0.0,0.0,0.0,0.0,0.0,0.0,0.0,0.0,0.0,0.0,0.0,0.0,0.0,0.0,0.0,0.0,0.0,0.0,0.0,0.0,0.0,0.0,0.0,0.0,0.0,0.0,0.0,0.0,0.0,0.0,0.0,0.0,0.0,0.0,0.0,0.0,0.0,0.0,0.0,0.0,0.0,0.0,0.0,0.0,0.0,0.0,0.0,0.0,0.0,0.0,0.0,0.0,0.0,0.0,U
0.0,0.0,0.0,0.006457,-0.351876,0.090582,-0.05589,-0.54379,0.137138,-0.098746,-0.718592,0.14572,-0.138707,-0.899447,0.149014,-0.277314,-0.422882,0.24999,-0.373797,-0.574978,0.288629,-0.420958,-0.721758,0.279803,-0.452537,-0.852356,0.262108,-0.316064,-0.360452,0.171411,-0.433882,-0.51932,0.200486,-0.476428,-0.709064,0.169002,-0.472158,-0.866805,0.137776,-0.339291,-0.29038,0.082695,-0.462185,-0.450603,0.094298,-0.486049,-0.645169,0.069693,-0.481316,-0.804755,0.045522,-0.340293,-0.236413,-0.005398,-0.456898,-0.39001,-0.008062,-0.484647,-0.546749,-0.017582,-0.484724,-0.692644,-0.029415,0.0,0.0,0.0,0.0,0.0,0.0,0.0,0.0,0.0,0.0,0.0,0.0,0.0,0.0,0.0,0.0,0.0,0.0,0.0,0.0,0.0,0.0,0.0,0.0,0.0,0.0,0.0,0.0,0.0,0.0,0.0,0.0,0.0,0.0,0.0,0.0,0.0,0.0,0.0,0.0,0.0,0.0,0.0,0.0,0.0,0.0,0.0,0.0,0.0,0.0,0.0,0.0,0.0,0.0,0.0,0.0,0.0,0.0,0.0,0.0,0.0,0.0,0.0,U
0.0,0.0,0.0,0.006523,-0.326766,0.036086,-0.060197,-0.53445,0.058801,-0.105863,-0.724519,0.057053,-0.148009,-0.908668,0.053048,-0.28728,-0.43636,0.163709,-0.384378,-0.596634,0.170948,-0.428942,-0.745754,0.149139,-0.455526,-0.880937,0.12824,-0.325172,-0.372944,0.115545,-0.442465,-0.531947,0.118044,-0.478308,-0.712561,0.085573,-0.473635,-0.873702,0.059636,-0.345777,-0.295093,0.055494,-0.471932,-0.458386,0.044609,-0.499846,-0.641275,0.021363,-0.49464,-0.79963,0.00507,-0.345703,-0.22601,-0.006902,-0.46351,-0.374315,-0.024388,-0.497952,-0.525838,-0.034749,-0.499973,-0.673522,-0.041831,0.0,0.0,0.0,0.0,0.0,0.0,0.0,0.0,0.0,0.0,0.0,0.0,0.0,0.0,0.0,0.0,0.0,0.0,0.0,0.0,0.0,0.0,0.0,0.0,0.0,0.0,0.0,0.0,0.0,0.0,0.0,0.0,0.0,0.0,0.0,0.0,0.0,0.0,0.0,0.0,0.0,0.0,0.0,0.0,0.0,0.0,0.0,0.0,0.0,0.0,0.0,0.0,0.0,0.0,0.0,0.0,0.0,0.0,0.0,0.0,0.0,0.0,0.0,U
0.0,0.0,0.0,0.008598,-0.335799,0.043716,-0.056993,-0.542175,0.069627,-0.103526,-0.733828,0.068834,-0.144151,-0.917287,0.065279,-0.284076,-0.438336,0.177607,-0.376637,-0.597743,0.187957,-0.413043,-0.751803,0.166071,-0.42925,-0.886532,0.144804,-0.322419,-0.376005,0.125556,-0.435006,-0.547915,0.128316,-0.459206,-0.736584,0.091625,-0.440785,-0.895376,0.063326,-0.343163,-0.303302,0.062151,-0.462931,-0.482911,0.053468,-0.477649,-0.677331,0.026549,-0.460779,-0.835772,0.007313,-0.341745,-0.23995,-0.003013,-0.458356,-0.393673,-0.018466,-0.485359,-0.547415,-0.030484,-0.480425,-0.693747,-0.039211,0.0,0.0,0.0,0.0,0.0,0.0,0.0,0.0,0.0,0.0,0.0,0.0,0.0,0.0,0.0,0.0,0.0,0.0,0.0,0.0,0.0,0.0,0.0,0.0,0.0,0.0,0.0,0.0,0.0,0.0,0.0,0.0,0.0,0.0,0.0,0.0,0.0,0.0,0.0,0.0,0.0,0.0,0.0,0.0,0.0,0.0,0.0,0.0,0.0,0.0,0.0,0.0,0.0,0.0,0.0,0.0,0.0,0.0,0.0,0.0,0.0,0.0,0.0,U
0.0,0.0,0.0,0.008867,-0.323494,0.028515,-0.061315,-0.541501,0.047609,-0.108737,-0.744781,0.043876,-0.146211,-0.93207,0.038732,-0.299009,-0.435098,0.153019,-0.395712,-0.593637,0.153557,-0.427931,-0.753287,0.126793,-0.435821,-0.887134,0.104154,-0.335414,-0.372732,0.110031,-0.455968,-0.543947,0.103154,-0.4733,-0.736658,0.064585,-0.447892,-0.893321,0.03701,-0.356474,-0.295845,0.055372,-0.486933,-0.477632,0.038325,-0.497234,-0.677261,0.008713,-0.470304,-0.832176,-0.009911,-0.35905,-0.224839,-0.001623,-0.478325,-0.379268,-0.023754,-0.502166,-0.536537,-0.038881,-0.48941,-0.680947,-0.047932,0.0,0.0,0.0,0.0,0.0,0.0,0.0,0.0,0.0,0.0,0.0,0.0,0.0,0.0,0.0,0.0,0.0,0.0,0.0,0.0,0.0,0.0,0.0,0.0,0.0,0.0,0.0,0.0,0.0,0.0,0.0,0.0,0.0,0.0,0.0,0.0,0.0,0.0,0.0,0.0,0.0,0.0,0.0,0.0,0.0,0.0,0.0,0.0,0.0,0.0,0.0,0.0,0.0,0.0,0.0,0.0,0.0,0.0,0.0,0.0,0.0,0.0,0.0,U
0.0,0.0,0.0,0.010393,-0.323923,0.023795,-0.056008,-0.552245,0.035907,-0.101209,-0.758253,0.026444,-0.133046,-0.951404,0.014993,-0.299941,-0.450364,0.128267,-0.401402,-0.606633,0.122366,-0.432278,-0.76434,0.09386,-0.436342,-0.896993,0.070776,-0.335598,-0.381439,0.085657,-0.461698,-0.547511,0.07423,-0.4778,-0.738194,0.036439,-0.447592,-0.889897,0.009853,-0.354937,-0.299793,0.032662,-0.492584,-0.470843,0.013565,-0.504909,-0.667385,-0.014318,-0.476988,-0.820878,-0.031795,-0.353476,-0.224807,-0.022764,-0.477549,-0.369266,-0.046511,-0.502096,-0.530839,-0.060966,-0.486072,-0.678554,-0.069195,0.0,0.0,0.0,0.0,0.0,0.0,0.0,0.0,0.0,0.0,0.0,0.0,0.0,0.0,0.0,0.0,0.0,0.0,0.0,0.0,0.0,0.0,0.0,0.0,0.0,0.0,0.0,0.0,0.0,0.0,0.0,0.0,0.0,0.0,0.0,0.0,0.0,0.0,0.0,0.0,0.0,0.0,0.0,0.0,0.0,0.0,0.0,0.0,0.0,0.0,0.0,0.0,0.0,0.0,0.0,0.0,0.0,0.0,0.0,0.0,0.0,0.0,0.0,U
0.0,0.0,0.0,0.011226,-0.326341,0.025814,-0.053123,-0.550243,0.039886,-0.097394,-0.759148,0.031475,-0.129166,-0.95482,0.021053,-0.297195,-0.449932,0.14128,-0.396965,-0.607794,0.140167,-0.425965,-0.766385,0.112622,-0.43051,-0.898149,0.08938,-0.333859,-0.384057,0.098575,-0.456463,-0.552613,0.09165,-0.471307,-0.742422,0.053283,-0.441008,-0.893641,0.025506,-0.355661,-0.304704,0.045081,-0.489903,-0.481522,0.030313,-0.500496,-0.677942,0.001769,-0.472313,-0.830647,-0.016953,-0.356849,-0.232826,-0.010971,-0.478834,-0.386599,-0.030789,-0.501446,-0.549298,-0.044543,-0.484763,-0.697761,-0.053039,0.0,0.0,0.0,0.0,0.0,0.0,0.0,0.0,0.0,0.0,0.0,0.0,0.0,0.0,0.0,0.0,0.0,0.0,0.0,0.0,0.0,0.0,0.0,0.0,0.0,0.0,0.0,0.0,0.0,0.0,0.0,0.0,0.0,0.0,0.0,0.0,0.0,0.0,0.0,0.0,0.0,0.0,0.0,0.0,0.0,0.0,0.0,0.0,0.0,0.0,0.0,0.0,0.0,0.0,0.0,0.0,0.0,0.0,0.0,0.0,0.0,0.0,0.0,U
0.0,0.0,0.0,0.013415,-0.305462,0.007278,-0.05645,-0.547213,0.014495,-0.101978,-0.760975,0.004128,-0.132328,-0.956935,-0.006334,-0.307908,-0.450505,0.110919,-0.409725,-0.60072,0.098551,-0.438007,-0.758313,0.067108,-0.439793,-0.887731,0.04366,-0.344424,-0.386161,0.077982,-0.469355,-0.554459,0.062507,-0.484191,-0.743683,0.025317,-0.454351,-0.890823,0.000121,-0.366958,-0.307958,0.033524,-0.50019,-0.485919,0.011388,-0.512651,-0.684146,-0.016577,-0.481793,-0.834998,-0.032667,-0.372811,-0.231135,-0.014701,-0.490713,-0.378133,-0.039227,-0.516377,-0.540361,-0.053941,-0.499574,-0.686505,-0.061394,0.0,0.0,0.0,0.0,0.0,0.0,0.0,0.0,0.0,0.0,0.0,0.0,0.0,0.0,0.0,0.0,0.0,0.0,0.0,0.0,0.0,0.0,0.0,0.0,0.0,0.0,0.0,0.0,0.0,0.0,0.0,0.0,0.0,0.0,0.0,0.0,0.0,0.0,0.0,0.0,0.0,0.0,0.0,0.0,0.0,0.0,0.0,0.0,0.0,0.0,0.0,0.0,0.0,0.0,0.0,0.0,0.0,0.0,0.0,0.0,0.0,0.0,0.0,U
0.0,0.0,0.0,0.011664,-0.309266,0.00759,-0.054655,-0.550184,0.012805,-0.099066,-0.761796,0.000484,-0.131514,-0.958663,-0.012762,-0.30045,-0.452814,0.106254,-0.399678,-0.609872,0.094522,-0.429206,-0.769243,0.063792,-0.43441,-0.899828,0.03998,-0.338092,-0.386679,0.072271,-0.460265,-0.560237,0.056406,-0.47392,-0.749102,0.018717,-0.444967,-0.89513,-0.00753,-0.360588,-0.308337,0.027314,-0.493926,-0.487927,0.004613,-0.506064,-0.686179,-0.024161,-0.477445,-0.836307,-0.041708,-0.365589,-0.233441,-0.021088,-0.485398,-0.380432,-0.047184,-0.509024,-0.543565,-0.063001,-0.491868,-0.689628,-0.071861,0.0,0.0,0.0,0.0,0.0,0.0,0.0,0.0,0.0,0.0,0.0,0.0,0.0,0.0,0.0,0.0,0.0,0.0,0.0,0.0,0.0,0.0,0.0,0.0,0.0,0.0,0.0,0.0,0.0,0.0,0.0,0.0,0.0,0.0,0.0,0.0,0.0,0.0,0.0,0.0,0.0,0.0,0.0,0.0,0.0,0.0,0.0,0.0,0.0,0.0,0.0,0.0,0.0,0.0,0.0,0.0,0.0,0.0,0.0,0.0,0.0,0.0,0.0,U
0.0,0.0,0.0,0.01175,-0.31959,0.022564,-0.056258,-0.546953,0.039384,-0.103498,-0.749767,0.035203,-0.135266,-0.939647,0.029594,-0.287459,-0.454614,0.137255,-0.379243,-0.609788,0.133754,-0.41006,-0.765172,0.105228,-0.419583,-0.894943,0.081532,-0.327001,-0.392449,0.097255,-0.44038,-0.564001,0.088056,-0.457026,-0.749442,0.049449,-0.433997,-0.900663,0.021276,-0.351901,-0.315197,0.046066,-0.475571,-0.496071,0.026349,-0.487663,-0.689753,-0.004764,-0.462597,-0.842603,-0.024577,-0.359155,-0.240264,-0.007561,-0.471723,-0.396776,-0.031769,-0.493093,-0.559598,-0.048091,-0.476844,-0.709446,-0.058057,0.0,0.0,0.0,0.0,0.0,0.0,0.0,0.0,0.0,0.0,0.0,0.0,0.0,0.0,0.0,0.0,0.0,0.0,0.0,0.0,0.0,0.0,0.0,0.0,0.0,0.0,0.0,0.0,0.0,0.0,0.0,0.0,0.0,0.0,0.0,0.0,0.0,0.0,0.0,0.0,0.0,0.0,0.0,0.0,0.0,0.0,0.0,0.0,0.0,0.0,0.0,0.0,0.0,0.0,0.0,0.0,0.0,0.0,0.0,0.0,0.0,0.0,0.0,U
0.0,0.0,0.0,0.010396,-0.301058,0.010271,-0.057253,-0.539375,0.020532,-0.10331,-0.743252,0.013864,-0.13989,-0.929813,0.007444,-0.289797,-0.458429,0.110534,-0.378221,-0.616929,0.097708,-0.402522,-0.772275,0.067238,-0.405771,-0.899044,0.044978,-0.329378,-0.400826,0.078634,-0.437925,-0.580568,0.063609,-0.446989,-0.762381,0.029607,-0.420191,-0.90741,0.006813,-0.354888,-0.32543,0.035515,-0.473337,-0.514297,0.012426,-0.48102,-0.701652,-0.012662,-0.451367,-0.845837,-0.02623,-0.364841,-0.247237,-0.01077,-0.47358,-0.400721,-0.035011,-0.489301,-0.558286,-0.046812,-0.465022,-0.697992,-0.0515,0.0,0.0,0.0,0.0,0.0,0.0,0.0,0.0,0.0,0.0,0.0,0.0,0.0,0.0,0.0,0.0,0.0,0.0,0.0,0.0,0.0,0.0,0.0,0.0,0.0,0.0,0.0,0.0,0.0,0.0,0.0,0.0,0.0,0.0,0.0,0.0,0.0,0.0,0.0,0.0,0.0,0.0,0.0,0.0,0.0,0.0,0.0,0.0,0.0,0.0,0.0,0.0,0.0,0.0,0.0,0.0,0.0,0.0,0.0,0.0,0.0,0.0,0.0,U
0.0,0.0,0.0,0.01131,-0.307171,0.011678,-0.055658,-0.541398,0.022735,-0.102869,-0.746147,0.016039,-0.141738,-0.933667,0.008949,-0.282185,-0.467353,0.115597,-0.368903,-0.62503,0.103934,-0.39615,-0.778772,0.073012,-0.404199,-0.904995,0.049557,-0.323052,-0.407789,0.082063,-0.43117,-0.582586,0.067041,-0.442015,-0.763537,0.031136,-0.417531,-0.90864,0.0064,-0.349444,-0.328565,0.037075,-0.468247,-0.513367,0.012955,-0.476277,-0.699906,-0.014368,-0.448033,-0.843994,-0.029791,-0.360193,-0.247717,-0.010916,-0.467863,-0.402678,-0.037011,-0.484097,-0.559386,-0.050764,-0.462158,-0.698291,-0.057247,0.0,0.0,0.0,0.0,0.0,0.0,0.0,0.0,0.0,0.0,0.0,0.0,0.0,0.0,0.0,0.0,0.0,0.0,0.0,0.0,0.0,0.0,0.0,0.0,0.0,0.0,0.0,0.0,0.0,0.0,0.0,0.0,0.0,0.0,0.0,0.0,0.0,0.0,0.0,0.0,0.0,0.0,0.0,0.0,0.0,0.0,0.0,0.0,0.0,0.0,0.0,0.0,0.0,0.0,0.0,0.0,0.0,0.0,0.0,0.0,0.0,0.0,0.0,U
0.0,0.0,0.0,0.007339,-0.315978,0.019976,-0.058667,-0.537438,0.033842,-0.104611,-0.738148,0.027189,-0.14286,-0.925786,0.018972,-0.27816,-0.458625,0.130703,-0.367257,-0.617583,0.122966,-0.398334,-0.770823,0.092486,-0.411551,-0.900732,0.067705,-0.318673,-0.399514,0.090841,-0.427548,-0.575586,0.077916,-0.443611,-0.75773,0.03872,-0.42254,-0.906286,0.010231,-0.345313,-0.319658,0.039525,-0.462738,-0.504532,0.017503,-0.473746,-0.689761,-0.011931,-0.451623,-0.835626,-0.030445,-0.354042,-0.238394,-0.014383,-0.46489,-0.393938,-0.039466,-0.485833,-0.5498,-0.054429,-0.470637,-0.691977,-0.063307,0.0,0.0,0.0,0.0,0.0,0.0,0.0,0.0,0.0,0.0,0.0,0.0,0.0,0.0,0.0,0.0,0.0,0.0,0.0,0.0,0.0,0.0,0.0,0.0,0.0,0.0,0.0,0.0,0.0,0.0,0.0,0.0,0.0,0.0,0.0,0.0,0.0,0.0,0.0,0.0,0.0,0.0,0.0,0.0,0.0,0.0,0.0,0.0,0.0,0.0,0.0,0.0,0.0,0.0,0.0,0.0,0.0,0.0,0.0,0.0,0.0,0.0,0.0,U
0.0,0.0,0.0,0.009554,-0.314239,0.01927,-0.055867,-0.53567,0.033797,-0.101383,-0.739364,0.027939,-0.138114,-0.931021,0.020766,-0.277992,-0.4575,0.134424,-0.365561,-0.617728,0.128265,-0.397492,-0.772039,0.098165,-0.411684,-0.903677,0.073445,-0.319314,-0.397568,0.095716,-0.427934,-0.569747,0.085258,-0.444678,-0.751868,0.047055,-0.425752,-0.904644,0.018851,-0.345578,-0.3177,0.045196,-0.464959,-0.49736,0.024388,-0.475642,-0.681017,-0.004771,-0.452826,-0.828084,-0.023124,-0.354656,-0.239554,-0.00815,-0.466229,-0.396165,-0.032519,-0.484907,-0.552924,-0.04723,-0.467398,-0.69639,-0.055855,0.0,0.0,0.0,0.0,0.0,0.0,0.0,0.0,0.0,0.0,0.0,0.0,0.0,0.0,0.0,0.0,0.0,0.0,0.0,0.0,0.0,0.0,0.0,0.0,0.0,0.0,0.0,0.0,0.0,0.0,0.0,0.0,0.0,0.0,0.0,0.0,0.0,0.0,0.0,0.0,0.0,0.0,0.0,0.0,0.0,0.0,0.0,0.0,0.0,0.0,0.0,0.0,0.0,0.0,0.0,0.0,0.0,0.0,0.0,0.0,0.0,0.0,0.0,U
0.0,0.0,0.0,0.011139,-0.309246,0.011115,-0.055677,-0.530357,0.022207,-0.104779,-0.732654,0.015076,-0.142097,-0.921304,0.006849,-0.276318,-0.449421,0.11825,-0.366889,-0.608696,0.106207,-0.39845,-0.764536,0.074086,-0.411233,-0.897277,0.049053,-0.316711,-0.390305,0.083528,-0.426964,-0.565309,0.067907,-0.443531,-0.750026,0.029329,-0.424903,-0.905237,0.001703,-0.342414,-0.310643,0.036851,-0.462798,-0.493804,0.012113,-0.475019,-0.680257,-0.017556,-0.454003,-0.830901,-0.035469,-0.351797,-0.2299,-0.013033,-0.465529,-0.384111,-0.039993,-0.487356,-0.541488,-0.055594,-0.472615,-0.686546,-0.064437,0.0,0.0,0.0,0.0,0.0,0.0,0.0,0.0,0.0,0.0,0.0,0.0,0.0,0.0,0.0,0.0,0.0,0.0,0.0,0.0,0.0,0.0,0.0,0.0,0.0,0.0,0.0,0.0,0.0,0.0,0.0,0.0,0.0,0.0,0.0,0.0,0.0,0.0,0.0,0.0,0.0,0.0,0.0,0.0,0.0,0.0,0.0,0.0,0.0,0.0,0.0,0.0,0.0,0.0,0.0,0.0,0.0,0.0,0.0,0.0,0.0,0.0,0.0,U
0.0,0.0,0.0,0.01289,-0.307194,0.016229,-0.051033,-0.531451,0.030077,-0.100049,-0.738992,0.024116,-0.139806,-0.928326,0.01728,-0.272457,-0.451351,0.132792,-0.362894,-0.607249,0.125338,-0.395297,-0.761949,0.093898,-0.409305,-0.894539,0.068759,-0.314175,-0.396466,0.096168,-0.425079,-0.565584,0.086192,-0.444957,-0.748605,0.047235,-0.428317,-0.903447,0.018098,-0.342048,-0.321182,0.047513,-0.463405,-0.498515,0.027804,-0.476251,-0.681444,-0.001668,-0.454857,-0.829751,-0.020728,-0.354374,-0.246752,-0.004195,-0.462539,-0.409692,-0.027003,-0.48307,-0.564213,-0.040886,-0.469207,-0.70355,-0.049259,0.0,0.0,0.0,0.0,0.0,0.0,0.0,0.0,0.0,0.0,0.0,0.0,0.0,0.0,0.0,0.0,0.0,0.0,0.0,0.0,0.0,0.0,0.0,0.0,0.0,0.0,0.0,0.0,0.0,0.0,0.0,0.0,0.0,0.0,0.0,0.0,0.0,0.0,0.0,0.0,0.0,0.0,0.0,0.0,0.0,0.0,0.0,0.0,0.0,0.0,0.0,0.0,0.0,0.0,0.0,0.0,0.0,0.0,0.0,0.0,0.0,0.0,0.0,U
0.0,0.0,0.0,0.009941,-0.319626,0.021524,-0.053371,-0.535902,0.037635,-0.101392,-0.738633,0.031697,-0.139744,-0.931395,0.02393,-0.271843,-0.454976,0.148454,-0.362644,-0.611752,0.145276,-0.396267,-0.765805,0.114546,-0.412003,-0.898544,0.088625,-0.313534,-0.396694,0.108128,-0.42425,-0.567699,0.100731,-0.444593,-0.74957,0.059519,-0.426302,-0.904145,0.028074,-0.341258,-0.318567,0.055349,-0.461706,-0.496146,0.037618,-0.476405,-0.677291,0.006588,-0.455812,-0.825601,-0.014182,-0.351737,-0.241247,-0.000449,-0.463368,-0.401463,-0.022289,-0.486391,-0.556985,-0.037215,-0.472786,-0.700193,-0.047028,0.0,0.0,0.0,0.0,0.0,0.0,0.0,0.0,0.0,0.0,0.0,0.0,0.0,0.0,0.0,0.0,0.0,0.0,0.0,0.0,0.0,0.0,0.0,0.0,0.0,0.0,0.0,0.0,0.0,0.0,0.0,0.0,0.0,0.0,0.0,0.0,0.0,0.0,0.0,0.0,0.0,0.0,0.0,0.0,0.0,0.0,0.0,0.0,0.0,0.0,0.0,0.0,0.0,0.0,0.0,0.0,0.0,0.0,0.0,0.0,0.0,0.0,0.0,U
0.0,0.0,0.0,0.011337,-0.302224,0.011768,-0.056901,-0.534075,0.022303,-0.106652,-0.742405,0.014126,-0.148192,-0.932966,0.005571,-0.288163,-0.455617,0.123921,-0.38252,-0.6091,0.11339,-0.416082,-0.767479,0.080205,-0.428057,-0.900455,0.054323,-0.32895,-0.397377,0.08913,-0.449163,-0.560692,0.076195,-0.466588,-0.747522,0.036575,-0.442063,-0.89695,0.007823,-0.354327,-0.319665,0.042579,-0.485851,-0.487356,0.022086,-0.497228,-0.671468,-0.006901,-0.468343,-0.814589,-0.025148,-0.362934,-0.244983,-0.007348,-0.476485,-0.396036,-0.030629,-0.495948,-0.545386,-0.044094,-0.477024,-0.674741,-0.051535,0.0,0.0,0.0,0.0,0.0,0.0,0.0,0.0,0.0,0.0,0.0,0.0,0.0,0.0,0.0,0.0,0.0,0.0,0.0,0.0,0.0,0.0,0.0,0.0,0.0,0.0,0.0,0.0,0.0,0.0,0.0,0.0,0.0,0.0,0.0,0.0,0.0,0.0,0.0,0.0,0.0,0.0,0.0,0.0,0.0,0.0,0.0,0.0,0.0,0.0,0.0,0.0,0.0,0.0,0.0,0.0,0.0,0.0,0.0,0.0,0.0,0.0,0.0,U
0.0,0.0,0.0,0.010439,-0.306649,0.009997,-0.056931,-0.534713,0.020751,-0.107924,-0.742525,0.013184,-0.149363,-0.932843,0.005014,-0.284509,-0.452718,0.123235,-0.381286,-0.609054,0.115269,-0.415058,-0.764892,0.084149,-0.428831,-0.896662,0.059171,-0.323391,-0.396565,0.089995,-0.438278,-0.564516,0.079702,-0.458891,-0.748229,0.04022,-0.439358,-0.898248,0.010757,-0.347556,-0.321959,0.044928,-0.473515,-0.492033,0.027552,-0.489776,-0.671539,-0.001763,-0.467896,-0.815213,-0.021289,-0.355675,-0.249482,-0.003785,-0.467182,-0.399199,-0.023965,-0.493668,-0.54794,-0.037955,-0.48266,-0.68177,-0.046871,0.0,0.0,0.0,0.0,0.0,0.0,0.0,0.0,0.0,0.0,0.0,0.0,0.0,0.0,0.0,0.0,0.0,0.0,0.0,0.0,0.0,0.0,0.0,0.0,0.0,0.0,0.0,0.0,0.0,0.0,0.0,0.0,0.0,0.0,0.0,0.0,0.0,0.0,0.0,0.0,0.0,0.0,0.0,0.0,0.0,0.0,0.0,0.0,0.0,0.0,0.0,0.0,0.0,0.0,0.0,0.0,0.0,0.0,0.0,0.0,0.0,0.0,0.0,U
0.0,0.0,0.0,0.010459,-0.303185,0.014936,-0.058463,-0.530333,0.028113,-0.107713,-0.736811,0.022144,-0.146951,-0.924593,0.015575,-0.28385,-0.453039,0.124442,-0.377586,-0.603754,0.115496,-0.413385,-0.758239,0.084932,-0.429568,-0.891307,0.060389,-0.323816,-0.397483,0.08788,-0.439222,-0.558122,0.075828,-0.460271,-0.742941,0.038434,-0.443827,-0.896047,0.010832,-0.34848,-0.32331,0.039551,-0.476392,-0.484146,0.018169,-0.493028,-0.666773,-0.010592,-0.472219,-0.813897,-0.028837,-0.35803,-0.250627,-0.011892,-0.471617,-0.394207,-0.035209,-0.498269,-0.544984,-0.049573,-0.489387,-0.683094,-0.058539,0.0,0.0,0.0,0.0,0.0,0.0,0.0,0.0,0.0,0.0,0.0,0.0,0.0,0.0,0.0,0.0,0.0,0.0,0.0,0.0,0.0,0.0,0.0,0.0,0.0,0.0,0.0,0.0,0.0,0.0,0.0,0.0,0.0,0.0,0.0,0.0,0.0,0.0,0.0,0.0,0.0,0.0,0.0,0.0,0.0,0.0,0.0,0.0,0.0,0.0,0.0,0.0,0.0,0.0,0.0,0.0,0.0,0.0,0.0,0.0,0.0,0.0,0.0,U
0.0,0.0,0.0,0.007626,-0.309439,0.02738,-0.061122,-0.542875,0.046191,-0.10849,-0.745789,0.04327,-0.149307,-0.929562,0.03959,-0.297219,-0.463144,0.14063,-0.394075,-0.612598,0.139216,-0.424603,-0.765696,0.11189,-0.433936,-0.896474,0.088787,-0.333393,-0.407057,0.098306,-0.454561,-0.560641,0.09211,-0.47367,-0.743408,0.055022,-0.451218,-0.891998,0.02723,-0.354233,-0.336965,0.045476,-0.48884,-0.496867,0.029594,-0.500941,-0.680929,0.000841,-0.473148,-0.827329,-0.018027,-0.357934,-0.274948,-0.009617,-0.476047,-0.427032,-0.029384,-0.495694,-0.577061,-0.042224,-0.47585,-0.709691,-0.050035,0.0,0.0,0.0,0.0,0.0,0.0,0.0,0.0,0.0,0.0,0.0,0.0,0.0,0.0,0.0,0.0,0.0,0.0,0.0,0.0,0.0,0.0,0.0,0.0,0.0,0.0,0.0,0.0,0.0,0.0,0.0,0.0,0.0,0.0,0.0,0.0,0.0,0.0,0.0,0.0,0.0,0.0,0.0,0.0,0.0,0.0,0.0,0.0,0.0,0.0,0.0,0.0,0.0,0.0,0.0,0.0,0.0,0.0,0.0,0.0,0.0,0.0,0.0,U
0.0,0.0,0.0,0.005178,-0.30484,0.016212,-0.061667,-0.540712,0.027937,-0.109539,-0.742643,0.020484,-0.150722,-0.926888,0.013056,-0.296003,-0.455247,0.122848,-0.395535,-0.604222,0.116363,-0.428199,-0.758168,0.087504,-0.439189,-0.889613,0.064582,-0.330592,-0.402722,0.086333,-0.454887,-0.557156,0.075938,-0.473619,-0.743155,0.039502,-0.450451,-0.892704,0.013131,-0.350177,-0.336539,0.03911,-0.486961,-0.499807,0.022084,-0.499335,-0.68377,-0.004554,-0.470914,-0.826352,-0.021446,-0.353206,-0.278952,-0.011192,-0.472926,-0.42781,-0.02958,-0.493979,-0.575364,-0.040286,-0.474181,-0.70175,-0.046326,0.0,0.0,0.0,0.0,0.0,0.0,0.0,0.0,0.0,0.0,0.0,0.0,0.0,0.0,0.0,0.0,0.0,0.0,0.0,0.0,0.0,0.0,0.0,0.0,0.0,0.0,0.0,0.0,0.0,0.0,0.0,0.0,0.0,0.0,0.0,0.0,0.0,0.0,0.0,0.0,0.0,0.0,0.0,0.0,0.0,0.0,0.0,0.0,0.0,0.0,0.0,0.0,0.0,0.0,0.0,0.0,0.0,0.0,0.0,0.0,0.0,0.0,0.0,U
0.0,0.0,0.0,0.006683,-0.315954,0.033981,-0.060256,-0.544037,0.054764,-0.105139,-0.743826,0.051486,-0.143938,-0.926498,0.04696,-0.296942,-0.461105,0.156,-0.396493,-0.609136,0.161803,-0.425802,-0.762266,0.137597,-0.432791,-0.891718,0.115802,-0.32987,-0.408251,0.11034,-0.454079,-0.562317,0.108286,-0.470446,-0.748578,0.070609,-0.441861,-0.896083,0.042361,-0.348195,-0.345469,0.054445,-0.483928,-0.510833,0.043481,-0.491105,-0.700056,0.014721,-0.458308,-0.844928,-0.004788,-0.348285,-0.292882,-0.003456,-0.466885,-0.455604,-0.018399,-0.484116,-0.610063,-0.029833,-0.4622,-0.74206,-0.037445,0.0,0.0,0.0,0.0,0.0,0.0,0.0,0.0,0.0,0.0,0.0,0.0,0.0,0.0,0.0,0.0,0.0,0.0,0.0,0.0,0.0,0.0,0.0,0.0,0.0,0.0,0.0,0.0,0.0,0.0,0.0,0.0,0.0,0.0,0.0,0.0,0.0,0.0,0.0,0.0,0.0,0.0,0.0,0.0,0.0,0.0,0.0,0.0,0.0,0.0,0.0,0.0,0.0,0.0,0.0,0.0,0.0,0.0,0.0,0.0,0.0,0.0,0.0,U
0.0,0.0,0.0,0.007931,-0.312564,0.029185,-0.058568,-0.534559,0.045883,-0.104579,-0.731939,0.03989,-0.142779,-0.919005,0.033044,-0.288326,-0.447178,0.146393,-0.383585,-0.607442,0.150204,-0.416767,-0.765193,0.126173,-0.428475,-0.897466,0.104711,-0.322108,-0.394259,0.102973,-0.443331,-0.554064,0.101918,-0.462238,-0.741887,0.067273,-0.438729,-0.897183,0.040289,-0.34135,-0.33139,0.048988,-0.476315,-0.498311,0.039282,-0.488071,-0.688394,0.014128,-0.460374,-0.839439,-0.004092,-0.342787,-0.281415,-0.007481,-0.459142,-0.443396,-0.022336,-0.480585,-0.59925,-0.032898,-0.464168,-0.735181,-0.040476,0.0,0.0,0.0,0.0,0.0,0.0,0.0,0.0,0.0,0.0,0.0,0.0,0.0,0.0,0.0,0.0,0.0,0.0,0.0,0.0,0.0,0.0,0.0,0.0,0.0,0.0,0.0,0.0,0.0,0.0,0.0,0.0,0.0,0.0,0.0,0.0,0.0,0.0,0.0,0.0,0.0,0.0,0.0,0.0,0.0,0.0,0.0,0.0,0.0,0.0,0.0,0.0,0.0,0.0,0.0,0.0,0.0,0.0,0.0,0.0,0.0,0.0,0.0,U
0.0,0.0,0.0,0.00488,-0.326032,0.039366,-0.062747,-0.540552,0.061693,-0.107461,-0.736638,0.058673,-0.146147,-0.92155,0.05463,-0.293368,-0.441214,0.166021,-0.389132,-0.596692,0.175815,-0.422601,-0.753071,0.154164,-0.434352,-0.885271,0.133128,-0.326763,-0.387831,0.1176,-0.449321,-0.546447,0.118139,-0.467833,-0.738524,0.081927,-0.441932,-0.895406,0.054266,-0.344929,-0.326709,0.05873,-0.480516,-0.493677,0.050016,-0.49288,-0.687937,0.022502,-0.466321,-0.841716,0.002889,-0.343842,-0.27998,-0.001929,-0.459538,-0.44223,-0.016043,-0.482618,-0.598576,-0.028518,-0.469669,-0.7371,-0.037707,0.0,0.0,0.0,0.0,0.0,0.0,0.0,0.0,0.0,0.0,0.0,0.0,0.0,0.0,0.0,0.0,0.0,0.0,0.0,0.0,0.0,0.0,0.0,0.0,0.0,0.0,0.0,0.0,0.0,0.0,0.0,0.0,0.0,0.0,0.0,0.0,0.0,0.0,0.0,0.0,0.0,0.0,0.0,0.0,0.0,0.0,0.0,0.0,0.0,0.0,0.0,0.0,0.0,0.0,0.0,0.0,0.0,0.0,0.0,0.0,0.0,0.0,0.0,U
0.0,0.0,0.0,0.004038,-0.310404,0.030977,-0.069884,-0.535719,0.048651,-0.116202,-0.73443,0.043411,-0.155778,-0.916259,0.038131,-0.308766,-0.4294,0.142172,-0.412994,-0.578942,0.142309,-0.444029,-0.738226,0.117209,-0.449164,-0.874284,0.095813,-0.337983,-0.37522,0.097502,-0.466571,-0.535526,0.088852,-0.481802,-0.732559,0.052083,-0.451637,-0.891817,0.026207,-0.352605,-0.314898,0.042928,-0.490945,-0.491389,0.028131,-0.500809,-0.691114,0.001234,-0.470755,-0.847069,-0.0161,-0.349425,-0.270864,-0.013778,-0.46531,-0.439519,-0.030695,-0.487468,-0.598832,-0.042244,-0.473405,-0.737782,-0.049289,0.0,0.0,0.0,0.0,0.0,0.0,0.0,0.0,0.0,0.0,0.0,0.0,0.0,0.0,0.0,0.0,0.0,0.0,0.0,0.0,0.0,0.0,0.0,0.0,0.0,0.0,0.0,0.0,0.0,0.0,0.0,0.0,0.0,0.0,0.0,0.0,0.0,0.0,0.0,0.0,0.0,0.0,0.0,0.0,0.0,0.0,0.0,0.0,0.0,0.0,0.0,0.0,0.0,0.0,0.0,0.0,0.0,0.0,0.0,0.0,0.0,0.0,0.0,U
0.0,0.0,0.0,0.002136,-0.320917,0.048017,-0.070182,-0.537808,0.071963,-0.118947,-0.729767,0.069538,-0.155654,-0.915238,0.066386,-0.309045,-0.415912,0.168547,-0.408555,-0.572533,0.180247,-0.441838,-0.731426,0.161498,-0.451478,-0.864541,0.142952,-0.33988,-0.3616,0.117627,-0.46345,-0.531146,0.120183,-0.481035,-0.729353,0.087859,-0.453605,-0.888921,0.063729,-0.353976,-0.306244,0.057755,-0.486709,-0.490067,0.053801,-0.496796,-0.693651,0.03152,-0.469128,-0.852289,0.015062,-0.346353,-0.271964,-0.003099,-0.454612,-0.450049,-0.011182,-0.47515,-0.615986,-0.018961,-0.463063,-0.759875,-0.024977,0.0,0.0,0.0,0.0,0.0,0.0,0.0,0.0,0.0,0.0,0.0,0.0,0.0,0.0,0.0,0.0,0.0,0.0,0.0,0.0,0.0,0.0,0.0,0.0,0.0,0.0,0.0,0.0,0.0,0.0,0.0,0.0,0.0,0.0,0.0,0.0,0.0,0.0,0.0,0.0,0.0,0.0,0.0,0.0,0.0,0.0,0.0,0.0,0.0,0.0,0.0,0.0,0.0,0.0,0.0,0.0,0.0,0.0,0.0,0.0,0.0,0.0,0.0,U
0.0,0.0,0.0,-0.001682,-0.320499,0.046132,-0.076115,-0.540409,0.068063,-0.123162,-0.735494,0.063787,-0.160265,-0.921832,0.059423,-0.322674,-0.404097,0.164917,-0.418616,-0.569605,0.17402,-0.450262,-0.734286,0.155554,-0.456312,-0.869985,0.138201,-0.35403,-0.341632,0.114403,-0.478515,-0.522998,0.114447,-0.49318,-0.72242,0.08528,-0.465194,-0.88282,0.064981,-0.365752,-0.286482,0.054469,-0.501154,-0.483224,0.045688,-0.509027,-0.690779,0.025178,-0.480697,-0.850356,0.011882,-0.355024,-0.263496,-0.006503,-0.463324,-0.458173,-0.018592,-0.478894,-0.627884,-0.025699,-0.462783,-0.771408,-0.029709,0.0,0.0,0.0,0.0,0.0,0.0,0.0,0.0,0.0,0.0,0.0,0.0,0.0,0.0,0.0,0.0,0.0,0.0,0.0,0.0,0.0,0.0,0.0,0.0,0.0,0.0,0.0,0.0,0.0,0.0,0.0,0.0,0.0,0.0,0.0,0.0,0.0,0.0,0.0,0.0,0.0,0.0,0.0,0.0,0.0,0.0,0.0,0.0,0.0,0.0,0.0,0.0,0.0,0.0,0.0,0.0,0.0,0.0,0.0,0.0,0.0,0.0,0.0,U
0.0,0.0,0.0,-0.004421,-0.321876,0.055086,-0.082886,-0.536849,0.080612,-0.131832,-0.72687,0.078101,-0.165419,-0.9144,0.073891,-0.323314,-0.392723,0.164555,-0.428959,-0.553548,0.17289,-0.457656,-0.720454,0.153273,-0.459727,-0.856913,0.134873,-0.351255,-0.337698,0.108534,-0.478093,-0.518682,0.109056,-0.492017,-0.724403,0.077149,-0.461084,-0.885752,0.053341,-0.363238,-0.287306,0.044497,-0.500545,-0.484208,0.040205,-0.506127,-0.695333,0.018871,-0.474293,-0.853192,0.002736,-0.35636,-0.264322,-0.020107,-0.478748,-0.439146,-0.028602,-0.496734,-0.605374,-0.035168,-0.477926,-0.745554,-0.040271,0.0,0.0,0.0,0.0,0.0,0.0,0.0,0.0,0.0,0.0,0.0,0.0,0.0,0.0,0.0,0.0,0.0,0.0,0.0,0.0,0.0,0.0,0.0,0.0,0.0,0.0,0.0,0.0,0.0,0.0,0.0,0.0,0.0,0.0,0.0,0.0,0.0,0.0,0.0,0.0,0.0,0.0,0.0,0.0,0.0,0.0,0.0,0.0,0.0,0.0,0.0,0.0,0.0,0.0,0.0,0.0,0.0,0.0,0.0,0.0,0.0,0.0,0.0,U
0.0,0.0,0.0,-0.005518,-0.322975,0.047408,-0.083934,-0.535258,0.067116,-0.134382,-0.72374,0.059917,-0.167414,-0.913564,0.051565,-0.325805,-0.364008,0.155897,-0.431665,-0.535805,0.160441,-0.460697,-0.710828,0.139652,-0.463094,-0.851688,0.121017,-0.352694,-0.30882,0.103179,-0.479499,-0.499962,0.100504,-0.492851,-0.715756,0.068404,-0.462416,-0.885523,0.044943,-0.362507,-0.266288,0.041827,-0.497145,-0.475491,0.034754,-0.50157,-0.697908,0.012737,-0.469293,-0.863612,-0.003452,-0.354102,-0.257838,-0.020544,-0.470039,-0.441626,-0.029849,-0.486565,-0.61521,-0.037041,-0.469383,-0.762735,-0.042644,0.0,0.0,0.0,0.0,0.0,0.0,0.0,0.0,0.0,0.0,0.0,0.0,0.0,0.0,0.0,0.0,0.0,0.0,0.0,0.0,0.0,0.0,0.0,0.0,0.0,0.0,0.0,0.0,0.0,0.0,0.0,0.0,0.0,0.0,0.0,0.0,0.0,0.0,0.0,0.0,0.0,0.0,0.0,0.0,0.0,0.0,0.0,0.0,0.0,0.0,0.0,0.0,0.0,0.0,0.0,0.0,0.0,0.0,0.0,0.0,0.0,0.0,0.0,U
0.0,0.0,0.0,-0.010959,-0.345987,0.088283,-0.084677,-0.537527,0.126821,-0.129113,-0.715178,0.129131,-0.159968,-0.898997,0.127071,-0.314471,-0.358229,0.216152,-0.406982,-0.539768,0.242876,-0.438036,-0.714562,0.234635,-0.444784,-0.8519,0.221883,-0.344171,-0.301092,0.144175,-0.460013,-0.517878,0.15892,-0.474108,-0.729162,0.132141,-0.44433,-0.888811,0.112187,-0.35485,-0.261029,0.065387,-0.484461,-0.479246,0.071866,-0.488135,-0.702904,0.056037,-0.459811,-0.866168,0.043076,-0.342188,-0.254808,-0.011719,-0.459095,-0.44421,-0.013708,-0.475271,-0.623333,-0.017078,-0.460561,-0.775579,-0.020465,0.0,0.0,0.0,0.0,0.0,0.0,0.0,0.0,0.0,0.0,0.0,0.0,0.0,0.0,0.0,0.0,0.0,0.0,0.0,0.0,0.0,0.0,0.0,0.0,0.0,0.0,0.0,0.0,0.0,0.0,0.0,0.0,0.0,0.0,0.0,0.0,0.0,0.0,0.0,0.0,0.0,0.0,0.0,0.0,0.0,0.0,0.0,0.0,0.0,0.0,0.0,0.0,0.0,0.0,0.0,0.0,0.0,0.0,0.0,0.0,0.0,0.0,0.0,U
0.0,0.0,0.0,-0.008403,-0.336687,0.076832,-0.082344,-0.540691,0.110473,-0.126802,-0.722651,0.11158,-0.160435,-0.905528,0.109883,-0.315947,-0.370866,0.195238,-0.409691,-0.555592,0.21649,-0.439526,-0.728221,0.20517,-0.44458,-0.865691,0.190771,-0.349206,-0.30879,0.129485,-0.466189,-0.520168,0.139458,-0.480741,-0.730619,0.111977,-0.448339,-0.88914,0.09177,-0.359529,-0.262783,0.056979,-0.489814,-0.48058,0.060073,-0.495989,-0.697945,0.043725,-0.468959,-0.858274,0.030551,-0.343602,-0.255241,-0.014367,-0.455056,-0.449763,-0.018024,-0.473032,-0.6231,-0.021456,-0.460806,-0.770056,-0.024639,0.0,0.0,0.0,0.0,0.0,0.0,0.0,0.0,0.0,0.0,0.0,0.0,0.0,0.0,0.0,0.0,0.0,0.0,0.0,0.0,0.0,0.0,0.0,0.0,0.0,0.0,0.0,0.0,0.0,0.0,0.0,0.0,0.0,0.0,0.0,0.0,0.0,0.0,0.0,0.0,0.0,0.0,0.0,0.0,0.0,0.0,0.0,0.0,0.0,0.0,0.0,0.0,0.0,0.0,0.0,0.0,0.0,0.0,0.0,0.0,0.0,0.0,0.0,U
0.0,0.0,0.0,-0.007598,-0.335594,0.069557,-0.075941,-0.543439,0.099889,-0.120152,-0.723614,0.09975,-0.152972,-0.904708,0.096427,-0.310606,-0.393757,0.182755,-0.404972,-0.57568,0.199353,-0.435299,-0.741536,0.184841,-0.443317,-0.876453,0.168382,-0.344403,-0.331772,0.12059,-0.457879,-0.53707,0.12616,-0.473819,-0.737515,0.095454,-0.445059,-0.892538,0.072793,-0.35636,-0.278576,0.051691,-0.48284,-0.485654,0.051677,-0.492089,-0.690705,0.033567,-0.469457,-0.8481,0.019221,-0.342634,-0.257143,-0.016455,-0.454819,-0.439167,-0.022086,-0.478564,-0.601963,-0.026773,-0.472263,-0.744215,-0.030807,0.0,0.0,0.0,0.0,0.0,0.0,0.0,0.0,0.0,0.0,0.0,0.0,0.0,0.0,0.0,0.0,0.0,0.0,0.0,0.0,0.0,0.0,0.0,0.0,0.0,0.0,0.0,0.0,0.0,0.0,0.0,0.0,0.0,0.0,0.0,0.0,0.0,0.0,0.0,0.0,0.0,0.0,0.0,0.0,0.0,0.0,0.0,0.0,0.0,0.0,0.0,0.0,0.0,0.0,0.0,0.0,0.0,0.0,0.0,0.0,0.0,0.0,0.0,U
0.0,0.0,0.0,-0.004691,-0.322326,0.042793,-0.077514,-0.532045,0.058626,-0.123419,-0.726088,0.048208,-0.162269,-0.914516,0.036534,-0.321858,-0.384872,0.152813,-0.420036,-0.558269,0.154571,-0.449325,-0.726005,0.130611,-0.453849,-0.864615,0.109496,-0.353075,-0.321132,0.100344,-0.475798,-0.516251,0.092397,-0.489145,-0.7243,0.056729,-0.457431,-0.888665,0.032108,-0.364542,-0.265116,0.038669,-0.498065,-0.470314,0.024198,-0.50642,-0.687819,-0.000386,-0.478567,-0.85539,-0.016409,-0.352663,-0.239148,-0.024108,-0.46362,-0.430073,-0.041032,-0.482597,-0.603599,-0.050879,-0.470976,-0.75601,-0.056894,0.0,0.0,0.0,0.0,0.0,0.0,0.0,0.0,0.0,0.0,0.0,0.0,0.0,0.0,0.0,0.0,0.0,0.0,0.0,0.0,0.0,0.0,0.0,0.0,0.0,0.0,0.0,0.0,0.0,0.0,0.0,0.0,0.0,0.0,0.0,0.0,0.0,0.0,0.0,0.0,0.0,0.0,0.0,0.0,0.0,0.0,0.0,0.0,0.0,0.0,0.0,0.0,0.0,0.0,0.0,0.0,0.0,0.0,0.0,0.0,0.0,0.0,0.0,U
0.0,0.0,0.0,-0.006717,-0.321938,0.051476,-0.078197,-0.533897,0.073173,-0.121621,-0.721235,0.067211,-0.15832,-0.905164,0.058268,-0.313833,-0.402517,0.161032,-0.409018,-0.572697,0.167037,-0.441725,-0.734537,0.145194,-0.453609,-0.869742,0.124209,-0.346742,-0.340223,0.104012,-0.464158,-0.53146,0.099756,-0.480789,-0.733186,0.064035,-0.452732,-0.890831,0.038117,-0.359018,-0.279507,0.038556,-0.491945,-0.470171,0.027472,-0.503244,-0.675301,0.003821,-0.480707,-0.83491,-0.012642,-0.346979,-0.24306,-0.027422,-0.465946,-0.416841,-0.042031,-0.488484,-0.582165,-0.050742,-0.479291,-0.727749,-0.056822,0.0,0.0,0.0,0.0,0.0,0.0,0.0,0.0,0.0,0.0,0.0,0.0,0.0,0.0,0.0,0.0,0.0,0.0,0.0,0.0,0.0,0.0,0.0,0.0,0.0,0.0,0.0,0.0,0.0,0.0,0.0,0.0,0.0,0.0,0.0,0.0,0.0,0.0,0.0,0.0,0.0,0.0,0.0,0.0,0.0,0.0,0.0,0.0,0.0,0.0,0.0,0.0,0.0,0.0,0.0,0.0,0.0,0.0,0.0,0.0,0.0,0.0,0.0,U
0.0,0.0,0.0,-0.005564,-0.329896,0.049434,-0.078581,-0.539364,0.07169,-0.122279,-0.726996,0.067197,-0.157107,-0.910387,0.060748,-0.321287,-0.403839,0.160191,-0.416686,-0.579936,0.165458,-0.445277,-0.744333,0.143474,-0.451441,-0.880355,0.123583,-0.35315,-0.340439,0.106269,-0.472105,-0.53466,0.104123,-0.487156,-0.731494,0.071563,-0.459194,-0.887034,0.04807,-0.365074,-0.279075,0.043506,-0.496057,-0.474376,0.034482,-0.506369,-0.672706,0.01433,-0.481359,-0.827167,0.000572,-0.353291,-0.240411,-0.020237,-0.468061,-0.416542,-0.033215,-0.491887,-0.571591,-0.039285,-0.483496,-0.706144,-0.042736,0.0,0.0,0.0,0.0,0.0,0.0,0.0,0.0,0.0,0.0,0.0,0.0,0.0,0.0,0.0,0.0,0.0,0.0,0.0,0.0,0.0,0.0,0.0,0.0,0.0,0.0,0.0,0.0,0.0,0.0,0.0,0.0,0.0,0.0,0.0,0.0,0.0,0.0,0.0,0.0,0.0,0.0,0.0,0.0,0.0,0.0,0.0,0.0,0.0,0.0,0.0,0.0,0.0,0.0,0.0,0.0,0.0,0.0,0.0,0.0,0.0,0.0,0.0,U
0.0,0.0,0.0,-0.005894,-0.338416,0.070065,-0.076383,-0.537029,0.100535,-0.123203,-0.722993,0.09791,-0.163002,-0.912578,0.092282,-0.305737,-0.395836,0.204342,-0.39855,-0.57069,0.225075,-0.433398,-0.735282,0.210052,-0.446313,-0.871871,0.192168,-0.340161,-0.336117,0.138601,-0.457811,-0.524264,0.148858,-0.478759,-0.724114,0.117882,-0.455214,-0.885439,0.093688,-0.355373,-0.281969,0.063647,-0.486855,-0.470119,0.064289,-0.500365,-0.674334,0.045187,-0.479899,-0.836276,0.029589,-0.34509,-0.256201,-0.011545,-0.458357,-0.436963,-0.018421,-0.482267,-0.607444,-0.02484,-0.477225,-0.759009,-0.030824,0.0,0.0,0.0,0.0,0.0,0.0,0.0,0.0,0.0,0.0,0.0,0.0,0.0,0.0,0.0,0.0,0.0,0.0,0.0,0.0,0.0,0.0,0.0,0.0,0.0,0.0,0.0,0.0,0.0,0.0,0.0,0.0,0.0,0.0,0.0,0.0,0.0,0.0,0.0,0.0,0.0,0.0,0.0,0.0,0.0,0.0,0.0,0.0,0.0,0.0,0.0,0.0,0.0,0.0,0.0,0.0,0.0,0.0,0.0,0.0,0.0,0.0,0.0,U
0.0,0.0,0.0,-0.005457,-0.330873,0.050542,-0.07912,-0.540418,0.076164,-0.123423,-0.732536,0.073493,-0.15939,-0.918794,0.069085,-0.315831,-0.400405,0.177549,-0.418124,-0.56224,0.186661,-0.44824,-0.726844,0.164391,-0.452481,-0.864666,0.143538,-0.346187,-0.342588,0.12154,-0.471342,-0.519753,0.120728,-0.489726,-0.724723,0.08257,-0.460614,-0.88593,0.054436,-0.359837,-0.285375,0.055533,-0.495383,-0.472481,0.045884,-0.504562,-0.685446,0.017458,-0.475518,-0.84654,-0.002253,-0.351922,-0.252402,-0.011468,-0.469389,-0.429683,-0.025417,-0.488069,-0.600713,-0.036719,-0.472825,-0.750085,-0.044719,0.0,0.0,0.0,0.0,0.0,0.0,0.0,0.0,0.0,0.0,0.0,0.0,0.0,0.0,0.0,0.0,0.0,0.0,0.0,0.0,0.0,0.0,0.0,0.0,0.0,0.0,0.0,0.0,0.0,0.0,0.0,0.0,0.0,0.0,0.0,0.0,0.0,0.0,0.0,0.0,0.0,0.0,0.0,0.0,0.0,0.0,0.0,0.0,0.0,0.0,0.0,0.0,0.0,0.0,0.0,0.0,0.0,0.0,0.0,0.0,0.0,0.0,0.0,U
0.0,0.0,0.0,-0.008593,-0.327678,0.056015,-0.087486,-0.535387,0.085153,-0.135923,-0.723812,0.086343,-0.170085,-0.908806,0.085754,-0.314386,-0.398801,0.174314,-0.415407,-0.556086,0.184358,-0.452983,-0.71455,0.165547,-0.465836,-0.849761,0.147148,-0.346107,-0.342223,0.116607,-0.472189,-0.513288,0.117796,-0.498975,-0.713019,0.085657,-0.479721,-0.875296,0.061039,-0.360641,-0.281782,0.049309,-0.49662,-0.460645,0.040593,-0.51503,-0.671981,0.014448,-0.494492,-0.83895,-0.004613,-0.354748,-0.240562,-0.018349,-0.474534,-0.401514,-0.033828,-0.500359,-0.571957,-0.047222,-0.491978,-0.728697,-0.057186,0.0,0.0,0.0,0.0,0.0,0.0,0.0,0.0,0.0,0.0,0.0,0.0,0.0,0.0,0.0,0.0,0.0,0.0,0.0,0.0,0.0,0.0,0.0,0.0,0.0,0.0,0.0,0.0,0.0,0.0,0.0,0.0,0.0,0.0,0.0,0.0,0.0,0.0,0.0,0.0,0.0,0.0,0.0,0.0,0.0,0.0,0.0,0.0,0.0,0.0,0.0,0.0,0.0,0.0,0.0,0.0,0.0,0.0,0.0,0.0,0.0,0.0,0.0,U
0.0,0.0,0.0,-0.006955,-0.337132,0.053351,-0.081631,-0.543276,0.080044,-0.132177,-0.734899,0.077797,-0.175563,-0.922091,0.073414,-0.313639,-0.407157,0.182821,-0.417378,-0.562298,0.19407,-0.456708,-0.720561,0.172982,-0.471171,-0.856992,0.152421,-0.347229,-0.348128,0.125072,-0.475667,-0.512589,0.127636,-0.503514,-0.712379,0.091679,-0.481368,-0.874164,0.064201,-0.363465,-0.283547,0.05703,-0.502322,-0.451333,0.050547,-0.520976,-0.658067,0.025223,-0.499559,-0.821342,0.006581,-0.357462,-0.238438,-0.012104,-0.479574,-0.395102,-0.024686,-0.505735,-0.561764,-0.034962,-0.496729,-0.713486,-0.042635,0.0,0.0,0.0,0.0,0.0,0.0,0.0,0.0,0.0,0.0,0.0,0.0,0.0,0.0,0.0,0.0,0.0,0.0,0.0,0.0,0.0,0.0,0.0,0.0,0.0,0.0,0.0,0.0,0.0,0.0,0.0,0.0,0.0,0.0,0.0,0.0,0.0,0.0,0.0,0.0,0.0,0.0,0.0,0.0,0.0,0.0,0.0,0.0,0.0,0.0,0.0,0.0,0.0,0.0,0.0,0.0,0.0,0.0,0.0,0.0,0.0,0.0,0.0,U
0.0,0.0,0.0,-0.008388,-0.362602,0.101273,-0.080025,-0.547551,0.14853,-0.128822,-0.7223,0.154128,-0.173981,-0.908169,0.154465,-0.292212,-0.396261,0.265618,-0.390196,-0.553672,0.306538,-0.431979,-0.712974,0.298745,-0.45166,-0.846453,0.281994,-0.32868,-0.335792,0.182259,-0.4524,-0.507799,0.209371,-0.482067,-0.712069,0.175418,-0.46023,-0.874994,0.144843,-0.34928,-0.278462,0.089733,-0.481401,-0.450411,0.104575,-0.496367,-0.663116,0.080922,-0.479494,-0.829753,0.057448,-0.344736,-0.247041,-0.001423,-0.460446,-0.413934,0.001853,-0.481545,-0.58594,-0.005143,-0.474679,-0.737538,-0.015611,0.0,0.0,0.0,0.0,0.0,0.0,0.0,0.0,0.0,0.0,0.0,0.0,0.0,0.0,0.0,0.0,0.0,0.0,0.0,0.0,0.0,0.0,0.0,0.0,0.0,0.0,0.0,0.0,0.0,0.0,0.0,0.0,0.0,0.0,0.0,0.0,0.0,0.0,0.0,0.0,0.0,0.0,0.0,0.0,0.0,0.0,0.0,0.0,0.0,0.0,0.0,0.0,0.0,0.0,0.0,0.0,0.0,0.0,0.0,0.0,0.0,0.0,0.0,U
0.0,0.0,0.0,-0.010622,-0.367685,0.105684,-0.080594,-0.542884,0.155353,-0.129499,-0.719997,0.161926,-0.175815,-0.905519,0.163067,-0.290608,-0.389448,0.276494,-0.389026,-0.544867,0.320361,-0.432491,-0.70536,0.313127,-0.453986,-0.840278,0.29636,-0.327479,-0.332283,0.191785,-0.45576,-0.500112,0.220341,-0.484918,-0.703718,0.185107,-0.460606,-0.865061,0.153679,-0.347877,-0.278986,0.097909,-0.484585,-0.448305,0.114578,-0.497493,-0.659817,0.08865,-0.475262,-0.823555,0.06328,-0.343127,-0.250309,0.005743,-0.459295,-0.416928,0.010115,-0.480082,-0.587505,0.001334,-0.470673,-0.736329,-0.010769,0.0,0.0,0.0,0.0,0.0,0.0,0.0,0.0,0.0,0.0,0.0,0.0,0.0,0.0,0.0,0.0,0.0,0.0,0.0,0.0,0.0,0.0,0.0,0.0,0.0,0.0,0.0,0.0,0.0,0.0,0.0,0.0,0.0,0.0,0.0,0.0,0.0,0.0,0.0,0.0,0.0,0.0,0.0,0.0,0.0,0.0,0.0,0.0,0.0,0.0,0.0,0.0,0.0,0.0,0.0,0.0,0.0,0.0,0.0,0.0,0.0,0.0,0.0,U
0.0,0.0,0.0,-0.012336,-0.343779,0.06513,-0.086803,-0.537727,0.096877,-0.141612,-0.724266,0.095909,-0.190923,-0.911645,0.09194,-0.311006,-0.398051,0.207313,-0.410373,-0.55049,0.224124,-0.451607,-0.709884,0.204873,-0.470186,-0.847635,0.184504,-0.346361,-0.340848,0.142686,-0.475292,-0.507644,0.148969,-0.503474,-0.708141,0.113162,-0.482899,-0.8715,0.085412,-0.363788,-0.275875,0.06733,-0.505565,-0.443297,0.061862,-0.522804,-0.651974,0.036259,-0.501746,-0.817388,0.017305,-0.358253,-0.230417,-0.008446,-0.483363,-0.389806,-0.020617,-0.506708,-0.561535,-0.030773,-0.494647,-0.71699,-0.038789,0.0,0.0,0.0,0.0,0.0,0.0,0.0,0.0,0.0,0.0,0.0,0.0,0.0,0.0,0.0,0.0,0.0,0.0,0.0,0.0,0.0,0.0,0.0,0.0,0.0,0.0,0.0,0.0,0.0,0.0,0.0,0.0,0.0,0.0,0.0,0.0,0.0,0.0,0.0,0.0,0.0,0.0,0.0,0.0,0.0,0.0,0.0,0.0,0.0,0.0,0.0,0.0,0.0,0.0,0.0,0.0,0.0,0.0,0.0,0.0,0.0,0.0,0.0,U
0.0,0.0,0.0,-0.01474,-0.34759,0.078148,-0.089058,-0.544641,0.113878,-0.141955,-0.729455,0.114439,-0.189767,-0.915473,0.111547,-0.314298,-0.401831,0.219098,-0.41778,-0.558691,0.242604,-0.460186,-0.717571,0.227433,-0.479035,-0.852621,0.208718,-0.34997,-0.338816,0.147324,-0.482196,-0.505823,0.15882,-0.51115,-0.706322,0.125087,-0.488963,-0.866361,0.097721,-0.367311,-0.274638,0.066075,-0.509777,-0.441594,0.066404,-0.527528,-0.652457,0.042838,-0.507691,-0.81864,0.023159,-0.35894,-0.235748,-0.014655,-0.480607,-0.40368,-0.022523,-0.502857,-0.578318,-0.031012,-0.492356,-0.734391,-0.039349,0.0,0.0,0.0,0.0,0.0,0.0,0.0,0.0,0.0,0.0,0.0,0.0,0.0,0.0,0.0,0.0,0.0,0.0,0.0,0.0,0.0,0.0,0.0,0.0,0.0,0.0,0.0,0.0,0.0,0.0,0.0,0.0,0.0,0.0,0.0,0.0,0.0,0.0,0.0,0.0,0.0,0.0,0.0,0.0,0.0,0.0,0.0,0.0,0.0,0.0,0.0,0.0,0.0,0.0,0.0,0.0,0.0,0.0,0.0,0.0,0.0,0.0,0.0,U
0.0,0.0,0.0,-0.009198,-0.350197,0.083425,-0.084426,-0.544492,0.123276,-0.137169,-0.724752,0.127204,-0.184569,-0.911177,0.127329,-0.303511,-0.396012,0.231658,-0.402404,-0.558485,0.264212,-0.443879,-0.718099,0.255551,-0.464675,-0.851521,0.240745,-0.340959,-0.333788,0.160045,-0.464267,-0.509796,0.183046,-0.492992,-0.708217,0.156133,-0.475106,-0.869839,0.132871,-0.358905,-0.276237,0.07908,-0.495502,-0.44678,0.091203,-0.515765,-0.650181,0.075151,-0.504206,-0.813783,0.059073,-0.352005,-0.244025,-0.001615,-0.474845,-0.407202,-6.2e-05,-0.503722,-0.57549,-0.003545,-0.501987,-0.727524,-0.009263,0.0,0.0,0.0,0.0,0.0,0.0,0.0,0.0,0.0,0.0,0.0,0.0,0.0,0.0,0.0,0.0,0.0,0.0,0.0,0.0,0.0,0.0,0.0,0.0,0.0,0.0,0.0,0.0,0.0,0.0,0.0,0.0,0.0,0.0,0.0,0.0,0.0,0.0,0.0,0.0,0.0,0.0,0.0,0.0,0.0,0.0,0.0,0.0,0.0,0.0,0.0,0.0,0.0,0.0,0.0,0.0,0.0,0.0,0.0,0.0,0.0,0.0,0.0,U
0.0,0.0,0.0,-0.00534,-0.345833,0.075517,-0.078759,-0.543449,0.11167,-0.131574,-0.729478,0.1132,-0.178472,-0.918817,0.111103,-0.298564,-0.408953,0.222954,-0.39524,-0.564997,0.251021,-0.436797,-0.722527,0.238701,-0.458235,-0.855568,0.221375,-0.336238,-0.350634,0.154585,-0.457815,-0.520806,0.172903,-0.486251,-0.716756,0.142579,-0.468477,-0.875712,0.116865,-0.354984,-0.29358,0.076418,-0.491097,-0.456653,0.084188,-0.511503,-0.655762,0.06489,-0.498466,-0.815455,0.046969,-0.349442,-0.259576,-0.002008,-0.469933,-0.41946,-0.00377,-0.497393,-0.587029,-0.009453,-0.494233,-0.738873,-0.016594,0.0,0.0,0.0,0.0,0.0,0.0,0.0,0.0,0.0,0.0,0.0,0.0,0.0,0.0,0.0,0.0,0.0,0.0,0.0,0.0,0.0,0.0,0.0,0.0,0.0,0.0,0.0,0.0,0.0,0.0,0.0,0.0,0.0,0.0,0.0,0.0,0.0,0.0,0.0,0.0,0.0,0.0,0.0,0.0,0.0,0.0,0.0,0.0,0.0,0.0,0.0,0.0,0.0,0.0,0.0,0.0,0.0,0.0,0.0,0.0,0.0,0.0,0.0,U
0.0,0.0,0.0,-0.003778,-0.351605,0.081378,-0.073663,-0.546306,0.117879,-0.123703,-0.729583,0.117888,-0.169662,-0.918484,0.113581,-0.293504,-0.414318,0.227531,-0.390506,-0.571996,0.256192,-0.430045,-0.73176,0.243775,-0.4475,-0.86524,0.226059,-0.330841,-0.352429,0.154399,-0.457615,-0.522408,0.171452,-0.48275,-0.722384,0.139364,-0.457674,-0.879993,0.112606,-0.349275,-0.290981,0.071942,-0.488554,-0.458546,0.077595,-0.501561,-0.665426,0.055841,-0.480103,-0.826861,0.036517,-0.341642,-0.253363,-0.010072,-0.462625,-0.418309,-0.014501,-0.482335,-0.589796,-0.022015,-0.469853,-0.741153,-0.030286,0.0,0.0,0.0,0.0,0.0,0.0,0.0,0.0,0.0,0.0,0.0,0.0,0.0,0.0,0.0,0.0,0.0,0.0,0.0,0.0,0.0,0.0,0.0,0.0,0.0,0.0,0.0,0.0,0.0,0.0,0.0,0.0,0.0,0.0,0.0,0.0,0.0,0.0,0.0,0.0,0.0,0.0,0.0,0.0,0.0,0.0,0.0,0.0,0.0,0.0,0.0,0.0,0.0,0.0,0.0,0.0,0.0,0.0,0.0,0.0,0.0,0.0,0.0,U
0.0,0.0,0.0,-0.004074,-0.335007,0.058107,-0.078623,-0.536676,0.083771,-0.130815,-0.724123,0.079189,-0.179049,-0.912578,0.072081,-0.306299,-0.416216,0.184199,-0.40466,-0.575963,0.197186,-0.444439,-0.735848,0.177946,-0.461209,-0.873135,0.157863,-0.341079,-0.351883,0.122444,-0.469461,-0.519023,0.127261,-0.496936,-0.715137,0.094538,-0.475425,-0.873786,0.068752,-0.356096,-0.285341,0.050835,-0.498235,-0.446155,0.046358,-0.518317,-0.64565,0.024892,-0.50062,-0.806072,0.007717,-0.346538,-0.242058,-0.021688,-0.467731,-0.398324,-0.033252,-0.495498,-0.565222,-0.042229,-0.489138,-0.717353,-0.049935,0.0,0.0,0.0,0.0,0.0,0.0,0.0,0.0,0.0,0.0,0.0,0.0,0.0,0.0,0.0,0.0,0.0,0.0,0.0,0.0,0.0,0.0,0.0,0.0,0.0,0.0,0.0,0.0,0.0,0.0,0.0,0.0,0.0,0.0,0.0,0.0,0.0,0.0,0.0,0.0,0.0,0.0,0.0,0.0,0.0,0.0,0.0,0.0,0.0,0.0,0.0,0.0,0.0,0.0,0.0,0.0,0.0,0.0,0.0,0.0,0.0,0.0,0.0,U
0.0,0.0,0.0,-0.01073,-0.350334,0.087503,-0.082517,-0.538562,0.126655,-0.132954,-0.718852,0.128073,-0.181976,-0.904501,0.125372,-0.300175,-0.39154,0.238523,-0.396823,-0.555992,0.270439,-0.43581,-0.721281,0.259887,-0.452638,-0.857709,0.243834,-0.337696,-0.327554,0.16384,-0.46439,-0.503316,0.185595,-0.491331,-0.702483,0.156595,-0.469022,-0.860786,0.132191,-0.356116,-0.26958,0.079854,-0.494825,-0.440032,0.092102,-0.51105,-0.646487,0.075424,-0.49387,-0.809774,0.058906,-0.347997,-0.240064,-0.003659,-0.466418,-0.408487,-0.000526,-0.489519,-0.57617,-0.002651,-0.482381,-0.723428,-0.007578,0.0,0.0,0.0,0.0,0.0,0.0,0.0,0.0,0.0,0.0,0.0,0.0,0.0,0.0,0.0,0.0,0.0,0.0,0.0,0.0,0.0,0.0,0.0,0.0,0.0,0.0,0.0,0.0,0.0,0.0,0.0,0.0,0.0,0.0,0.0,0.0,0.0,0.0,0.0,0.0,0.0,0.0,0.0,0.0,0.0,0.0,0.0,0.0,0.0,0.0,0.0,0.0,0.0,0.0,0.0,0.0,0.0,0.0,0.0,0.0,0.0,0.0,0.0,U
0.0,0.0,0.0,-0.007771,-0.346086,0.062913,-0.077855,-0.545251,0.091714,-0.130766,-0.730418,0.088733,-0.177281,-0.91864,0.082391,-0.301762,-0.415929,0.198245,-0.399314,-0.578301,0.214175,-0.437259,-0.737267,0.194276,-0.455094,-0.873484,0.172959,-0.338741,-0.353159,0.134914,-0.461542,-0.528048,0.141932,-0.486972,-0.722315,0.106841,-0.465704,-0.881075,0.078656,-0.356622,-0.288607,0.061478,-0.491391,-0.462406,0.060219,-0.511245,-0.655781,0.038448,-0.496596,-0.812527,0.020171,-0.349826,-0.246487,-0.012834,-0.468068,-0.408972,-0.020123,-0.49778,-0.568006,-0.027084,-0.496589,-0.713422,-0.034304,0.0,0.0,0.0,0.0,0.0,0.0,0.0,0.0,0.0,0.0,0.0,0.0,0.0,0.0,0.0,0.0,0.0,0.0,0.0,0.0,0.0,0.0,0.0,0.0,0.0,0.0,0.0,0.0,0.0,0.0,0.0,0.0,0.0,0.0,0.0,0.0,0.0,0.0,0.0,0.0,0.0,0.0,0.0,0.0,0.0,0.0,0.0,0.0,0.0,0.0,0.0,0.0,0.0,0.0,0.0,0.0,0.0,0.0,0.0,0.0,0.0,0.0,0.0,U
0.0,0.0,0.0,-0.00262,-0.347326,0.07453,-0.072421,-0.542843,0.110839,-0.124861,-0.727338,0.112228,-0.17363,-0.915551,0.109863,-0.290576,-0.419377,0.227527,-0.384462,-0.578294,0.254775,-0.423141,-0.736064,0.239717,-0.441792,-0.869673,0.220201,-0.32932,-0.35948,0.159277,-0.44757,-0.530811,0.177519,-0.474768,-0.721186,0.14386,-0.455101,-0.876499,0.114912,-0.350918,-0.298695,0.080621,-0.480072,-0.46752,0.089561,-0.499356,-0.657941,0.068856,-0.485837,-0.811594,0.049005,-0.348204,-0.258842,0.001284,-0.461492,-0.419857,0.00104,-0.48911,-0.579262,-0.004867,-0.486965,-0.724486,-0.012946,0.0,0.0,0.0,0.0,0.0,0.0,0.0,0.0,0.0,0.0,0.0,0.0,0.0,0.0,0.0,0.0,0.0,0.0,0.0,0.0,0.0,0.0,0.0,0.0,0.0,0.0,0.0,0.0,0.0,0.0,0.0,0.0,0.0,0.0,0.0,0.0,0.0,0.0,0.0,0.0,0.0,0.0,0.0,0.0,0.0,0.0,0.0,0.0,0.0,0.0,0.0,0.0,0.0,0.0,0.0,0.0,0.0,0.0,0.0,0.0,0.0,0.0,0.0,U
0.0,0.0,0.0,-0.005494,-0.344145,0.078046,-0.077951,-0.539261,0.115069,-0.129931,-0.721851,0.116748,-0.179162,-0.908551,0.114746,-0.295102,-0.41648,0.222227,-0.391947,-0.573843,0.247477,-0.431393,-0.732435,0.233646,-0.448921,-0.867133,0.215755,-0.332466,-0.354776,0.150804,-0.456808,-0.521974,0.166898,-0.484979,-0.716701,0.136466,-0.46419,-0.872479,0.110659,-0.351918,-0.291504,0.069412,-0.487124,-0.456715,0.074174,-0.505442,-0.655522,0.054867,-0.48894,-0.814067,0.037369,-0.347065,-0.251036,-0.012098,-0.467487,-0.406782,-0.017041,-0.492434,-0.569219,-0.023322,-0.48434,-0.71623,-0.030412,0.0,0.0,0.0,0.0,0.0,0.0,0.0,0.0,0.0,0.0,0.0,0.0,0.0,0.0,0.0,0.0,0.0,0.0,0.0,0.0,0.0,0.0,0.0,0.0,0.0,0.0,0.0,0.0,0.0,0.0,0.0,0.0,0.0,0.0,0.0,0.0,0.0,0.0,0.0,0.0,0.0,0.0,0.0,0.0,0.0,0.0,0.0,0.0,0.0,0.0,0.0,0.0,0.0,0.0,0.0,0.0,0.0,0.0,0.0,0.0,0.0,0.0,0.0,U
0.0,0.0,0.0,-0.00951,-0.328394,0.044333,-0.08986,-0.54132,0.065373,-0.142239,-0.728241,0.061046,-0.183778,-0.914645,0.054632,-0.312391,-0.435275,0.148528,-0.413189,-0.587888,0.149359,-0.452316,-0.742233,0.125537,-0.470382,-0.876127,0.104536,-0.344989,-0.373732,0.095013,-0.469847,-0.53813,0.092504,-0.497378,-0.724784,0.062304,-0.480942,-0.875888,0.038938,-0.358868,-0.304894,0.031883,-0.495399,-0.467,0.024501,-0.522612,-0.648401,0.007466,-0.512468,-0.797261,-0.006073,-0.351471,-0.251057,-0.033097,-0.476319,-0.391098,-0.043897,-0.517792,-0.532244,-0.049063,-0.522952,-0.660122,-0.05369,0.0,0.0,0.0,0.0,0.0,0.0,0.0,0.0,0.0,0.0,0.0,0.0,0.0,0.0,0.0,0.0,0.0,0.0,0.0,0.0,0.0,0.0,0.0,0.0,0.0,0.0,0.0,0.0,0.0,0.0,0.0,0.0,0.0,0.0,0.0,0.0,0.0,0.0,0.0,0.0,0.0,0.0,0.0,0.0,0.0,0.0,0.0,0.0,0.0,0.0,0.0,0.0,0.0,0.0,0.0,0.0,0.0,0.0,0.0,0.0,0.0,0.0,0.0,U
0.0,0.0,0.0,-0.008489,-0.322103,0.041905,-0.091855,-0.537856,0.061645,-0.142927,-0.726346,0.056955,-0.182087,-0.912288,0.050591,-0.318231,-0.428121,0.139926,-0.420899,-0.585662,0.139404,-0.45869,-0.740419,0.116419,-0.474108,-0.873436,0.096193,-0.348945,-0.364978,0.087879,-0.475709,-0.530221,0.083353,-0.501162,-0.719972,0.053993,-0.482809,-0.875153,0.031654,-0.360272,-0.296268,0.026551,-0.499718,-0.459769,0.016579,-0.525917,-0.643933,-0.000778,-0.514595,-0.795906,-0.014107,-0.350478,-0.245253,-0.036431,-0.474192,-0.387279,-0.049685,-0.514423,-0.528931,-0.05589,-0.518606,-0.658098,-0.060885,0.0,0.0,0.0,0.0,0.0,0.0,0.0,0.0,0.0,0.0,0.0,0.0,0.0,0.0,0.0,0.0,0.0,0.0,0.0,0.0,0.0,0.0,0.0,0.0,0.0,0.0,0.0,0.0,0.0,0.0,0.0,0.0,0.0,0.0,0.0,0.0,0.0,0.0,0.0,0.0,0.0,0.0,0.0,0.0,0.0,0.0,0.0,0.0,0.0,0.0,0.0,0.0,0.0,0.0,0.0,0.0,0.0,0.0,0.0,0.0,0.0,0.0,0.0,U
0.0,0.0,0.0,-0.005364,-0.323831,0.043437,-0.079519,-0.538534,0.061213,-0.12829,-0.726916,0.054217,-0.165758,-0.913243,0.044768,-0.302991,-0.427926,0.141623,-0.397208,-0.597875,0.143827,-0.433263,-0.755555,0.121718,-0.448679,-0.887952,0.101137,-0.336319,-0.362918,0.08951,-0.454283,-0.53863,0.086503,-0.475643,-0.725745,0.056048,-0.455989,-0.878138,0.032367,-0.348838,-0.294989,0.028778,-0.481851,-0.464032,0.019824,-0.50149,-0.649067,0.001501,-0.487437,-0.800918,-0.013242,-0.337896,-0.246799,-0.03315,-0.453241,-0.400434,-0.04549,-0.487185,-0.546015,-0.051916,-0.488375,-0.677472,-0.057734,0.0,0.0,0.0,0.0,0.0,0.0,0.0,0.0,0.0,0.0,0.0,0.0,0.0,0.0,0.0,0.0,0.0,0.0,0.0,0.0,0.0,0.0,0.0,0.0,0.0,0.0,0.0,0.0,0.0,0.0,0.0,0.0,0.0,0.0,0.0,0.0,0.0,0.0,0.0,0.0,0.0,0.0,0.0,0.0,0.0,0.0,0.0,0.0,0.0,0.0,0.0,0.0,0.0,0.0,0.0,0.0,0.0,0.0,0.0,0.0,0.0,0.0,0.0,U
0.0,0.0,0.0,-0.009034,-0.317934,0.033247,-0.082554,-0.532127,0.044792,-0.130895,-0.720758,0.033624,-0.174173,-0.906497,0.020969,-0.311519,-0.427961,0.123787,-0.410136,-0.594496,0.116998,-0.446607,-0.751487,0.09065,-0.460367,-0.88508,0.068525,-0.343827,-0.361163,0.075163,-0.468524,-0.532346,0.063831,-0.48791,-0.721369,0.032004,-0.464994,-0.876489,0.008672,-0.355634,-0.28976,0.017289,-0.49414,-0.456213,-0.000118,-0.513804,-0.643145,-0.020382,-0.495955,-0.796176,-0.034397,-0.345277,-0.239064,-0.042343,-0.462595,-0.394529,-0.06194,-0.494724,-0.545674,-0.070998,-0.492151,-0.680633,-0.076965,0.0,0.0,0.0,0.0,0.0,0.0,0.0,0.0,0.0,0.0,0.0,0.0,0.0,0.0,0.0,0.0,0.0,0.0,0.0,0.0,0.0,0.0,0.0,0.0,0.0,0.0,0.0,0.0,0.0,0.0,0.0,0.0,0.0,0.0,0.0,0.0,0.0,0.0,0.0,0.0,0.0,0.0,0.0,0.0,0.0,0.0,0.0,0.0,0.0,0.0,0.0,0.0,0.0,0.0,0.0,0.0,0.0,0.0,0.0,0.0,0.0,0.0,0.0,U
0.0,0.0,0.0,-0.007266,-0.322664,0.038649,-0.080842,-0.541286,0.052328,-0.129561,-0.729036,0.041831,-0.172896,-0.911991,0.029114,-0.308199,-0.427184,0.130264,-0.412954,-0.592291,0.126526,-0.446023,-0.752753,0.102646,-0.455127,-0.886563,0.082853,-0.33828,-0.361955,0.079264,-0.466119,-0.539511,0.071245,-0.483689,-0.733671,0.041021,-0.457274,-0.886492,0.019561,-0.348703,-0.296466,0.019703,-0.48595,-0.47338,0.007296,-0.501006,-0.666649,-0.008702,-0.480376,-0.817961,-0.019527,-0.337077,-0.250819,-0.041496,-0.460599,-0.407836,-0.055531,-0.491668,-0.557745,-0.059298,-0.485534,-0.686218,-0.061117,0.0,0.0,0.0,0.0,0.0,0.0,0.0,0.0,0.0,0.0,0.0,0.0,0.0,0.0,0.0,0.0,0.0,0.0,0.0,0.0,0.0,0.0,0.0,0.0,0.0,0.0,0.0,0.0,0.0,0.0,0.0,0.0,0.0,0.0,0.0,0.0,0.0,0.0,0.0,0.0,0.0,0.0,0.0,0.0,0.0,0.0,0.0,0.0,0.0,0.0,0.0,0.0,0.0,0.0,0.0,0.0,0.0,0.0,0.0,0.0,0.0,0.0,0.0,U
0.0,0.0,0.0,-0.00695,-0.316914,0.030117,-0.075846,-0.539847,0.042416,-0.123438,-0.722089,0.033453,-0.161009,-0.899416,0.022456,-0.29466,-0.435221,0.111498,-0.391835,-0.606134,0.100688,-0.424901,-0.765802,0.073431,-0.436187,-0.898342,0.052166,-0.32623,-0.373914,0.06616,-0.446149,-0.559189,0.052297,-0.463571,-0.74317,0.019956,-0.44122,-0.889745,-0.002843,-0.338613,-0.310652,0.012392,-0.466433,-0.490253,-0.004228,-0.482726,-0.672871,-0.022899,-0.46577,-0.820815,-0.035252,-0.330822,-0.262817,-0.043314,-0.446321,-0.41975,-0.058845,-0.479074,-0.564451,-0.064516,-0.475673,-0.690996,-0.06791,0.0,0.0,0.0,0.0,0.0,0.0,0.0,0.0,0.0,0.0,0.0,0.0,0.0,0.0,0.0,0.0,0.0,0.0,0.0,0.0,0.0,0.0,0.0,0.0,0.0,0.0,0.0,0.0,0.0,0.0,0.0,0.0,0.0,0.0,0.0,0.0,0.0,0.0,0.0,0.0,0.0,0.0,0.0,0.0,0.0,0.0,0.0,0.0,0.0,0.0,0.0,0.0,0.0,0.0,0.0,0.0,0.0,0.0,0.0,0.0,0.0,0.0,0.0,U
0.0,0.0,0.0,-0.010298,-0.326744,0.043813,-0.078694,-0.534525,0.059877,-0.126187,-0.724597,0.049564,-0.167369,-0.90743,0.037168,-0.300925,-0.437003,0.144943,-0.401279,-0.599262,0.142985,-0.435199,-0.755961,0.118192,-0.447077,-0.887384,0.096365,-0.33368,-0.375945,0.09048,-0.4598,-0.546684,0.079871,-0.472992,-0.739459,0.045472,-0.444162,-0.895712,0.0205,-0.348384,-0.311269,0.026809,-0.485519,-0.48245,0.010177,-0.49473,-0.676579,-0.01183,-0.46766,-0.831338,-0.027039,-0.342016,-0.265546,-0.038053,-0.458558,-0.429533,-0.056062,-0.48207,-0.585223,-0.06478,-0.470682,-0.723332,-0.070942,0.0,0.0,0.0,0.0,0.0,0.0,0.0,0.0,0.0,0.0,0.0,0.0,0.0,0.0,0.0,0.0,0.0,0.0,0.0,0.0,0.0,0.0,0.0,0.0,0.0,0.0,0.0,0.0,0.0,0.0,0.0,0.0,0.0,0.0,0.0,0.0,0.0,0.0,0.0,0.0,0.0,0.0,0.0,0.0,0.0,0.0,0.0,0.0,0.0,0.0,0.0,0.0,0.0,0.0,0.0,0.0,0.0,0.0,0.0,0.0,0.0,0.0,0.0,U
0.0,0.0,0.0,-0.007757,-0.341121,0.070186,-0.075391,-0.537233,0.100049,-0.124169,-0.722643,0.097011,-0.165791,-0.903123,0.090948,-0.294525,-0.413571,0.198212,-0.390941,-0.577626,0.215847,-0.425262,-0.738089,0.200551,-0.437432,-0.869059,0.182965,-0.328498,-0.356992,0.132527,-0.450519,-0.546273,0.138286,-0.464607,-0.743797,0.106728,-0.433993,-0.897134,0.082461,-0.343638,-0.306276,0.058028,-0.47388,-0.501718,0.055512,-0.480273,-0.706634,0.034976,-0.452713,-0.860789,0.018561,-0.334175,-0.280503,-0.016168,-0.443877,-0.468734,-0.02358,-0.462178,-0.638141,-0.030021,-0.449775,-0.78369,-0.036429,0.0,0.0,0.0,0.0,0.0,0.0,0.0,0.0,0.0,0.0,0.0,0.0,0.0,0.0,0.0,0.0,0.0,0.0,0.0,0.0,0.0,0.0,0.0,0.0,0.0,0.0,0.0,0.0,0.0,0.0,0.0,0.0,0.0,0.0,0.0,0.0,0.0,0.0,0.0,0.0,0.0,0.0,0.0,0.0,0.0,0.0,0.0,0.0,0.0,0.0,0.0,0.0,0.0,0.0,0.0,0.0,0.0,0.0,0.0,0.0,0.0,0.0,0.0,U
0.0,0.0,0.0,-0.010544,-0.341355,0.057787,-0.077553,-0.548457,0.085569,-0.12199,-0.726544,0.085811,-0.157198,-0.89607,0.084222,-0.294072,-0.414261,0.164779,-0.392412,-0.591593,0.17294,-0.42307,-0.757218,0.155795,-0.432301,-0.890837,0.139733,-0.325831,-0.351261,0.10986,-0.44551,-0.547863,0.10832,-0.458502,-0.743988,0.078989,-0.432049,-0.895909,0.058915,-0.337219,-0.297623,0.047167,-0.462696,-0.494626,0.040955,-0.474162,-0.691995,0.022638,-0.453736,-0.844854,0.010245,-0.325459,-0.269003,-0.015558,-0.435684,-0.44809,-0.024061,-0.460581,-0.601989,-0.02928,-0.452796,-0.734694,-0.03259,0.0,0.0,0.0,0.0,0.0,0.0,0.0,0.0,0.0,0.0,0.0,0.0,0.0,0.0,0.0,0.0,0.0,0.0,0.0,0.0,0.0,0.0,0.0,0.0,0.0,0.0,0.0,0.0,0.0,0.0,0.0,0.0,0.0,0.0,0.0,0.0,0.0,0.0,0.0,0.0,0.0,0.0,0.0,0.0,0.0,0.0,0.0,0.0,0.0,0.0,0.0,0.0,0.0,0.0,0.0,0.0,0.0,0.0,0.0,0.0,0.0,0.0,0.0,U
0.0,0.0,0.0,-0.01547,-0.331888,0.056074,-0.082534,-0.542577,0.074992,-0.125539,-0.731399,0.065721,-0.160969,-0.911454,0.055164,-0.315069,-0.405808,0.148794,-0.413608,-0.575033,0.145407,-0.436389,-0.74719,0.121761,-0.432473,-0.887356,0.102384,-0.342962,-0.345422,0.089554,-0.470374,-0.539641,0.077863,-0.473275,-0.747681,0.046866,-0.434041,-0.900515,0.026095,-0.350995,-0.293984,0.022658,-0.484302,-0.499221,0.00496,-0.481681,-0.714955,-0.014922,-0.444784,-0.868717,-0.027026,-0.336383,-0.274149,-0.044057,-0.441562,-0.46827,-0.06176,-0.452588,-0.640037,-0.068649,-0.434693,-0.781104,-0.072154,0.0,0.0,0.0,0.0,0.0,0.0,0.0,0.0,0.0,0.0,0.0,0.0,0.0,0.0,0.0,0.0,0.0,0.0,0.0,0.0,0.0,0.0,0.0,0.0,0.0,0.0,0.0,0.0,0.0,0.0,0.0,0.0,0.0,0.0,0.0,0.0,0.0,0.0,0.0,0.0,0.0,0.0,0.0,0.0,0.0,0.0,0.0,0.0,0.0,0.0,0.0,0.0,0.0,0.0,0.0,0.0,0.0,0.0,0.0,0.0,0.0,0.0,0.0,U
0.0,0.0,0.0,-0.015337,-0.34561,0.07342,-0.083396,-0.54378,0.105559,-0.130466,-0.725678,0.104797,-0.168213,-0.902877,0.101316,-0.30925,-0.400559,0.193445,-0.409785,-0.566903,0.206267,-0.439033,-0.734117,0.189199,-0.44339,-0.870478,0.171753,-0.341549,-0.342999,0.127172,-0.465186,-0.536415,0.127738,-0.471954,-0.742375,0.095263,-0.434391,-0.897847,0.071939,-0.353216,-0.293141,0.05286,-0.483342,-0.497305,0.045786,-0.483026,-0.711283,0.023825,-0.449322,-0.86781,0.008098,-0.340189,-0.270094,-0.02046,-0.448876,-0.461776,-0.030777,-0.463985,-0.630205,-0.037751,-0.449461,-0.772509,-0.04322,0.0,0.0,0.0,0.0,0.0,0.0,0.0,0.0,0.0,0.0,0.0,0.0,0.0,0.0,0.0,0.0,0.0,0.0,0.0,0.0,0.0,0.0,0.0,0.0,0.0,0.0,0.0,0.0,0.0,0.0,0.0,0.0,0.0,0.0,0.0,0.0,0.0,0.0,0.0,0.0,0.0,0.0,0.0,0.0,0.0,0.0,0.0,0.0,0.0,0.0,0.0,0.0,0.0,0.0,0.0,0.0,0.0,0.0,0.0,0.0,0.0,0.0,0.0,U
0.0,0.0,0.0,-0.017641,-0.350982,0.069145,-0.092953,-0.553586,0.099807,-0.142069,-0.728715,0.101182,-0.174609,-0.908107,0.101809,-0.321642,-0.374134,0.166229,-0.429985,-0.541821,0.17324,-0.460722,-0.71635,0.158715,-0.463718,-0.860451,0.145348,-0.348996,-0.312638,0.105048,-0.484441,-0.507835,0.102036,-0.496155,-0.721402,0.078255,-0.464718,-0.88321,0.063062,-0.352501,-0.269398,0.037065,-0.489905,-0.478488,0.026603,-0.497113,-0.699309,0.011915,-0.470569,-0.861984,0.003748,-0.331329,-0.263685,-0.029601,-0.446256,-0.461643,-0.041531,-0.466511,-0.63635,-0.045448,-0.455937,-0.782245,-0.046461,0.0,0.0,0.0,0.0,0.0,0.0,0.0,0.0,0.0,0.0,0.0,0.0,0.0,0.0,0.0,0.0,0.0,0.0,0.0,0.0,0.0,0.0,0.0,0.0,0.0,0.0,0.0,0.0,0.0,0.0,0.0,0.0,0.0,0.0,0.0,0.0,0.0,0.0,0.0,0.0,0.0,0.0,0.0,0.0,0.0,0.0,0.0,0.0,0.0,0.0,0.0,0.0,0.0,0.0,0.0,0.0,0.0,0.0,0.0,0.0,0.0,0.0,0.0,U
0.0,0.0,0.0,-0.016573,-0.340308,0.061202,-0.092722,-0.548926,0.085823,-0.142238,-0.725474,0.082064,-0.17715,-0.907025,0.076739,-0.320296,-0.387095,0.15587,-0.426281,-0.554419,0.160968,-0.46013,-0.721544,0.143573,-0.468606,-0.861286,0.126879,-0.349741,-0.321836,0.095665,-0.480845,-0.512021,0.090784,-0.49558,-0.721343,0.062726,-0.466621,-0.883391,0.043423,-0.355442,-0.269584,0.028603,-0.494184,-0.464862,0.017655,-0.505723,-0.679173,0.000731,-0.483318,-0.843733,-0.01055,-0.336497,-0.25144,-0.037917,-0.450296,-0.434979,-0.050303,-0.475568,-0.600679,-0.055178,-0.47063,-0.744276,-0.058146,0.0,0.0,0.0,0.0,0.0,0.0,0.0,0.0,0.0,0.0,0.0,0.0,0.0,0.0,0.0,0.0,0.0,0.0,0.0,0.0,0.0,0.0,0.0,0.0,0.0,0.0,0.0,0.0,0.0,0.0,0.0,0.0,0.0,0.0,0.0,0.0,0.0,0.0,0.0,0.0,0.0,0.0,0.0,0.0,0.0,0.0,0.0,0.0,0.0,0.0,0.0,0.0,0.0,0.0,0.0,0.0,0.0,0.0,0.0,0.0,0.0,0.0,0.0,U
0.0,0.0,0.0,-0.018618,-0.348838,0.074711,-0.08904,-0.546337,0.103353,-0.138029,-0.721073,0.099155,-0.176387,-0.899784,0.092627,-0.321751,-0.371639,0.181444,-0.430282,-0.536223,0.193595,-0.460884,-0.706371,0.179746,-0.464432,-0.844868,0.164729,-0.351672,-0.308105,0.114393,-0.487141,-0.506359,0.114281,-0.500879,-0.722202,0.086271,-0.466926,-0.881754,0.067011,-0.35791,-0.261957,0.040703,-0.498762,-0.466947,0.033901,-0.504138,-0.696308,0.016067,-0.473213,-0.862724,0.003954,-0.337994,-0.253851,-0.031516,-0.450528,-0.451538,-0.040772,-0.463998,-0.630459,-0.04469,-0.445602,-0.777223,-0.04712,0.0,0.0,0.0,0.0,0.0,0.0,0.0,0.0,0.0,0.0,0.0,0.0,0.0,0.0,0.0,0.0,0.0,0.0,0.0,0.0,0.0,0.0,0.0,0.0,0.0,0.0,0.0,0.0,0.0,0.0,0.0,0.0,0.0,0.0,0.0,0.0,0.0,0.0,0.0,0.0,0.0,0.0,0.0,0.0,0.0,0.0,0.0,0.0,0.0,0.0,0.0,0.0,0.0,0.0,0.0,0.0,0.0,0.0,0.0,0.0,0.0,0.0,0.0,U
0.0,0.0,0.0,-0.022515,-0.348111,0.067307,-0.094363,-0.549128,0.092439,-0.144557,-0.722737,0.087213,-0.18289,-0.900925,0.079808,-0.326441,-0.374174,0.159917,-0.439679,-0.53668,0.164223,-0.471694,-0.70621,0.147394,-0.477781,-0.846835,0.131147,-0.35504,-0.306759,0.096452,-0.496943,-0.501013,0.085513,-0.511202,-0.718833,0.054097,-0.476703,-0.878392,0.034389,-0.359595,-0.255167,0.026952,-0.506398,-0.451525,0.011574,-0.512238,-0.678977,-0.009244,-0.481506,-0.846159,-0.021155,-0.339063,-0.239993,-0.040943,-0.455287,-0.429731,-0.05541,-0.472167,-0.606953,-0.062214,-0.455699,-0.755122,-0.065511,0.0,0.0,0.0,0.0,0.0,0.0,0.0,0.0,0.0,0.0,0.0,0.0,0.0,0.0,0.0,0.0,0.0,0.0,0.0,0.0,0.0,0.0,0.0,0.0,0.0,0.0,0.0,0.0,0.0,0.0,0.0,0.0,0.0,0.0,0.0,0.0,0.0,0.0,0.0,0.0,0.0,0.0,0.0,0.0,0.0,0.0,0.0,0.0,0.0,0.0,0.0,0.0,0.0,0.0,0.0,0.0,0.0,0.0,0.0,0.0,0.0,0.0,0.0,U
0.0,0.0,0.0,-0.022414,-0.342842,0.055701,-0.101685,-0.551643,0.075231,-0.153908,-0.726154,0.069181,-0.187861,-0.908124,0.063078,-0.342368,-0.342543,0.125661,-0.461419,-0.515518,0.121096,-0.488784,-0.699622,0.103527,-0.487049,-0.850261,0.089589,-0.365157,-0.271986,0.070582,-0.515334,-0.478171,0.055948,-0.525533,-0.705879,0.031501,-0.489963,-0.87156,0.017843,-0.36067,-0.231281,0.010328,-0.511885,-0.446679,-0.00752,-0.519059,-0.682636,-0.02345,-0.488933,-0.852881,-0.03062,-0.333097,-0.236444,-0.048787,-0.454412,-0.433704,-0.063882,-0.474575,-0.613434,-0.068413,-0.461227,-0.759678,-0.068701,0.0,0.0,0.0,0.0,0.0,0.0,0.0,0.0,0.0,0.0,0.0,0.0,0.0,0.0,0.0,0.0,0.0,0.0,0.0,0.0,0.0,0.0,0.0,0.0,0.0,0.0,0.0,0.0,0.0,0.0,0.0,0.0,0.0,0.0,0.0,0.0,0.0,0.0,0.0,0.0,0.0,0.0,0.0,0.0,0.0,0.0,0.0,0.0,0.0,0.0,0.0,0.0,0.0,0.0,0.0,0.0,0.0,0.0,0.0,0.0,0.0,0.0,0.0,U
0.0,0.0,0.0,-0.026445,-0.35504,0.082287,-0.099625,-0.55522,0.114474,-0.150822,-0.722731,0.11298,-0.18871,-0.895665,0.108659,-0.329518,-0.367509,0.183276,-0.444486,-0.531326,0.194382,-0.472773,-0.702099,0.178652,-0.474891,-0.843265,0.161544,-0.355526,-0.302061,0.113009,-0.497996,-0.500934,0.105363,-0.507103,-0.721204,0.071287,-0.468377,-0.882146,0.049422,-0.358043,-0.253473,0.037742,-0.502416,-0.453662,0.026866,-0.503591,-0.681129,0.007426,-0.470232,-0.844574,-0.004645,-0.333512,-0.243854,-0.035049,-0.447638,-0.433027,-0.043999,-0.460521,-0.605997,-0.047353,-0.442027,-0.74661,-0.049298,0.0,0.0,0.0,0.0,0.0,0.0,0.0,0.0,0.0,0.0,0.0,0.0,0.0,0.0,0.0,0.0,0.0,0.0,0.0,0.0,0.0,0.0,0.0,0.0,0.0,0.0,0.0,0.0,0.0,0.0,0.0,0.0,0.0,0.0,0.0,0.0,0.0,0.0,0.0,0.0,0.0,0.0,0.0,0.0,0.0,0.0,0.0,0.0,0.0,0.0,0.0,0.0,0.0,0.0,0.0,0.0,0.0,0.0,0.0,0.0,0.0,0.0,0.0,U
0.0,0.0,0.0,-0.020326,-0.330401,0.046273,-0.098376,-0.542293,0.059047,-0.148978,-0.722872,0.046112,-0.186082,-0.9046,0.031888,-0.347064,-0.357908,0.117018,-0.465911,-0.519515,0.104907,-0.489573,-0.70021,0.079173,-0.482673,-0.847618,0.059394,-0.370773,-0.289015,0.062749,-0.519131,-0.485876,0.041386,-0.523707,-0.714341,0.007719,-0.47976,-0.877302,-0.013105,-0.370934,-0.238303,0.002398,-0.521862,-0.445618,-0.020193,-0.520273,-0.681896,-0.043034,-0.47857,-0.848648,-0.055794,-0.348791,-0.225563,-0.057776,-0.465394,-0.419571,-0.077293,-0.477716,-0.603088,-0.08594,-0.454399,-0.748933,-0.089774,0.0,0.0,0.0,0.0,0.0,0.0,0.0,0.0,0.0,0.0,0.0,0.0,0.0,0.0,0.0,0.0,0.0,0.0,0.0,0.0,0.0,0.0,0.0,0.0,0.0,0.0,0.0,0.0,0.0,0.0,0.0,0.0,0.0,0.0,0.0,0.0,0.0,0.0,0.0,0.0,0.0,0.0,0.0,0.0,0.0,0.0,0.0,0.0,0.0,0.0,0.0,0.0,0.0,0.0,0.0,0.0,0.0,0.0,0.0,0.0,0.0,0.0,0.0,U
0.0,0.0,0.0,-0.02602,-0.352815,0.088638,-0.095047,-0.552947,0.123875,-0.142282,-0.72705,0.124061,-0.180123,-0.903981,0.121632,-0.334263,-0.335225,0.198137,-0.45415,-0.51351,0.214566,-0.473063,-0.696062,0.201154,-0.465585,-0.839775,0.186094,-0.359958,-0.278542,0.127659,-0.502188,-0.49987,0.126104,-0.503104,-0.730912,0.092116,-0.454979,-0.887732,0.070187,-0.359534,-0.246749,0.052692,-0.503944,-0.470168,0.050621,-0.498004,-0.709437,0.03201,-0.455636,-0.870766,0.019626,-0.330877,-0.259241,-0.019483,-0.449314,-0.457676,-0.019673,-0.459402,-0.633617,-0.020048,-0.436172,-0.769708,-0.020486,0.0,0.0,0.0,0.0,0.0,0.0,0.0,0.0,0.0,0.0,0.0,0.0,0.0,0.0,0.0,0.0,0.0,0.0,0.0,0.0,0.0,0.0,0.0,0.0,0.0,0.0,0.0,0.0,0.0,0.0,0.0,0.0,0.0,0.0,0.0,0.0,0.0,0.0,0.0,0.0,0.0,0.0,0.0,0.0,0.0,0.0,0.0,0.0,0.0,0.0,0.0,0.0,0.0,0.0,0.0,0.0,0.0,0.0,0.0,0.0,0.0,0.0,0.0,U
0.0,0.0,0.0,-0.019952,-0.331895,0.061953,-0.093509,-0.545262,0.081538,-0.141983,-0.724009,0.072221,-0.178828,-0.903755,0.061199,-0.343019,-0.364965,0.143643,-0.4623,-0.532538,0.140631,-0.479491,-0.709195,0.118249,-0.465464,-0.848696,0.099366,-0.368431,-0.298382,0.083685,-0.512836,-0.50689,0.067601,-0.512958,-0.731461,0.030923,-0.462179,-0.886751,0.00797,-0.368987,-0.249067,0.018719,-0.518388,-0.460459,0.003423,-0.514159,-0.694059,-0.020874,-0.470326,-0.857526,-0.03622,-0.344356,-0.239083,-0.044848,-0.455002,-0.433902,-0.059818,-0.466985,-0.612129,-0.069622,-0.445591,-0.756666,-0.075321,0.0,0.0,0.0,0.0,0.0,0.0,0.0,0.0,0.0,0.0,0.0,0.0,0.0,0.0,0.0,0.0,0.0,0.0,0.0,0.0,0.0,0.0,0.0,0.0,0.0,0.0,0.0,0.0,0.0,0.0,0.0,0.0,0.0,0.0,0.0,0.0,0.0,0.0,0.0,0.0,0.0,0.0,0.0,0.0,0.0,0.0,0.0,0.0,0.0,0.0,0.0,0.0,0.0,0.0,0.0,0.0,0.0,0.0,0.0,0.0,0.0,0.0,0.0,U
0.0,0.0,0.0,-0.018229,-0.333026,0.065081,-0.092118,-0.543034,0.089347,-0.140079,-0.720065,0.085163,-0.175979,-0.898108,0.079534,-0.338171,-0.343925,0.151061,-0.453254,-0.522316,0.155356,-0.474151,-0.701615,0.138411,-0.466841,-0.844089,0.123213,-0.363821,-0.280448,0.09243,-0.504186,-0.499029,0.08467,-0.506446,-0.726682,0.055173,-0.461251,-0.886509,0.036748,-0.362754,-0.241843,0.028943,-0.509995,-0.464672,0.018855,-0.505698,-0.699436,2.3e-05,-0.464085,-0.861555,-0.011386,-0.33743,-0.248664,-0.032913,-0.456549,-0.447189,-0.04296,-0.465179,-0.624952,-0.04717,-0.440445,-0.765427,-0.048715,0.0,0.0,0.0,0.0,0.0,0.0,0.0,0.0,0.0,0.0,0.0,0.0,0.0,0.0,0.0,0.0,0.0,0.0,0.0,0.0,0.0,0.0,0.0,0.0,0.0,0.0,0.0,0.0,0.0,0.0,0.0,0.0,0.0,0.0,0.0,0.0,0.0,0.0,0.0,0.0,0.0,0.0,0.0,0.0,0.0,0.0,0.0,0.0,0.0,0.0,0.0,0.0,0.0,0.0,0.0,0.0,0.0,0.0,0.0,0.0,0.0,0.0,0.0,U
0.0,0.0,0.0,-0.02315,-0.351334,0.096784,-0.094886,-0.550133,0.138508,-0.143208,-0.721699,0.142752,-0.180542,-0.899367,0.143387,-0.330543,-0.361363,0.216896,-0.444361,-0.529384,0.238957,-0.46941,-0.701132,0.228082,-0.466904,-0.838219,0.213517,-0.360126,-0.29766,0.14042,-0.500749,-0.504143,0.141686,-0.508559,-0.726368,0.106605,-0.463692,-0.882036,0.083678,-0.365684,-0.250876,0.058752,-0.516454,-0.45618,0.055029,-0.513277,-0.693613,0.031801,-0.473596,-0.861342,0.016266,-0.343326,-0.243594,-0.019449,-0.463212,-0.436385,-0.025395,-0.472179,-0.61514,-0.030896,-0.447034,-0.758853,-0.035036,0.0,0.0,0.0,0.0,0.0,0.0,0.0,0.0,0.0,0.0,0.0,0.0,0.0,0.0,0.0,0.0,0.0,0.0,0.0,0.0,0.0,0.0,0.0,0.0,0.0,0.0,0.0,0.0,0.0,0.0,0.0,0.0,0.0,0.0,0.0,0.0,0.0,0.0,0.0,0.0,0.0,0.0,0.0,0.0,0.0,0.0,0.0,0.0,0.0,0.0,0.0,0.0,0.0,0.0,0.0,0.0,0.0,0.0,0.0,0.0,0.0,0.0,0.0,U
0.0,0.0,0.0,-0.018255,-0.337865,0.061784,-0.095515,-0.541128,0.085276,-0.148201,-0.718138,0.079904,-0.186621,-0.897061,0.073316,-0.342701,-0.350492,0.152628,-0.457724,-0.509483,0.153613,-0.485134,-0.687364,0.133702,-0.482732,-0.831364,0.116612,-0.368073,-0.288937,0.094457,-0.512646,-0.485908,0.083429,-0.521838,-0.710776,0.051043,-0.482712,-0.875242,0.030659,-0.368827,-0.248398,0.030225,-0.515707,-0.45513,0.016665,-0.51793,-0.691841,-0.00706,-0.48125,-0.862215,-0.021713,-0.346577,-0.24895,-0.032702,-0.461685,-0.440712,-0.04525,-0.476434,-0.620497,-0.053599,-0.457357,-0.76965,-0.058392,0.0,0.0,0.0,0.0,0.0,0.0,0.0,0.0,0.0,0.0,0.0,0.0,0.0,0.0,0.0,0.0,0.0,0.0,0.0,0.0,0.0,0.0,0.0,0.0,0.0,0.0,0.0,0.0,0.0,0.0,0.0,0.0,0.0,0.0,0.0,0.0,0.0,0.0,0.0,0.0,0.0,0.0,0.0,0.0,0.0,0.0,0.0,0.0,0.0,0.0,0.0,0.0,0.0,0.0,0.0,0.0,0.0,0.0,0.0,0.0,0.0,0.0,0.0,U
0.0,0.0,0.0,-0.017703,-0.352429,0.092743,-0.088534,-0.554437,0.13191,-0.135682,-0.724192,0.13637,-0.172277,-0.901477,0.138845,-0.329244,-0.339791,0.201721,-0.451352,-0.517132,0.221642,-0.471273,-0.703525,0.211543,-0.460012,-0.847217,0.19918,-0.354776,-0.286073,0.132141,-0.49986,-0.504648,0.134117,-0.497864,-0.735545,0.101951,-0.446512,-0.891056,0.081523,-0.355155,-0.256155,0.058824,-0.500197,-0.479435,0.06098,-0.492512,-0.715684,0.044734,-0.448182,-0.874741,0.033182,-0.326804,-0.271962,-0.011281,-0.442123,-0.466595,-0.009936,-0.45615,-0.64472,-0.011289,-0.437451,-0.784166,-0.012581,0.0,0.0,0.0,0.0,0.0,0.0,0.0,0.0,0.0,0.0,0.0,0.0,0.0,0.0,0.0,0.0,0.0,0.0,0.0,0.0,0.0,0.0,0.0,0.0,0.0,0.0,0.0,0.0,0.0,0.0,0.0,0.0,0.0,0.0,0.0,0.0,0.0,0.0,0.0,0.0,0.0,0.0,0.0,0.0,0.0,0.0,0.0,0.0,0.0,0.0,0.0,0.0,0.0,0.0,0.0,0.0,0.0,0.0,0.0,0.0,0.0,0.0,0.0,U
0.0,0.0,0.0,-0.017029,-0.345849,0.078097,-0.087188,-0.550955,0.107333,-0.133593,-0.722469,0.104191,-0.170531,-0.900421,0.098429,-0.32893,-0.367918,0.171168,-0.44869,-0.539911,0.178564,-0.465752,-0.71694,0.16181,-0.453621,-0.855789,0.145485,-0.355008,-0.309129,0.104636,-0.499445,-0.518776,0.094763,-0.498132,-0.742394,0.058797,-0.446492,-0.894045,0.036456,-0.35646,-0.267195,0.033773,-0.504899,-0.482039,0.023642,-0.495144,-0.714884,0.00261,-0.448199,-0.873636,-0.010319,-0.33053,-0.265369,-0.034514,-0.446546,-0.457637,-0.04407,-0.458401,-0.633878,-0.050171,-0.436118,-0.774414,-0.053525,0.0,0.0,0.0,0.0,0.0,0.0,0.0,0.0,0.0,0.0,0.0,0.0,0.0,0.0,0.0,0.0,0.0,0.0,0.0,0.0,0.0,0.0,0.0,0.0,0.0,0.0,0.0,0.0,0.0,0.0,0.0,0.0,0.0,0.0,0.0,0.0,0.0,0.0,0.0,0.0,0.0,0.0,0.0,0.0,0.0,0.0,0.0,0.0,0.0,0.0,0.0,0.0,0.0,0.0,0.0,0.0,0.0,0.0,0.0,0.0,0.0,0.0,0.0,U
