0.0,0.0,0.0,-0.163738,-0.098523,0.024603,-0.362811,-0.193028,0.030587,-0.501947,-0.295074,0.023626,-0.620154,-0.340801,0.013091,-0.474984,-0.155911,0.010678,-0.678687,-0.184134,-0.026668,-0.824704,-0.182636,-0.056422,-0.944607,-0.185404,-0.082167,-0.462362,-0.160089,-0.037205,-0.681606,-0.166987,-0.079616,-0.84058,-0.170138,-0.119621,-0.973625,-0.171134,-0.150891,-0.410216,-0.178109,-0.086469,-0.631708,-0.197269,-0.137219,-0.780486,-0.201816,-0.179817,-0.907097,-0.195312,-0.212264,-0.331431,-0.219314,-0.133189,-0.458945,-0.297608,-0.185322,-0.557871,-0.338366,-0.219777,-0.651671,-0.368033,-0.246984,0.0,0.0,0.0,0.0,0.0,0.0,0.0,0.0,0.0,0.0,0.0,0.0,0.0,0.0,0.0,0.0,0.0,0.0,0.0,0.0,0.0,0.0,0.0,0.0,0.0,0.0,0.0,0.0,0.0,0.0,0.0,0.0,0.0,0.0,0.0,0.0,0.0,0.0,0.0,0.0,0.0,0.0,0.0,0.0,0.0,0.0,0.0,0.0,0.0,0.0,0.0,0.0,0.0,0.0,0.0,0.0,0.0,0.0,0.0,0.0,0.0,0.0,0.0,Z
0.0,0.0,0.0,-0.16285,-0.054963,0.029246,-0.349311,-0.133797,0.033324,-0.47691,-0.215662,0.021902,-0.592455,-0.246559,0.006177,-0.473652,-0.143395,0.007811,-0.680542,-0.156853,-0.036618,-0.828516,-0.15484,-0.069182,-0.949277,-0.160365,-0.095244,-0.464468,-0.155203,-0.045318,-0.686713,-0.158177,-0.09489,-0.843034,-0.161835,-0.136783,-0.972297,-0.163356,-0.167192,-0.412917,-0.17935,-0.099502,-0.627198,-0.196398,-0.157543,-0.771541,-0.198964,-0.202185,-0.896327,-0.192536,-0.233863,-0.331451,-0.221935,-0.150561,-0.451427,-0.303693,-0.208516,-0.54721,-0.345281,-0.243678,-0.642117,-0.375425,-0.269694,0.0,0.0,0.0,0.0,0.0,0.0,0.0,0.0,0.0,0.0,0.0,0.0,0.0,0.0,0.0,0.0,0.0,0.0,0.0,0.0,0.0,0.0,0.0,0.0,0.0,0.0,0.0,0.0,0.0,0.0,0.0,0.0,0.0,0.0,0.0,0.0,0.0,0.0,0.0,0.0,0.0,0.0,0.0,0.0,0.0,0.0,0.0,0.0,0.0,0.0,0.0,0.0,0.0,0.0,0.0,0.0,0.0,0.0,0.0,0.0,0.0,0.0,0.0,Z
0.0,0.0,0.0,-0.161196,-0.07051,0.035799,-0.34507,-0.158877,0.035955,-0.464075,-0.257994,0.021531,-0.568058,-0.310646,0.001232,-0.471008,-0.166565,-0.021941,-0.674119,-0.189788,-0.073749,-0.81728,-0.18675,-0.107359,-0.935199,-0.191502,-0.135425,-0.452376,-0.169694,-0.082639,-0.677377,-0.171545,-0.143424,-0.83006,-0.178451,-0.186729,-0.958241,-0.183269,-0.219513,-0.391124,-0.186684,-0.142111,-0.616005,-0.201813,-0.212233,-0.762337,-0.20517,-0.262673,-0.889704,-0.201116,-0.299898,-0.302968,-0.225229,-0.196221,-0.421967,-0.302517,-0.272819,-0.521867,-0.349089,-0.321968,-0.619585,-0.385244,-0.358799,0.0,0.0,0.0,0.0,0.0,0.0,0.0,0.0,0.0,0.0,0.0,0.0,0.0,0.0,0.0,0.0,0.0,0.0,0.0,0.0,0.0,0.0,0.0,0.0,0.0,0.0,0.0,0.0,0.0,0.0,0.0,0.0,0.0,0.0,0.0,0.0,0.0,0.0,0.0,0.0,0.0,0.0,0.0,0.0,0.0,0.0,0.0,0.0,0.0,0.0,0.0,0.0,0.0,0.0,0.0,0.0,0.0,0.0,0.0,0.0,0.0,0.0,0.0,Z
0.0,0.0,0.0,-0.17523,-0.083927,0.035417,-0.363649,-0.191172,0.03877,-0.487098,-0.296702,0.027031,-0.597022,-0.350269,0.010686,-0.474482,-0.173417,-0.001375,-0.676131,-0.202972,-0.046457,-0.823183,-0.202731,-0.078883,-0.943843,-0.205104,-0.105863,-0.456135,-0.177952,-0.059401,-0.673889,-0.18851,-0.109446,-0.830842,-0.195873,-0.15138,-0.962794,-0.197723,-0.18421,-0.398809,-0.194823,-0.117157,-0.616042,-0.215546,-0.175177,-0.763873,-0.220663,-0.219831,-0.889907,-0.216534,-0.25369,-0.315957,-0.2287,-0.170892,-0.437979,-0.306763,-0.229867,-0.533221,-0.356807,-0.266709,-0.623269,-0.399271,-0.295649,0.0,0.0,0.0,0.0,0.0,0.0,0.0,0.0,0.0,0.0,0.0,0.0,0.0,0.0,0.0,0.0,0.0,0.0,0.0,0.0,0.0,0.0,0.0,0.0,0.0,0.0,0.0,0.0,0.0,0.0,0.0,0.0,0.0,0.0,0.0,0.0,0.0,0.0,0.0,0.0,0.0,0.0,0.0,0.0,0.0,0.0,0.0,0.0,0.0,0.0,0.0,0.0,0.0,0.0,0.0,0.0,0.0,0.0,0.0,0.0,0.0,0.0,0.0,Z
0.0,0.0,0.0,-0.176604,-0.06162,0.044483,-0.365566,-0.158876,0.055571,-0.487488,-0.246173,0.048949,-0.596272,-0.281544,0.03792,-0.469534,-0.162501,0.022071,-0.665511,-0.18763,-0.020718,-0.816805,-0.184759,-0.053928,-0.937634,-0.186741,-0.081543,-0.457894,-0.178841,-0.03738,-0.672613,-0.185303,-0.085681,-0.831023,-0.190871,-0.127288,-0.9681,-0.193836,-0.158779,-0.410072,-0.204222,-0.096905,-0.625011,-0.223837,-0.153572,-0.768999,-0.229958,-0.195745,-0.89615,-0.223421,-0.226523,-0.334898,-0.248833,-0.152139,-0.45374,-0.325641,-0.210362,-0.543736,-0.365154,-0.244881,-0.631304,-0.390449,-0.270765,0.0,0.0,0.0,0.0,0.0,0.0,0.0,0.0,0.0,0.0,0.0,0.0,0.0,0.0,0.0,0.0,0.0,0.0,0.0,0.0,0.0,0.0,0.0,0.0,0.0,0.0,0.0,0.0,0.0,0.0,0.0,0.0,0.0,0.0,0.0,0.0,0.0,0.0,0.0,0.0,0.0,0.0,0.0,0.0,0.0,0.0,0.0,0.0,0.0,0.0,0.0,0.0,0.0,0.0,0.0,0.0,0.0,0.0,0.0,0.0,0.0,0.0,0.0,Z
0.0,0.0,0.0,-0.155433,-0.079566,0.023217,-0.342785,-0.191785,0.028446,-0.472057,-0.301172,0.018806,-0.588112,-0.357369,0.005565,-0.447688,-0.204071,0.022173,-0.648607,-0.23403,-0.019482,-0.801394,-0.235188,-0.055753,-0.925433,-0.239334,-0.085315,-0.442567,-0.220665,-0.026452,-0.659474,-0.231647,-0.071286,-0.820257,-0.237555,-0.116154,-0.959103,-0.240171,-0.149797,-0.400701,-0.241016,-0.077416,-0.615867,-0.271703,-0.12898,-0.760723,-0.285428,-0.169219,-0.887979,-0.281853,-0.198086,-0.331139,-0.277061,-0.126683,-0.458358,-0.366243,-0.174339,-0.548067,-0.417326,-0.200618,-0.635611,-0.452914,-0.220626,0.0,0.0,0.0,0.0,0.0,0.0,0.0,0.0,0.0,0.0,0.0,0.0,0.0,0.0,0.0,0.0,0.0,0.0,0.0,0.0,0.0,0.0,0.0,0.0,0.0,0.0,0.0,0.0,0.0,0.0,0.0,0.0,0.0,0.0,0.0,0.0,0.0,0.0,0.0,0.0,0.0,0.0,0.0,0.0,0.0,0.0,0.0,0.0,0.0,0.0,0.0,0.0,0.0,0.0,0.0,0.0,0.0,0.0,0.0,0.0,0.0,0.0,0.0,Z
0.0,0.0,0.0,-0.169556,-0.071581,0.027353,-0.355828,-0.178256,0.029535,-0.482895,-0.283356,0.016879,-0.594773,-0.344707,0.000958,-0.447173,-0.171196,0.005303,-0.650092,-0.203647,-0.044404,-0.804976,-0.215459,-0.082406,-0.927189,-0.22989,-0.111019,-0.440986,-0.187266,-0.044544,-0.657913,-0.205291,-0.097748,-0.818145,-0.224801,-0.139331,-0.955081,-0.242988,-0.169638,-0.402387,-0.216025,-0.095768,-0.613755,-0.250616,-0.151141,-0.759815,-0.273439,-0.187222,-0.886384,-0.280957,-0.211783,-0.337006,-0.267861,-0.144963,-0.471767,-0.355135,-0.192518,-0.564395,-0.406468,-0.216673,-0.651727,-0.44388,-0.234637,0.0,0.0,0.0,0.0,0.0,0.0,0.0,0.0,0.0,0.0,0.0,0.0,0.0,0.0,0.0,0.0,0.0,0.0,0.0,0.0,0.0,0.0,0.0,0.0,0.0,0.0,0.0,0.0,0.0,0.0,0.0,0.0,0.0,0.0,0.0,0.0,0.0,0.0,0.0,0.0,0.0,0.0,0.0,0.0,0.0,0.0,0.0,0.0,0.0,0.0,0.0,0.0,0.0,0.0,0.0,0.0,0.0,0.0,0.0,0.0,0.0,0.0,0.0,Z
0.0,0.0,0.0,-0.169162,-0.074492,0.038231,-0.350547,-0.183755,0.04494,-0.469781,-0.288835,0.033604,-0.578426,-0.347263,0.018241,-0.444402,-0.198327,0.018646,-0.645876,-0.229388,-0.025593,-0.798141,-0.239333,-0.060514,-0.921479,-0.255105,-0.088737,-0.438369,-0.21488,-0.037872,-0.656969,-0.23493,-0.084739,-0.812916,-0.255888,-0.125641,-0.948971,-0.273791,-0.156499,-0.395667,-0.242656,-0.094796,-0.608929,-0.278146,-0.147065,-0.750483,-0.298827,-0.184053,-0.875291,-0.304454,-0.210713,-0.324375,-0.293553,-0.148816,-0.448176,-0.376522,-0.198076,-0.538095,-0.423773,-0.224712,-0.626088,-0.456912,-0.244887,0.0,0.0,0.0,0.0,0.0,0.0,0.0,0.0,0.0,0.0,0.0,0.0,0.0,0.0,0.0,0.0,0.0,0.0,0.0,0.0,0.0,0.0,0.0,0.0,0.0,0.0,0.0,0.0,0.0,0.0,0.0,0.0,0.0,0.0,0.0,0.0,0.0,0.0,0.0,0.0,0.0,0.0,0.0,0.0,0.0,0.0,0.0,0.0,0.0,0.0,0.0,0.0,0.0,0.0,0.0,0.0,0.0,0.0,0.0,0.0,0.0,0.0,0.0,Z
0.0,0.0,0.0,-0.163591,-0.045702,0.053552,-0.325405,-0.138551,0.062386,-0.427824,-0.226513,0.053221,-0.526304,-0.2791,0.0372,-0.443986,-0.193257,-0.008289,-0.647123,-0.233116,-0.06176,-0.795324,-0.251028,-0.094998,-0.915083,-0.270342,-0.120142,-0.42781,-0.217887,-0.07402,-0.647574,-0.257375,-0.135455,-0.799811,-0.286869,-0.175333,-0.928789,-0.309859,-0.203316,-0.37169,-0.249302,-0.137008,-0.583506,-0.311685,-0.20497,-0.721595,-0.336148,-0.247363,-0.841631,-0.344419,-0.275737,-0.287138,-0.294688,-0.193616,-0.402095,-0.394961,-0.266864,-0.49275,-0.451487,-0.307951,-0.580248,-0.495784,-0.335614,0.0,0.0,0.0,0.0,0.0,0.0,0.0,0.0,0.0,0.0,0.0,0.0,0.0,0.0,0.0,0.0,0.0,0.0,0.0,0.0,0.0,0.0,0.0,0.0,0.0,0.0,0.0,0.0,0.0,0.0,0.0,0.0,0.0,0.0,0.0,0.0,0.0,0.0,0.0,0.0,0.0,0.0,0.0,0.0,0.0,0.0,0.0,0.0,0.0,0.0,0.0,0.0,0.0,0.0,0.0,0.0,0.0,0.0,0.0,0.0,0.0,0.0,0.0,Z
0.0,0.0,0.0,-0.164265,-0.097674,0.032815,-0.346358,-0.220509,0.032422,-0.459305,-0.334655,0.017995,-0.56067,-0.402071,-0.001479,-0.442355,-0.222237,-0.023939,-0.643127,-0.25489,-0.080257,-0.787074,-0.276298,-0.118303,-0.901215,-0.305479,-0.146439,-0.422129,-0.227154,-0.081198,-0.640434,-0.26123,-0.139979,-0.794419,-0.292738,-0.182905,-0.921891,-0.322875,-0.214169,-0.361994,-0.248459,-0.137202,-0.569124,-0.297902,-0.199019,-0.713371,-0.333705,-0.242374,-0.836371,-0.359067,-0.273634,-0.272483,-0.289612,-0.189212,-0.386075,-0.373789,-0.250222,-0.47442,-0.435566,-0.284608,-0.557477,-0.492133,-0.31002,0.0,0.0,0.0,0.0,0.0,0.0,0.0,0.0,0.0,0.0,0.0,0.0,0.0,0.0,0.0,0.0,0.0,0.0,0.0,0.0,0.0,0.0,0.0,0.0,0.0,0.0,0.0,0.0,0.0,0.0,0.0,0.0,0.0,0.0,0.0,0.0,0.0,0.0,0.0,0.0,0.0,0.0,0.0,0.0,0.0,0.0,0.0,0.0,0.0,0.0,0.0,0.0,0.0,0.0,0.0,0.0,0.0,0.0,0.0,0.0,0.0,0.0,0.0,Z
0.0,0.0,0.0,-0.1335,-0.10034,-0.070714,-0.296383,-0.24326,-0.086216,-0.422915,-0.377421,-0.093836,-0.546407,-0.454097,-0.095854,-0.461201,-0.262596,-0.007676,-0.667835,-0.299163,-0.03799,-0.809616,-0.312445,-0.070539,-0.920728,-0.331392,-0.095841,-0.453085,-0.263294,0.005152,-0.671854,-0.283756,-0.022798,-0.82027,-0.3027,-0.066768,-0.939588,-0.327982,-0.097991,-0.403231,-0.271173,0.00708,-0.606571,-0.306405,-0.032234,-0.749138,-0.332881,-0.08255,-0.869341,-0.357218,-0.117593,-0.325991,-0.293478,0.002701,-0.427516,-0.374517,-0.040098,-0.506671,-0.427802,-0.075138,-0.584795,-0.476579,-0.098615,0.0,0.0,0.0,0.0,0.0,0.0,0.0,0.0,0.0,0.0,0.0,0.0,0.0,0.0,0.0,0.0,0.0,0.0,0.0,0.0,0.0,0.0,0.0,0.0,0.0,0.0,0.0,0.0,0.0,0.0,0.0,0.0,0.0,0.0,0.0,0.0,0.0,0.0,0.0,0.0,0.0,0.0,0.0,0.0,0.0,0.0,0.0,0.0,0.0,0.0,0.0,0.0,0.0,0.0,0.0,0.0,0.0,0.0,0.0,0.0,0.0,0.0,0.0,Z
0.0,0.0,0.0,-0.163522,-0.112143,0.043546,-0.329239,-0.244976,0.048223,-0.433638,-0.364877,0.037457,-0.532537,-0.435764,0.020988,-0.450469,-0.262882,-0.013731,-0.644464,-0.308446,-0.064764,-0.78205,-0.334362,-0.098463,-0.89111,-0.363214,-0.124112,-0.425359,-0.262575,-0.07517,-0.642325,-0.305981,-0.129925,-0.787856,-0.344064,-0.168416,-0.90483,-0.37751,-0.196897,-0.358902,-0.27458,-0.134898,-0.564838,-0.332526,-0.195416,-0.706246,-0.36977,-0.238598,-0.825817,-0.397258,-0.270821,-0.262054,-0.304653,-0.189404,-0.368202,-0.399408,-0.256792,-0.458532,-0.463545,-0.297381,-0.546029,-0.518411,-0.327011,0.0,0.0,0.0,0.0,0.0,0.0,0.0,0.0,0.0,0.0,0.0,0.0,0.0,0.0,0.0,0.0,0.0,0.0,0.0,0.0,0.0,0.0,0.0,0.0,0.0,0.0,0.0,0.0,0.0,0.0,0.0,0.0,0.0,0.0,0.0,0.0,0.0,0.0,0.0,0.0,0.0,0.0,0.0,0.0,0.0,0.0,0.0,0.0,0.0,0.0,0.0,0.0,0.0,0.0,0.0,0.0,0.0,0.0,0.0,0.0,0.0,0.0,0.0,Z
0.0,0.0,0.0,-0.166833,-0.085133,0.050698,-0.334577,-0.201422,0.056169,-0.443522,-0.308698,0.046339,-0.54311,-0.371777,0.028519,-0.432424,-0.255769,-0.033826,-0.62355,-0.29621,-0.094667,-0.768917,-0.320121,-0.132921,-0.886505,-0.348811,-0.161716,-0.407162,-0.25882,-0.099999,-0.619218,-0.294073,-0.169775,-0.771454,-0.328334,-0.214018,-0.899638,-0.360687,-0.246083,-0.347123,-0.266616,-0.162138,-0.55067,-0.319894,-0.237196,-0.696738,-0.359221,-0.286152,-0.822763,-0.387365,-0.320445,-0.260922,-0.28869,-0.217282,-0.369618,-0.381984,-0.299914,-0.45795,-0.445389,-0.348926,-0.542156,-0.497519,-0.383104,0.0,0.0,0.0,0.0,0.0,0.0,0.0,0.0,0.0,0.0,0.0,0.0,0.0,0.0,0.0,0.0,0.0,0.0,0.0,0.0,0.0,0.0,0.0,0.0,0.0,0.0,0.0,0.0,0.0,0.0,0.0,0.0,0.0,0.0,0.0,0.0,0.0,0.0,0.0,0.0,0.0,0.0,0.0,0.0,0.0,0.0,0.0,0.0,0.0,0.0,0.0,0.0,0.0,0.0,0.0,0.0,0.0,0.0,0.0,0.0,0.0,0.0,0.0,Z
0.0,0.0,0.0,-0.148272,-0.098684,0.045976,-0.306029,-0.216979,0.050431,-0.408293,-0.32372,0.038681,-0.503806,-0.38465,0.01954,-0.41649,-0.275537,-0.017419,-0.612937,-0.313543,-0.06929,-0.761786,-0.328613,-0.102861,-0.879761,-0.347428,-0.128367,-0.399876,-0.280294,-0.081358,-0.625828,-0.309619,-0.139762,-0.782065,-0.335047,-0.1793,-0.91022,-0.358483,-0.207339,-0.34681,-0.285724,-0.142475,-0.565572,-0.334152,-0.207809,-0.715141,-0.36145,-0.252278,-0.842006,-0.379815,-0.283184,-0.265675,-0.303044,-0.197556,-0.377742,-0.387837,-0.266327,-0.467992,-0.442688,-0.305038,-0.55254,-0.488153,-0.331942,0.0,0.0,0.0,0.0,0.0,0.0,0.0,0.0,0.0,0.0,0.0,0.0,0.0,0.0,0.0,0.0,0.0,0.0,0.0,0.0,0.0,0.0,0.0,0.0,0.0,0.0,0.0,0.0,0.0,0.0,0.0,0.0,0.0,0.0,0.0,0.0,0.0,0.0,0.0,0.0,0.0,0.0,0.0,0.0,0.0,0.0,0.0,0.0,0.0,0.0,0.0,0.0,0.0,0.0,0.0,0.0,0.0,0.0,0.0,0.0,0.0,0.0,0.0,Z
0.0,0.0,0.0,-0.159675,-0.088007,0.048169,-0.319801,-0.205952,0.059031,-0.4215,-0.308653,0.054114,-0.522044,-0.362087,0.042351,-0.418902,-0.263383,-0.008077,-0.612456,-0.30154,-0.059541,-0.764202,-0.321745,-0.094844,-0.88415,-0.342787,-0.12087,-0.398862,-0.27008,-0.069478,-0.619198,-0.299847,-0.124785,-0.776839,-0.332037,-0.165048,-0.911062,-0.36369,-0.194152,-0.346674,-0.279021,-0.128365,-0.554821,-0.331077,-0.190528,-0.704937,-0.368251,-0.235452,-0.835366,-0.392163,-0.266199,-0.26677,-0.302783,-0.181504,-0.379381,-0.39175,-0.248313,-0.46991,-0.44511,-0.287172,-0.556378,-0.483444,-0.3137,0.0,0.0,0.0,0.0,0.0,0.0,0.0,0.0,0.0,0.0,0.0,0.0,0.0,0.0,0.0,0.0,0.0,0.0,0.0,0.0,0.0,0.0,0.0,0.0,0.0,0.0,0.0,0.0,0.0,0.0,0.0,0.0,0.0,0.0,0.0,0.0,0.0,0.0,0.0,0.0,0.0,0.0,0.0,0.0,0.0,0.0,0.0,0.0,0.0,0.0,0.0,0.0,0.0,0.0,0.0,0.0,0.0,0.0,0.0,0.0,0.0,0.0,0.0,Z
0.0,0.0,0.0,-0.147014,-0.130559,0.058445,-0.315206,-0.257762,0.071804,-0.428834,-0.355891,0.06777,-0.5366,-0.399526,0.055474,-0.403207,-0.317589,0.004369,-0.601607,-0.340039,-0.042005,-0.75914,-0.352738,-0.077656,-0.882557,-0.370165,-0.105069,-0.384838,-0.318503,-0.061734,-0.613784,-0.317928,-0.107691,-0.7776,-0.34399,-0.147109,-0.909539,-0.375578,-0.177988,-0.342133,-0.308697,-0.124234,-0.566417,-0.330261,-0.176627,-0.718589,-0.36642,-0.21655,-0.846053,-0.397465,-0.246869,-0.275261,-0.305793,-0.18007,-0.402818,-0.358726,-0.237432,-0.492087,-0.406283,-0.267234,-0.57006,-0.451514,-0.288571,0.0,0.0,0.0,-0.065754,-0.208247,-0.092341,-0.182291,-0.28169,-0.132639,-0.290395,-0.290298,-0.164338,-0.397145,-0.334205,-0.19338,-0.42565,-0.147548,-0.083484,-0.623676,-0.151329,-0.155738,-0.772461,-0.178244,-0.21461,-0.892049,-0.217999,-0.252544,-0.461069,-0.079148,-0.071801,-0.660569,-0.067069,-0.139822,-0.823542,-0.096718,-0.194678,-0.962756,-0.144333,-0.228624,-0.468117,-0.042423,-0.069173,-0.649562,-0.043721,-0.134927,-0.783855,-0.084549,-0.177242,-0.895127,-0.141386,-0.1998,-0.45032,-0.024337,-0.075332,-0.560671,-0.020245,-0.130005,-0.638797,-0.053418,-0.151814,-0.694085,-0.102018,-0.160588,Z
0.0,0.0,0.0,-0.137558,-0.121454,0.002008,-0.306718,-0.261487,0.000202,-0.441181,-0.353578,-0.006266,-0.564737,-0.389655,-0.016753,-0.403305,-0.33399,-0.026578,-0.602943,-0.34396,-0.083434,-0.765546,-0.34907,-0.126599,-0.889806,-0.357785,-0.156868,-0.388336,-0.327606,-0.059074,-0.615901,-0.318644,-0.115791,-0.781494,-0.335847,-0.158458,-0.913697,-0.360199,-0.188187,-0.352807,-0.304117,-0.093508,-0.572431,-0.321647,-0.158411,-0.726094,-0.350784,-0.200887,-0.854036,-0.378745,-0.227821,-0.296946,-0.272356,-0.125965,-0.423621,-0.32663,-0.193292,-0.514912,-0.373269,-0.228635,-0.597426,-0.416939,-0.250237,0.0,0.0,0.0,0.0,0.0,0.0,0.0,0.0,0.0,0.0,0.0,0.0,0.0,0.0,0.0,0.0,0.0,0.0,0.0,0.0,0.0,0.0,0.0,0.0,0.0,0.0,0.0,0.0,0.0,0.0,0.0,0.0,0.0,0.0,0.0,0.0,0.0,0.0,0.0,0.0,0.0,0.0,0.0,0.0,0.0,0.0,0.0,0.0,0.0,0.0,0.0,0.0,0.0,0.0,0.0,0.0,0.0,0.0,0.0,0.0,0.0,0.0,0.0,Z
0.0,0.0,0.0,-0.141606,-0.136797,0.069743,-0.297323,-0.27035,0.091517,-0.407648,-0.366504,0.095582,-0.51356,-0.409643,0.091759,-0.398735,-0.341215,0.019622,-0.596572,-0.346062,-0.0203,-0.754916,-0.347346,-0.050343,-0.880062,-0.353478,-0.07467,-0.382165,-0.344826,-0.046939,-0.618871,-0.332717,-0.088452,-0.781529,-0.35339,-0.121424,-0.914382,-0.376276,-0.149403,-0.347444,-0.326821,-0.109878,-0.577362,-0.342715,-0.161203,-0.729114,-0.371221,-0.20137,-0.857051,-0.395168,-0.233587,-0.296042,-0.308861,-0.165065,-0.421555,-0.361294,-0.229225,-0.511131,-0.405246,-0.268749,-0.590853,-0.440399,-0.29828,0.0,0.0,0.0,0.0,0.0,0.0,0.0,0.0,0.0,0.0,0.0,0.0,0.0,0.0,0.0,0.0,0.0,0.0,0.0,0.0,0.0,0.0,0.0,0.0,0.0,0.0,0.0,0.0,0.0,0.0,0.0,0.0,0.0,0.0,0.0,0.0,0.0,0.0,0.0,0.0,0.0,0.0,0.0,0.0,0.0,0.0,0.0,0.0,0.0,0.0,0.0,0.0,0.0,0.0,0.0,0.0,0.0,0.0,0.0,0.0,0.0,0.0,0.0,Z
0.0,0.0,0.0,-0.139209,-0.143028,0.062962,-0.296248,-0.28608,0.089807,-0.408581,-0.388968,0.099608,-0.51645,-0.43377,0.101892,-0.405759,-0.343968,0.029338,-0.602954,-0.348284,-0.007587,-0.757736,-0.354844,-0.034464,-0.878525,-0.368835,-0.056329,-0.389962,-0.346354,-0.032047,-0.626425,-0.331284,-0.076242,-0.786872,-0.354984,-0.109065,-0.914677,-0.381093,-0.134659,-0.352545,-0.326247,-0.092222,-0.585387,-0.339486,-0.150268,-0.736842,-0.366047,-0.194192,-0.863459,-0.392876,-0.22601,-0.298559,-0.301228,-0.144926,-0.428918,-0.354091,-0.214351,-0.518143,-0.406186,-0.259001,-0.597649,-0.455007,-0.291241,0.0,0.0,0.0,0.0,0.0,0.0,0.0,0.0,0.0,0.0,0.0,0.0,0.0,0.0,0.0,0.0,0.0,0.0,0.0,0.0,0.0,0.0,0.0,0.0,0.0,0.0,0.0,0.0,0.0,0.0,0.0,0.0,0.0,0.0,0.0,0.0,0.0,0.0,0.0,0.0,0.0,0.0,0.0,0.0,0.0,0.0,0.0,0.0,0.0,0.0,0.0,0.0,0.0,0.0,0.0,0.0,0.0,0.0,0.0,0.0,0.0,0.0,0.0,Z
0.0,0.0,0.0,-0.08325,-0.140272,-0.073176,-0.206787,-0.206911,-0.120427,-0.304625,-0.239909,-0.161599,-0.399248,-0.271809,-0.205289,-0.381868,-0.119736,-0.12146,-0.589508,-0.11381,-0.212156,-0.750455,-0.148616,-0.280405,-0.877358,-0.198884,-0.32283,-0.386149,-0.090405,-0.128616,-0.601308,-0.062779,-0.212417,-0.780295,-0.09325,-0.277897,-0.93682,-0.144508,-0.318569,-0.365141,-0.079807,-0.139469,-0.562918,-0.059473,-0.215059,-0.71828,-0.083699,-0.262369,-0.849529,-0.126785,-0.288305,-0.319409,-0.079595,-0.155587,-0.439057,-0.048962,-0.220947,-0.532906,-0.06203,-0.245899,-0.609246,-0.100056,-0.256009,0.0,0.0,0.0,-0.145294,-0.127691,0.061034,-0.300138,-0.272672,0.083952,-0.409053,-0.380277,0.09049,-0.512477,-0.431693,0.089697,-0.395287,-0.363738,0.025261,-0.591415,-0.352531,-0.013644,-0.747691,-0.351145,-0.043677,-0.872539,-0.359486,-0.067183,-0.38227,-0.369177,-0.034678,-0.619316,-0.341017,-0.075837,-0.784875,-0.354944,-0.107858,-0.918881,-0.370978,-0.134291,-0.352865,-0.341338,-0.092885,-0.584621,-0.342448,-0.146639,-0.740224,-0.36192,-0.188895,-0.867594,-0.380643,-0.220618,-0.312649,-0.297933,-0.144169,-0.439426,-0.348202,-0.207236,-0.528374,-0.397739,-0.247862,-0.605136,-0.441333,-0.278101,Z
0.0,0.0,0.0,-0.141454,-0.122848,0.02889,-0.30654,-0.273824,0.046103,-0.434966,-0.37917,0.054112,-0.54767,-0.429509,0.058814,-0.401213,-0.368749,0.021151,-0.602743,-0.353764,-0.010007,-0.758669,-0.345455,-0.038726,-0.885196,-0.350306,-0.062101,-0.391775,-0.377,-0.016729,-0.622565,-0.345056,-0.04853,-0.787289,-0.350348,-0.077729,-0.927085,-0.360647,-0.102208,-0.366856,-0.355281,-0.055487,-0.594519,-0.352836,-0.096174,-0.751524,-0.368206,-0.130223,-0.885711,-0.382893,-0.157129,-0.331095,-0.324258,-0.09138,-0.456375,-0.363978,-0.136629,-0.541249,-0.407684,-0.165095,-0.615925,-0.449266,-0.186866,0.0,0.0,0.0,0.0,0.0,0.0,0.0,0.0,0.0,0.0,0.0,0.0,0.0,0.0,0.0,0.0,0.0,0.0,0.0,0.0,0.0,0.0,0.0,0.0,0.0,0.0,0.0,0.0,0.0,0.0,0.0,0.0,0.0,0.0,0.0,0.0,0.0,0.0,0.0,0.0,0.0,0.0,0.0,0.0,0.0,0.0,0.0,0.0,0.0,0.0,0.0,0.0,0.0,0.0,0.0,0.0,0.0,0.0,0.0,0.0,0.0,0.0,0.0,Z
0.0,0.0,0.0,-0.056775,-0.177761,-0.097669,-0.165037,-0.244939,-0.147773,-0.274124,-0.268741,-0.188171,-0.382009,-0.300372,-0.226045,-0.40963,-0.12273,-0.111241,-0.623175,-0.114207,-0.194573,-0.778435,-0.145862,-0.257307,-0.898541,-0.192374,-0.296629,-0.439989,-0.071965,-0.101732,-0.649984,-0.049577,-0.180555,-0.811127,-0.099994,-0.239111,-0.945592,-0.174808,-0.274404,-0.439368,-0.052064,-0.100738,-0.624928,-0.031433,-0.173025,-0.764682,-0.073699,-0.218957,-0.878928,-0.140684,-0.244155,-0.41065,-0.048441,-0.108193,-0.520653,-0.015741,-0.169771,-0.602447,-0.036768,-0.196166,-0.665128,-0.087444,-0.207924,0.0,0.0,0.0,-0.160872,-0.089706,0.074869,-0.318383,-0.23233,0.109076,-0.423183,-0.331105,0.124854,-0.520846,-0.374889,0.135472,-0.40614,-0.356365,0.06275,-0.60813,-0.334437,0.040538,-0.764741,-0.322439,0.017431,-0.890877,-0.32558,-0.002343,-0.394654,-0.382146,0.003376,-0.633499,-0.336765,-0.016261,-0.79717,-0.337798,-0.04023,-0.934795,-0.349477,-0.063428,-0.372948,-0.368899,-0.05383,-0.604386,-0.349174,-0.080625,-0.757547,-0.358354,-0.10997,-0.887583,-0.372669,-0.137301,-0.345214,-0.339352,-0.105216,-0.468796,-0.36371,-0.139452,-0.550495,-0.398071,-0.163774,-0.622517,-0.431403,-0.185045,Z
0.0,0.0,0.0,-0.146227,-0.107814,0.019855,-0.311166,-0.262427,0.037247,-0.436908,-0.378928,0.050218,-0.548787,-0.428449,0.061136,-0.40934,-0.37034,0.016542,-0.619036,-0.347526,-0.006546,-0.771089,-0.33252,-0.029465,-0.893208,-0.338238,-0.048184,-0.397652,-0.383476,-0.00841,-0.636985,-0.3425,-0.031908,-0.799471,-0.342954,-0.056693,-0.931969,-0.353958,-0.078407,-0.371863,-0.356832,-0.03384,-0.601415,-0.347659,-0.065215,-0.755802,-0.362656,-0.0982,-0.883172,-0.378078,-0.125546,-0.339388,-0.315182,-0.056752,-0.459779,-0.355621,-0.093679,-0.542446,-0.398572,-0.121525,-0.615841,-0.438988,-0.14338,0.0,0.0,0.0,-0.034194,-0.14581,-0.156144,-0.14595,-0.197773,-0.231294,-0.265417,-0.218758,-0.283349,-0.3913,-0.244473,-0.329114,-0.401147,-0.079796,-0.173363,-0.619468,-0.054811,-0.262319,-0.783735,-0.068913,-0.324831,-0.91099,-0.096665,-0.36248,-0.435443,-0.031819,-0.128297,-0.654651,-0.010342,-0.219701,-0.816241,-0.066438,-0.276913,-0.94131,-0.137484,-0.308275,-0.455134,-0.014057,-0.094227,-0.660227,0.004658,-0.172846,-0.80378,-0.03138,-0.210304,-0.915525,-0.090119,-0.225368,-0.460416,-0.010222,-0.073424,-0.626769,0.001661,-0.132961,-0.746207,-0.020552,-0.157917,-0.836172,-0.067126,-0.167324,Z
0.0,0.0,0.0,-0.084331,-0.165348,-0.095063,-0.21133,-0.205296,-0.146338,-0.321398,-0.199844,-0.188576,-0.432575,-0.220955,-0.228853,-0.419157,-0.069355,-0.113477,-0.62377,-0.037427,-0.203284,-0.790475,-0.055163,-0.272812,-0.924734,-0.085285,-0.317187,-0.431388,-0.02189,-0.107092,-0.640556,0.012471,-0.190923,-0.808748,-0.018527,-0.250488,-0.956072,-0.065058,-0.285823,-0.425338,-0.00166,-0.108905,-0.618134,0.026312,-0.183335,-0.766678,0.005099,-0.218692,-0.891989,-0.035066,-0.234476,-0.399888,0.000338,-0.119924,-0.531654,0.031188,-0.17858,-0.629391,0.019052,-0.196232,-0.705955,-0.013983,-0.201017,0.0,0.0,0.0,-0.163802,-0.133736,0.047609,-0.335832,-0.272651,0.072233,-0.463323,-0.365716,0.084663,-0.57309,-0.405863,0.093864,-0.426993,-0.371631,0.044214,-0.638239,-0.337114,0.023376,-0.788622,-0.317814,0.000977,-0.909659,-0.321472,-0.018576,-0.414126,-0.376434,0.002802,-0.653418,-0.32401,-0.016059,-0.80979,-0.325067,-0.037633,-0.93874,-0.339477,-0.059359,-0.385076,-0.346861,-0.038634,-0.617061,-0.327766,-0.064821,-0.768736,-0.339621,-0.093488,-0.894275,-0.354635,-0.120481,-0.347549,-0.308428,-0.076008,-0.471476,-0.331778,-0.110991,-0.556325,-0.367253,-0.137348,-0.631662,-0.401094,-0.159944,Z
0.0,0.0,0.0,-0.103362,-0.131837,-0.078849,-0.23179,-0.16125,-0.131672,-0.32322,-0.160493,-0.177944,-0.422167,-0.176024,-0.226163,-0.421691,-0.021598,-0.125663,-0.632417,-0.000382,-0.220768,-0.794988,-0.028444,-0.292054,-0.921752,-0.069345,-0.336274,-0.411346,-0.004401,-0.134731,-0.624141,0.017074,-0.218499,-0.795637,-0.018904,-0.283748,-0.942736,-0.077863,-0.324326,-0.37154,-0.014421,-0.148951,-0.558461,-0.006785,-0.225902,-0.705057,-0.032923,-0.272624,-0.831716,-0.081499,-0.298934,-0.304519,-0.044902,-0.168813,-0.40602,-0.029845,-0.235337,-0.488525,-0.051406,-0.256645,-0.554243,-0.095204,-0.26426,0.0,0.0,0.0,-0.158393,-0.102604,0.028654,-0.317647,-0.246214,0.044505,-0.434753,-0.349744,0.050543,-0.537397,-0.408354,0.054508,-0.399706,-0.369794,0.023363,-0.612694,-0.3393,-0.010193,-0.773107,-0.329112,-0.041469,-0.903533,-0.333729,-0.065137,-0.394084,-0.385625,-0.01368,-0.631263,-0.337651,-0.042261,-0.795728,-0.335967,-0.072797,-0.934502,-0.342138,-0.098221,-0.379837,-0.370727,-0.051163,-0.604874,-0.342825,-0.081093,-0.763062,-0.351791,-0.110486,-0.895691,-0.36122,-0.135069,-0.357677,-0.343265,-0.087379,-0.489072,-0.355985,-0.117035,-0.579761,-0.379823,-0.135848,-0.658656,-0.398678,-0.151202,Z
0.0,0.0,0.0,-0.158577,-0.124817,0.019447,-0.316038,-0.270902,0.028804,-0.432879,-0.367995,0.02816,-0.537603,-0.420782,0.025733,-0.391334,-0.368347,0.018742,-0.598028,-0.349791,-0.026913,-0.762085,-0.348952,-0.06853,-0.894771,-0.357063,-0.098065,-0.380805,-0.372177,-0.018452,-0.60874,-0.345162,-0.059819,-0.778179,-0.350195,-0.100447,-0.92435,-0.35833,-0.131057,-0.364346,-0.350985,-0.057244,-0.582472,-0.352054,-0.101949,-0.741056,-0.368279,-0.136418,-0.877151,-0.38084,-0.160293,-0.339593,-0.317361,-0.094995,-0.474473,-0.354,-0.134758,-0.565414,-0.389927,-0.15383,-0.644446,-0.420122,-0.166934,0.0,0.0,0.0,-0.052621,-0.109656,-0.154411,-0.169897,-0.152449,-0.231879,-0.285076,-0.16369,-0.286682,-0.392162,-0.191423,-0.335584,-0.390294,-0.045824,-0.175418,-0.594449,-0.036423,-0.273226,-0.751371,-0.062234,-0.346088,-0.875506,-0.098152,-0.38906,-0.416013,-0.00037,-0.133728,-0.629189,0.01196,-0.227506,-0.799429,-0.018895,-0.289288,-0.943958,-0.062686,-0.324058,-0.43095,0.022913,-0.103062,-0.629211,0.024894,-0.179812,-0.774878,-0.005157,-0.215047,-0.896451,-0.051282,-0.229093,-0.433123,0.042831,-0.086122,-0.591226,0.044667,-0.138407,-0.708235,0.020253,-0.156661,-0.802328,-0.019998,-0.162699,Z
0.0,0.0,0.0,-0.166162,-0.127211,0.015763,-0.332638,-0.267598,0.018377,-0.458681,-0.3578,0.010538,-0.564534,-0.404915,0.000614,-0.380036,-0.333468,-0.00233,-0.592664,-0.348517,-0.056548,-0.758365,-0.363885,-0.100139,-0.892607,-0.377896,-0.129561,-0.366966,-0.327154,-0.041913,-0.591135,-0.335781,-0.095483,-0.763319,-0.354781,-0.139783,-0.912968,-0.37096,-0.169936,-0.346098,-0.309315,-0.082522,-0.56244,-0.34443,-0.138297,-0.720753,-0.371829,-0.174202,-0.856369,-0.389621,-0.195282,-0.313875,-0.290977,-0.121499,-0.451178,-0.351507,-0.167312,-0.544812,-0.395708,-0.186548,-0.624055,-0.431489,-0.197753,0.0,0.0,0.0,0.0,0.0,0.0,0.0,0.0,0.0,0.0,0.0,0.0,0.0,0.0,0.0,0.0,0.0,0.0,0.0,0.0,0.0,0.0,0.0,0.0,0.0,0.0,0.0,0.0,0.0,0.0,0.0,0.0,0.0,0.0,0.0,0.0,0.0,0.0,0.0,0.0,0.0,0.0,0.0,0.0,0.0,0.0,0.0,0.0,0.0,0.0,0.0,0.0,0.0,0.0,0.0,0.0,0.0,0.0,0.0,0.0,0.0,0.0,0.0,Z
0.0,0.0,0.0,-0.161233,-0.119455,0.015446,-0.324623,-0.271462,0.02877,-0.445483,-0.364353,0.03238,-0.550245,-0.416999,0.035783,-0.369763,-0.371323,0.027735,-0.576975,-0.376576,-0.010937,-0.743706,-0.383078,-0.04799,-0.879042,-0.39587,-0.074527,-0.368378,-0.383987,-0.003789,-0.591667,-0.371621,-0.040384,-0.76032,-0.38142,-0.081899,-0.911478,-0.396011,-0.111279,-0.364288,-0.372923,-0.036676,-0.580726,-0.377965,-0.0751,-0.73612,-0.39541,-0.106661,-0.874187,-0.40793,-0.127241,-0.355064,-0.349289,-0.069351,-0.490791,-0.38373,-0.100165,-0.579951,-0.417727,-0.113518,-0.660043,-0.450924,-0.121394,0.0,0.0,0.0,-0.060069,-0.149165,-0.120873,-0.206961,-0.196559,-0.17156,-0.329019,-0.205522,-0.201979,-0.425557,-0.235252,-0.226913,-0.414944,-0.079254,-0.143792,-0.64265,-0.061998,-0.216934,-0.798537,-0.07818,-0.268917,-0.91907,-0.095882,-0.29959,-0.425729,-0.021521,-0.108698,-0.65111,-0.011584,-0.186828,-0.817829,-0.044416,-0.239423,-0.959806,-0.079669,-0.26912,-0.434612,0.011967,-0.08034,-0.642491,0.011936,-0.146034,-0.797994,-0.025006,-0.181527,-0.92769,-0.071529,-0.196889,-0.440734,0.03625,-0.061812,-0.612802,0.029563,-0.109967,-0.73977,-0.001875,-0.13072,-0.8423,-0.045062,-0.139104,Z
0.0,0.0,0.0,-0.147097,-0.115157,-0.001525,-0.310787,-0.249041,-0.002746,-0.442534,-0.341477,-0.012061,-0.551693,-0.399985,-0.021809,-0.347149,-0.314895,-0.0152,-0.550023,-0.346635,-0.074697,-0.717191,-0.375134,-0.122197,-0.855958,-0.400242,-0.155068,-0.348638,-0.322789,-0.047118,-0.568745,-0.341743,-0.107964,-0.743224,-0.370128,-0.156466,-0.897861,-0.397811,-0.188658,-0.337972,-0.320977,-0.081291,-0.549735,-0.35843,-0.144016,-0.707719,-0.391273,-0.183179,-0.845416,-0.408116,-0.204865,-0.31047,-0.320124,-0.115665,-0.443185,-0.383285,-0.165866,-0.537035,-0.426598,-0.188028,-0.619282,-0.456762,-0.200332,0.0,0.0,0.0,0.0,0.0,0.0,0.0,0.0,0.0,0.0,0.0,0.0,0.0,0.0,0.0,0.0,0.0,0.0,0.0,0.0,0.0,0.0,0.0,0.0,0.0,0.0,0.0,0.0,0.0,0.0,0.0,0.0,0.0,0.0,0.0,0.0,0.0,0.0,0.0,0.0,0.0,0.0,0.0,0.0,0.0,0.0,0.0,0.0,0.0,0.0,0.0,0.0,0.0,0.0,0.0,0.0,0.0,0.0,0.0,0.0,0.0,0.0,0.0,Z
0.0,0.0,0.0,-0.165433,-0.129342,0.020247,-0.322558,-0.280735,0.02548,-0.441182,-0.377805,0.018733,-0.548229,-0.437913,0.008899,-0.344493,-0.350885,-0.001703,-0.546162,-0.376794,-0.057523,-0.717495,-0.39448,-0.103108,-0.858797,-0.41051,-0.134625,-0.336104,-0.346929,-0.045464,-0.558587,-0.365005,-0.10195,-0.736227,-0.387702,-0.151964,-0.893803,-0.407891,-0.186387,-0.321337,-0.329311,-0.088928,-0.5373,-0.369494,-0.14766,-0.699533,-0.402713,-0.189067,-0.841499,-0.419282,-0.21385,-0.294583,-0.30906,-0.130255,-0.428835,-0.384137,-0.17904,-0.522234,-0.440564,-0.202239,-0.605971,-0.48096,-0.216539,0.0,0.0,0.0,-0.045477,-0.162389,-0.146614,-0.181793,-0.228772,-0.212422,-0.310819,-0.241225,-0.254794,-0.429018,-0.272036,-0.293467,-0.373844,-0.112623,-0.173858,-0.590024,-0.109856,-0.26552,-0.755646,-0.134787,-0.330961,-0.885224,-0.168035,-0.369321,-0.399037,-0.051682,-0.131596,-0.617901,-0.05815,-0.222116,-0.789431,-0.100505,-0.28278,-0.936081,-0.151999,-0.317252,-0.413078,-0.019251,-0.097831,-0.615214,-0.038753,-0.17435,-0.766439,-0.082018,-0.211593,-0.894442,-0.137239,-0.227454,-0.416735,0.00641,-0.076097,-0.574561,-0.009147,-0.132072,-0.691486,-0.046648,-0.152681,-0.78276,-0.099017,-0.160015,Z
0.0,0.0,0.0,-0.158332,-0.115195,0.016186,-0.320321,-0.247765,0.022391,-0.446841,-0.326436,0.018554,-0.555863,-0.370099,0.013295,-0.372702,-0.326494,0.006074,-0.581521,-0.329538,-0.045214,-0.747536,-0.34558,-0.087105,-0.877786,-0.365239,-0.115866,-0.367061,-0.337666,-0.030635,-0.598369,-0.330172,-0.081145,-0.766417,-0.356521,-0.123464,-0.908913,-0.38815,-0.152374,-0.349025,-0.335375,-0.068803,-0.568541,-0.346057,-0.12274,-0.724191,-0.376536,-0.160025,-0.854888,-0.399193,-0.182453,-0.316087,-0.328257,-0.105472,-0.446994,-0.376587,-0.152132,-0.538546,-0.42162,-0.175511,-0.618336,-0.457274,-0.189716,0.0,0.0,0.0,0.0,0.0,0.0,0.0,0.0,0.0,0.0,0.0,0.0,0.0,0.0,0.0,0.0,0.0,0.0,0.0,0.0,0.0,0.0,0.0,0.0,0.0,0.0,0.0,0.0,0.0,0.0,0.0,0.0,0.0,0.0,0.0,0.0,0.0,0.0,0.0,0.0,0.0,0.0,0.0,0.0,0.0,0.0,0.0,0.0,0.0,0.0,0.0,0.0,0.0,0.0,0.0,0.0,0.0,0.0,0.0,0.0,0.0,0.0,0.0,Z
0.0,0.0,0.0,-0.166318,-0.121028,0.059201,-0.337279,-0.262456,0.086067,-0.455309,-0.354962,0.094145,-0.561609,-0.408976,0.09905,-0.412229,-0.30752,0.055161,-0.608348,-0.312625,0.021794,-0.764551,-0.326309,-0.009367,-0.889412,-0.348751,-0.034463,-0.402294,-0.32484,-0.001447,-0.629921,-0.316731,-0.03579,-0.785983,-0.348988,-0.070635,-0.917132,-0.386203,-0.098569,-0.369501,-0.332051,-0.057787,-0.588817,-0.345399,-0.100192,-0.735428,-0.379345,-0.135815,-0.859142,-0.405005,-0.161739,-0.315014,-0.347735,-0.109518,-0.447084,-0.400416,-0.152839,-0.540363,-0.445841,-0.179879,-0.624341,-0.481404,-0.200255,0.0,0.0,0.0,-0.072069,-0.130973,-0.061892,-0.212242,-0.199707,-0.100286,-0.326256,-0.270068,-0.132883,-0.434144,-0.315563,-0.16746,-0.425614,-0.118497,-0.117157,-0.632894,-0.128895,-0.19791,-0.78571,-0.162914,-0.255744,-0.904345,-0.206581,-0.295168,-0.426779,-0.095482,-0.131343,-0.638925,-0.086625,-0.212378,-0.800576,-0.125103,-0.274501,-0.931747,-0.183134,-0.313543,-0.379941,-0.102009,-0.147533,-0.571153,-0.097802,-0.232214,-0.71679,-0.129533,-0.291308,-0.834959,-0.175757,-0.327501,-0.296511,-0.125355,-0.166146,-0.363837,-0.16301,-0.252341,-0.425834,-0.216503,-0.292999,-0.47921,-0.282484,-0.313525,Z
0.0,0.0,0.0,-0.148891,-0.110409,0.04806,-0.323028,-0.240077,0.07068,-0.440616,-0.332561,0.079288,-0.543415,-0.378551,0.08635,-0.4382,-0.272848,0.029315,-0.640452,-0.293823,-0.003838,-0.785961,-0.31603,-0.029443,-0.896017,-0.341511,-0.04941,-0.42664,-0.283139,-0.019795,-0.654118,-0.295288,-0.056341,-0.803533,-0.331012,-0.084815,-0.924044,-0.367419,-0.105573,-0.384926,-0.295663,-0.068434,-0.606191,-0.321929,-0.109373,-0.751946,-0.359382,-0.140526,-0.870852,-0.390841,-0.163039,-0.31825,-0.321913,-0.112968,-0.444894,-0.373325,-0.15927,-0.540798,-0.415361,-0.187826,-0.625055,-0.451044,-0.207797,0.0,0.0,0.0,-0.026216,-0.217736,-0.1269,-0.147345,-0.320818,-0.181225,-0.283893,-0.348246,-0.217684,-0.411225,-0.382117,-0.249962,-0.379331,-0.211244,-0.141328,-0.59939,-0.221511,-0.22145,-0.759764,-0.251694,-0.278125,-0.887447,-0.292024,-0.313381,-0.424206,-0.115738,-0.109776,-0.635394,-0.118054,-0.190557,-0.797474,-0.165247,-0.247079,-0.932917,-0.227037,-0.279501,-0.44046,-0.052654,-0.086426,-0.632282,-0.060655,-0.159513,-0.772769,-0.103707,-0.200482,-0.889562,-0.166814,-0.22039,-0.433514,-0.002566,-0.073619,-0.570705,0.00536,-0.136882,-0.665712,-0.022255,-0.164729,-0.738018,-0.070414,-0.175514,Z
0.0,0.0,0.0,-0.164482,-0.125492,0.051955,-0.339546,-0.261806,0.062532,-0.45675,-0.368831,0.056421,-0.56338,-0.424738,0.044545,-0.416479,-0.281973,-0.006138,-0.622405,-0.29609,-0.058293,-0.771138,-0.315364,-0.094137,-0.886855,-0.34329,-0.120416,-0.397717,-0.277682,-0.068833,-0.627538,-0.297008,-0.121969,-0.781465,-0.334791,-0.15842,-0.90826,-0.374862,-0.185856,-0.349416,-0.279802,-0.12902,-0.569331,-0.320973,-0.186142,-0.715579,-0.363739,-0.222319,-0.83675,-0.399731,-0.248516,-0.27699,-0.29671,-0.183943,-0.406408,-0.361198,-0.246726,-0.501091,-0.416192,-0.280982,-0.586803,-0.465086,-0.305315,0.0,0.0,0.0,0.0,0.0,0.0,0.0,0.0,0.0,0.0,0.0,0.0,0.0,0.0,0.0,0.0,0.0,0.0,0.0,0.0,0.0,0.0,0.0,0.0,0.0,0.0,0.0,0.0,0.0,0.0,0.0,0.0,0.0,0.0,0.0,0.0,0.0,0.0,0.0,0.0,0.0,0.0,0.0,0.0,0.0,0.0,0.0,0.0,0.0,0.0,0.0,0.0,0.0,0.0,0.0,0.0,0.0,0.0,0.0,0.0,0.0,0.0,0.0,Z
0.0,0.0,0.0,-0.162044,-0.124226,0.043279,-0.348497,-0.269134,0.054127,-0.479367,-0.365419,0.050236,-0.59225,-0.421741,0.043239,-0.392342,-0.308456,0.001716,-0.603712,-0.305627,-0.044112,-0.758583,-0.307445,-0.078068,-0.879525,-0.323713,-0.103299,-0.385146,-0.300319,-0.051706,-0.623315,-0.286225,-0.096938,-0.788786,-0.309015,-0.130577,-0.926925,-0.340729,-0.157205,-0.356505,-0.297268,-0.103572,-0.586469,-0.306963,-0.147623,-0.738287,-0.337945,-0.17551,-0.865236,-0.36558,-0.197576,-0.307059,-0.309008,-0.152047,-0.451941,-0.343274,-0.194673,-0.551047,-0.383525,-0.216532,-0.639562,-0.41996,-0.233922,0.0,0.0,0.0,0.0,0.0,0.0,0.0,0.0,0.0,0.0,0.0,0.0,0.0,0.0,0.0,0.0,0.0,0.0,0.0,0.0,0.0,0.0,0.0,0.0,0.0,0.0,0.0,0.0,0.0,0.0,0.0,0.0,0.0,0.0,0.0,0.0,0.0,0.0,0.0,0.0,0.0,0.0,0.0,0.0,0.0,0.0,0.0,0.0,0.0,0.0,0.0,0.0,0.0,0.0,0.0,0.0,0.0,0.0,0.0,0.0,0.0,0.0,0.0,Z
0.0,0.0,0.0,-0.166424,-0.114977,0.047897,-0.351285,-0.232373,0.068285,-0.483944,-0.315234,0.071993,-0.59649,-0.361223,0.072487,-0.428957,-0.24337,0.036611,-0.628843,-0.2521,-0.002129,-0.783833,-0.262606,-0.035172,-0.906092,-0.278231,-0.06038,-0.420703,-0.257634,-0.015507,-0.646138,-0.265207,-0.052702,-0.802053,-0.295561,-0.088255,-0.936196,-0.332027,-0.115303,-0.381513,-0.279341,-0.066918,-0.597766,-0.305651,-0.108986,-0.740629,-0.345301,-0.141955,-0.863067,-0.376112,-0.165484,-0.314879,-0.316682,-0.114597,-0.441992,-0.359419,-0.155808,-0.533185,-0.399686,-0.178147,-0.615833,-0.434336,-0.194034,0.0,0.0,0.0,0.0,0.0,0.0,0.0,0.0,0.0,0.0,0.0,0.0,0.0,0.0,0.0,0.0,0.0,0.0,0.0,0.0,0.0,0.0,0.0,0.0,0.0,0.0,0.0,0.0,0.0,0.0,0.0,0.0,0.0,0.0,0.0,0.0,0.0,0.0,0.0,0.0,0.0,0.0,0.0,0.0,0.0,0.0,0.0,0.0,0.0,0.0,0.0,0.0,0.0,0.0,0.0,0.0,0.0,0.0,0.0,0.0,0.0,0.0,0.0,Z
0.0,0.0,0.0,-0.169173,-0.133822,0.053978,-0.358213,-0.257551,0.067481,-0.484881,-0.348406,0.064972,-0.599554,-0.396963,0.057664,-0.433161,-0.270898,0.003076,-0.6425,-0.266527,-0.044212,-0.795426,-0.278117,-0.080505,-0.914429,-0.305016,-0.107787,-0.415953,-0.25472,-0.058098,-0.653828,-0.228742,-0.103343,-0.815197,-0.2466,-0.139369,-0.946557,-0.274928,-0.168656,-0.369873,-0.246999,-0.11617,-0.59832,-0.250023,-0.162442,-0.746813,-0.285266,-0.193994,-0.869116,-0.320659,-0.21953,-0.298839,-0.25972,-0.169276,-0.433672,-0.289919,-0.220416,-0.531151,-0.33364,-0.247467,-0.618499,-0.379214,-0.267944,0.0,0.0,0.0,-0.040779,-0.211821,-0.092616,-0.164003,-0.309994,-0.137976,-0.281114,-0.322158,-0.171109,-0.389069,-0.345752,-0.201922,-0.378442,-0.187378,-0.123648,-0.608098,-0.193781,-0.196322,-0.769193,-0.23263,-0.244029,-0.889989,-0.281347,-0.269353,-0.413792,-0.066239,-0.104941,-0.649727,-0.053621,-0.173766,-0.824138,-0.084869,-0.21859,-0.961202,-0.133825,-0.241208,-0.422769,0.018623,-0.089982,-0.631223,0.019646,-0.146682,-0.783762,-0.00277,-0.175325,-0.90237,-0.048075,-0.186365,-0.402699,0.085027,-0.082096,-0.55265,0.105193,-0.125594,-0.661322,0.094249,-0.137362,-0.744059,0.06194,-0.136321,Z
0.0,0.0,0.0,-0.203708,-0.06607,0.065448,-0.393216,-0.157482,0.07862,-0.527629,-0.239066,0.071614,-0.649733,-0.278685,0.057601,-0.456034,-0.153922,0.007439,-0.647858,-0.177859,-0.047837,-0.791102,-0.204162,-0.087159,-0.90305,-0.240745,-0.116079,-0.432174,-0.16996,-0.063925,-0.656175,-0.192749,-0.125484,-0.811593,-0.22771,-0.169348,-0.941825,-0.270102,-0.200026,-0.373447,-0.205323,-0.131781,-0.589215,-0.255072,-0.198611,-0.736204,-0.298114,-0.241487,-0.860336,-0.336572,-0.269149,-0.286179,-0.263108,-0.19242,-0.420503,-0.316186,-0.259169,-0.5169,-0.356412,-0.293705,-0.604268,-0.398696,-0.316482,0.0,0.0,0.0,0.0,0.0,0.0,0.0,0.0,0.0,0.0,0.0,0.0,0.0,0.0,0.0,0.0,0.0,0.0,0.0,0.0,0.0,0.0,0.0,0.0,0.0,0.0,0.0,0.0,0.0,0.0,0.0,0.0,0.0,0.0,0.0,0.0,0.0,0.0,0.0,0.0,0.0,0.0,0.0,0.0,0.0,0.0,0.0,0.0,0.0,0.0,0.0,0.0,0.0,0.0,0.0,0.0,0.0,0.0,0.0,0.0,0.0,0.0,0.0,Z
0.0,0.0,0.0,-0.174976,-0.105301,0.032266,-0.367989,-0.235223,0.03404,-0.499738,-0.342978,0.022482,-0.616602,-0.399495,0.007494,-0.432411,-0.249723,-0.007596,-0.635111,-0.24117,-0.060265,-0.791127,-0.23201,-0.100353,-0.910551,-0.23592,-0.129112,-0.415584,-0.244585,-0.060791,-0.642849,-0.23166,-0.112884,-0.809985,-0.244131,-0.157498,-0.946114,-0.261548,-0.190945,-0.373703,-0.246384,-0.112746,-0.592253,-0.268037,-0.167603,-0.746941,-0.299519,-0.208394,-0.874443,-0.319285,-0.237134,-0.307042,-0.260304,-0.160949,-0.441656,-0.326765,-0.21217,-0.5416,-0.373697,-0.239783,-0.634159,-0.406551,-0.260011,0.0,0.0,0.0,-0.054326,-0.263241,-0.082747,-0.193149,-0.349257,-0.116833,-0.322064,-0.345472,-0.134162,-0.425352,-0.359026,-0.147637,-0.381809,-0.174107,-0.125267,-0.627576,-0.1888,-0.177676,-0.786454,-0.215212,-0.206639,-0.904526,-0.245324,-0.220008,-0.421372,-0.02057,-0.097515,-0.670931,-0.023118,-0.149584,-0.841953,-0.052007,-0.17821,-0.977281,-0.093656,-0.190132,-0.430158,0.0804,-0.069883,-0.65481,0.061624,-0.11259,-0.804935,0.023256,-0.134676,-0.922017,-0.02997,-0.14216,-0.412368,0.139932,-0.046886,-0.573939,0.124588,-0.080983,-0.683329,0.099675,-0.08982,-0.763827,0.064329,-0.086659,Z
0.0,0.0,0.0,-0.197078,-0.081218,0.051914,-0.381922,-0.18454,0.060605,-0.498319,-0.285297,0.052974,-0.600168,-0.34864,0.041279,-0.475261,-0.147406,-0.002128,-0.672377,-0.174814,-0.05427,-0.814963,-0.200698,-0.091068,-0.92432,-0.231497,-0.116927,-0.448659,-0.149395,-0.065242,-0.66801,-0.160475,-0.122616,-0.827746,-0.183779,-0.162425,-0.958235,-0.213662,-0.190089,-0.386163,-0.173631,-0.125549,-0.590388,-0.216206,-0.182879,-0.737264,-0.262468,-0.21991,-0.861954,-0.301448,-0.244781,-0.290877,-0.225686,-0.180207,-0.414127,-0.293396,-0.234251,-0.509596,-0.343981,-0.260175,-0.599568,-0.38903,-0.277709,0.0,0.0,0.0,-0.051786,-0.257278,-0.102797,-0.207028,-0.351931,-0.142258,-0.331903,-0.353094,-0.163058,-0.440974,-0.37884,-0.180238,-0.416079,-0.190156,-0.135985,-0.653366,-0.188951,-0.194726,-0.808725,-0.226035,-0.232346,-0.92689,-0.272545,-0.25227,-0.435417,-0.046073,-0.100231,-0.667857,-0.027417,-0.156186,-0.837595,-0.052311,-0.190795,-0.973958,-0.088288,-0.208834,-0.429077,0.049274,-0.067639,-0.641147,0.052876,-0.109705,-0.793206,0.033411,-0.128807,-0.916913,-0.006615,-0.135755,-0.40335,0.118773,-0.04306,-0.565025,0.125803,-0.074377,-0.6797,0.111374,-0.081909,-0.766689,0.08268,-0.079916,Z
0.0,0.0,0.0,-0.164609,-0.045954,0.08429,-0.338357,-0.133084,0.113071,-0.458717,-0.201705,0.12332,-0.572924,-0.229915,0.127494,-0.425452,-0.198296,0.005468,-0.641704,-0.22469,-0.039573,-0.795118,-0.232261,-0.064621,-0.909112,-0.250275,-0.083399,-0.409446,-0.213473,-0.067534,-0.654083,-0.215583,-0.120194,-0.822634,-0.222047,-0.15221,-0.956502,-0.232834,-0.175764,-0.364168,-0.244789,-0.134582,-0.600505,-0.2731,-0.194627,-0.755832,-0.290688,-0.238824,-0.883257,-0.307109,-0.271609,-0.299325,-0.304679,-0.191203,-0.421294,-0.373523,-0.266494,-0.517433,-0.413197,-0.31594,-0.607538,-0.448835,-0.350743,0.0,0.0,0.0,-0.067528,-0.24934,-0.104352,-0.21262,-0.356189,-0.154536,-0.34208,-0.359454,-0.184742,-0.454503,-0.360824,-0.212644,-0.388516,-0.188429,-0.169485,-0.648661,-0.184832,-0.236534,-0.806612,-0.209572,-0.271607,-0.924865,-0.248173,-0.287127,-0.408854,-0.024587,-0.134156,-0.659779,0.009494,-0.199786,-0.833553,-0.006062,-0.233514,-0.968069,-0.035832,-0.24811,-0.403475,0.085454,-0.099559,-0.624217,0.116786,-0.14975,-0.769562,0.106868,-0.166709,-0.879165,0.071219,-0.169885,-0.379581,0.151363,-0.071745,-0.542814,0.168683,-0.107061,-0.649014,0.156954,-0.112091,-0.725263,0.12902,-0.106894,Z
0.0,0.0,0.0,-0.159648,-0.127606,-0.046376,-0.353344,-0.257107,-0.052371,-0.504992,-0.350937,-0.052038,-0.640058,-0.390094,-0.048471,-0.464089,-0.300791,-0.022896,-0.688158,-0.305013,-0.062855,-0.834851,-0.291277,-0.098945,-0.948447,-0.292012,-0.1232,-0.450534,-0.233652,-0.016405,-0.683228,-0.182592,-0.047139,-0.844737,-0.160238,-0.087346,-0.974485,-0.151398,-0.117226,-0.405502,-0.172063,-0.015589,-0.611713,-0.109457,-0.044464,-0.751303,-0.080443,-0.076653,-0.863556,-0.061738,-0.100268,-0.334285,-0.124029,-0.019584,-0.462287,-0.069726,-0.048988,-0.557273,-0.034685,-0.068489,-0.644144,-0.013336,-0.080356,0.0,0.0,0.0,-0.11368,-0.221368,-0.053278,-0.262145,-0.28004,-0.097909,-0.381407,-0.259604,-0.136319,-0.473961,-0.293302,-0.182145,-0.429982,-0.12969,-0.157929,-0.660887,-0.086883,-0.240239,-0.80527,-0.096415,-0.288287,-0.917977,-0.127639,-0.317768,-0.400508,0.007434,-0.173126,-0.637005,0.076282,-0.247553,-0.804787,0.092402,-0.293218,-0.942656,0.082488,-0.323413,-0.324178,0.11578,-0.185838,-0.520068,0.193488,-0.2557,-0.663019,0.226803,-0.293402,-0.786162,0.226901,-0.317528,-0.21805,0.196978,-0.199032,-0.31885,0.272581,-0.26882,-0.403901,0.29388,-0.294066,-0.484799,0.297618,-0.305877,Z
0.0,0.0,0.0,-0.163005,-0.09124,-0.079717,-0.360853,-0.217787,-0.086011,-0.510393,-0.33277,-0.079554,-0.647695,-0.392586,-0.066902,-0.488737,-0.299024,-0.001063,-0.708238,-0.288049,-0.027546,-0.850401,-0.262254,-0.063656,-0.963247,-0.253061,-0.090086,-0.472784,-0.242951,0.028264,-0.69867,-0.189725,0.011541,-0.858668,-0.152673,-0.032919,-0.987603,-0.130604,-0.068171,-0.426496,-0.184351,0.045978,-0.62931,-0.139296,0.026018,-0.769919,-0.098402,-0.015952,-0.885853,-0.071146,-0.048322,-0.359252,-0.131908,0.055462,-0.481443,-0.093663,0.030678,-0.57301,-0.060796,0.005817,-0.660061,-0.043599,-0.011246,0.0,0.0,0.0,-0.108543,-0.236675,-0.083864,-0.249113,-0.313587,-0.137657,-0.370327,-0.305631,-0.179759,-0.478323,-0.326541,-0.225218,-0.429762,-0.183138,-0.159547,-0.669997,-0.124678,-0.242172,-0.809936,-0.139293,-0.291493,-0.916502,-0.178516,-0.319111,-0.398876,-0.049614,-0.155205,-0.6437,0.031632,-0.227985,-0.816955,0.052797,-0.275643,-0.951246,0.047401,-0.304768,-0.326949,0.054734,-0.152765,-0.525034,0.150413,-0.219694,-0.668634,0.194455,-0.258797,-0.787636,0.196023,-0.281945,-0.229506,0.134963,-0.154101,-0.327123,0.217683,-0.221255,-0.408436,0.242981,-0.247095,-0.482539,0.247124,-0.257809,Z
0.0,0.0,0.0,-0.165474,-0.095051,-0.05915,-0.361742,-0.212463,-0.062046,-0.506866,-0.32491,-0.053498,-0.645703,-0.36893,-0.039736,-0.492274,-0.297872,-0.00512,-0.711998,-0.267725,-0.031373,-0.851545,-0.236569,-0.072028,-0.961795,-0.22301,-0.102577,-0.476306,-0.229122,0.017155,-0.708651,-0.161783,0.00254,-0.86208,-0.12188,-0.047761,-0.990324,-0.104612,-0.091186,-0.435935,-0.160421,0.031905,-0.644892,-0.104891,0.018666,-0.783949,-0.0536,-0.031391,-0.891383,-0.021797,-0.07474,-0.374364,-0.110551,0.041099,-0.491623,-0.050055,0.02531,-0.579775,-0.005779,-0.003248,-0.661614,0.014983,-0.027668,0.0,0.0,0.0,-0.118976,-0.228682,-0.045845,-0.269382,-0.295367,-0.078985,-0.394595,-0.272391,-0.104407,-0.495877,-0.306568,-0.133756,-0.44055,-0.153621,-0.136303,-0.686281,-0.102619,-0.202526,-0.832056,-0.104473,-0.237606,-0.94374,-0.129887,-0.258123,-0.408357,-0.006997,-0.143836,-0.658052,0.061525,-0.208435,-0.828646,0.079139,-0.245401,-0.960958,0.071256,-0.267361,-0.336155,0.104705,-0.148333,-0.5434,0.189004,-0.210921,-0.689758,0.22338,-0.244343,-0.806277,0.221425,-0.262222,-0.241456,0.183855,-0.152438,-0.35273,0.252871,-0.215114,-0.435872,0.27461,-0.237312,-0.507202,0.274545,-0.244257,Z
0.0,0.0,0.0,-0.200961,-0.054381,0.095601,-0.388108,-0.135756,0.128686,-0.516601,-0.220986,0.138961,-0.639391,-0.254702,0.144061,-0.490105,-0.19724,0.055698,-0.68559,-0.153897,0.019183,-0.819431,-0.117666,-0.014053,-0.925511,-0.096239,-0.040788,-0.470464,-0.200028,-0.022021,-0.704913,-0.154474,-0.062061,-0.857009,-0.12729,-0.096551,-0.985823,-0.110327,-0.126412,-0.42087,-0.208738,-0.096224,-0.655244,-0.206512,-0.140592,-0.79993,-0.190095,-0.175361,-0.92003,-0.176035,-0.205226,-0.344232,-0.239057,-0.161265,-0.482124,-0.271866,-0.211563,-0.58019,-0.282357,-0.241645,-0.67653,-0.294775,-0.266307,0.0,0.0,0.0,-0.127416,-0.214031,-0.061955,-0.265822,-0.275009,-0.114944,-0.384649,-0.265913,-0.157403,-0.495732,-0.2651,-0.205407,-0.431471,-0.118982,-0.178387,-0.667282,-0.05299,-0.261121,-0.807748,-0.047729,-0.308768,-0.917461,-0.069786,-0.336768,-0.39976,0.018251,-0.184779,-0.63947,0.105727,-0.255593,-0.806585,0.133116,-0.297493,-0.936284,0.130974,-0.325912,-0.32631,0.119423,-0.187995,-0.521741,0.221187,-0.249926,-0.670338,0.262784,-0.287409,-0.792832,0.262252,-0.314249,-0.225924,0.189806,-0.192374,-0.317438,0.284066,-0.25937,-0.398842,0.315022,-0.286946,-0.472403,0.31798,-0.300917,Z
0.0,0.0,0.0,-0.189192,-0.064827,0.05303,-0.384475,-0.161551,0.066728,-0.520538,-0.2485,0.068138,-0.647004,-0.277516,0.065728,-0.484162,-0.225054,-0.020878,-0.692297,-0.185774,-0.074948,-0.835687,-0.14675,-0.111897,-0.948258,-0.125704,-0.137785,-0.459304,-0.197555,-0.079016,-0.695022,-0.131561,-0.132129,-0.851001,-0.095235,-0.166392,-0.978281,-0.072231,-0.19429,-0.404902,-0.180319,-0.133661,-0.627376,-0.13531,-0.183589,-0.774021,-0.10327,-0.217178,-0.896085,-0.078881,-0.245754,-0.328709,-0.179705,-0.182729,-0.461038,-0.199062,-0.238088,-0.565182,-0.206703,-0.272273,-0.667456,-0.216532,-0.299123,0.0,0.0,0.0,-0.142505,-0.231552,-0.039413,-0.306155,-0.300963,-0.070079,-0.43192,-0.288636,-0.09661,-0.536259,-0.295568,-0.129646,-0.42762,-0.150222,-0.134871,-0.670691,-0.085008,-0.207949,-0.819498,-0.078994,-0.247094,-0.93535,-0.094558,-0.268885,-0.391904,-0.017294,-0.150286,-0.638198,0.068643,-0.217484,-0.812996,0.097688,-0.259591,-0.952995,0.103543,-0.284743,-0.319825,0.081977,-0.162367,-0.523069,0.185556,-0.224572,-0.671999,0.234091,-0.261506,-0.795503,0.245231,-0.283527,-0.22438,0.145682,-0.173868,-0.320858,0.2457,-0.236001,-0.405462,0.281255,-0.259216,-0.479524,0.289469,-0.268221,Z
0.0,0.0,0.0,-0.178949,-0.100188,-0.066734,-0.383305,-0.215706,-0.066821,-0.539251,-0.313237,-0.052951,-0.683509,-0.347707,-0.032176,-0.523707,-0.257957,0.009811,-0.741671,-0.211297,-0.00557,-0.877477,-0.166735,-0.039818,-0.986644,-0.148771,-0.066335,-0.496233,-0.192934,0.042174,-0.723867,-0.105613,0.039674,-0.87273,-0.053575,-0.005272,-0.993316,-0.023259,-0.045807,-0.444065,-0.128465,0.065539,-0.634117,-0.039172,0.064396,-0.77193,0.018935,0.01613,-0.878207,0.054413,-0.028023,-0.377353,-0.081858,0.081892,-0.482823,-0.009639,0.076771,-0.561535,0.043428,0.049655,-0.636766,0.072512,0.024265,0.0,0.0,0.0,-0.154156,-0.209364,-0.019283,-0.312592,-0.275046,-0.05042,-0.439812,-0.26599,-0.079829,-0.545351,-0.280937,-0.115608,-0.436771,-0.145642,-0.134763,-0.68059,-0.067324,-0.210789,-0.827475,-0.054209,-0.251194,-0.941064,-0.070551,-0.275001,-0.392654,-0.023626,-0.161949,-0.640787,0.080577,-0.233489,-0.810058,0.123345,-0.275287,-0.943324,0.135913,-0.302766,-0.31273,0.072198,-0.183467,-0.517703,0.190576,-0.248476,-0.667018,0.249454,-0.284611,-0.787693,0.270276,-0.308318,-0.210233,0.139931,-0.202269,-0.312008,0.247104,-0.269003,-0.398433,0.287802,-0.295398,-0.478788,0.303856,-0.308131,Z
0.0,0.0,0.0,-0.190442,-0.135099,-0.052195,-0.395937,-0.23542,-0.04798,-0.546586,-0.318084,-0.036083,-0.683096,-0.341563,-0.018156,-0.525454,-0.256652,0.033104,-0.74214,-0.222134,0.018187,-0.876517,-0.189257,-0.017746,-0.983861,-0.17272,-0.046758,-0.497305,-0.17591,0.052395,-0.717292,-0.102198,0.048677,-0.862542,-0.05229,0.001717,-0.987265,-0.021525,-0.040845,-0.442335,-0.104788,0.062243,-0.633225,-0.031239,0.059912,-0.766055,0.023354,0.018669,-0.874164,0.054497,-0.020578,-0.368269,-0.062326,0.065272,-0.483769,0.007999,0.058029,-0.570537,0.062194,0.036991,-0.653959,0.094861,0.016719,0.0,0.0,0.0,-0.169046,-0.199743,-0.006581,-0.334622,-0.260245,-0.034732,-0.463716,-0.249334,-0.064534,-0.566578,-0.27068,-0.102241,-0.453771,-0.152964,-0.120382,-0.699141,-0.063128,-0.190857,-0.843962,-0.037819,-0.22835,-0.954524,-0.043936,-0.251195,-0.406171,-0.023899,-0.155865,-0.653999,0.089158,-0.222262,-0.81847,0.136385,-0.263205,-0.945155,0.148685,-0.290819,-0.319971,0.081331,-0.184804,-0.53293,0.212413,-0.24693,-0.679359,0.272093,-0.282078,-0.79556,0.289464,-0.305924,-0.212136,0.155325,-0.209709,-0.323737,0.271666,-0.27478,-0.409933,0.314607,-0.298596,-0.488375,0.328869,-0.309502,Z
0.0,0.0,0.0,-0.184347,-0.097079,-0.155117,-0.38532,-0.204438,-0.164181,-0.529533,-0.298188,-0.141979,-0.688185,-0.336651,-0.109987,-0.53836,-0.23115,0.024939,-0.754646,-0.19589,0.056868,-0.882618,-0.1594,0.035443,-0.990549,-0.136832,0.009481,-0.50471,-0.15779,0.118018,-0.722295,-0.087247,0.163771,-0.875608,-0.038496,0.112833,-0.991172,-0.001471,0.057871,-0.455301,-0.084269,0.193035,-0.642109,-0.035402,0.232655,-0.772901,0.029463,0.173436,-0.878226,0.068158,0.112175,-0.400656,-0.039877,0.251953,-0.499881,0.021364,0.276046,-0.569109,0.074008,0.246333,-0.640244,0.09811,0.211069,0.0,0.0,0.0,-0.156456,-0.185658,-0.034642,-0.32459,-0.262003,-0.065808,-0.455958,-0.272608,-0.093724,-0.572536,-0.274711,-0.126802,-0.451447,-0.150804,-0.124259,-0.69683,-0.077953,-0.195197,-0.845385,-0.053663,-0.238018,-0.961957,-0.054944,-0.264274,-0.411571,-0.034537,-0.142912,-0.64975,0.06403,-0.207924,-0.81851,0.112378,-0.254114,-0.948879,0.135198,-0.285219,-0.337175,0.050267,-0.158235,-0.535446,0.166443,-0.218205,-0.682617,0.226224,-0.255893,-0.800896,0.251057,-0.281023,-0.240555,0.104358,-0.173089,-0.346001,0.214975,-0.235077,-0.430986,0.261853,-0.258613,-0.509124,0.282045,-0.269468,Z
0.0,0.0,0.0,-0.196907,-0.136924,-0.049465,-0.403719,-0.230633,-0.043604,-0.563007,-0.310283,-0.030823,-0.70199,-0.336022,-0.012717,-0.531831,-0.254556,0.040584,-0.741046,-0.194528,0.028361,-0.870311,-0.136474,-0.005628,-0.978105,-0.102577,-0.032702,-0.505719,-0.185024,0.060093,-0.727048,-0.100041,0.060763,-0.874765,-0.042315,0.016152,-0.999705,-0.002188,-0.024201,-0.45153,-0.117946,0.070111,-0.649867,-0.042934,0.068997,-0.783098,0.019577,0.024041,-0.891203,0.065274,-0.01687,-0.378981,-0.065994,0.074164,-0.486425,0.001807,0.067037,-0.565366,0.059885,0.043308,-0.639545,0.10569,0.021971,0.0,0.0,0.0,-0.170338,-0.147468,-0.005259,-0.359524,-0.226436,-0.0207,-0.499901,-0.263589,-0.039682,-0.618074,-0.266128,-0.063887,-0.461065,-0.161783,-0.078937,-0.692156,-0.092223,-0.147268,-0.846976,-0.054302,-0.193583,-0.969415,-0.036949,-0.22307,-0.426383,-0.073522,-0.113372,-0.660349,0.023059,-0.173158,-0.827038,0.076727,-0.21959,-0.961689,0.109076,-0.251508,-0.35751,-0.001634,-0.144345,-0.565452,0.115844,-0.198658,-0.710413,0.187947,-0.23272,-0.828854,0.232262,-0.255857,-0.262842,0.047196,-0.173664,-0.379363,0.150064,-0.229028,-0.466371,0.210527,-0.248542,-0.549627,0.250832,-0.257442,Z
0.0,0.0,0.0,-0.208557,-0.089636,-0.029857,-0.419854,-0.182903,-0.022554,-0.573585,-0.262122,-0.012933,-0.710753,-0.278317,0.002008,-0.537177,-0.239464,0.037339,-0.748951,-0.190847,0.018762,-0.879756,-0.139932,-0.014785,-0.985572,-0.111669,-0.040101,-0.509852,-0.177636,0.04349,-0.729145,-0.081083,0.035496,-0.874506,-0.017712,-0.003894,-0.99892,0.025904,-0.038563,-0.455036,-0.117231,0.041765,-0.643452,-0.022526,0.034524,-0.771961,0.043922,-0.000702,-0.87788,0.096049,-0.032902,-0.378475,-0.079333,0.035167,-0.486441,-0.027888,0.026477,-0.567856,0.023819,0.009071,-0.647195,0.067996,-0.006755,0.0,0.0,0.0,0.0,0.0,0.0,0.0,0.0,0.0,0.0,0.0,0.0,0.0,0.0,0.0,0.0,0.0,0.0,0.0,0.0,0.0,0.0,0.0,0.0,0.0,0.0,0.0,0.0,0.0,0.0,0.0,0.0,0.0,0.0,0.0,0.0,0.0,0.0,0.0,0.0,0.0,0.0,0.0,0.0,0.0,0.0,0.0,0.0,0.0,0.0,0.0,0.0,0.0,0.0,0.0,0.0,0.0,0.0,0.0,0.0,0.0,0.0,0.0,Z
0.0,0.0,0.0,-0.191095,-0.071148,-0.0327,-0.408129,-0.160849,-0.024304,-0.56849,-0.247614,-0.013888,-0.707064,-0.265659,0.000341,-0.53583,-0.215461,0.031958,-0.73701,-0.150439,0.006267,-0.864648,-0.088741,-0.033715,-0.971857,-0.047575,-0.065177,-0.512835,-0.161526,0.033621,-0.728346,-0.059319,0.017899,-0.869552,0.007604,-0.026885,-0.99624,0.055959,-0.066142,-0.45791,-0.109954,0.026392,-0.655601,-0.026328,0.007626,-0.785406,0.037899,-0.034507,-0.897815,0.086387,-0.071643,-0.380518,-0.079441,0.014488,-0.489414,-0.026148,-0.007152,-0.565529,0.023562,-0.030757,-0.64348,0.059227,-0.05116,0.0,0.0,0.0,0.0,0.0,0.0,0.0,0.0,0.0,0.0,0.0,0.0,0.0,0.0,0.0,0.0,0.0,0.0,0.0,0.0,0.0,0.0,0.0,0.0,0.0,0.0,0.0,0.0,0.0,0.0,0.0,0.0,0.0,0.0,0.0,0.0,0.0,0.0,0.0,0.0,0.0,0.0,0.0,0.0,0.0,0.0,0.0,0.0,0.0,0.0,0.0,0.0,0.0,0.0,0.0,0.0,0.0,0.0,0.0,0.0,0.0,0.0,0.0,Z
0.0,0.0,0.0,-0.197451,-0.098241,-0.083051,-0.412611,-0.187907,-0.08742,-0.579188,-0.268353,-0.077757,-0.727687,-0.294431,-0.06081,-0.544674,-0.215177,0.012564,-0.752371,-0.159674,-0.008277,-0.883344,-0.097215,-0.046777,-0.994992,-0.055597,-0.076958,-0.510782,-0.148221,0.046505,-0.72882,-0.060134,0.035374,-0.8725,0.004761,-0.0125,-0.997042,0.055711,-0.052954,-0.447123,-0.084392,0.067952,-0.629005,0.010047,0.053827,-0.755619,0.084975,0.00836,-0.862622,0.142655,-0.029726,-0.362705,-0.045876,0.080271,-0.46642,0.02682,0.063475,-0.54671,0.091119,0.037007,-0.626909,0.14423,0.015047,0.0,0.0,0.0,0.0,0.0,0.0,0.0,0.0,0.0,0.0,0.0,0.0,0.0,0.0,0.0,0.0,0.0,0.0,0.0,0.0,0.0,0.0,0.0,0.0,0.0,0.0,0.0,0.0,0.0,0.0,0.0,0.0,0.0,0.0,0.0,0.0,0.0,0.0,0.0,0.0,0.0,0.0,0.0,0.0,0.0,0.0,0.0,0.0,0.0,0.0,0.0,0.0,0.0,0.0,0.0,0.0,0.0,0.0,0.0,0.0,0.0,0.0,0.0,Z
0.0,0.0,0.0,-0.183107,-0.094728,-0.102152,-0.398431,-0.18513,-0.101227,-0.562925,-0.269508,-0.082074,-0.715796,-0.283598,-0.054279,-0.533812,-0.220348,0.031615,-0.740548,-0.153398,0.033294,-0.867001,-0.089126,0.004035,-0.974561,-0.045745,-0.022649,-0.515108,-0.143417,0.08117,-0.729476,-0.044561,0.096437,-0.87639,0.015374,0.054044,-0.998278,0.057018,0.013804,-0.463957,-0.071464,0.114857,-0.656077,0.016818,0.123221,-0.781181,0.08169,0.075669,-0.891059,0.124455,0.031191,-0.395005,-0.027295,0.13682,-0.491767,0.04166,0.13585,-0.560081,0.095856,0.109677,-0.632301,0.132198,0.084767,0.0,0.0,0.0,0.0,0.0,0.0,0.0,0.0,0.0,0.0,0.0,0.0,0.0,0.0,0.0,0.0,0.0,0.0,0.0,0.0,0.0,0.0,0.0,0.0,0.0,0.0,0.0,0.0,0.0,0.0,0.0,0.0,0.0,0.0,0.0,0.0,0.0,0.0,0.0,0.0,0.0,0.0,0.0,0.0,0.0,0.0,0.0,0.0,0.0,0.0,0.0,0.0,0.0,0.0,0.0,0.0,0.0,0.0,0.0,0.0,0.0,0.0,0.0,Z
0.0,0.0,0.0,-0.208757,-0.102535,-0.034485,-0.426252,-0.173788,-0.031788,-0.588465,-0.241774,-0.028498,-0.730491,-0.258348,-0.020669,-0.54359,-0.226808,0.037434,-0.750765,-0.157317,0.014612,-0.879549,-0.091656,-0.019743,-0.99021,-0.049817,-0.047017,-0.516561,-0.159803,0.037083,-0.734454,-0.045316,0.023931,-0.874377,0.023754,-0.016808,-0.996167,0.071365,-0.050585,-0.454607,-0.093346,0.027422,-0.639113,0.031458,0.011803,-0.760667,0.109341,-0.025232,-0.87277,0.170124,-0.057174,-0.369499,-0.042499,0.012274,-0.467882,0.043647,-0.005602,-0.539685,0.111722,-0.024961,-0.615789,0.171145,-0.040938,0.0,0.0,0.0,0.0,0.0,0.0,0.0,0.0,0.0,0.0,0.0,0.0,0.0,0.0,0.0,0.0,0.0,0.0,0.0,0.0,0.0,0.0,0.0,0.0,0.0,0.0,0.0,0.0,0.0,0.0,0.0,0.0,0.0,0.0,0.0,0.0,0.0,0.0,0.0,0.0,0.0,0.0,0.0,0.0,0.0,0.0,0.0,0.0,0.0,0.0,0.0,0.0,0.0,0.0,0.0,0.0,0.0,0.0,0.0,0.0,0.0,0.0,0.0,Z
0.0,0.0,0.0,-0.189441,-0.10436,-0.062096,-0.405703,-0.18412,-0.06001,-0.575094,-0.256433,-0.049234,-0.717999,-0.272077,-0.032854,-0.5299,-0.21546,0.024537,-0.747508,-0.165591,0.010097,-0.881707,-0.112737,-0.020998,-0.992265,-0.075461,-0.045775,-0.50995,-0.130163,0.046114,-0.731409,-0.038251,0.043386,-0.87907,0.016633,0.00231,-0.997991,0.054214,-0.032789,-0.456935,-0.053937,0.056947,-0.644262,0.04679,0.051298,-0.766623,0.110534,0.010145,-0.869296,0.153697,-0.026166,-0.38005,-0.003477,0.060371,-0.477318,0.072793,0.051218,-0.545594,0.128084,0.030994,-0.611953,0.169559,0.013489,0.0,0.0,0.0,0.0,0.0,0.0,0.0,0.0,0.0,0.0,0.0,0.0,0.0,0.0,0.0,0.0,0.0,0.0,0.0,0.0,0.0,0.0,0.0,0.0,0.0,0.0,0.0,0.0,0.0,0.0,0.0,0.0,0.0,0.0,0.0,0.0,0.0,0.0,0.0,0.0,0.0,0.0,0.0,0.0,0.0,0.0,0.0,0.0,0.0,0.0,0.0,0.0,0.0,0.0,0.0,0.0,0.0,0.0,0.0,0.0,0.0,0.0,0.0,Z
0.0,0.0,0.0,-0.130608,-0.127483,-0.079255,-0.332883,-0.237863,-0.09136,-0.508732,-0.292193,-0.089746,-0.645212,-0.298397,-0.083702,-0.435252,-0.344596,-0.045184,-0.66149,-0.349227,-0.080962,-0.813285,-0.334262,-0.118246,-0.931919,-0.331904,-0.146175,-0.443221,-0.265167,-0.016816,-0.66504,-0.233151,-0.046739,-0.81609,-0.212905,-0.090335,-0.941701,-0.208122,-0.124802,-0.427969,-0.192595,0.003867,-0.615015,-0.153467,-0.021682,-0.745777,-0.124394,-0.058279,-0.856369,-0.106987,-0.08786,-0.388903,-0.126636,0.016631,-0.512272,-0.087625,-0.010123,-0.594033,-0.056357,-0.033249,-0.664498,-0.030963,-0.049733,0.0,0.0,0.0,0.0,0.0,0.0,0.0,0.0,0.0,0.0,0.0,0.0,0.0,0.0,0.0,0.0,0.0,0.0,0.0,0.0,0.0,0.0,0.0,0.0,0.0,0.0,0.0,0.0,0.0,0.0,0.0,0.0,0.0,0.0,0.0,0.0,0.0,0.0,0.0,0.0,0.0,0.0,0.0,0.0,0.0,0.0,0.0,0.0,0.0,0.0,0.0,0.0,0.0,0.0,0.0,0.0,0.0,0.0,0.0,0.0,0.0,0.0,0.0,Z
0.0,0.0,0.0,-0.118599,-0.138152,-0.059623,-0.305889,-0.259952,-0.067129,-0.468543,-0.34153,-0.066124,-0.600051,-0.367802,-0.060309,-0.414286,-0.387726,-0.021314,-0.648155,-0.397053,-0.051965,-0.799619,-0.3877,-0.083431,-0.914244,-0.390759,-0.107075,-0.427624,-0.314033,-0.006819,-0.661691,-0.282376,-0.032647,-0.813865,-0.261775,-0.070642,-0.938397,-0.25424,-0.099573,-0.417249,-0.237241,0.00041,-0.622053,-0.196602,-0.023776,-0.751856,-0.16732,-0.053626,-0.862793,-0.152623,-0.077139,-0.384086,-0.162329,0.000966,-0.520731,-0.122062,-0.024553,-0.603584,-0.092308,-0.042261,-0.676278,-0.075165,-0.053707,0.0,0.0,0.0,0.0,0.0,0.0,0.0,0.0,0.0,0.0,0.0,0.0,0.0,0.0,0.0,0.0,0.0,0.0,0.0,0.0,0.0,0.0,0.0,0.0,0.0,0.0,0.0,0.0,0.0,0.0,0.0,0.0,0.0,0.0,0.0,0.0,0.0,0.0,0.0,0.0,0.0,0.0,0.0,0.0,0.0,0.0,0.0,0.0,0.0,0.0,0.0,0.0,0.0,0.0,0.0,0.0,0.0,0.0,0.0,0.0,0.0,0.0,0.0,Z
0.0,0.0,0.0,-0.101193,-0.11347,-0.107899,-0.287262,-0.246963,-0.122562,-0.462688,-0.314538,-0.115418,-0.6061,-0.340973,-0.100996,-0.381153,-0.432593,-0.048334,-0.614663,-0.462279,-0.069101,-0.76088,-0.459295,-0.09483,-0.87596,-0.468472,-0.115011,-0.40153,-0.361509,-0.000328,-0.630777,-0.353263,-0.015105,-0.782524,-0.338886,-0.051061,-0.908881,-0.334485,-0.079821,-0.400965,-0.282474,0.03701,-0.596252,-0.260392,0.020587,-0.722554,-0.23012,-0.014379,-0.8356,-0.218073,-0.041604,-0.382832,-0.2011,0.064282,-0.519296,-0.169509,0.043571,-0.594585,-0.140018,0.021896,-0.66065,-0.126148,0.007516,0.0,0.0,0.0,-0.047775,-0.291984,-0.065311,-0.175295,-0.401816,-0.088668,-0.312863,-0.3824,-0.099223,-0.408753,-0.366589,-0.109813,-0.452139,-0.318557,-0.095911,-0.684495,-0.351816,-0.120099,-0.80962,-0.362453,-0.136865,-0.916668,-0.371144,-0.148229,-0.488723,-0.095276,-0.078078,-0.723047,-0.092999,-0.096733,-0.866594,-0.09428,-0.118485,-0.985078,-0.100925,-0.133862,-0.47129,0.103204,-0.06022,-0.666278,0.121669,-0.090179,-0.786449,0.121002,-0.124486,-0.878136,0.119929,-0.146367,-0.422201,0.250149,-0.04419,-0.531766,0.219969,-0.069671,-0.532435,0.196368,-0.071341,-0.507465,0.180334,-0.066594,Z
0.0,0.0,0.0,-0.072256,-0.192313,-0.079535,-0.229044,-0.352057,-0.093031,-0.385004,-0.444557,-0.091894,-0.503409,-0.491799,-0.084,-0.342674,-0.4932,-0.033541,-0.566909,-0.54446,-0.057154,-0.706413,-0.556232,-0.083783,-0.810963,-0.575829,-0.103736,-0.371796,-0.403106,-0.001639,-0.595562,-0.4141,-0.017179,-0.741718,-0.414479,-0.048354,-0.859378,-0.418489,-0.073001,-0.372653,-0.309226,0.021993,-0.568136,-0.311655,0.009856,-0.690921,-0.306322,-0.014193,-0.794744,-0.306422,-0.034658,-0.34691,-0.214582,0.037252,-0.47724,-0.200713,0.022884,-0.561029,-0.188006,0.009219,-0.634631,-0.178132,0.000342,0.0,0.0,0.0,-0.144685,-0.261834,-0.014481,-0.363748,-0.35846,-0.025357,-0.552528,-0.363703,-0.037509,-0.691611,-0.365182,-0.058929,-0.458028,-0.304915,-0.081107,-0.67405,-0.353195,-0.136592,-0.801126,-0.376952,-0.171616,-0.895954,-0.398952,-0.1952,-0.456839,-0.102301,-0.109254,-0.696495,-0.111709,-0.154487,-0.847273,-0.112639,-0.188021,-0.963455,-0.123185,-0.212824,-0.40361,0.090851,-0.13588,-0.632108,0.112641,-0.184038,-0.769289,0.117988,-0.213806,-0.885401,0.098946,-0.236275,-0.313531,0.259506,-0.160082,-0.448786,0.304598,-0.212999,-0.543018,0.31492,-0.229366,-0.6276,0.301969,-0.237238,Z
0.0,0.0,0.0,-0.052555,-0.154682,-0.159551,-0.201873,-0.335894,-0.183121,-0.3487,-0.445182,-0.173438,-0.476615,-0.51367,-0.154141,-0.334,-0.507768,-0.050673,-0.544263,-0.58468,-0.04934,-0.668734,-0.610271,-0.065051,-0.76192,-0.642617,-0.080755,-0.36135,-0.416067,0.030874,-0.573066,-0.446962,0.041268,-0.710118,-0.458419,0.012425,-0.806888,-0.46905,-0.014145,-0.365743,-0.317698,0.094902,-0.549399,-0.349672,0.096157,-0.668756,-0.349028,0.056421,-0.770664,-0.366119,0.022747,-0.350923,-0.228075,0.144045,-0.483781,-0.231367,0.131984,-0.560547,-0.224508,0.103518,-0.631422,-0.236286,0.081264,0.0,0.0,0.0,-0.067948,-0.284185,-0.038509,-0.241549,-0.406097,-0.063267,-0.40857,-0.409295,-0.081946,-0.520173,-0.405319,-0.108575,-0.359963,-0.373205,-0.129721,-0.584405,-0.43541,-0.190768,-0.720217,-0.476976,-0.225058,-0.820477,-0.51564,-0.246848,-0.388219,-0.184362,-0.142255,-0.62944,-0.198326,-0.194595,-0.786258,-0.206444,-0.228992,-0.907156,-0.220936,-0.252049,-0.371013,-0.005195,-0.152082,-0.606085,-0.003943,-0.203863,-0.75302,-0.015,-0.242454,-0.874522,-0.041137,-0.268252,-0.318919,0.150592,-0.160257,-0.466477,0.177908,-0.218328,-0.558854,0.177642,-0.244454,-0.634334,0.162546,-0.257055,Z
0.0,0.0,0.0,-0.062011,-0.157576,-0.133449,-0.195389,-0.357249,-0.151325,-0.322326,-0.493157,-0.142479,-0.431146,-0.57598,-0.124117,-0.288449,-0.551264,-0.035039,-0.491839,-0.638252,-0.041819,-0.613458,-0.669972,-0.063705,-0.703715,-0.705783,-0.081587,-0.325507,-0.469591,0.030649,-0.537815,-0.519658,0.035354,-0.676014,-0.539533,0.003136,-0.781035,-0.557922,-0.024373,-0.338979,-0.376619,0.081152,-0.522042,-0.407585,0.081812,-0.64567,-0.414806,0.045497,-0.750269,-0.436048,0.014834,-0.333414,-0.280394,0.118351,-0.466898,-0.281977,0.110587,-0.551075,-0.274728,0.089165,-0.627491,-0.281459,0.072883,0.0,0.0,0.0,-0.022893,-0.294461,-0.055767,-0.146908,-0.441872,-0.092302,-0.292914,-0.476027,-0.122935,-0.403904,-0.489125,-0.160064,-0.33551,-0.432783,-0.13041,-0.535405,-0.500848,-0.197651,-0.661353,-0.550144,-0.242185,-0.759525,-0.591301,-0.27108,-0.391239,-0.255817,-0.139837,-0.629145,-0.29623,-0.19409,-0.78527,-0.316039,-0.229607,-0.904018,-0.332478,-0.253126,-0.395377,-0.076625,-0.14915,-0.625203,-0.105877,-0.19901,-0.763387,-0.125605,-0.228364,-0.869932,-0.151558,-0.247211,-0.355675,0.089912,-0.160306,-0.506222,0.102357,-0.213317,-0.598539,0.096811,-0.229937,-0.668463,0.082045,-0.234605,Z
0.0,0.0,0.0,-0.012023,-0.190369,-0.122476,-0.127603,-0.39879,-0.147505,-0.254365,-0.534671,-0.148079,-0.354001,-0.626855,-0.141618,-0.210939,-0.568602,-0.075981,-0.406277,-0.674628,-0.104304,-0.525471,-0.723201,-0.133751,-0.61784,-0.77063,-0.156217,-0.261894,-0.490328,-0.02248,-0.462358,-0.558305,-0.044981,-0.595986,-0.594274,-0.082934,-0.702974,-0.627449,-0.113249,-0.286278,-0.401118,0.019708,-0.461406,-0.450796,-0.00248,-0.580373,-0.476141,-0.039602,-0.683841,-0.508244,-0.068792,-0.287527,-0.309374,0.051076,-0.418152,-0.328191,0.026148,-0.500196,-0.335526,0.000347,-0.573615,-0.351524,-0.01807,0.0,0.0,0.0,0.0,0.0,0.0,0.0,0.0,0.0,0.0,0.0,0.0,0.0,0.0,0.0,0.0,0.0,0.0,0.0,0.0,0.0,0.0,0.0,0.0,0.0,0.0,0.0,0.0,0.0,0.0,0.0,0.0,0.0,0.0,0.0,0.0,0.0,0.0,0.0,0.0,0.0,0.0,0.0,0.0,0.0,0.0,0.0,0.0,0.0,0.0,0.0,0.0,0.0,0.0,0.0,0.0,0.0,0.0,0.0,0.0,0.0,0.0,0.0,Z
0.0,0.0,0.0,-0.021709,-0.173619,-0.161845,-0.109364,-0.385272,-0.196943,-0.203554,-0.542326,-0.200349,-0.297545,-0.666246,-0.195214,-0.21557,-0.597552,-0.059286,-0.384269,-0.717002,-0.065614,-0.495208,-0.764744,-0.088877,-0.580998,-0.806552,-0.10916,-0.259544,-0.514743,0.019595,-0.43915,-0.60585,0.02117,-0.56543,-0.646034,-0.014049,-0.66107,-0.669184,-0.044642,-0.281133,-0.419371,0.081386,-0.443533,-0.492852,0.076215,-0.558779,-0.518615,0.033023,-0.658242,-0.552157,-0.003037,-0.286535,-0.321859,0.128358,-0.413142,-0.352731,0.112877,-0.490916,-0.358897,0.082726,-0.559681,-0.376378,0.058802,0.0,0.0,0.0,-0.009668,-0.280441,-0.040482,-0.125535,-0.434617,-0.067887,-0.263165,-0.470955,-0.091029,-0.362479,-0.478138,-0.121182,-0.261163,-0.453016,-0.121719,-0.465085,-0.549528,-0.1853,-0.58932,-0.618488,-0.2257,-0.68992,-0.678347,-0.252696,-0.322904,-0.300342,-0.13445,-0.550341,-0.373106,-0.189252,-0.704492,-0.420386,-0.228037,-0.826308,-0.464279,-0.255438,-0.344089,-0.143546,-0.145229,-0.566702,-0.210427,-0.194748,-0.709563,-0.253686,-0.232165,-0.822416,-0.299026,-0.258041,-0.329718,0.002266,-0.156054,-0.48456,-0.001326,-0.210549,-0.588011,-0.016144,-0.237098,-0.672654,-0.037089,-0.251043,Z
0.0,0.0,0.0,0.000793,-0.18265,-0.157302,-0.064647,-0.416668,-0.191262,-0.151072,-0.59138,-0.195654,-0.259924,-0.715557,-0.192719,-0.168831,-0.610624,-0.055399,-0.32824,-0.741165,-0.065925,-0.437382,-0.795787,-0.094288,-0.522853,-0.84411,-0.118752,-0.219563,-0.526063,0.018106,-0.391079,-0.63152,0.016511,-0.516225,-0.682582,-0.024624,-0.6137,-0.716743,-0.061629,-0.251535,-0.431513,0.07439,-0.406364,-0.518105,0.066873,-0.518793,-0.554073,0.020024,-0.616099,-0.594203,-0.020193,-0.265573,-0.338062,0.116113,-0.389117,-0.385984,0.099441,-0.465734,-0.401096,0.066647,-0.537032,-0.425948,0.038916,0.0,0.0,0.0,0.016545,-0.265601,-0.034483,-0.073483,-0.448707,-0.060982,-0.1991,-0.526289,-0.082673,-0.294273,-0.586611,-0.109757,-0.224006,-0.485618,-0.115447,-0.419328,-0.592541,-0.176303,-0.537887,-0.669545,-0.214542,-0.632949,-0.736339,-0.239126,-0.283688,-0.346634,-0.128151,-0.507617,-0.437199,-0.180448,-0.657206,-0.498866,-0.216086,-0.776323,-0.552937,-0.241168,-0.313002,-0.200037,-0.137963,-0.528649,-0.285344,-0.18482,-0.674154,-0.338231,-0.214517,-0.787562,-0.387251,-0.234032,-0.313353,-0.055634,-0.147222,-0.472802,-0.078442,-0.196825,-0.578829,-0.106209,-0.216447,-0.666589,-0.138306,-0.224598,Z
0.0,0.0,0.0,0.029899,-0.181528,-0.131224,-0.01704,-0.423356,-0.166284,-0.092327,-0.601536,-0.17934,-0.180448,-0.725005,-0.188367,-0.140627,-0.608696,-0.073003,-0.286843,-0.7498,-0.110191,-0.392851,-0.805261,-0.154162,-0.48434,-0.854403,-0.188177,-0.198582,-0.540583,-0.024251,-0.360805,-0.657108,-0.057555,-0.484502,-0.705456,-0.109803,-0.589987,-0.734126,-0.151336,-0.23339,-0.453931,0.010961,-0.384832,-0.543836,-0.02179,-0.493329,-0.582361,-0.068103,-0.589296,-0.615506,-0.104464,-0.245122,-0.355852,0.034272,-0.368988,-0.404339,0.001837,-0.442465,-0.423061,-0.028758,-0.509608,-0.446099,-0.052901,0.0,0.0,0.0,0.0,0.0,0.0,0.0,0.0,0.0,0.0,0.0,0.0,0.0,0.0,0.0,0.0,0.0,0.0,0.0,0.0,0.0,0.0,0.0,0.0,0.0,0.0,0.0,0.0,0.0,0.0,0.0,0.0,0.0,0.0,0.0,0.0,0.0,0.0,0.0,0.0,0.0,0.0,0.0,0.0,0.0,0.0,0.0,0.0,0.0,0.0,0.0,0.0,0.0,0.0,0.0,0.0,0.0,0.0,0.0,0.0,0.0,0.0,0.0,Z
0.0,0.0,0.0,0.037751,-0.197055,-0.113655,-0.006167,-0.443922,-0.138372,-0.078329,-0.623741,-0.143997,-0.168254,-0.745826,-0.145515,-0.115276,-0.62959,-0.051321,-0.257778,-0.772112,-0.083696,-0.361642,-0.82797,-0.12555,-0.449516,-0.879097,-0.158502,-0.172354,-0.562503,-0.008309,-0.332367,-0.673163,-0.039083,-0.451039,-0.715679,-0.090448,-0.551699,-0.745669,-0.1312,-0.209847,-0.477077,0.02199,-0.359465,-0.570715,-0.009143,-0.468278,-0.608661,-0.05367,-0.565715,-0.647072,-0.088236,-0.227988,-0.384572,0.041909,-0.34691,-0.447712,0.011339,-0.423708,-0.470162,-0.017755,-0.492959,-0.498225,-0.040276,0.0,0.0,0.0,0.0,0.0,0.0,0.0,0.0,0.0,0.0,0.0,0.0,0.0,0.0,0.0,0.0,0.0,0.0,0.0,0.0,0.0,0.0,0.0,0.0,0.0,0.0,0.0,0.0,0.0,0.0,0.0,0.0,0.0,0.0,0.0,0.0,0.0,0.0,0.0,0.0,0.0,0.0,0.0,0.0,0.0,0.0,0.0,0.0,0.0,0.0,0.0,0.0,0.0,0.0,0.0,0.0,0.0,0.0,0.0,0.0,0.0,0.0,0.0,Z
0.0,0.0,0.0,0.042892,-0.169926,-0.126271,0.014642,-0.414252,-0.160434,-0.052727,-0.601802,-0.175083,-0.120724,-0.728453,-0.185263,-0.099456,-0.645801,-0.069215,-0.225609,-0.790735,-0.116177,-0.333809,-0.839831,-0.169621,-0.433818,-0.8762,-0.209943,-0.174715,-0.593503,-0.026431,-0.319421,-0.713024,-0.067992,-0.429974,-0.751126,-0.12465,-0.528032,-0.767733,-0.168093,-0.224886,-0.515606,0.001851,-0.360908,-0.612154,-0.037906,-0.458323,-0.647328,-0.084109,-0.54775,-0.671782,-0.118602,-0.250937,-0.419459,0.018059,-0.367271,-0.492221,-0.020125,-0.444373,-0.520071,-0.052377,-0.514709,-0.539401,-0.075955,0.0,0.0,0.0,0.0,0.0,0.0,0.0,0.0,0.0,0.0,0.0,0.0,0.0,0.0,0.0,0.0,0.0,0.0,0.0,0.0,0.0,0.0,0.0,0.0,0.0,0.0,0.0,0.0,0.0,0.0,0.0,0.0,0.0,0.0,0.0,0.0,0.0,0.0,0.0,0.0,0.0,0.0,0.0,0.0,0.0,0.0,0.0,0.0,0.0,0.0,0.0,0.0,0.0,0.0,0.0,0.0,0.0,0.0,0.0,0.0,0.0,0.0,0.0,Z
0.0,0.0,0.0,0.023134,-0.18747,-0.159773,-0.016483,-0.427273,-0.214748,-0.094316,-0.599073,-0.244113,-0.177674,-0.722106,-0.268172,-0.070044,-0.674205,-0.097977,-0.221981,-0.821865,-0.174572,-0.359958,-0.841818,-0.253813,-0.48145,-0.822265,-0.303458,-0.144067,-0.610883,-0.035841,-0.297316,-0.736194,-0.117876,-0.425282,-0.728127,-0.21117,-0.532384,-0.677348,-0.269548,-0.196268,-0.531113,0.01075,-0.3352,-0.643631,-0.063499,-0.45438,-0.638114,-0.139622,-0.547271,-0.596241,-0.182074,-0.228309,-0.443249,0.045793,-0.347823,-0.539222,-0.015476,-0.449896,-0.558649,-0.067501,-0.534193,-0.54829,-0.098004,0.0,0.0,0.0,0.0,0.0,0.0,0.0,0.0,0.0,0.0,0.0,0.0,0.0,0.0,0.0,0.0,0.0,0.0,0.0,0.0,0.0,0.0,0.0,0.0,0.0,0.0,0.0,0.0,0.0,0.0,0.0,0.0,0.0,0.0,0.0,0.0,0.0,0.0,0.0,0.0,0.0,0.0,0.0,0.0,0.0,0.0,0.0,0.0,0.0,0.0,0.0,0.0,0.0,0.0,0.0,0.0,0.0,0.0,0.0,0.0,0.0,0.0,0.0,Z
0.0,0.0,0.0,0.055996,-0.145979,-0.154532,0.036,-0.346973,-0.218181,-0.028736,-0.509771,-0.258481,-0.096254,-0.621448,-0.295074,-0.058287,-0.623678,-0.132987,-0.200776,-0.801411,-0.215284,-0.326498,-0.838118,-0.288301,-0.441892,-0.833036,-0.33284,-0.145074,-0.592438,-0.076664,-0.306291,-0.738675,-0.160654,-0.434911,-0.733682,-0.240788,-0.541372,-0.677136,-0.291034,-0.211534,-0.539598,-0.03345,-0.360653,-0.663518,-0.111709,-0.469967,-0.618694,-0.180133,-0.549198,-0.526957,-0.217564,-0.262408,-0.468535,-0.001503,-0.381868,-0.535646,-0.073017,-0.474913,-0.50269,-0.126965,-0.547307,-0.430149,-0.157012,0.0,0.0,0.0,0.0,0.0,0.0,0.0,0.0,0.0,0.0,0.0,0.0,0.0,0.0,0.0,0.0,0.0,0.0,0.0,0.0,0.0,0.0,0.0,0.0,0.0,0.0,0.0,0.0,0.0,0.0,0.0,0.0,0.0,0.0,0.0,0.0,0.0,0.0,0.0,0.0,0.0,0.0,0.0,0.0,0.0,0.0,0.0,0.0,0.0,0.0,0.0,0.0,0.0,0.0,0.0,0.0,0.0,0.0,0.0,0.0,0.0,0.0,0.0,Z
