0.0,0.0,0.0,0.110993,0.210477,-0.032856,0.230582,0.357822,-0.095002,0.309641,0.453627,-0.169754,0.328809,0.399378,-0.244376,0.514945,0.075923,-0.087775,0.718688,0.06866,-0.168807,0.854528,0.086651,-0.221781,0.961568,0.094425,-0.25782,0.480866,-0.051758,-0.128376,0.510781,0.246108,-0.233934,0.375407,0.312947,-0.25711,0.310558,0.257118,-0.257504,0.410847,-0.133949,-0.171638,0.434351,0.169356,-0.269259,0.315787,0.223042,-0.243186,0.262266,0.169922,-0.207592,0.322834,-0.178804,-0.219873,0.372712,0.041176,-0.275215,0.300037,0.117057,-0.239573,0.246584,0.103863,-0.200611,0.0,0.0,0.0,-0.113759,-0.098738,-0.037655,-0.195342,-0.28733,-0.059673,-0.156759,-0.43821,-0.086389,-0.063028,-0.478268,-0.111506,-0.107416,-0.489937,-0.049468,-0.121734,-0.729921,-0.098873,-0.129305,-0.861326,-0.126333,-0.129463,-0.980619,-0.14706,-0.01869,-0.471186,-0.060491,-0.026692,-0.539343,-0.144723,-0.058257,-0.387911,-0.155258,-0.063637,-0.304079,-0.142909,0.059117,-0.429529,-0.076784,0.053647,-0.484885,-0.154194,0.012462,-0.347221,-0.130111,0.004948,-0.270218,-0.092739,0.135873,-0.375115,-0.097624,0.15229,-0.477953,-0.140538,0.112599,-0.397398,-0.116026,0.096019,-0.328779,-0.08479,T
0.0,0.0,0.0,0.119731,0.207653,-0.038656,0.232554,0.349778,-0.110642,0.304052,0.449439,-0.195572,0.335998,0.406604,-0.280046,0.518486,0.066793,-0.092463,0.714421,0.06903,-0.180736,0.851809,0.087147,-0.238271,0.956264,0.096369,-0.276173,0.484993,-0.063453,-0.132795,0.509671,0.249603,-0.244629,0.366687,0.322713,-0.267013,0.298294,0.271352,-0.263849,0.414449,-0.144195,-0.177007,0.438466,0.163725,-0.277643,0.316666,0.221707,-0.246485,0.258438,0.168744,-0.205672,0.323798,-0.188223,-0.227215,0.37518,0.035263,-0.286311,0.301523,0.113705,-0.248227,0.245151,0.096834,-0.205449,0.0,0.0,0.0,-0.114194,-0.115214,-0.035972,-0.195172,-0.301631,-0.059003,-0.156639,-0.448294,-0.089495,-0.06074,-0.483833,-0.119496,-0.10405,-0.494941,-0.041402,-0.120428,-0.736776,-0.089482,-0.131902,-0.866784,-0.114383,-0.133744,-0.98213,-0.132413,-0.014281,-0.478525,-0.055119,-0.03286,-0.551436,-0.143138,-0.062689,-0.401037,-0.154781,-0.060593,-0.303228,-0.140445,0.065068,-0.439804,-0.074657,0.047961,-0.493206,-0.154315,0.009551,-0.35892,-0.132122,0.007321,-0.270603,-0.093429,0.142519,-0.387847,-0.098863,0.1542,-0.493375,-0.138312,0.116452,-0.420408,-0.113257,0.104526,-0.347254,-0.081205,T
0.0,0.0,0.0,0.119169,0.22342,-0.028318,0.235211,0.371692,-0.090009,0.303447,0.459465,-0.165466,0.342368,0.428957,-0.240321,0.528809,0.082658,-0.081244,0.71851,0.073102,-0.167224,0.850572,0.091835,-0.229817,0.956203,0.106877,-0.272495,0.499804,-0.039708,-0.124337,0.507109,0.267365,-0.233127,0.373305,0.346525,-0.26446,0.29675,0.306317,-0.270488,0.426093,-0.115749,-0.16993,0.441044,0.181148,-0.266056,0.325041,0.245692,-0.24026,0.261136,0.206817,-0.205101,0.33159,-0.157621,-0.220699,0.37983,0.06045,-0.276512,0.306476,0.139034,-0.238669,0.243228,0.130411,-0.197035,0.0,0.0,0.0,-0.111365,-0.118317,-0.037219,-0.190566,-0.298145,-0.062615,-0.155089,-0.445864,-0.09616,-0.058117,-0.495688,-0.129081,-0.100873,-0.494087,-0.040004,-0.113727,-0.738172,-0.092158,-0.124822,-0.867253,-0.118732,-0.125909,-0.982536,-0.137001,-0.010249,-0.477445,-0.05434,-0.033819,-0.560637,-0.148187,-0.069702,-0.400363,-0.160057,-0.067837,-0.298831,-0.143872,0.070301,-0.439867,-0.075496,0.047544,-0.496084,-0.162538,0.002981,-0.351562,-0.140143,0.001371,-0.257992,-0.098283,0.149958,-0.390382,-0.10125,0.160348,-0.507633,-0.145997,0.11736,-0.433337,-0.121604,0.10084,-0.356128,-0.088467,T
0.0,0.0,0.0,0.107927,0.212826,-0.022521,0.22129,0.365967,-0.080369,0.288905,0.460647,-0.153349,0.339674,0.450994,-0.225993,0.518295,0.102822,-0.07505,0.717766,0.084604,-0.154826,0.85266,0.09912,-0.213772,0.961277,0.104192,-0.255127,0.493838,-0.010382,-0.119323,0.499571,0.278673,-0.232302,0.366163,0.356361,-0.26835,0.286242,0.307531,-0.275533,0.427566,-0.084119,-0.164206,0.437015,0.184498,-0.259191,0.32437,0.247407,-0.234318,0.259148,0.20458,-0.199028,0.341649,-0.133558,-0.213588,0.381093,0.064419,-0.268618,0.306868,0.137295,-0.231959,0.243113,0.126749,-0.190531,0.0,0.0,0.0,-0.111778,-0.126074,-0.036902,-0.191174,-0.305737,-0.06271,-0.155563,-0.454031,-0.097242,-0.05943,-0.511492,-0.131465,-0.10358,-0.495924,-0.035949,-0.122593,-0.736169,-0.090852,-0.137967,-0.86548,-0.119679,-0.142546,-0.980006,-0.138811,-0.010649,-0.480274,-0.051645,-0.034947,-0.567614,-0.147746,-0.06887,-0.404367,-0.161059,-0.066086,-0.297363,-0.144758,0.071135,-0.4423,-0.074844,0.047199,-0.50155,-0.164565,0.003312,-0.356104,-0.142521,0.002059,-0.258554,-0.09959,0.15148,-0.391713,-0.102638,0.162315,-0.514985,-0.149369,0.121858,-0.441421,-0.12468,0.107627,-0.362467,-0.090646,T
0.0,0.0,0.0,0.100668,0.211656,-0.027051,0.197694,0.351404,-0.094222,0.258743,0.44359,-0.176196,0.315489,0.437815,-0.258243,0.503926,0.099091,-0.095795,0.702571,0.094452,-0.18692,0.841971,0.109006,-0.249949,0.949423,0.114852,-0.292243,0.47435,-0.021798,-0.139686,0.477424,0.272772,-0.256461,0.341198,0.330411,-0.285566,0.267073,0.270549,-0.288235,0.400664,-0.100417,-0.184993,0.414552,0.18211,-0.286501,0.301781,0.235093,-0.25672,0.240642,0.186772,-0.218174,0.306618,-0.151897,-0.234429,0.342726,0.054324,-0.292975,0.27318,0.124284,-0.254282,0.219287,0.112895,-0.2119,0.0,0.0,0.0,-0.116231,-0.12793,-0.039798,-0.19977,-0.30942,-0.063828,-0.160658,-0.466534,-0.09456,-0.05924,-0.514211,-0.123543,-0.118398,-0.488592,-0.03386,-0.143784,-0.730822,-0.082004,-0.159697,-0.861936,-0.106586,-0.167919,-0.978029,-0.123541,-0.026846,-0.473943,-0.045801,-0.034858,-0.571829,-0.135272,-0.059877,-0.414714,-0.148916,-0.066053,-0.306558,-0.134091,0.053124,-0.438926,-0.064955,0.045743,-0.509975,-0.149103,0.008754,-0.371822,-0.131913,-0.002035,-0.274652,-0.093497,0.131857,-0.390276,-0.088634,0.152841,-0.518478,-0.131531,0.123861,-0.454731,-0.110682,0.109351,-0.378021,-0.08069,T
0.0,0.0,0.0,0.101286,0.208257,-0.033908,0.19075,0.348861,-0.109811,0.252487,0.451699,-0.200511,0.305695,0.446293,-0.291315,0.500531,0.111953,-0.106764,0.692597,0.116382,-0.206987,0.832985,0.136246,-0.27484,0.937109,0.144439,-0.31775,0.468774,-0.01956,-0.149555,0.475288,0.283672,-0.269007,0.343012,0.344659,-0.296144,0.276441,0.284062,-0.295868,0.393421,-0.102963,-0.194863,0.404591,0.194027,-0.299477,0.294931,0.247337,-0.270345,0.238595,0.19315,-0.230729,0.297538,-0.153106,-0.244885,0.329672,0.06937,-0.302396,0.264676,0.142276,-0.262373,0.214352,0.125076,-0.218404,0.0,0.0,0.0,-0.111752,-0.120667,-0.036544,-0.190335,-0.302428,-0.059521,-0.150023,-0.45243,-0.088146,-0.052756,-0.496624,-0.11598,-0.108628,-0.478728,-0.045186,-0.134325,-0.721501,-0.093875,-0.150086,-0.859658,-0.12096,-0.159906,-0.977122,-0.140225,-0.017698,-0.466414,-0.055928,-0.025228,-0.55315,-0.142927,-0.05414,-0.412709,-0.156683,-0.064377,-0.309213,-0.143845,0.060339,-0.430574,-0.07203,0.054687,-0.485817,-0.148598,0.015847,-0.360519,-0.130166,0.001019,-0.267267,-0.093977,0.136671,-0.380414,-0.092728,0.160649,-0.485832,-0.131939,0.133153,-0.442141,-0.113029,0.11638,-0.386769,-0.085491,T
0.0,0.0,0.0,0.099985,0.212774,-0.041948,0.193627,0.353831,-0.121294,0.252057,0.4534,-0.213435,0.296026,0.432992,-0.305611,0.496616,0.109626,-0.116874,0.693298,0.117299,-0.214446,0.832189,0.146489,-0.275492,0.935126,0.164855,-0.313627,0.469503,-0.025697,-0.156654,0.468207,0.279613,-0.273479,0.326365,0.333227,-0.295225,0.267863,0.267466,-0.291864,0.401189,-0.116021,-0.199524,0.396752,0.188864,-0.303254,0.278909,0.234414,-0.271734,0.23011,0.169433,-0.231255,0.311009,-0.171053,-0.248312,0.340048,0.048591,-0.306901,0.27144,0.128573,-0.267034,0.220832,0.113422,-0.223403,0.0,0.0,0.0,-0.118754,-0.113475,-0.039425,-0.201765,-0.29529,-0.063452,-0.165991,-0.446883,-0.091772,-0.070136,-0.483175,-0.118453,-0.11194,-0.488423,-0.048494,-0.131597,-0.72901,-0.093454,-0.141522,-0.864243,-0.118789,-0.148322,-0.979335,-0.137493,-0.021807,-0.474506,-0.057897,-0.015972,-0.549399,-0.141081,-0.039084,-0.403692,-0.154373,-0.056162,-0.300424,-0.142633,0.056771,-0.435555,-0.072148,0.060613,-0.491164,-0.147599,0.02805,-0.364336,-0.129746,0.007026,-0.272814,-0.09513,0.132625,-0.379361,-0.090772,0.1638,-0.488149,-0.131649,0.141241,-0.431908,-0.111498,0.120326,-0.366101,-0.082903,T
0.0,0.0,0.0,0.100426,0.217656,-0.042982,0.202392,0.365315,-0.119836,0.263735,0.467901,-0.209016,0.288116,0.429302,-0.298834,0.501041,0.114417,-0.110567,0.698101,0.121949,-0.20595,0.832902,0.153968,-0.267877,0.934524,0.178104,-0.308129,0.471949,-0.021683,-0.149686,0.468231,0.28286,-0.269947,0.32431,0.341253,-0.297059,0.262373,0.284609,-0.296998,0.400896,-0.113889,-0.192051,0.399525,0.190071,-0.29817,0.279552,0.238741,-0.270221,0.22851,0.182213,-0.231483,0.310201,-0.17177,-0.240422,0.3416,0.051869,-0.302573,0.270513,0.130827,-0.266422,0.220932,0.116775,-0.22481,0.0,0.0,0.0,-0.107931,-0.108954,-0.038758,-0.181657,-0.29581,-0.063089,-0.143044,-0.44621,-0.094087,-0.045167,-0.489126,-0.124388,-0.097988,-0.490919,-0.045544,-0.1103,-0.734919,-0.093946,-0.12013,-0.866854,-0.11779,-0.121877,-0.983369,-0.134651,-0.004798,-0.469914,-0.057791,-0.016007,-0.553461,-0.150137,-0.051768,-0.387743,-0.160449,-0.056866,-0.27958,-0.143296,0.076651,-0.426945,-0.076001,0.066994,-0.495354,-0.161147,0.022656,-0.348333,-0.138673,0.014713,-0.250041,-0.097182,0.156794,-0.371927,-0.098432,0.181209,-0.502326,-0.14352,0.139783,-0.432123,-0.120559,0.119423,-0.358191,-0.088662,T
0.0,0.0,0.0,0.100527,0.220341,-0.044917,0.198671,0.366225,-0.124547,0.258745,0.472476,-0.216885,0.293441,0.445075,-0.3092,0.499294,0.125847,-0.114342,0.692413,0.137556,-0.216015,0.826571,0.172238,-0.281398,0.925485,0.198505,-0.322605,0.471078,-0.012288,-0.153316,0.463193,0.288461,-0.278882,0.318946,0.347855,-0.30578,0.258609,0.291643,-0.30412,0.402748,-0.105636,-0.19629,0.398737,0.191596,-0.306401,0.277099,0.241976,-0.276297,0.224963,0.185043,-0.234899,0.313906,-0.16524,-0.245615,0.338898,0.062098,-0.310044,0.26497,0.135433,-0.272898,0.214569,0.111442,-0.22979,0.0,0.0,0.0,-0.10498,-0.118934,-0.042414,-0.173595,-0.30101,-0.069577,-0.130841,-0.444388,-0.103588,-0.036148,-0.497036,-0.136658,-0.086675,-0.492395,-0.04414,-0.100083,-0.737036,-0.098484,-0.110003,-0.867587,-0.1264,-0.109728,-0.983361,-0.144778,0.004507,-0.468811,-0.056359,-0.009618,-0.556259,-0.153256,-0.047608,-0.389595,-0.166421,-0.049853,-0.281659,-0.14975,0.084436,-0.42628,-0.0759,0.071357,-0.492202,-0.166149,0.024011,-0.342788,-0.144299,0.01806,-0.244388,-0.10133,0.162761,-0.372487,-0.100125,0.182607,-0.49825,-0.147559,0.140264,-0.423114,-0.123246,0.121753,-0.346155,-0.089316,T
0.0,0.0,0.0,0.101974,0.222241,-0.027518,0.206627,0.371733,-0.093943,0.271624,0.475926,-0.175275,0.306662,0.45398,-0.257224,0.505957,0.12786,-0.094514,0.698316,0.148242,-0.186572,0.8318,0.185285,-0.249052,0.933254,0.211247,-0.290536,0.480151,-0.009734,-0.139064,0.471635,0.29383,-0.255397,0.333408,0.354938,-0.282972,0.268711,0.299395,-0.284787,0.412267,-0.103027,-0.185797,0.408347,0.196245,-0.285712,0.292327,0.247038,-0.256438,0.237393,0.193521,-0.218759,0.323287,-0.162312,-0.237792,0.350964,0.06461,-0.296646,0.27876,0.138623,-0.260047,0.225814,0.120602,-0.219062,0.0,0.0,0.0,-0.102676,-0.127297,-0.041845,-0.170954,-0.316022,-0.067329,-0.121713,-0.46426,-0.099299,-0.021029,-0.505348,-0.130152,-0.083959,-0.499875,-0.040712,-0.09586,-0.742007,-0.092879,-0.105281,-0.869765,-0.119392,-0.105223,-0.984904,-0.137448,0.007505,-0.475462,-0.051867,0.004212,-0.564108,-0.144448,-0.034935,-0.403359,-0.157357,-0.044601,-0.301068,-0.141763,0.087073,-0.432659,-0.070213,0.083259,-0.495463,-0.157151,0.033038,-0.350857,-0.136705,0.01889,-0.259794,-0.095945,0.164095,-0.37786,-0.093112,0.191427,-0.492943,-0.137494,0.154475,-0.419646,-0.11409,0.137579,-0.349582,-0.081823,T
0.0,0.0,0.0,0.105771,0.234706,-0.023181,0.211793,0.386892,-0.088187,0.277501,0.486307,-0.169026,0.312259,0.455673,-0.250319,0.513116,0.134663,-0.089158,0.70274,0.151304,-0.180405,0.83488,0.1845,-0.242635,0.936065,0.207384,-0.284208,0.490008,8.4e-05,-0.136418,0.476881,0.306335,-0.250197,0.338105,0.362594,-0.277417,0.277682,0.300012,-0.279424,0.4219,-0.089338,-0.185419,0.413387,0.209764,-0.283871,0.295392,0.256857,-0.25384,0.244916,0.198448,-0.216222,0.331343,-0.143296,-0.239262,0.353106,0.082827,-0.294849,0.278133,0.150773,-0.255236,0.226914,0.126995,-0.212985,0.0,0.0,0.0,-0.103552,-0.130303,-0.040358,-0.171241,-0.326437,-0.062587,-0.117327,-0.478032,-0.089928,-0.013904,-0.505062,-0.11584,-0.088204,-0.50119,-0.037396,-0.097199,-0.74086,-0.082432,-0.105502,-0.871924,-0.106265,-0.107984,-0.986394,-0.123963,0.003817,-0.476232,-0.047313,0.010926,-0.573741,-0.133299,-0.021323,-0.419236,-0.144779,-0.035786,-0.309016,-0.12909,0.08242,-0.432529,-0.0637,0.087448,-0.501213,-0.140648,0.044987,-0.364327,-0.120028,0.027376,-0.269435,-0.081931,0.157623,-0.373866,-0.084936,0.18765,-0.482052,-0.122966,0.154711,-0.413121,-0.10082,0.135597,-0.343711,-0.071549,T
0.0,0.0,0.0,0.106962,0.235195,-0.022977,0.213441,0.383089,-0.085649,0.278027,0.486442,-0.163403,0.307892,0.471102,-0.241209,0.518473,0.122362,-0.083643,0.706262,0.137183,-0.174364,0.838929,0.174054,-0.236974,0.93886,0.20291,-0.278152,0.490432,-0.006044,-0.132333,0.491079,0.322523,-0.241064,0.349392,0.380313,-0.265164,0.28434,0.321056,-0.265154,0.420516,-0.089933,-0.183999,0.427296,0.230502,-0.283641,0.305167,0.277751,-0.254073,0.250324,0.219183,-0.215413,0.327302,-0.138456,-0.24019,0.370139,0.096456,-0.296988,0.293539,0.169458,-0.25536,0.233935,0.148963,-0.211073,0.0,0.0,0.0,-0.105285,-0.111481,-0.043447,-0.172313,-0.310716,-0.068345,-0.120695,-0.464465,-0.097981,-0.021342,-0.500296,-0.12633,-0.083496,-0.50733,-0.044332,-0.093692,-0.743153,-0.094049,-0.103198,-0.871182,-0.120435,-0.103916,-0.984669,-0.140101,0.011663,-0.47989,-0.054661,0.005897,-0.559873,-0.149366,-0.036501,-0.394494,-0.162069,-0.047606,-0.29421,-0.145694,0.092998,-0.429108,-0.07142,0.085253,-0.493018,-0.156873,0.03607,-0.344814,-0.132922,0.025032,-0.258852,-0.090592,0.169907,-0.364527,-0.092939,0.187575,-0.471685,-0.13769,0.147276,-0.394986,-0.113146,0.134006,-0.336168,-0.080139,T
0.0,0.0,0.0,0.109809,0.231109,-0.032161,0.216909,0.378608,-0.098073,0.282751,0.481729,-0.177892,0.321491,0.457678,-0.25715,0.524389,0.11232,-0.081948,0.712082,0.125804,-0.173479,0.844466,0.160839,-0.235522,0.943207,0.185031,-0.275905,0.495077,-0.019203,-0.12564,0.502407,0.297779,-0.23865,0.354906,0.362214,-0.26388,0.288755,0.30368,-0.262495,0.425002,-0.105105,-0.173845,0.436028,0.202657,-0.280267,0.307704,0.258618,-0.252923,0.251951,0.198903,-0.213378,0.330214,-0.155158,-0.226796,0.371379,0.078001,-0.290028,0.291956,0.153768,-0.252046,0.235097,0.125906,-0.208806,0.0,0.0,0.0,-0.107451,-0.105959,-0.045431,-0.179153,-0.300584,-0.075276,-0.126664,-0.451511,-0.110294,-0.024035,-0.504543,-0.14453,-0.08596,-0.492772,-0.04661,-0.101838,-0.733105,-0.105621,-0.11138,-0.864085,-0.139265,-0.111857,-0.980275,-0.16294,0.005349,-0.468409,-0.05709,-0.003567,-0.547404,-0.159321,-0.043492,-0.377025,-0.175936,-0.053122,-0.278079,-0.161354,0.085243,-0.426042,-0.074772,0.076514,-0.488205,-0.167052,0.025664,-0.329232,-0.141142,0.013681,-0.241715,-0.096578,0.161773,-0.370613,-0.097204,0.16667,-0.468642,-0.146609,0.124453,-0.371662,-0.119055,0.112358,-0.305207,-0.083011,T
0.0,0.0,0.0,0.112237,0.2256,-0.034388,0.221051,0.37241,-0.102033,0.288079,0.476045,-0.18239,0.313064,0.4445,-0.262051,0.521087,0.107317,-0.089869,0.710113,0.116233,-0.182419,0.843071,0.150868,-0.244227,0.942328,0.176895,-0.284124,0.491353,-0.023423,-0.132469,0.496606,0.288832,-0.243002,0.352865,0.357025,-0.265849,0.28917,0.303508,-0.263877,0.420563,-0.108632,-0.17953,0.429668,0.197461,-0.283368,0.305811,0.25786,-0.255524,0.25286,0.204425,-0.21661,0.326287,-0.156964,-0.231726,0.365808,0.070655,-0.29147,0.288503,0.148079,-0.25268,0.232657,0.123877,-0.209979,0.0,0.0,0.0,-0.10945,-0.111914,-0.044754,-0.178744,-0.306045,-0.073393,-0.118817,-0.458393,-0.107024,-0.014883,-0.509829,-0.138959,-0.089114,-0.502811,-0.04434,-0.108021,-0.741536,-0.100868,-0.121072,-0.86741,-0.13251,-0.124073,-0.980051,-0.15526,0.003414,-0.477449,-0.055632,0.002775,-0.556856,-0.155526,-0.037261,-0.388537,-0.172164,-0.048686,-0.291114,-0.158685,0.082715,-0.431208,-0.074138,0.082518,-0.496148,-0.165354,0.031459,-0.339474,-0.140666,0.017561,-0.251711,-0.097713,0.156826,-0.369826,-0.097363,0.168311,-0.46838,-0.146705,0.124609,-0.374121,-0.120695,0.109605,-0.306871,-0.086219,T
0.0,0.0,0.0,0.105627,0.215629,-0.030147,0.221758,0.370642,-0.092661,0.296679,0.470549,-0.168654,0.316132,0.420726,-0.245265,0.513682,0.104959,-0.086546,0.714347,0.12322,-0.167705,0.845008,0.161673,-0.221687,0.947124,0.189651,-0.258824,0.482799,-0.026569,-0.129477,0.492554,0.272999,-0.237185,0.358061,0.329818,-0.264253,0.296367,0.272289,-0.267608,0.411225,-0.113253,-0.174506,0.416942,0.187697,-0.269695,0.301387,0.229563,-0.244456,0.252132,0.173901,-0.210873,0.320295,-0.165394,-0.2247,0.357411,0.05906,-0.279319,0.28521,0.126064,-0.244844,0.236349,0.104827,-0.207186,0.0,0.0,0.0,-0.107443,-0.114212,-0.043317,-0.176893,-0.308766,-0.070081,-0.119272,-0.465745,-0.102068,-0.017023,-0.518847,-0.132297,-0.092426,-0.501122,-0.03955,-0.112677,-0.737352,-0.093139,-0.127005,-0.865914,-0.123412,-0.131495,-0.980575,-0.14554,-0.000123,-0.477828,-0.050697,0.001074,-0.556656,-0.148323,-0.0388,-0.393702,-0.165944,-0.051067,-0.296786,-0.153239,0.079701,-0.433643,-0.068711,0.080425,-0.497092,-0.157643,0.03085,-0.345845,-0.135134,0.017735,-0.25984,-0.093995,0.155404,-0.375246,-0.091337,0.165701,-0.471793,-0.139144,0.123961,-0.382074,-0.114468,0.110424,-0.315834,-0.081101,T
0.0,0.0,0.0,0.107678,0.235231,-0.034523,0.21298,0.391796,-0.101853,0.279811,0.493785,-0.181747,0.306693,0.472234,-0.262142,0.504317,0.135501,-0.099257,0.702124,0.153148,-0.186556,0.832146,0.192051,-0.244233,0.932592,0.223789,-0.28318,0.475488,0.000773,-0.140356,0.47953,0.29107,-0.252061,0.348331,0.352117,-0.27948,0.286521,0.299107,-0.28327,0.403928,-0.089437,-0.184071,0.407735,0.205998,-0.28415,0.294134,0.253598,-0.260125,0.244383,0.200592,-0.227102,0.312094,-0.145441,-0.232966,0.342956,0.071264,-0.291997,0.271818,0.14218,-0.25948,0.22424,0.123529,-0.222938,0.0,0.0,0.0,-0.108008,-0.117715,-0.042798,-0.174585,-0.30743,-0.070984,-0.117863,-0.458202,-0.104785,-0.016428,-0.509789,-0.136418,-0.095069,-0.499832,-0.040642,-0.115409,-0.737612,-0.094934,-0.12966,-0.866651,-0.125541,-0.134601,-0.979876,-0.147395,-0.003383,-0.472996,-0.052857,-0.000873,-0.555808,-0.152195,-0.036998,-0.396256,-0.171112,-0.048659,-0.294773,-0.158563,0.07585,-0.426144,-0.071797,0.076856,-0.497874,-0.160821,0.030677,-0.350537,-0.139419,0.01674,-0.259,-0.09816,0.150842,-0.366929,-0.09537,0.164344,-0.473003,-0.142644,0.126528,-0.392554,-0.118654,0.11236,-0.325746,-0.085338,T
0.0,0.0,0.0,0.103043,0.228853,-0.03655,0.202581,0.388373,-0.106683,0.266296,0.485973,-0.189501,0.302949,0.446633,-0.272438,0.510797,0.128214,-0.096995,0.70796,0.153761,-0.183084,0.83605,0.190216,-0.24072,0.935119,0.217448,-0.279767,0.485738,-0.00724,-0.136782,0.485389,0.281078,-0.246227,0.351678,0.336173,-0.273866,0.288929,0.278367,-0.278164,0.413406,-0.098017,-0.179137,0.42028,0.194374,-0.276196,0.303724,0.241077,-0.249714,0.251863,0.187764,-0.215871,0.318267,-0.154838,-0.226692,0.34283,0.069633,-0.283572,0.27135,0.138646,-0.248788,0.226122,0.113071,-0.211022,0.0,0.0,0.0,-0.108778,-0.119247,-0.045674,-0.17501,-0.303771,-0.074635,-0.123337,-0.454823,-0.108421,-0.028272,-0.508656,-0.139741,-0.100155,-0.497126,-0.043845,-0.123618,-0.73799,-0.097457,-0.139027,-0.865069,-0.126052,-0.146186,-0.978454,-0.145802,-0.009247,-0.473736,-0.052897,-0.005315,-0.559425,-0.149533,-0.033743,-0.398929,-0.166113,-0.044531,-0.294266,-0.152121,0.068692,-0.430765,-0.068795,0.068621,-0.498502,-0.155586,0.031186,-0.351794,-0.133992,0.018631,-0.258525,-0.09285,0.142439,-0.37456,-0.089587,0.159905,-0.47701,-0.134781,0.129954,-0.39926,-0.11097,0.116613,-0.333143,-0.078058,T
0.0,0.0,0.0,0.104419,0.222974,-0.030701,0.213087,0.390457,-0.094145,0.280969,0.485455,-0.171389,0.316383,0.445981,-0.248663,0.518404,0.123862,-0.081464,0.714369,0.14883,-0.1632,0.842791,0.181918,-0.219865,0.943678,0.206018,-0.258897,0.494379,-0.001651,-0.122419,0.502816,0.287556,-0.224375,0.375456,0.340978,-0.251242,0.31017,0.28616,-0.256758,0.424498,-0.088254,-0.166067,0.436766,0.195265,-0.25605,0.327625,0.236255,-0.228815,0.275439,0.185151,-0.196233,0.331163,-0.144725,-0.214836,0.367448,0.072416,-0.265098,0.297102,0.132376,-0.227417,0.246246,0.105208,-0.18901,0.0,0.0,0.0,-0.108784,-0.112262,-0.05099,-0.178405,-0.304708,-0.079226,-0.124964,-0.464956,-0.11094,-0.028005,-0.517587,-0.140634,-0.10883,-0.495528,-0.047522,-0.13285,-0.729948,-0.104424,-0.147695,-0.856795,-0.137512,-0.154005,-0.974746,-0.161718,-0.0135,-0.476176,-0.055096,-0.009468,-0.56246,-0.152314,-0.040065,-0.395967,-0.169239,-0.053061,-0.299436,-0.157121,0.069491,-0.435793,-0.070374,0.072179,-0.503924,-0.159537,0.032565,-0.35187,-0.137464,0.019526,-0.269528,-0.097526,0.147799,-0.37877,-0.091178,0.163183,-0.477991,-0.13951,0.125579,-0.383478,-0.115038,0.110172,-0.313797,-0.082667,T
0.0,0.0,0.0,0.099947,0.220373,-0.0234,0.217688,0.392956,-0.083848,0.294688,0.492486,-0.159057,0.316956,0.434589,-0.236267,0.51971,0.113743,-0.082213,0.714772,0.132638,-0.160335,0.845616,0.16779,-0.213122,0.948834,0.193091,-0.249862,0.497492,-0.013839,-0.125807,0.514405,0.287533,-0.227351,0.378474,0.353371,-0.25019,0.302133,0.30189,-0.251217,0.428556,-0.099865,-0.170313,0.450646,0.191021,-0.26296,0.332276,0.248192,-0.232942,0.26777,0.205303,-0.195907,0.335913,-0.154096,-0.218678,0.387258,0.066151,-0.272738,0.310068,0.142577,-0.233639,0.246368,0.132019,-0.192469,0.0,0.0,0.0,-0.111466,-0.108569,-0.054875,-0.179204,-0.290672,-0.086656,-0.134373,-0.444802,-0.120291,-0.053199,-0.509048,-0.151661,-0.113899,-0.484898,-0.057312,-0.142223,-0.720912,-0.115926,-0.15739,-0.851949,-0.151106,-0.16909,-0.969795,-0.175804,-0.018852,-0.464858,-0.063168,-0.013671,-0.548886,-0.162079,-0.039858,-0.387448,-0.18187,-0.060001,-0.286992,-0.171256,0.062963,-0.424094,-0.076096,0.063912,-0.488722,-0.165475,0.030539,-0.3427,-0.145209,0.011839,-0.260624,-0.106521,0.139245,-0.368405,-0.094509,0.15377,-0.465869,-0.143507,0.122364,-0.373933,-0.118963,0.104101,-0.306034,-0.086031,T
0.0,0.0,0.0,0.097775,0.2196,-0.027335,0.208618,0.387889,-0.090912,0.282672,0.488462,-0.168195,0.317074,0.446909,-0.24694,0.507606,0.116379,-0.090321,0.704878,0.129271,-0.174594,0.838852,0.165388,-0.229838,0.944208,0.192653,-0.267125,0.48672,-0.010815,-0.131547,0.500474,0.279333,-0.235253,0.363299,0.346848,-0.256257,0.296478,0.29077,-0.256691,0.420492,-0.096766,-0.174684,0.436293,0.190313,-0.271443,0.317873,0.247415,-0.240992,0.261393,0.194935,-0.204276,0.330538,-0.151926,-0.221694,0.37213,0.071232,-0.279252,0.292276,0.14482,-0.240961,0.234783,0.120199,-0.200668,0.0,0.0,0.0,-0.113264,-0.103996,-0.048545,-0.187695,-0.29506,-0.073403,-0.139156,-0.450105,-0.100501,-0.046573,-0.489439,-0.125696,-0.123954,-0.489068,-0.048347,-0.152356,-0.722555,-0.102601,-0.165239,-0.852969,-0.1366,-0.175403,-0.97105,-0.16216,-0.030523,-0.470203,-0.056731,-0.018372,-0.55686,-0.147756,-0.037656,-0.400212,-0.166636,-0.057927,-0.305417,-0.158081,0.049929,-0.431229,-0.071907,0.057217,-0.498069,-0.153796,0.029689,-0.355004,-0.134447,0.011049,-0.279915,-0.099395,0.126911,-0.37512,-0.092524,0.144533,-0.471231,-0.136024,0.117788,-0.379757,-0.111534,0.099523,-0.31405,-0.081131,T
0.0,0.0,0.0,0.09835,0.218137,-0.02045,0.218641,0.383437,-0.075024,0.29716,0.476447,-0.143919,0.331467,0.44294,-0.214113,0.514843,0.110137,-0.080123,0.716908,0.107041,-0.159336,0.84822,0.132539,-0.213142,0.955552,0.154924,-0.250838,0.489587,-0.019958,-0.122173,0.504515,0.265832,-0.232712,0.364811,0.324526,-0.26069,0.289139,0.267492,-0.263469,0.422707,-0.109093,-0.164814,0.432873,0.170723,-0.262365,0.315188,0.218575,-0.236221,0.256821,0.166004,-0.201076,0.334234,-0.170337,-0.210707,0.374409,0.04836,-0.267568,0.294753,0.110519,-0.232757,0.239759,0.083076,-0.194359,0.0,0.0,0.0,-0.10732,-0.124555,-0.046083,-0.17297,-0.302189,-0.075788,-0.120876,-0.447068,-0.111183,-0.020791,-0.484381,-0.144312,-0.111392,-0.498665,-0.036704,-0.14403,-0.730132,-0.089825,-0.162136,-0.858168,-0.120873,-0.175303,-0.973971,-0.143697,-0.022329,-0.475974,-0.048489,-0.015062,-0.561493,-0.145115,-0.034728,-0.408992,-0.166646,-0.05032,-0.314439,-0.156909,0.055362,-0.431884,-0.067507,0.060207,-0.490508,-0.153898,0.030169,-0.353088,-0.137316,0.013453,-0.273859,-0.10044,0.128426,-0.371933,-0.091865,0.146716,-0.466402,-0.134257,0.120284,-0.386638,-0.110444,0.104588,-0.321099,-0.078805,T
0.0,0.0,0.0,0.11116,0.231904,-0.007318,0.223103,0.396464,-0.057979,0.296906,0.49609,-0.127612,0.353576,0.47685,-0.198641,0.528417,0.128896,-0.05183,0.722232,0.122583,-0.128979,0.856091,0.147885,-0.181521,0.961279,0.17021,-0.21673,0.505874,0.011273,-0.102712,0.526657,0.312774,-0.213996,0.379634,0.374275,-0.241428,0.297578,0.31481,-0.239501,0.44561,-0.067494,-0.155048,0.46152,0.219304,-0.255447,0.334118,0.264094,-0.22702,0.268483,0.206204,-0.18613,0.36261,-0.122489,-0.209685,0.410968,0.087633,-0.268714,0.324565,0.146688,-0.22986,0.260619,0.11851,-0.185308,0.0,0.0,0.0,-0.106565,-0.129593,-0.038944,-0.170317,-0.305954,-0.067451,-0.115408,-0.439687,-0.103012,-0.020492,-0.484727,-0.136694,-0.102992,-0.501683,-0.039875,-0.131011,-0.734291,-0.093877,-0.148715,-0.863618,-0.12419,-0.157381,-0.976786,-0.145327,-0.014589,-0.476469,-0.054531,-0.013144,-0.555944,-0.151012,-0.039285,-0.409668,-0.171043,-0.046764,-0.308204,-0.159822,0.062938,-0.428899,-0.075394,0.060071,-0.477603,-0.159355,0.02327,-0.341871,-0.141101,0.013531,-0.254837,-0.10322,0.135817,-0.365844,-0.101096,0.145161,-0.449378,-0.141805,0.110308,-0.371613,-0.117805,0.097978,-0.306758,-0.085861,T
0.0,0.0,0.0,0.11621,0.219125,-0.008375,0.240867,0.373009,-0.061741,0.324936,0.472883,-0.132755,0.360917,0.417124,-0.204952,0.546206,0.091348,-0.05915,0.734629,0.080794,-0.131366,0.865484,0.108945,-0.180657,0.967233,0.13468,-0.215224,0.517708,-0.032867,-0.111958,0.550721,0.266952,-0.216674,0.404744,0.345107,-0.240226,0.321748,0.297905,-0.237531,0.448117,-0.113938,-0.165206,0.472698,0.1759,-0.258669,0.34717,0.243219,-0.228535,0.279659,0.200992,-0.188416,0.355809,-0.162318,-0.221123,0.414404,0.04807,-0.273234,0.331974,0.124801,-0.23311,0.266068,0.113265,-0.190047,0.0,0.0,0.0,-0.112127,-0.129814,-0.038134,-0.177712,-0.311179,-0.065876,-0.119945,-0.438216,-0.100767,-0.024337,-0.47776,-0.13381,-0.109127,-0.510543,-0.0377,-0.135277,-0.740453,-0.091399,-0.1551,-0.864601,-0.121827,-0.166059,-0.975646,-0.143314,-0.020187,-0.484021,-0.052989,-0.017104,-0.55512,-0.150904,-0.045792,-0.404549,-0.172425,-0.057195,-0.305591,-0.161747,0.057838,-0.436394,-0.074377,0.05717,-0.482167,-0.160232,0.018235,-0.340104,-0.14228,0.005268,-0.254373,-0.103775,0.130533,-0.373848,-0.100381,0.142814,-0.459154,-0.143384,0.108036,-0.374469,-0.119013,0.094521,-0.308274,-0.085972,T
0.0,0.0,0.0,0.117481,0.223485,-0.006426,0.245834,0.382324,-0.054392,0.331665,0.481721,-0.120761,0.369124,0.420527,-0.18772,0.547085,0.070695,-0.044358,0.736675,0.076317,-0.109536,0.87097,0.101604,-0.155268,0.975436,0.114897,-0.187943,0.519405,-0.051591,-0.095417,0.570344,0.258397,-0.19349,0.430394,0.353496,-0.217859,0.345275,0.311091,-0.216514,0.457087,-0.126884,-0.146956,0.498892,0.177911,-0.23545,0.373664,0.254432,-0.208209,0.300028,0.214131,-0.170226,0.373397,-0.165914,-0.201403,0.44762,0.05293,-0.251493,0.36767,0.145381,-0.21353,0.295855,0.147317,-0.171642,0.0,0.0,0.0,-0.113216,-0.117035,-0.046056,-0.180199,-0.297673,-0.074003,-0.125476,-0.432376,-0.10635,-0.036171,-0.486773,-0.135508,-0.125151,-0.506769,-0.042855,-0.152238,-0.738025,-0.097745,-0.168172,-0.860489,-0.12954,-0.176243,-0.972629,-0.151428,-0.033795,-0.488921,-0.053129,-0.021232,-0.552458,-0.148328,-0.047599,-0.398401,-0.170568,-0.066653,-0.305905,-0.161584,0.045633,-0.447927,-0.07008,0.055143,-0.490431,-0.15563,0.019093,-0.342253,-0.138823,-0.001497,-0.262715,-0.10204,0.116673,-0.389913,-0.092024,0.134892,-0.463493,-0.135472,0.104309,-0.372756,-0.111082,0.086199,-0.310905,-0.078071,T
0.0,0.0,0.0,0.118533,0.225371,-0.012759,0.245164,0.385187,-0.06391,0.325022,0.479204,-0.131702,0.372236,0.428143,-0.199484,0.5496,0.067166,-0.052003,0.735736,0.061654,-0.122097,0.869114,0.086217,-0.173209,0.97266,0.101011,-0.209116,0.52174,-0.053811,-0.10044,0.569513,0.257008,-0.204402,0.433272,0.351611,-0.234674,0.346079,0.308296,-0.236658,0.456738,-0.127707,-0.149684,0.496648,0.177719,-0.240677,0.375548,0.250419,-0.216414,0.304116,0.207624,-0.180297,0.370405,-0.166587,-0.202346,0.43865,0.05629,-0.253571,0.362286,0.142402,-0.216949,0.295068,0.135463,-0.175694,0.0,0.0,0.0,-0.111118,-0.10852,-0.047677,-0.180273,-0.284676,-0.077843,-0.128511,-0.42771,-0.111761,-0.038477,-0.487941,-0.143011,-0.130473,-0.488496,-0.053046,-0.157641,-0.726842,-0.111944,-0.173218,-0.851266,-0.145346,-0.181933,-0.968726,-0.168731,-0.038751,-0.473726,-0.06212,-0.028884,-0.551961,-0.156714,-0.054092,-0.388153,-0.17376,-0.071422,-0.300577,-0.163109,0.041783,-0.436422,-0.07796,0.050117,-0.494698,-0.164247,0.014247,-0.337843,-0.141917,-0.003782,-0.258291,-0.102729,0.114855,-0.383138,-0.098889,0.13165,-0.470908,-0.144324,0.100422,-0.375742,-0.118555,0.086065,-0.311633,-0.085242,T
0.0,0.0,0.0,0.119974,0.22274,0.00013,0.253424,0.385805,-0.042792,0.335997,0.479721,-0.104425,0.368666,0.425516,-0.166925,0.553331,0.062841,-0.036178,0.739995,0.056911,-0.102223,0.873437,0.088524,-0.154179,0.975517,0.107946,-0.19161,0.524368,-0.051601,-0.088542,0.566203,0.259162,-0.185097,0.436535,0.351734,-0.215886,0.351255,0.304344,-0.221402,0.458775,-0.119463,-0.141153,0.497328,0.182246,-0.227924,0.38086,0.254809,-0.206392,0.311484,0.211757,-0.174259,0.371815,-0.153318,-0.195958,0.44303,0.074746,-0.245791,0.364839,0.155551,-0.21023,0.29536,0.143194,-0.171091,0.0,0.0,0.0,-0.112658,-0.097931,-0.056272,-0.184399,-0.271674,-0.089617,-0.132691,-0.415794,-0.124902,-0.043038,-0.473085,-0.157096,-0.133191,-0.486997,-0.059175,-0.159285,-0.723273,-0.118978,-0.168185,-0.849726,-0.153885,-0.173638,-0.968512,-0.178422,-0.041366,-0.47102,-0.064225,-0.030466,-0.538221,-0.161398,-0.051363,-0.375328,-0.180745,-0.071409,-0.291337,-0.171165,0.039434,-0.432647,-0.076392,0.049022,-0.482099,-0.164196,0.017921,-0.32819,-0.143223,-0.002782,-0.255656,-0.104893,0.112614,-0.377775,-0.094324,0.132198,-0.451347,-0.141565,0.103239,-0.352897,-0.116494,0.084417,-0.292793,-0.082983,T
0.0,0.0,0.0,0.113904,0.222952,-0.009659,0.242086,0.380381,-0.056017,0.324285,0.471005,-0.119599,0.367246,0.429388,-0.183109,0.541743,0.064282,-0.045258,0.733981,0.066313,-0.111372,0.867055,0.096961,-0.163489,0.972805,0.113419,-0.201955,0.513138,-0.046149,-0.092755,0.54998,0.249945,-0.190753,0.429281,0.332477,-0.223647,0.350533,0.279396,-0.231533,0.444817,-0.111793,-0.140792,0.480306,0.17903,-0.223963,0.374136,0.244637,-0.202135,0.312699,0.196713,-0.17201,0.355104,-0.146618,-0.1924,0.412824,0.085998,-0.237557,0.342705,0.152984,-0.203133,0.284206,0.127089,-0.166619,0.0,0.0,0.0,-0.123855,-0.110627,-0.05382,-0.190568,-0.292526,-0.084204,-0.137643,-0.431616,-0.116652,-0.050126,-0.464459,-0.146607,-0.147602,-0.489158,-0.05396,-0.171863,-0.721374,-0.109156,-0.179421,-0.851327,-0.143239,-0.190169,-0.967276,-0.167968,-0.057062,-0.472924,-0.060757,-0.028061,-0.538899,-0.151435,-0.036775,-0.39664,-0.174402,-0.064326,-0.313031,-0.16973,0.021255,-0.432701,-0.074234,0.040578,-0.481277,-0.157111,0.02336,-0.346389,-0.143072,-0.004386,-0.276834,-0.111647,0.091722,-0.373096,-0.093369,0.115246,-0.444289,-0.136651,0.095252,-0.355927,-0.113734,0.068338,-0.292417,-0.083943,T
0.0,0.0,0.0,0.111855,0.209067,-0.015992,0.236853,0.362635,-0.069225,0.316646,0.453481,-0.138732,0.367187,0.427516,-0.208699,0.53888,0.060961,-0.059045,0.729471,0.063223,-0.130372,0.864914,0.09016,-0.182203,0.970091,0.104792,-0.218956,0.513495,-0.050613,-0.106148,0.549954,0.255803,-0.205183,0.426785,0.33402,-0.232669,0.353394,0.277857,-0.236216,0.447484,-0.117908,-0.154557,0.478925,0.179669,-0.241833,0.369354,0.238771,-0.216555,0.309952,0.184088,-0.183554,0.358673,-0.153589,-0.206806,0.415647,0.073652,-0.256021,0.341421,0.144287,-0.218552,0.280456,0.120525,-0.178801,0.0,0.0,0.0,-0.121928,-0.110865,-0.050531,-0.190121,-0.28817,-0.082451,-0.134317,-0.429614,-0.118816,-0.037467,-0.44411,-0.153828,-0.135186,-0.495091,-0.051187,-0.162312,-0.724786,-0.104517,-0.170367,-0.855692,-0.137673,-0.180818,-0.96994,-0.162855,-0.046003,-0.477333,-0.060568,-0.030918,-0.539157,-0.153303,-0.036171,-0.40498,-0.177667,-0.054597,-0.321184,-0.173843,0.030984,-0.435609,-0.076236,0.040424,-0.474081,-0.159356,0.023022,-0.349868,-0.148569,0.001523,-0.278683,-0.119242,0.100686,-0.376891,-0.097602,0.117853,-0.443354,-0.139853,0.093476,-0.361885,-0.120611,0.069221,-0.297293,-0.094019,T
0.0,0.0,0.0,0.114882,0.22223,7.6e-05,0.242791,0.377886,-0.045837,0.327799,0.479654,-0.109956,0.369604,0.440763,-0.175335,0.537214,0.068911,-0.050017,0.728673,0.062411,-0.121333,0.86525,0.096006,-0.174802,0.970071,0.117791,-0.212338,0.51315,-0.043355,-0.104167,0.550088,0.27633,-0.202423,0.423056,0.366972,-0.231277,0.343617,0.315622,-0.235621,0.445941,-0.108567,-0.157826,0.480721,0.200439,-0.248596,0.367173,0.273109,-0.22509,0.303101,0.225633,-0.19126,0.355899,-0.137934,-0.213056,0.423262,0.092272,-0.265868,0.346462,0.172923,-0.227169,0.278744,0.157463,-0.185096,0.0,0.0,0.0,-0.115973,-0.111183,-0.048414,-0.18182,-0.289149,-0.079678,-0.123874,-0.426442,-0.116624,-0.022508,-0.465241,-0.152585,-0.116045,-0.50284,-0.047776,-0.132712,-0.735494,-0.101468,-0.14047,-0.861822,-0.132226,-0.146914,-0.976929,-0.155,-0.026344,-0.482605,-0.058634,-0.015869,-0.545126,-0.157442,-0.040409,-0.389315,-0.181457,-0.061072,-0.292983,-0.173575,0.052161,-0.43641,-0.075824,0.058967,-0.472777,-0.165795,0.026175,-0.328769,-0.153078,0.006201,-0.248187,-0.118144,0.123979,-0.374083,-0.097886,0.139866,-0.449855,-0.145077,0.109835,-0.36411,-0.124117,0.091593,-0.299294,-0.09305,T
0.0,0.0,0.0,0.116277,0.208796,-0.017325,0.245277,0.354048,-0.063505,0.328455,0.440944,-0.124265,0.375602,0.420388,-0.183796,0.534147,0.091624,-0.051444,0.730578,0.082166,-0.117178,0.864288,0.105483,-0.166291,0.971673,0.124487,-0.200887,0.506452,-0.019809,-0.094683,0.539025,0.272971,-0.190732,0.417726,0.351744,-0.220929,0.336752,0.308311,-0.225549,0.440223,-0.093188,-0.139119,0.460671,0.191876,-0.221535,0.353839,0.254018,-0.199927,0.291183,0.214447,-0.167875,0.353628,-0.137975,-0.187491,0.406628,0.069744,-0.229332,0.336337,0.144613,-0.191995,0.276473,0.135983,-0.151784,0.0,0.0,0.0,-0.10518,-0.108463,-0.046317,-0.169305,-0.27785,-0.077502,-0.118954,-0.404382,-0.112371,-0.029921,-0.457124,-0.143939,-0.113893,-0.492197,-0.053856,-0.124961,-0.728182,-0.110726,-0.124892,-0.859473,-0.143979,-0.120016,-0.978539,-0.167502,-0.025072,-0.467169,-0.063983,-0.01638,-0.524392,-0.158837,-0.043489,-0.381258,-0.178872,-0.060421,-0.299095,-0.170556,0.052731,-0.420218,-0.080422,0.058631,-0.453266,-0.163081,0.025237,-0.318668,-0.144517,0.008692,-0.252197,-0.109538,0.126065,-0.358471,-0.102175,0.142112,-0.421715,-0.144961,0.109244,-0.336085,-0.121539,0.090456,-0.282536,-0.090718,T
0.0,0.0,0.0,0.125698,0.218927,-0.009084,0.262098,0.364595,-0.047783,0.353807,0.443763,-0.101049,0.377084,0.381106,-0.154548,0.543845,0.083999,-0.042085,0.734205,0.093832,-0.098938,0.866248,0.1157,-0.145536,0.975503,0.122284,-0.182866,0.513159,-0.02833,-0.087249,0.548043,0.242456,-0.168957,0.435756,0.32637,-0.195912,0.360566,0.288454,-0.205155,0.441747,-0.099138,-0.132607,0.470332,0.165431,-0.201653,0.373885,0.233922,-0.179222,0.315004,0.201137,-0.154074,0.348044,-0.139076,-0.181932,0.400653,0.048615,-0.21827,0.336927,0.125201,-0.184304,0.279021,0.124413,-0.151701,0.0,0.0,0.0,-0.108829,-0.111164,-0.045288,-0.179392,-0.280728,-0.07823,-0.136472,-0.416121,-0.116203,-0.043084,-0.46834,-0.15128,-0.125814,-0.489983,-0.049212,-0.146324,-0.725283,-0.104402,-0.147924,-0.857999,-0.137112,-0.14465,-0.97639,-0.160435,-0.037333,-0.467889,-0.060028,-0.025982,-0.522389,-0.160445,-0.045616,-0.375183,-0.183509,-0.060304,-0.282668,-0.1747,0.042191,-0.422992,-0.076653,0.053204,-0.456917,-0.163874,0.023549,-0.323364,-0.148178,0.005581,-0.24612,-0.112587,0.116518,-0.364965,-0.098241,0.137758,-0.430719,-0.145575,0.106312,-0.34889,-0.125915,0.083266,-0.290203,-0.096053,T
0.0,0.0,0.0,0.116383,0.213708,-0.019166,0.253586,0.36751,-0.06872,0.353761,0.450333,-0.132104,0.364705,0.365412,-0.19648,0.539328,0.060524,-0.059327,0.734989,0.057341,-0.122105,0.869726,0.081904,-0.166736,0.975122,0.094622,-0.200461,0.508932,-0.061539,-0.102798,0.555256,0.22873,-0.192014,0.428393,0.316328,-0.213168,0.351525,0.273001,-0.214627,0.438602,-0.137955,-0.14721,0.475707,0.150483,-0.225909,0.367829,0.21676,-0.19903,0.307894,0.172385,-0.167349,0.345599,-0.180426,-0.195822,0.40987,0.029623,-0.238659,0.342426,0.109699,-0.202211,0.283662,0.103137,-0.165826,0.0,0.0,0.0,-0.114637,-0.113053,-0.044944,-0.189225,-0.28853,-0.074532,-0.148911,-0.440133,-0.109301,-0.052343,-0.487901,-0.141206,-0.137734,-0.494822,-0.037386,-0.162846,-0.726803,-0.089665,-0.168867,-0.85633,-0.121362,-0.169047,-0.974934,-0.144659,-0.04639,-0.474264,-0.04824,-0.033531,-0.544343,-0.146108,-0.051333,-0.389637,-0.169481,-0.065469,-0.293325,-0.160467,0.035384,-0.433796,-0.065494,0.047281,-0.484435,-0.15218,0.0182,-0.343893,-0.137111,0.000772,-0.262802,-0.101302,0.111001,-0.378182,-0.087588,0.132277,-0.461092,-0.13349,0.102295,-0.373909,-0.112808,0.080507,-0.309098,-0.082362,T
0.0,0.0,0.0,0.117545,0.209464,-0.018124,0.255916,0.363933,-0.071846,0.354186,0.455113,-0.141306,0.359568,0.372212,-0.212805,0.534525,0.055752,-0.062683,0.734282,0.048123,-0.133403,0.868239,0.07027,-0.180889,0.97326,0.082756,-0.214282,0.499593,-0.067571,-0.108458,0.552408,0.230535,-0.210891,0.413345,0.313692,-0.234468,0.333346,0.264218,-0.232535,0.430976,-0.147879,-0.155252,0.477476,0.145802,-0.249751,0.356237,0.210885,-0.222924,0.290208,0.16365,-0.184924,0.343464,-0.196221,-0.205314,0.415459,0.018612,-0.258853,0.339138,0.104129,-0.221324,0.274863,0.098964,-0.17994,0.0,0.0,0.0,-0.112391,-0.108859,-0.048531,-0.179807,-0.292579,-0.078386,-0.12645,-0.438824,-0.112042,-0.030732,-0.482243,-0.1434,-0.13291,-0.49342,-0.045899,-0.161857,-0.726398,-0.098181,-0.175925,-0.854259,-0.127596,-0.181128,-0.972101,-0.149036,-0.039353,-0.471344,-0.055636,-0.014568,-0.548384,-0.155244,-0.037353,-0.386983,-0.177352,-0.05741,-0.28559,-0.166063,0.042341,-0.427403,-0.07147,0.062629,-0.481846,-0.161032,0.031616,-0.332302,-0.145143,0.010469,-0.249564,-0.107322,0.116399,-0.368404,-0.091967,0.143303,-0.457518,-0.140086,0.117117,-0.366751,-0.117877,0.098957,-0.302872,-0.085415,T
0.0,0.0,0.0,0.116975,0.213744,-0.024686,0.245315,0.364862,-0.081895,0.334702,0.459245,-0.153903,0.347129,0.39035,-0.226931,0.53966,0.067056,-0.065192,0.735735,0.065316,-0.137802,0.866907,0.086565,-0.187865,0.969698,0.099481,-0.223137,0.507003,-0.061475,-0.109213,0.549518,0.23357,-0.214028,0.411431,0.32112,-0.240842,0.327823,0.281146,-0.24116,0.435869,-0.144541,-0.155266,0.475858,0.149623,-0.250862,0.35438,0.219139,-0.22586,0.284676,0.179847,-0.189085,0.344571,-0.192366,-0.205461,0.408764,0.022172,-0.260769,0.333778,0.105119,-0.225281,0.271074,0.097364,-0.185086,0.0,0.0,0.0,-0.114326,-0.108481,-0.055788,-0.186283,-0.291412,-0.087562,-0.130647,-0.447444,-0.122904,-0.034553,-0.498733,-0.156154,-0.137626,-0.489101,-0.045601,-0.169586,-0.726765,-0.10076,-0.182556,-0.854988,-0.130965,-0.190341,-0.969847,-0.152208,-0.043142,-0.473246,-0.050773,-0.029854,-0.556859,-0.145908,-0.049025,-0.391216,-0.16262,-0.068173,-0.301771,-0.149777,0.039731,-0.437393,-0.064468,0.053263,-0.501237,-0.155193,0.022329,-0.344713,-0.136644,-0.00079,-0.261797,-0.097765,0.115383,-0.384232,-0.083633,0.13647,-0.480095,-0.135172,0.111772,-0.384652,-0.113717,0.094682,-0.316128,-0.081841,T
0.0,0.0,0.0,0.109797,0.218732,-0.02466,0.238367,0.371999,-0.079119,0.32735,0.462061,-0.148026,0.361706,0.402017,-0.217683,0.537309,0.077566,-0.066346,0.729231,0.079747,-0.142542,0.861119,0.10179,-0.195713,0.965352,0.118657,-0.232413,0.513787,-0.051224,-0.10933,0.536398,0.250436,-0.215628,0.398456,0.323287,-0.243474,0.319741,0.278865,-0.244471,0.444788,-0.135152,-0.154521,0.465605,0.163625,-0.251861,0.343876,0.221367,-0.226998,0.277978,0.17881,-0.190077,0.35342,-0.184353,-0.203988,0.40331,0.035246,-0.262253,0.327816,0.115816,-0.227252,0.26687,0.111177,-0.186171,0.0,0.0,0.0,-0.105535,-0.106558,-0.052846,-0.173892,-0.27638,-0.087242,-0.122686,-0.42018,-0.125358,-0.03149,-0.485226,-0.161472,-0.127107,-0.492451,-0.053383,-0.159941,-0.72528,-0.112683,-0.173196,-0.852649,-0.148753,-0.181905,-0.967792,-0.17404,-0.034189,-0.471971,-0.061917,-0.019802,-0.53973,-0.160187,-0.037927,-0.375487,-0.182459,-0.055014,-0.284104,-0.174872,0.049452,-0.427788,-0.07776,0.063052,-0.483614,-0.168512,0.031692,-0.332147,-0.15051,0.010111,-0.253411,-0.11354,0.126094,-0.366362,-0.098771,0.149617,-0.45861,-0.148943,0.119311,-0.362657,-0.124519,0.096556,-0.293444,-0.091133,T
0.0,0.0,0.0,0.108303,0.225546,-0.025512,0.234108,0.385815,-0.081302,0.323899,0.477685,-0.1514,0.349395,0.413473,-0.222127,0.536209,0.086566,-0.066561,0.725879,0.089487,-0.143256,0.857575,0.116785,-0.197826,0.962005,0.137862,-0.235671,0.512921,-0.044041,-0.10853,0.531576,0.255115,-0.214147,0.395875,0.333449,-0.24266,0.314146,0.293597,-0.244446,0.442908,-0.128236,-0.15257,0.463107,0.167831,-0.246695,0.345839,0.232449,-0.221703,0.277037,0.197554,-0.185306,0.350966,-0.179572,-0.201229,0.395934,0.044558,-0.256541,0.323583,0.126077,-0.222039,0.263828,0.121313,-0.181828,0.0,0.0,0.0,-0.105686,-0.10771,-0.055002,-0.170554,-0.280543,-0.088897,-0.114127,-0.419748,-0.125415,-0.021524,-0.470428,-0.16028,-0.115536,-0.484073,-0.059195,-0.149328,-0.719316,-0.117219,-0.163523,-0.850709,-0.151873,-0.171985,-0.969187,-0.176348,-0.023219,-0.460612,-0.066047,-0.007026,-0.529686,-0.164467,-0.030189,-0.367133,-0.186274,-0.050657,-0.272091,-0.177711,0.057469,-0.414033,-0.079705,0.073099,-0.467728,-0.169825,0.038777,-0.321898,-0.152547,0.015966,-0.24504,-0.115523,0.130952,-0.352116,-0.098689,0.156893,-0.444787,-0.147053,0.129139,-0.357731,-0.12278,0.11005,-0.291188,-0.089581,T
0.0,0.0,0.0,0.102552,0.218459,-0.022198,0.225565,0.376036,-0.07503,0.309579,0.473327,-0.142228,0.348191,0.425239,-0.209586,0.532388,0.098055,-0.063349,0.726844,0.100605,-0.138711,0.859126,0.129213,-0.1925,0.961946,0.148492,-0.229368,0.509571,-0.027798,-0.107078,0.53355,0.271136,-0.21206,0.398133,0.348921,-0.240564,0.316708,0.303772,-0.242081,0.443157,-0.112367,-0.152754,0.468461,0.179162,-0.247184,0.349847,0.242568,-0.222142,0.282536,0.201005,-0.185457,0.354527,-0.165774,-0.202482,0.404538,0.056026,-0.258082,0.329392,0.133453,-0.221796,0.267708,0.119116,-0.180037,0.0,0.0,0.0,-0.103618,-0.10922,-0.054525,-0.168727,-0.279055,-0.088815,-0.108737,-0.414764,-0.125178,-0.011197,-0.463307,-0.159447,-0.116447,-0.48986,-0.058789,-0.144159,-0.724616,-0.117183,-0.154262,-0.853981,-0.152711,-0.161761,-0.970616,-0.178154,-0.02429,-0.463885,-0.065257,-0.004524,-0.530798,-0.161596,-0.025082,-0.372073,-0.182375,-0.048111,-0.282902,-0.174394,0.056587,-0.41531,-0.078642,0.074728,-0.460507,-0.165746,0.040646,-0.316749,-0.146606,0.015291,-0.245823,-0.109778,0.130251,-0.351113,-0.097534,0.158747,-0.433613,-0.143743,0.131737,-0.343844,-0.118705,0.111139,-0.281798,-0.085808,T
0.0,0.0,0.0,0.103131,0.216677,-0.02259,0.230276,0.374044,-0.074976,0.322793,0.466115,-0.141493,0.343944,0.400102,-0.208511,0.532567,0.090404,-0.0642,0.725246,0.092967,-0.138021,0.856877,0.120693,-0.1911,0.963551,0.137351,-0.229575,0.510103,-0.039613,-0.107294,0.540289,0.248593,-0.212158,0.399723,0.33081,-0.238779,0.31552,0.287501,-0.240018,0.4447,-0.128272,-0.152175,0.469979,0.153765,-0.242819,0.350142,0.221828,-0.215611,0.280053,0.18325,-0.179438,0.357641,-0.18647,-0.201735,0.404396,0.032385,-0.253573,0.329744,0.109775,-0.219013,0.269841,0.096687,-0.180845,0.0,0.0,0.0,-0.105013,-0.118464,-0.057677,-0.164447,-0.29142,-0.091207,-0.102493,-0.428286,-0.127366,-0.005403,-0.462729,-0.161206,-0.116002,-0.490007,-0.048681,-0.145897,-0.723902,-0.10426,-0.155583,-0.85511,-0.138857,-0.161876,-0.9731,-0.163931,-0.026718,-0.471613,-0.053978,-0.004803,-0.554505,-0.149739,-0.017308,-0.406863,-0.173127,-0.03769,-0.31577,-0.165733,0.051803,-0.43082,-0.067227,0.071131,-0.476825,-0.153532,0.043273,-0.338784,-0.139438,0.018945,-0.264428,-0.105202,0.121589,-0.370605,-0.086705,0.15213,-0.445894,-0.130687,0.126041,-0.360619,-0.109442,0.103027,-0.298496,-0.079966,T
0.0,0.0,0.0,0.100855,0.209775,-0.039175,0.218538,0.366755,-0.097252,0.302412,0.451383,-0.167186,0.333741,0.385567,-0.236182,0.520401,0.095342,-0.060944,0.71536,0.106119,-0.136155,0.851805,0.135261,-0.189784,0.961366,0.155596,-0.22708,0.495765,-0.022311,-0.095462,0.534379,0.227353,-0.193094,0.402039,0.28528,-0.215103,0.329854,0.228378,-0.215305,0.433761,-0.104856,-0.135357,0.470061,0.141731,-0.219877,0.358582,0.188296,-0.189952,0.3003,0.132781,-0.15538,0.348423,-0.165647,-0.182075,0.392234,0.034031,-0.226214,0.320341,0.091821,-0.189145,0.268476,0.061505,-0.152312,0.0,0.0,0.0,-0.112196,-0.117736,-0.046119,-0.174127,-0.292579,-0.07771,-0.114106,-0.422189,-0.112571,-0.022564,-0.437413,-0.146302,-0.120465,-0.480911,-0.055542,-0.148238,-0.719499,-0.106684,-0.155572,-0.854069,-0.139762,-0.164923,-0.972396,-0.165066,-0.031309,-0.464543,-0.064644,-0.018916,-0.549686,-0.152016,-0.01878,-0.407338,-0.170289,-0.033876,-0.309235,-0.163138,0.046878,-0.426429,-0.079047,0.06143,-0.489515,-0.151916,0.047513,-0.36018,-0.131014,0.02552,-0.27452,-0.097962,0.117329,-0.368676,-0.09907,0.142869,-0.451456,-0.135114,0.122389,-0.366794,-0.110233,0.100142,-0.299705,-0.081436,T
0.0,0.0,0.0,0.097388,0.215837,-0.033101,0.222055,0.371824,-0.083075,0.312491,0.450976,-0.14483,0.345581,0.377704,-0.206244,0.52098,0.104702,-0.052781,0.717683,0.117183,-0.125241,0.849117,0.145753,-0.179801,0.961289,0.167049,-0.219132,0.500938,-0.012317,-0.087678,0.536161,0.228408,-0.186247,0.400153,0.280858,-0.213091,0.329228,0.222964,-0.217334,0.444993,-0.098752,-0.126913,0.479792,0.141553,-0.213265,0.365116,0.183576,-0.185921,0.309595,0.126829,-0.153406,0.365545,-0.165626,-0.17182,0.401735,0.039905,-0.217702,0.320276,0.090792,-0.181076,0.26751,0.054463,-0.144769,0.0,0.0,0.0,-0.112427,-0.112695,-0.05352,-0.173376,-0.278212,-0.088708,-0.114364,-0.407058,-0.124031,-0.020578,-0.452421,-0.155531,-0.131551,-0.475692,-0.065054,-0.158807,-0.716819,-0.119859,-0.167739,-0.849609,-0.154654,-0.178967,-0.967163,-0.18046,-0.038942,-0.460018,-0.068857,-0.023582,-0.538352,-0.155282,-0.021559,-0.398546,-0.172574,-0.035921,-0.309949,-0.166254,0.040799,-0.422904,-0.07859,0.059267,-0.486616,-0.148036,0.047421,-0.364434,-0.123452,0.025802,-0.289613,-0.08942,0.110648,-0.367868,-0.094942,0.141351,-0.441825,-0.129915,0.130287,-0.36907,-0.104333,0.112288,-0.312443,-0.074573,T
0.0,0.0,0.0,0.099945,0.211837,-0.043828,0.229887,0.37619,-0.097782,0.332288,0.440832,-0.160892,0.338198,0.335208,-0.224236,0.527715,0.106421,-0.061653,0.724704,0.116259,-0.129357,0.853098,0.138812,-0.179141,0.963591,0.156397,-0.21687,0.507763,-0.022736,-0.0918,0.53925,0.203069,-0.191256,0.401134,0.253654,-0.218537,0.326363,0.205636,-0.222218,0.44792,-0.12122,-0.125897,0.475856,0.105952,-0.210554,0.363707,0.145104,-0.183529,0.305888,0.099898,-0.151172,0.364207,-0.203591,-0.166875,0.40063,-0.016833,-0.213083,0.325024,0.035185,-0.179117,0.272939,0.012397,-0.144534,0.0,0.0,0.0,-0.118402,-0.112048,-0.044173,-0.194007,-0.287601,-0.071512,-0.146876,-0.427352,-0.101144,-0.05563,-0.472805,-0.128511,-0.142383,-0.474854,-0.056361,-0.167008,-0.716515,-0.11128,-0.173926,-0.849674,-0.147803,-0.18327,-0.967442,-0.174549,-0.050814,-0.455436,-0.064675,-0.036157,-0.550831,-0.153116,-0.033129,-0.405222,-0.170042,-0.046443,-0.307446,-0.16242,0.029181,-0.421656,-0.07853,0.045274,-0.501021,-0.150652,0.032949,-0.368393,-0.124841,0.011759,-0.282461,-0.089223,0.099704,-0.370044,-0.098023,0.12867,-0.459686,-0.134261,0.112664,-0.372323,-0.10612,0.091517,-0.303588,-0.074664,T
0.0,0.0,0.0,0.098104,0.200122,-0.037189,0.2363,0.364425,-0.088234,0.342014,0.437043,-0.149884,0.356542,0.33617,-0.213716,0.524634,0.085611,-0.068837,0.727464,0.101773,-0.138292,0.857073,0.124174,-0.185216,0.966284,0.136046,-0.218603,0.500246,-0.048857,-0.101523,0.539159,0.191046,-0.207594,0.392584,0.248082,-0.231853,0.30764,0.202471,-0.228834,0.43856,-0.155363,-0.136972,0.475785,0.083304,-0.23314,0.350603,0.132593,-0.207959,0.28226,0.093788,-0.17053,0.356317,-0.24315,-0.177076,0.417103,-0.057411,-0.232954,0.333866,0.014943,-0.198446,0.266722,0.013167,-0.158937,0.0,0.0,0.0,-0.125094,-0.102381,-0.050496,-0.202155,-0.280435,-0.076412,-0.158568,-0.424994,-0.102486,-0.077032,-0.479502,-0.125069,-0.145824,-0.47544,-0.063143,-0.171656,-0.717848,-0.116079,-0.176344,-0.848831,-0.148366,-0.18178,-0.968277,-0.17145,-0.051447,-0.460335,-0.069265,-0.032152,-0.549313,-0.156997,-0.034914,-0.39786,-0.172436,-0.052892,-0.298601,-0.162913,0.03087,-0.426346,-0.081441,0.048313,-0.501536,-0.157261,0.034282,-0.366994,-0.135972,0.01102,-0.284259,-0.101759,0.106654,-0.371721,-0.099263,0.138477,-0.475774,-0.138924,0.12077,-0.391636,-0.11306,0.095105,-0.317287,-0.082015,T
0.0,0.0,0.0,0.099263,0.204518,-0.031616,0.233639,0.371477,-0.083783,0.34097,0.455462,-0.148471,0.359339,0.360538,-0.215498,0.524908,0.101105,-0.068547,0.730624,0.118216,-0.139195,0.857211,0.141054,-0.185808,0.963669,0.154049,-0.218201,0.499691,-0.035657,-0.103598,0.543528,0.210295,-0.21044,0.399943,0.282235,-0.237057,0.315729,0.241867,-0.235779,0.440477,-0.143534,-0.140503,0.489968,0.090747,-0.240343,0.363355,0.155805,-0.217783,0.288295,0.121113,-0.180571,0.362792,-0.230976,-0.181012,0.439144,-0.046366,-0.242689,0.357464,0.047428,-0.209882,0.286244,0.053954,-0.16942,0.0,0.0,0.0,-0.117669,-0.10269,-0.045575,-0.195204,-0.300801,-0.065821,-0.146066,-0.467898,-0.08868,-0.043515,-0.517426,-0.109373,-0.133564,-0.48123,-0.048457,-0.151659,-0.725231,-0.101524,-0.158203,-0.852198,-0.131551,-0.159871,-0.975142,-0.153428,-0.037869,-0.461998,-0.055496,-0.019077,-0.543857,-0.144021,-0.04547,-0.370728,-0.155929,-0.066376,-0.287117,-0.143173,0.046034,-0.426223,-0.069373,0.065562,-0.503871,-0.151471,0.029827,-0.340774,-0.126933,0.009909,-0.265447,-0.087584,0.126389,-0.376591,-0.088099,0.158477,-0.492722,-0.131175,0.12996,-0.396416,-0.103914,0.110579,-0.329812,-0.070241,T
0.0,0.0,0.0,0.094549,0.208422,-0.027915,0.233791,0.385438,-0.077227,0.348957,0.473092,-0.139811,0.367226,0.375448,-0.205029,0.529688,0.110575,-0.061149,0.731695,0.126802,-0.131053,0.856388,0.153928,-0.176504,0.962488,0.174629,-0.207655,0.511766,-0.02487,-0.098072,0.551443,0.228801,-0.203648,0.398187,0.295712,-0.228455,0.310981,0.251792,-0.224593,0.455612,-0.130597,-0.136857,0.495713,0.119107,-0.2385,0.36007,0.176789,-0.214561,0.283657,0.136453,-0.174632,0.379178,-0.215879,-0.178754,0.452491,-0.018296,-0.242362,0.361939,0.06623,-0.208258,0.28687,0.060305,-0.165841,0.0,0.0,0.0,-0.116334,-0.105245,-0.040135,-0.19201,-0.309109,-0.057523,-0.135404,-0.470695,-0.079674,-0.035989,-0.520205,-0.10104,-0.115853,-0.488138,-0.039688,-0.134642,-0.730041,-0.095187,-0.142885,-0.857628,-0.130272,-0.143647,-0.977317,-0.15562,-0.021117,-0.463153,-0.049464,-0.008635,-0.551446,-0.145442,-0.04737,-0.37478,-0.164821,-0.068895,-0.279306,-0.154443,0.061056,-0.424736,-0.065671,0.074393,-0.503921,-0.152677,0.026219,-0.335266,-0.131318,0.006398,-0.244562,-0.091299,0.139092,-0.374534,-0.086042,0.164548,-0.486978,-0.132999,0.1288,-0.390023,-0.10781,0.113798,-0.32137,-0.073885,T
0.0,0.0,0.0,0.093453,0.205821,-0.033313,0.227694,0.386484,-0.09002,0.339769,0.476456,-0.159412,0.35774,0.37615,-0.230755,0.521922,0.100036,-0.071994,0.729328,0.106858,-0.144848,0.857472,0.135038,-0.191552,0.962964,0.151286,-0.223187,0.503302,-0.036113,-0.107401,0.541013,0.22133,-0.214477,0.390269,0.296129,-0.238671,0.311214,0.240665,-0.234785,0.447036,-0.140608,-0.144739,0.486622,0.109825,-0.247611,0.356992,0.180612,-0.223938,0.289064,0.13263,-0.184546,0.371534,-0.222997,-0.185352,0.445375,-0.030112,-0.248117,0.361124,0.061262,-0.212493,0.289807,0.049533,-0.169552,0.0,0.0,0.0,-0.11725,-0.100732,-0.050272,-0.190578,-0.293684,-0.077504,-0.131898,-0.459881,-0.108732,-0.028899,-0.524152,-0.138881,-0.117352,-0.486396,-0.045632,-0.132889,-0.731837,-0.102524,-0.135947,-0.86223,-0.136231,-0.132992,-0.978123,-0.159961,-0.02098,-0.461212,-0.052298,-0.012081,-0.556727,-0.15002,-0.04496,-0.382832,-0.166223,-0.060565,-0.278367,-0.152913,0.062429,-0.421671,-0.066979,0.070672,-0.504066,-0.158188,0.025367,-0.341854,-0.135534,0.007005,-0.244489,-0.093778,0.141877,-0.36805,-0.086589,0.160205,-0.483491,-0.138743,0.122409,-0.383951,-0.114602,0.103376,-0.303157,-0.080841,T
0.0,0.0,0.0,0.091557,0.212347,-0.03218,0.231186,0.389315,-0.085969,0.346599,0.47984,-0.152365,0.357553,0.387634,-0.220793,0.527882,0.105262,-0.067336,0.73098,0.108676,-0.140221,0.85868,0.13664,-0.187114,0.963074,0.156783,-0.218879,0.506505,-0.029683,-0.10348,0.546536,0.230882,-0.211983,0.393587,0.303952,-0.236048,0.309525,0.253232,-0.231151,0.447471,-0.134453,-0.141991,0.489973,0.119455,-0.245879,0.357476,0.18603,-0.220957,0.284531,0.140973,-0.179934,0.36929,-0.218013,-0.183832,0.440133,-0.019512,-0.246601,0.354928,0.069899,-0.210831,0.285019,0.060179,-0.167506,0.0,0.0,0.0,-0.115465,-0.100832,-0.054919,-0.188007,-0.289739,-0.085254,-0.13641,-0.456013,-0.118465,-0.0359,-0.520663,-0.149395,-0.119376,-0.483664,-0.049994,-0.136138,-0.727373,-0.109589,-0.139232,-0.858659,-0.143213,-0.135908,-0.976697,-0.16611,-0.022729,-0.461093,-0.054734,-0.00913,-0.555667,-0.155708,-0.041904,-0.380084,-0.171342,-0.062825,-0.280146,-0.155947,0.060255,-0.420763,-0.06793,0.071652,-0.49485,-0.16293,0.028691,-0.334028,-0.141454,0.005788,-0.245865,-0.098801,0.137562,-0.366083,-0.08628,0.163984,-0.47707,-0.141473,0.130885,-0.385126,-0.119742,0.110079,-0.315488,-0.086495,T
0.0,0.0,0.0,0.099025,0.211582,-0.025561,0.233444,0.382862,-0.078556,0.339995,0.477157,-0.145897,0.342557,0.389791,-0.2157,0.528574,0.101436,-0.064384,0.731549,0.11254,-0.135998,0.858461,0.14169,-0.183409,0.962963,0.161284,-0.216076,0.503582,-0.036092,-0.104158,0.540972,0.234698,-0.210138,0.393739,0.305408,-0.235169,0.313818,0.254833,-0.232588,0.443298,-0.139016,-0.145665,0.48004,0.131767,-0.247976,0.349821,0.188522,-0.225437,0.281005,0.138655,-0.187194,0.364011,-0.215108,-0.190038,0.434816,-0.004148,-0.251366,0.347933,0.078523,-0.216588,0.278446,0.066708,-0.174983,0.0,0.0,0.0,-0.119217,-0.103247,-0.052316,-0.194015,-0.300362,-0.077983,-0.137932,-0.470293,-0.106687,-0.033565,-0.524149,-0.133571,-0.121934,-0.483869,-0.047263,-0.146174,-0.729852,-0.099218,-0.156789,-0.85968,-0.127261,-0.157539,-0.976393,-0.147776,-0.025147,-0.46478,-0.052569,-0.012288,-0.569509,-0.148373,-0.042231,-0.404864,-0.163058,-0.057094,-0.29531,-0.148155,0.056636,-0.42679,-0.065625,0.068472,-0.504922,-0.155361,0.027991,-0.353374,-0.136255,0.011806,-0.256718,-0.096611,0.133623,-0.373607,-0.083902,0.160181,-0.486669,-0.135224,0.129815,-0.402062,-0.115918,0.114293,-0.326515,-0.086211,T
0.0,0.0,0.0,0.106435,0.214503,-0.025467,0.234489,0.386756,-0.079844,0.331189,0.484144,-0.149069,0.348996,0.398776,-0.219868,0.523135,0.103744,-0.063183,0.726343,0.123952,-0.137831,0.855462,0.156794,-0.188154,0.959282,0.174073,-0.222432,0.498735,-0.032191,-0.104004,0.532201,0.245121,-0.208823,0.391241,0.325334,-0.235627,0.320994,0.272154,-0.235968,0.438726,-0.129936,-0.146998,0.474181,0.144661,-0.2452,0.349369,0.210266,-0.221299,0.289677,0.158185,-0.1847,0.358444,-0.19982,-0.193589,0.421111,0.01534,-0.252628,0.339045,0.095867,-0.217336,0.277756,0.071796,-0.176358,0.0,0.0,0.0,-0.11886,-0.107143,-0.048198,-0.193657,-0.302692,-0.071984,-0.134036,-0.463977,-0.098663,-0.035053,-0.506569,-0.123306,-0.124406,-0.485217,-0.046766,-0.152991,-0.729245,-0.097147,-0.165775,-0.859257,-0.124893,-0.170751,-0.974568,-0.145125,-0.028484,-0.468758,-0.052504,-0.01287,-0.563088,-0.145461,-0.036677,-0.399615,-0.159703,-0.052088,-0.288557,-0.144935,0.050697,-0.433369,-0.065237,0.066861,-0.501069,-0.149736,0.033039,-0.353818,-0.130689,0.014835,-0.259095,-0.092418,0.124363,-0.381176,-0.083031,0.155954,-0.481474,-0.130045,0.131514,-0.400004,-0.11008,0.115014,-0.328087,-0.080523,T
0.0,0.0,0.0,0.101061,0.212565,-0.0317,0.232397,0.390609,-0.090531,0.335796,0.482512,-0.162197,0.329565,0.387925,-0.237159,0.520133,0.105664,-0.079743,0.719969,0.123307,-0.150909,0.850136,0.147297,-0.199356,0.9584,0.161676,-0.235223,0.500913,-0.037879,-0.118251,0.517858,0.233897,-0.219177,0.376401,0.304427,-0.244198,0.309344,0.247827,-0.246521,0.436018,-0.13961,-0.157655,0.456158,0.129816,-0.251798,0.335436,0.190308,-0.227819,0.279126,0.13814,-0.194365,0.348744,-0.212246,-0.201152,0.407626,-0.005816,-0.258262,0.32936,0.079608,-0.223631,0.2693,0.065544,-0.185288,0.0,0.0,0.0,-0.115772,-0.102504,-0.053674,-0.19252,-0.291125,-0.08194,-0.135602,-0.452011,-0.111637,-0.033641,-0.502603,-0.138448,-0.126794,-0.483686,-0.054977,-0.156042,-0.725046,-0.108034,-0.168016,-0.855549,-0.137644,-0.176668,-0.971267,-0.159464,-0.029555,-0.467136,-0.059412,-0.013787,-0.562381,-0.152882,-0.03216,-0.400218,-0.167273,-0.049579,-0.295067,-0.153205,0.050928,-0.426845,-0.071003,0.066601,-0.493938,-0.156247,0.037751,-0.351734,-0.136994,0.016069,-0.264654,-0.099211,0.125207,-0.368812,-0.088072,0.155478,-0.467695,-0.137394,0.134512,-0.391803,-0.118122,0.115483,-0.325636,-0.088837,T
0.0,0.0,0.0,0.096237,0.217027,-0.029527,0.233159,0.397207,-0.084963,0.337703,0.477849,-0.153084,0.3276,0.378893,-0.224004,0.520354,0.108366,-0.079561,0.720845,0.125486,-0.152452,0.850643,0.149941,-0.202186,0.957343,0.163135,-0.238499,0.498439,-0.033057,-0.116991,0.522246,0.227581,-0.216453,0.385373,0.29291,-0.240255,0.315491,0.239553,-0.242469,0.434685,-0.131415,-0.155303,0.460516,0.131062,-0.24757,0.342196,0.189674,-0.222472,0.281574,0.146325,-0.188847,0.350708,-0.200649,-0.197769,0.406085,0.009019,-0.253365,0.330441,0.088693,-0.219655,0.270625,0.078483,-0.182576,0.0,0.0,0.0,-0.11223,-0.094257,-0.059724,-0.185898,-0.279878,-0.088854,-0.138176,-0.443542,-0.117778,-0.044945,-0.503326,-0.143359,-0.129782,-0.475739,-0.056639,-0.160834,-0.71659,-0.114929,-0.172977,-0.847149,-0.148715,-0.180674,-0.968271,-0.172651,-0.034074,-0.458581,-0.058736,-0.021831,-0.55279,-0.153008,-0.045593,-0.387381,-0.168643,-0.066668,-0.294574,-0.156009,0.046832,-0.42187,-0.069288,0.056617,-0.490938,-0.157105,0.025396,-0.340235,-0.137194,0.005686,-0.264602,-0.09885,0.123934,-0.368845,-0.085793,0.145252,-0.473129,-0.135402,0.12139,-0.385089,-0.113359,0.104779,-0.319614,-0.082221,T
0.0,0.0,0.0,0.097341,0.215015,-0.027306,0.232876,0.396027,-0.081735,0.335594,0.480844,-0.149069,0.327744,0.390867,-0.218981,0.522341,0.118343,-0.074582,0.719634,0.130134,-0.144607,0.851463,0.154752,-0.193584,0.958134,0.170685,-0.229881,0.502226,-0.021549,-0.112366,0.526127,0.239958,-0.210421,0.394115,0.306753,-0.236057,0.319834,0.25613,-0.239567,0.438369,-0.119458,-0.150609,0.462142,0.140277,-0.237404,0.350394,0.197677,-0.212642,0.289617,0.156219,-0.180736,0.35258,-0.189427,-0.193225,0.400135,0.019861,-0.242772,0.326869,0.094325,-0.208968,0.269206,0.082098,-0.173174,0.0,0.0,0.0,-0.118123,-0.096221,-0.062066,-0.194041,-0.279324,-0.092104,-0.152269,-0.442036,-0.121493,-0.0625,-0.497484,-0.146991,-0.141822,-0.471076,-0.05783,-0.175006,-0.714294,-0.115919,-0.184902,-0.844501,-0.149233,-0.193309,-0.965826,-0.172664,-0.047733,-0.458253,-0.059235,-0.027521,-0.543393,-0.152981,-0.039271,-0.380794,-0.170088,-0.064475,-0.293901,-0.159324,0.03242,-0.426465,-0.069073,0.047558,-0.489075,-0.157248,0.026616,-0.339586,-0.138484,0.000591,-0.269915,-0.101698,0.108052,-0.377155,-0.085044,0.132821,-0.474145,-0.133862,0.114952,-0.382816,-0.110657,0.092495,-0.317684,-0.079165,T
0.0,0.0,0.0,0.094437,0.210711,-0.031351,0.219923,0.394569,-0.088825,0.307895,0.478626,-0.158456,0.320721,0.406345,-0.22979,0.518953,0.122919,-0.080798,0.716119,0.126361,-0.156319,0.847515,0.149475,-0.207402,0.955393,0.167231,-0.243428,0.502971,-0.014771,-0.117063,0.518932,0.252349,-0.221619,0.383671,0.319392,-0.248739,0.306725,0.27194,-0.251186,0.441554,-0.113902,-0.154645,0.45207,0.155813,-0.249842,0.335507,0.209171,-0.22781,0.274386,0.166847,-0.194777,0.357481,-0.185902,-0.196299,0.399108,0.032031,-0.251042,0.319846,0.101734,-0.218274,0.260758,0.086475,-0.181242,0.0,0.0,0.0,-0.121621,-0.104822,-0.049632,-0.196662,-0.285582,-0.078052,-0.151169,-0.436857,-0.108555,-0.060796,-0.483066,-0.1375,-0.143431,-0.470294,-0.058548,-0.178174,-0.710765,-0.11398,-0.190317,-0.845276,-0.146897,-0.203273,-0.964113,-0.170779,-0.048094,-0.457886,-0.066904,-0.037999,-0.552904,-0.159195,-0.044234,-0.398643,-0.176446,-0.061483,-0.295445,-0.166265,0.033229,-0.423633,-0.08154,0.036453,-0.491482,-0.163832,0.019819,-0.351323,-0.144094,0.000889,-0.266785,-0.108185,0.10878,-0.371199,-0.101421,0.124519,-0.471498,-0.144641,0.105858,-0.386227,-0.11957,0.086501,-0.315313,-0.088354,T
0.0,0.0,0.0,0.095412,0.214141,-0.028117,0.220807,0.392419,-0.08362,0.316942,0.484649,-0.151501,0.340157,0.412122,-0.220296,0.518743,0.120961,-0.076055,0.713226,0.132019,-0.149995,0.846292,0.16156,-0.200182,0.954713,0.18151,-0.235748,0.502324,-0.012618,-0.113093,0.529452,0.253942,-0.21364,0.396472,0.322235,-0.236741,0.321436,0.273369,-0.236996,0.443518,-0.106384,-0.151676,0.46142,0.161918,-0.241819,0.346084,0.216971,-0.215786,0.285751,0.173257,-0.181375,0.361806,-0.170073,-0.194618,0.405488,0.05049,-0.246829,0.325855,0.117674,-0.213327,0.266341,0.098395,-0.17645,0.0,0.0,0.0,-0.121928,-0.101146,-0.047549,-0.203999,-0.286621,-0.075087,-0.157949,-0.44446,-0.106342,-0.059293,-0.48133,-0.136708,-0.14323,-0.483624,-0.05019,-0.181276,-0.717898,-0.101168,-0.196897,-0.848427,-0.131822,-0.209071,-0.965434,-0.155649,-0.047642,-0.470809,-0.059142,-0.039344,-0.555598,-0.150533,-0.050248,-0.402845,-0.169422,-0.065612,-0.301996,-0.160813,0.035313,-0.43546,-0.074149,0.038493,-0.497311,-0.156402,0.017223,-0.359143,-0.138947,-0.000251,-0.274463,-0.104602,0.112933,-0.383308,-0.094354,0.126642,-0.479621,-0.138365,0.106299,-0.394419,-0.115989,0.090766,-0.322722,-0.086706,T
0.0,0.0,0.0,0.097322,0.213728,-0.024567,0.218107,0.389346,-0.079719,0.307676,0.484787,-0.148715,0.327092,0.416285,-0.218325,0.527184,0.122152,-0.067654,0.718311,0.127762,-0.139337,0.852756,0.150565,-0.190719,0.959572,0.166073,-0.227249,0.507793,-0.009713,-0.107391,0.527452,0.264179,-0.211905,0.393258,0.333409,-0.239655,0.311917,0.286352,-0.240626,0.447383,-0.101248,-0.148223,0.460635,0.166631,-0.239491,0.34567,0.222779,-0.216251,0.279741,0.183054,-0.181805,0.363575,-0.164594,-0.19331,0.406834,0.053746,-0.245502,0.326988,0.123499,-0.212125,0.262154,0.111365,-0.173887,0.0,0.0,0.0,-0.115468,-0.121691,-0.057984,-0.187035,-0.295691,-0.092877,-0.149728,-0.43828,-0.13022,-0.066417,-0.482913,-0.163324,-0.15272,-0.48335,-0.047293,-0.196946,-0.711986,-0.10691,-0.21582,-0.840168,-0.143397,-0.233643,-0.957592,-0.168608,-0.065675,-0.467872,-0.05439,-0.040317,-0.561125,-0.151812,-0.041653,-0.410942,-0.17504,-0.067347,-0.31943,-0.167144,0.011881,-0.434767,-0.070024,0.032025,-0.498789,-0.158553,0.019835,-0.355806,-0.142071,-0.007561,-0.278742,-0.105907,0.082591,-0.383424,-0.091921,0.112342,-0.467965,-0.135431,0.097383,-0.377597,-0.110154,0.072349,-0.311612,-0.077983,T
0.0,0.0,0.0,0.095658,0.215248,-0.022187,0.212501,0.388302,-0.078319,0.296906,0.487079,-0.149425,0.332161,0.430786,-0.220601,0.525552,0.115315,-0.068051,0.718029,0.120627,-0.145124,0.852686,0.143628,-0.19901,0.958839,0.157915,-0.235987,0.507453,-0.01392,-0.110426,0.526161,0.276974,-0.219286,0.385667,0.346687,-0.245319,0.304995,0.294822,-0.244154,0.449116,-0.103175,-0.15466,0.465883,0.184619,-0.250751,0.346219,0.23858,-0.224525,0.27986,0.190492,-0.186831,0.367547,-0.16348,-0.203012,0.415882,0.067966,-0.25895,0.335255,0.137673,-0.223902,0.270282,0.119012,-0.183338,0.0,0.0,0.0,-0.118565,-0.113653,-0.053253,-0.187443,-0.287987,-0.085253,-0.134606,-0.426385,-0.120236,-0.043319,-0.465331,-0.153063,-0.138534,-0.488476,-0.053551,-0.183062,-0.717129,-0.107898,-0.203774,-0.846761,-0.140391,-0.222376,-0.961092,-0.163865,-0.045027,-0.477009,-0.061257,-0.03091,-0.54897,-0.156079,-0.041389,-0.400892,-0.178926,-0.06062,-0.30376,-0.171446,0.035581,-0.438524,-0.075732,0.046292,-0.482902,-0.161169,0.025811,-0.349347,-0.148976,0.004261,-0.271679,-0.116373,0.109627,-0.383059,-0.095806,0.13146,-0.467504,-0.140318,0.112631,-0.386485,-0.119558,0.094556,-0.319414,-0.089986,T
0.0,0.0,0.0,0.089653,0.22722,-0.020938,0.224296,0.407407,-0.070351,0.327542,0.502652,-0.134166,0.331918,0.420055,-0.199589,0.532131,0.128598,-0.061077,0.724122,0.127358,-0.129015,0.857309,0.151139,-0.176504,0.962687,0.168718,-0.211584,0.516992,-0.002372,-0.103296,0.536704,0.280003,-0.206362,0.395821,0.356539,-0.231132,0.314749,0.310479,-0.230445,0.4578,-0.094055,-0.146774,0.472933,0.189053,-0.240164,0.351964,0.24874,-0.216407,0.285178,0.205101,-0.181161,0.375439,-0.155747,-0.194229,0.427957,0.071267,-0.250001,0.347682,0.143909,-0.218172,0.281088,0.128286,-0.181083,0.0,0.0,0.0,-0.112363,-0.113296,-0.062257,-0.173658,-0.285042,-0.091994,-0.12548,-0.42756,-0.120478,-0.044769,-0.469956,-0.144571,-0.144481,-0.47247,-0.059233,-0.18401,-0.706785,-0.118921,-0.200257,-0.837264,-0.157582,-0.214907,-0.959039,-0.184549,-0.05726,-0.454794,-0.0634,-0.018535,-0.527959,-0.153873,-0.03158,-0.382589,-0.17908,-0.068626,-0.302169,-0.176109,0.018478,-0.418209,-0.075671,0.045442,-0.472979,-0.161581,0.025402,-0.33357,-0.15101,-0.009087,-0.267475,-0.120854,0.0891,-0.362939,-0.094229,0.114397,-0.449062,-0.139876,0.098998,-0.365354,-0.117158,0.073491,-0.29847,-0.086617,T
0.0,0.0,0.0,0.092061,0.220882,-0.011895,0.226839,0.398846,-0.05581,0.328135,0.500603,-0.115031,0.344172,0.423263,-0.175923,0.540244,0.119867,-0.050365,0.725354,0.133885,-0.110717,0.858759,0.156823,-0.156824,0.967424,0.163421,-0.193351,0.524827,-0.007127,-0.096281,0.550271,0.279445,-0.18898,0.415529,0.367744,-0.214281,0.330749,0.325735,-0.217778,0.46374,-0.094044,-0.142158,0.486872,0.192841,-0.22599,0.36868,0.265746,-0.201516,0.295006,0.230808,-0.168868,0.378459,-0.149744,-0.191672,0.443498,0.071205,-0.24237,0.367315,0.160301,-0.2095,0.294045,0.164844,-0.173245,0.0,0.0,0.0,-0.108025,-0.09764,-0.064906,-0.176679,-0.267447,-0.099226,-0.124649,-0.407131,-0.132281,-0.028651,-0.444713,-0.161871,-0.133309,-0.480518,-0.068207,-0.169474,-0.712376,-0.129906,-0.18491,-0.841046,-0.168564,-0.19492,-0.960994,-0.196204,-0.040883,-0.469102,-0.069189,-0.013403,-0.515798,-0.165064,-0.039756,-0.357525,-0.188334,-0.070046,-0.281423,-0.1831,0.039261,-0.430417,-0.07798,0.064003,-0.457972,-0.166769,0.029274,-0.313071,-0.155266,0.000658,-0.254111,-0.123974,0.113608,-0.374825,-0.093253,0.139023,-0.436116,-0.143327,0.110891,-0.345752,-0.124958,0.089027,-0.288358,-0.096183,T
0.0,0.0,0.0,0.10046,0.219823,-0.01295,0.234445,0.400046,-0.054068,0.329367,0.503158,-0.110279,0.364498,0.450529,-0.16723,0.541928,0.129652,-0.042136,0.731773,0.118566,-0.100912,0.864672,0.136584,-0.146766,0.972763,0.143441,-0.182093,0.530314,0.016048,-0.087307,0.563328,0.298194,-0.178421,0.436419,0.389088,-0.207714,0.350317,0.353195,-0.213257,0.475642,-0.067206,-0.133295,0.500807,0.209775,-0.218822,0.384203,0.283978,-0.199744,0.310428,0.255546,-0.169334,0.396367,-0.124828,-0.182534,0.461609,0.075288,-0.235227,0.380453,0.166721,-0.202633,0.301073,0.180884,-0.164887,0.0,0.0,0.0,-0.10808,-0.105947,-0.058275,-0.175809,-0.27982,-0.090645,-0.122422,-0.420173,-0.123729,-0.028235,-0.463013,-0.153994,-0.135757,-0.480882,-0.063368,-0.172541,-0.717248,-0.121956,-0.189492,-0.846299,-0.158844,-0.202836,-0.961588,-0.184951,-0.044427,-0.463782,-0.06693,-0.020041,-0.514824,-0.161145,-0.0388,-0.365772,-0.184775,-0.065477,-0.282598,-0.180334,0.03513,-0.4229,-0.077378,0.056123,-0.465254,-0.164634,0.025892,-0.326913,-0.152327,-0.003248,-0.254249,-0.120767,0.105725,-0.366767,-0.093504,0.133111,-0.441491,-0.143178,0.107634,-0.354469,-0.124183,0.084587,-0.289569,-0.095239,T
0.0,0.0,0.0,0.131619,0.232543,-0.00097,0.281305,0.398455,-0.033235,0.396829,0.494186,-0.084602,0.43809,0.418469,-0.136554,0.538517,0.112807,-0.010036,0.736728,0.080837,-0.068828,0.877634,0.099721,-0.111831,0.984859,0.097964,-0.143026,0.51997,0.018134,-0.061134,0.629632,0.261367,-0.153047,0.502813,0.371847,-0.177142,0.4022,0.330373,-0.173932,0.470774,-0.055917,-0.115616,0.565917,0.163181,-0.20884,0.447112,0.267984,-0.189004,0.36277,0.239009,-0.152811,0.396373,-0.104811,-0.170804,0.513763,0.043901,-0.223777,0.439021,0.146572,-0.187482,0.354467,0.155354,-0.147645,0.0,0.0,0.0,-0.109414,-0.118069,-0.040455,-0.190475,-0.279449,-0.071643,-0.15862,-0.420541,-0.108574,-0.066764,-0.476009,-0.143755,-0.140924,-0.473185,-0.049082,-0.188078,-0.713856,-0.10859,-0.209955,-0.843718,-0.145177,-0.224839,-0.959227,-0.171263,-0.052911,-0.460944,-0.062215,-0.051699,-0.545672,-0.155461,-0.062826,-0.399553,-0.174275,-0.071644,-0.310799,-0.167641,0.027636,-0.429002,-0.081784,0.030534,-0.493223,-0.161417,0.006066,-0.36083,-0.138431,-0.006481,-0.282951,-0.102895,0.102887,-0.381645,-0.106855,0.115256,-0.466721,-0.145316,0.086612,-0.38126,-0.119012,0.070957,-0.317387,-0.088694,T
0.0,0.0,0.0,0.181238,0.249985,0.076209,0.326356,0.341072,0.074678,0.421789,0.415391,0.036158,0.496601,0.419254,-0.003765,0.536519,-0.091315,0.064517,0.731169,-0.046683,0.020192,0.881305,0.002215,-0.017165,0.998467,0.025297,-0.049241,0.515558,-0.140497,-0.026647,0.727772,0.159757,-0.111781,0.623276,0.327118,-0.140563,0.510625,0.342178,-0.142072,0.468303,-0.118677,-0.116086,0.645405,0.193405,-0.196356,0.543653,0.357078,-0.178442,0.44212,0.364485,-0.146898,0.400192,-0.050896,-0.201177,0.557497,0.192608,-0.24583,0.519423,0.360091,-0.219242,0.452773,0.420723,-0.191053,0.0,0.0,0.0,-0.114025,-0.111409,-0.023512,-0.191277,-0.257327,-0.05148,-0.203159,-0.378597,-0.088651,-0.154607,-0.461952,-0.126687,-0.121675,-0.497626,-0.027696,-0.170497,-0.716571,-0.081255,-0.195563,-0.854713,-0.117641,-0.205539,-0.96817,-0.14283,-0.036167,-0.513122,-0.048096,-0.106169,-0.545002,-0.130879,-0.133362,-0.418427,-0.151121,-0.123616,-0.321355,-0.146762,0.043917,-0.489951,-0.073673,-0.034772,-0.491445,-0.141637,-0.06086,-0.377978,-0.120163,-0.054511,-0.294337,-0.088108,0.12403,-0.447262,-0.103984,0.052391,-0.461282,-0.134999,0.018721,-0.380109,-0.108247,0.018347,-0.314379,-0.07702,T
