0.0,0.0,0.0,0.142766,0.05443,-0.078696,0.26423,0.038378,-0.138621,0.319937,-0.046334,-0.197913,0.340315,-0.159795,-0.255609,0.402292,-0.302278,-0.117255,0.539323,-0.441799,-0.202937,0.636804,-0.549858,-0.257778,0.712842,-0.638201,-0.290786,0.314635,-0.418058,-0.119279,0.307871,-0.319515,-0.253028,0.231224,-0.143164,-0.286492,0.167498,0.007221,-0.278211,0.206152,-0.473038,-0.127083,0.187438,-0.319756,-0.23982,0.137794,-0.157427,-0.225194,0.097832,-0.027094,-0.184701,0.095587,-0.488151,-0.143634,0.092393,-0.373824,-0.218793,0.066924,-0.234635,-0.207586,0.049329,-0.133567,-0.174164,0.0,0.0,0.0,-0.138777,0.014703,-0.066697,-0.271537,-0.039155,-0.118679,-0.328395,-0.144703,-0.172163,-0.373026,-0.267422,-0.22359,-0.366769,-0.362922,-0.085811,-0.496314,-0.510061,-0.167427,-0.575956,-0.621256,-0.2247,-0.642167,-0.720157,-0.26267,-0.278543,-0.460009,-0.09568,-0.280557,-0.36657,-0.230451,-0.19715,-0.189402,-0.267602,-0.127625,-0.068005,-0.261695,-0.17508,-0.502421,-0.112972,-0.168254,-0.385663,-0.23158,-0.099723,-0.219427,-0.210571,-0.04568,-0.115299,-0.163879,-0.065461,-0.519586,-0.137251,-0.084245,-0.48125,-0.212081,-0.054511,-0.347793,-0.187214,-0.023856,-0.264675,-0.144709,X
0.0,0.0,0.0,0.144113,0.047748,-0.077768,0.264499,0.013946,-0.138039,0.323009,-0.082915,-0.198891,0.389644,-0.17481,-0.257105,0.406452,-0.312081,-0.115801,0.535743,-0.450272,-0.204922,0.626725,-0.560629,-0.260669,0.697472,-0.653177,-0.294775,0.316863,-0.424736,-0.119638,0.309592,-0.300421,-0.255495,0.234762,-0.113494,-0.286975,0.175479,0.031124,-0.278024,0.207949,-0.471722,-0.13006,0.18925,-0.293663,-0.246107,0.136922,-0.126415,-0.226618,0.096182,-0.002194,-0.183057,0.093737,-0.480307,-0.149423,0.09442,-0.346161,-0.226188,0.066915,-0.20964,-0.212666,0.046664,-0.11966,-0.177717,0.0,0.0,0.0,-0.140972,-0.000986,-0.07059,-0.274358,-0.07154,-0.120272,-0.347025,-0.191148,-0.170246,-0.427737,-0.300887,-0.217855,-0.36761,-0.356769,-0.086363,-0.503365,-0.507448,-0.170168,-0.579687,-0.620761,-0.226687,-0.640132,-0.722141,-0.262189,-0.281907,-0.453871,-0.091997,-0.276783,-0.371363,-0.232244,-0.190979,-0.19837,-0.268825,-0.123723,-0.077141,-0.260289,-0.181997,-0.499805,-0.105958,-0.163056,-0.390386,-0.227774,-0.09843,-0.222529,-0.207484,-0.052691,-0.11189,-0.159668,-0.07706,-0.51973,-0.127414,-0.08188,-0.476668,-0.203789,-0.048531,-0.340289,-0.181641,-0.018748,-0.252118,-0.140099,X
0.0,0.0,0.0,0.147214,0.038676,-0.07815,0.274961,-0.010335,-0.136056,0.340836,-0.117122,-0.193569,0.408822,-0.210636,-0.247735,0.397856,-0.320798,-0.117323,0.519827,-0.46715,-0.207956,0.607511,-0.580482,-0.263452,0.674284,-0.675939,-0.297402,0.308512,-0.432574,-0.119461,0.30037,-0.293236,-0.25232,0.229309,-0.115053,-0.280274,0.17609,0.014703,-0.270885,0.201979,-0.474647,-0.128791,0.178915,-0.275864,-0.242172,0.134355,-0.12066,-0.222316,0.102895,-0.013011,-0.180381,0.08982,-0.47925,-0.147405,0.088992,-0.331135,-0.221568,0.06883,-0.200162,-0.208798,0.056719,-0.118933,-0.175898,0.0,0.0,0.0,-0.142152,-0.005959,-0.067189,-0.277514,-0.09614,-0.10903,-0.355513,-0.227356,-0.150217,-0.449483,-0.32057,-0.188887,-0.359796,-0.363163,-0.084764,-0.493968,-0.522808,-0.160868,-0.568747,-0.639858,-0.210091,-0.626741,-0.7412,-0.240453,-0.278662,-0.461908,-0.087268,-0.257547,-0.379438,-0.216651,-0.180134,-0.202921,-0.247563,-0.120801,-0.07759,-0.238035,-0.182369,-0.504762,-0.097167,-0.155843,-0.394126,-0.210678,-0.099442,-0.232352,-0.191608,-0.060355,-0.121537,-0.147533,-0.081713,-0.520762,-0.114077,-0.07698,-0.474304,-0.184502,-0.047938,-0.344751,-0.16416,-0.024084,-0.254426,-0.125671,X
0.0,0.0,0.0,0.157847,0.028248,-0.068184,0.283559,-0.028692,-0.119287,0.355364,-0.13039,-0.172802,0.422159,-0.225253,-0.22403,0.39387,-0.32709,-0.101579,0.515172,-0.47344,-0.189071,0.60372,-0.587864,-0.243169,0.672409,-0.686721,-0.276187,0.307425,-0.437981,-0.107808,0.303708,-0.292677,-0.239859,0.225058,-0.111633,-0.266384,0.16369,0.02065,-0.255114,0.200651,-0.478865,-0.120991,0.187368,-0.282854,-0.234318,0.135818,-0.127138,-0.212587,0.097625,-0.014935,-0.168391,0.087087,-0.481646,-0.142829,0.090573,-0.333561,-0.216735,0.068088,-0.199742,-0.202688,0.052592,-0.111785,-0.168401,0.0,0.0,0.0,-0.134,-0.011514,-0.070661,-0.264884,-0.099405,-0.116324,-0.345161,-0.221911,-0.160973,-0.436705,-0.31705,-0.203538,-0.354244,-0.357047,-0.089809,-0.488202,-0.513792,-0.169898,-0.561539,-0.635145,-0.223205,-0.61675,-0.744157,-0.256612,-0.274854,-0.460125,-0.090492,-0.255405,-0.366727,-0.217436,-0.182887,-0.195936,-0.247633,-0.127267,-0.084693,-0.23964,-0.178202,-0.501541,-0.098928,-0.152256,-0.383983,-0.21033,-0.102685,-0.225225,-0.189338,-0.065706,-0.124028,-0.145824,-0.078746,-0.51262,-0.114922,-0.072211,-0.456126,-0.184097,-0.045441,-0.322698,-0.162235,-0.018006,-0.237161,-0.123663,X
0.0,0.0,0.0,0.146779,0.038319,-0.068841,0.279503,-0.008648,-0.120083,0.355807,-0.109022,-0.17192,0.425582,-0.205693,-0.220554,0.394669,-0.311115,-0.109655,0.522442,-0.464148,-0.19438,0.611355,-0.581266,-0.244622,0.677405,-0.681976,-0.275739,0.311269,-0.424522,-0.114504,0.306789,-0.283573,-0.239844,0.226684,-0.115033,-0.261384,0.165396,-0.000343,-0.250109,0.208473,-0.466891,-0.125911,0.191476,-0.274808,-0.229916,0.135546,-0.141733,-0.204742,0.095878,-0.061017,-0.163051,0.100725,-0.47119,-0.146033,0.105646,-0.330929,-0.210152,0.074986,-0.219952,-0.192259,0.052042,-0.163615,-0.158926,0.0,0.0,0.0,-0.134918,-0.010726,-0.070691,-0.264384,-0.097187,-0.115524,-0.339248,-0.217026,-0.158185,-0.424412,-0.31502,-0.197527,-0.352017,-0.372325,-0.091691,-0.487435,-0.517574,-0.168873,-0.564906,-0.635049,-0.220173,-0.621611,-0.741555,-0.252381,-0.274492,-0.46986,-0.091823,-0.251508,-0.361671,-0.216854,-0.17908,-0.188303,-0.245234,-0.122302,-0.07908,-0.236384,-0.178701,-0.503893,-0.099465,-0.150583,-0.382265,-0.208899,-0.103072,-0.227763,-0.187026,-0.067122,-0.131855,-0.143656,-0.079232,-0.506953,-0.11479,-0.069155,-0.455197,-0.181094,-0.0462,-0.322288,-0.157532,-0.022663,-0.235899,-0.118235,X
0.0,0.0,0.0,0.148923,0.03921,-0.063549,0.279608,0.004108,-0.112182,0.355061,-0.085305,-0.162631,0.417002,-0.184505,-0.210996,0.407107,-0.303703,-0.103461,0.535432,-0.450211,-0.182624,0.623383,-0.570907,-0.232347,0.689886,-0.674562,-0.262722,0.325282,-0.418816,-0.110149,0.316971,-0.286613,-0.233133,0.233614,-0.121766,-0.257485,0.164781,0.009595,-0.246554,0.221692,-0.466274,-0.121921,0.19904,-0.295068,-0.218915,0.142579,-0.159877,-0.193069,0.096921,-0.054152,-0.150297,0.112856,-0.476406,-0.142615,0.112569,-0.355133,-0.200911,0.081892,-0.240763,-0.179999,0.056727,-0.161112,-0.143479,0.0,0.0,0.0,-0.128576,-0.008871,-0.064315,-0.254377,-0.091223,-0.110354,-0.319213,-0.205496,-0.156798,-0.393,-0.307242,-0.201005,-0.343835,-0.379201,-0.089195,-0.476254,-0.526844,-0.173048,-0.55173,-0.642352,-0.230859,-0.607416,-0.747926,-0.267681,-0.264453,-0.46944,-0.09448,-0.25403,-0.351676,-0.222375,-0.182598,-0.183489,-0.252414,-0.125065,-0.088605,-0.244628,-0.168403,-0.496565,-0.107247,-0.151583,-0.359108,-0.212889,-0.102724,-0.211288,-0.18738,-0.063454,-0.132666,-0.142819,-0.06598,-0.496431,-0.128222,-0.065971,-0.428636,-0.191676,-0.0438,-0.30998,-0.166889,-0.018443,-0.249573,-0.12739,X
0.0,0.0,0.0,0.146932,0.040314,-0.059929,0.279067,0.015744,-0.107214,0.351146,-0.073599,-0.157467,0.394898,-0.189972,-0.205874,0.406583,-0.304899,-0.100073,0.537688,-0.449432,-0.178466,0.626908,-0.567609,-0.228583,0.69646,-0.669102,-0.259318,0.326655,-0.41978,-0.109133,0.314953,-0.286533,-0.228574,0.229287,-0.125012,-0.252268,0.159575,0.003413,-0.242907,0.222339,-0.465877,-0.123171,0.199566,-0.298605,-0.21838,0.140243,-0.162315,-0.191225,0.093219,-0.054646,-0.148877,0.112352,-0.473415,-0.145972,0.116843,-0.36623,-0.202062,0.086922,-0.258463,-0.178477,0.060271,-0.179707,-0.141253,0.0,0.0,0.0,-0.12919,-0.007197,-0.064797,-0.255467,-0.087116,-0.111925,-0.322877,-0.204855,-0.159101,-0.394734,-0.314798,-0.20414,-0.347281,-0.365551,-0.092628,-0.476149,-0.523518,-0.175985,-0.549917,-0.643095,-0.231616,-0.604602,-0.750536,-0.266744,-0.268645,-0.467416,-0.096686,-0.247942,-0.347928,-0.224926,-0.17054,-0.180285,-0.252988,-0.109477,-0.078019,-0.24361,-0.171845,-0.503877,-0.10807,-0.140991,-0.357784,-0.212942,-0.089929,-0.210653,-0.186496,-0.052069,-0.123994,-0.141909,-0.069625,-0.510723,-0.127792,-0.057769,-0.417713,-0.190786,-0.031987,-0.291526,-0.167155,-0.007947,-0.224877,-0.12889,X
0.0,0.0,0.0,0.147253,0.041975,-0.060047,0.283966,0.016505,-0.105972,0.356523,-0.076705,-0.154576,0.394014,-0.19492,-0.201408,0.413719,-0.29859,-0.098829,0.547453,-0.44163,-0.17532,0.63594,-0.560232,-0.224304,0.703656,-0.663312,-0.254725,0.331028,-0.412298,-0.107272,0.314803,-0.285369,-0.22693,0.228523,-0.125579,-0.250497,0.160272,0.002033,-0.240938,0.224581,-0.459368,-0.120617,0.198512,-0.303516,-0.212794,0.140184,-0.171754,-0.184137,0.095575,-0.069227,-0.141745,0.114095,-0.467935,-0.142879,0.113812,-0.372565,-0.194296,0.084313,-0.27202,-0.168448,0.059367,-0.20194,-0.130671,0.0,0.0,0.0,-0.130196,-0.010302,-0.065447,-0.258066,-0.093306,-0.111834,-0.321531,-0.209063,-0.158657,-0.38038,-0.328406,-0.202831,-0.344861,-0.382446,-0.082648,-0.471209,-0.532477,-0.165613,-0.542922,-0.652672,-0.222412,-0.594123,-0.76162,-0.258754,-0.262819,-0.47656,-0.088065,-0.24907,-0.355537,-0.215819,-0.176837,-0.184456,-0.244948,-0.120194,-0.090946,-0.236108,-0.164227,-0.505103,-0.101931,-0.142822,-0.360128,-0.206405,-0.096346,-0.213496,-0.179569,-0.062507,-0.1419,-0.134684,-0.060607,-0.504779,-0.124541,-0.054586,-0.42333,-0.184852,-0.036264,-0.298174,-0.158596,-0.017604,-0.236738,-0.118861,X
0.0,0.0,0.0,0.146864,0.042931,-0.059659,0.286943,0.008218,-0.103288,0.358541,-0.09658,-0.14984,0.401759,-0.213921,-0.194249,0.418516,-0.296055,-0.090665,0.55212,-0.444055,-0.163814,0.640018,-0.562247,-0.210601,0.709796,-0.662344,-0.239771,0.337178,-0.410646,-0.098518,0.32226,-0.293649,-0.215138,0.234648,-0.137325,-0.237998,0.16568,-0.012883,-0.228173,0.231883,-0.460772,-0.111635,0.209021,-0.315846,-0.202706,0.147764,-0.183072,-0.173861,0.09953,-0.082041,-0.131449,0.120702,-0.473462,-0.133568,0.123992,-0.383504,-0.183674,0.092642,-0.283662,-0.157271,0.064055,-0.216396,-0.119485,0.0,0.0,0.0,-0.134508,-0.012079,-0.05772,-0.258587,-0.104755,-0.100032,-0.314028,-0.230116,-0.144442,-0.371889,-0.347552,-0.186858,-0.339564,-0.376348,-0.075993,-0.463816,-0.534922,-0.156953,-0.52755,-0.661629,-0.214492,-0.573309,-0.779501,-0.252381,-0.255052,-0.462314,-0.084934,-0.254328,-0.352836,-0.214689,-0.180123,-0.186431,-0.246613,-0.118133,-0.092212,-0.239909,-0.158427,-0.490213,-0.101217,-0.154704,-0.361788,-0.204449,-0.107052,-0.216316,-0.177258,-0.067566,-0.136018,-0.132702,-0.058552,-0.489636,-0.125891,-0.067267,-0.418954,-0.18799,-0.047315,-0.299187,-0.163252,-0.023063,-0.236894,-0.124606,X
0.0,0.0,0.0,0.148053,0.042126,-0.065214,0.291422,0.003249,-0.109874,0.361224,-0.11262,-0.156188,0.400941,-0.23646,-0.19998,0.420123,-0.296364,-0.09079,0.550748,-0.445534,-0.166387,0.638464,-0.563298,-0.214428,0.706609,-0.664222,-0.243952,0.338074,-0.407877,-0.096389,0.326884,-0.311675,-0.21773,0.239617,-0.151267,-0.24193,0.169019,-0.022076,-0.230901,0.234836,-0.459203,-0.108121,0.216283,-0.330967,-0.205639,0.153337,-0.192196,-0.177736,0.102529,-0.087031,-0.133194,0.124947,-0.476233,-0.128761,0.132024,-0.395269,-0.185071,0.100505,-0.288492,-0.160358,0.071472,-0.216824,-0.122054,0.0,0.0,0.0,-0.132304,-0.012713,-0.059254,-0.258188,-0.11111,-0.100088,-0.315852,-0.240098,-0.142434,-0.373126,-0.360445,-0.182556,-0.343532,-0.381167,-0.0753,-0.458521,-0.543575,-0.155007,-0.511103,-0.675981,-0.210892,-0.545806,-0.80058,-0.247319,-0.256259,-0.468283,-0.082676,-0.244074,-0.365621,-0.210956,-0.175148,-0.19366,-0.241629,-0.119067,-0.091527,-0.233459,-0.15736,-0.496274,-0.09776,-0.142076,-0.367043,-0.198325,-0.097964,-0.222436,-0.171331,-0.063623,-0.142417,-0.126934,-0.055834,-0.496324,-0.121562,-0.055773,-0.425746,-0.179813,-0.039292,-0.308705,-0.154935,-0.020522,-0.246612,-0.116583,X
0.0,0.0,0.0,0.144468,0.048661,-0.06463,0.285054,0.018519,-0.110465,0.356094,-0.093593,-0.157693,0.398436,-0.213837,-0.202493,0.419819,-0.291952,-0.094929,0.551393,-0.442034,-0.170661,0.637845,-0.562007,-0.218558,0.705682,-0.663739,-0.247918,0.33868,-0.407494,-0.100247,0.324412,-0.305422,-0.21971,0.236563,-0.147411,-0.243309,0.167357,-0.018646,-0.23258,0.235539,-0.460561,-0.111223,0.213356,-0.323674,-0.206202,0.150456,-0.187153,-0.178274,0.100456,-0.082155,-0.134817,0.125738,-0.477405,-0.131171,0.129489,-0.38709,-0.185206,0.094283,-0.280089,-0.160409,0.064248,-0.207964,-0.122502,0.0,0.0,0.0,-0.139999,-0.018753,-0.057244,-0.266751,-0.118591,-0.095614,-0.324091,-0.251459,-0.136087,-0.383425,-0.369115,-0.174447,-0.339026,-0.385967,-0.067034,-0.463521,-0.544537,-0.141745,-0.529691,-0.670782,-0.194089,-0.576327,-0.784818,-0.227834,-0.255346,-0.471714,-0.07468,-0.249793,-0.361433,-0.196651,-0.182088,-0.195776,-0.226229,-0.12371,-0.097779,-0.218444,-0.159872,-0.49777,-0.090122,-0.149512,-0.364796,-0.189814,-0.105903,-0.219759,-0.165541,-0.068029,-0.134006,-0.12284,-0.060457,-0.494815,-0.11371,-0.066474,-0.421114,-0.170908,-0.051174,-0.297436,-0.145933,-0.029721,-0.224204,-0.107661,X
0.0,0.0,0.0,0.14597,0.045748,-0.066669,0.287703,0.01127,-0.111689,0.35816,-0.102283,-0.157743,0.403159,-0.219389,-0.201186,0.418113,-0.290591,-0.09424,0.549324,-0.439972,-0.170508,0.639449,-0.557877,-0.218459,0.710051,-0.65902,-0.248034,0.336717,-0.403846,-0.098942,0.324651,-0.311567,-0.220792,0.23929,-0.148598,-0.244771,0.170016,-0.018623,-0.233307,0.234926,-0.457427,-0.109716,0.212106,-0.330089,-0.206537,0.150444,-0.18916,-0.178204,0.100764,-0.084281,-0.133498,0.126191,-0.475927,-0.129657,0.128793,-0.394573,-0.184541,0.096486,-0.290727,-0.159844,0.067268,-0.224284,-0.121875,0.0,0.0,0.0,-0.128481,-0.020279,-0.066765,-0.252147,-0.117461,-0.112798,-0.310063,-0.244484,-0.159277,-0.370413,-0.363003,-0.202885,-0.328866,-0.393109,-0.075804,-0.451544,-0.550768,-0.157752,-0.510531,-0.675888,-0.214944,-0.550581,-0.79573,-0.252337,-0.240436,-0.469556,-0.082348,-0.249179,-0.390921,-0.214239,-0.185784,-0.217104,-0.246419,-0.13287,-0.122719,-0.238561,-0.144354,-0.490774,-0.09799,-0.147836,-0.386224,-0.20523,-0.104984,-0.234654,-0.178548,-0.071722,-0.158908,-0.132914,-0.045786,-0.484295,-0.122331,-0.062154,-0.432266,-0.183408,-0.045662,-0.308991,-0.156525,-0.025235,-0.24761,-0.116912,X
0.0,0.0,0.0,0.148145,0.042834,-0.066797,0.289052,0.005417,-0.112391,0.35408,-0.120626,-0.158473,0.392037,-0.244092,-0.202195,0.418486,-0.288759,-0.09595,0.549167,-0.434454,-0.173089,0.63965,-0.553026,-0.221232,0.711579,-0.656195,-0.251123,0.337774,-0.406048,-0.100072,0.324725,-0.315876,-0.219333,0.237909,-0.156176,-0.241729,0.170173,-0.02664,-0.230332,0.236378,-0.46255,-0.110325,0.212325,-0.329204,-0.206761,0.148287,-0.190677,-0.177921,0.098588,-0.087171,-0.133409,0.127267,-0.483983,-0.129638,0.128536,-0.391413,-0.184648,0.092846,-0.284471,-0.160178,0.062937,-0.21782,-0.12271,0.0,0.0,0.0,-0.1364,-0.013776,-0.059976,-0.264871,-0.104412,-0.101894,-0.323289,-0.23391,-0.145244,-0.384094,-0.349545,-0.186403,-0.344186,-0.378049,-0.070607,-0.46526,-0.544521,-0.146386,-0.528037,-0.670899,-0.198049,-0.572208,-0.78673,-0.231589,-0.257231,-0.462032,-0.077801,-0.266426,-0.37101,-0.203737,-0.198936,-0.203406,-0.233572,-0.139133,-0.102637,-0.225038,-0.161603,-0.491022,-0.092987,-0.163578,-0.374344,-0.197858,-0.116123,-0.226276,-0.173278,-0.076471,-0.139205,-0.129428,-0.062951,-0.491982,-0.116005,-0.078794,-0.427702,-0.178478,-0.057654,-0.302013,-0.154293,-0.031834,-0.230761,-0.116094,X
0.0,0.0,0.0,0.149665,0.041892,-0.06627,0.29252,-0.005362,-0.110187,0.358051,-0.139982,-0.154461,0.394613,-0.26189,-0.197089,0.416186,-0.279645,-0.096961,0.548599,-0.427445,-0.175472,0.639857,-0.549476,-0.224542,0.712155,-0.654213,-0.254639,0.336883,-0.401842,-0.099173,0.322061,-0.311148,-0.22527,0.230906,-0.147615,-0.248233,0.156106,-0.00961,-0.234408,0.238913,-0.462722,-0.107467,0.212918,-0.323749,-0.206646,0.146396,-0.180778,-0.177488,0.090941,-0.067,-0.130675,0.131071,-0.48858,-0.125027,0.130329,-0.384655,-0.182332,0.093815,-0.274021,-0.160247,0.062517,-0.19933,-0.123005,0.0,0.0,0.0,-0.140147,-0.015894,-0.057248,-0.27071,-0.109835,-0.097022,-0.32901,-0.238856,-0.139467,-0.384014,-0.357259,-0.179633,-0.340027,-0.386983,-0.062478,-0.459778,-0.551769,-0.136244,-0.51887,-0.680403,-0.187805,-0.55981,-0.79839,-0.221779,-0.25471,-0.466549,-0.07186,-0.265463,-0.384443,-0.196044,-0.199702,-0.218882,-0.227299,-0.141095,-0.120994,-0.220069,-0.16102,-0.493838,-0.089446,-0.167852,-0.383134,-0.191366,-0.121716,-0.239184,-0.167317,-0.08072,-0.158168,-0.124351,-0.062378,-0.493517,-0.115046,-0.083567,-0.436461,-0.174586,-0.064096,-0.317672,-0.150147,-0.037212,-0.250055,-0.112375,X
0.0,0.0,0.0,0.144264,0.044694,-0.071918,0.285128,0.001583,-0.119076,0.348031,-0.130256,-0.165852,0.393421,-0.251469,-0.210475,0.415508,-0.288643,-0.09824,0.550074,-0.431368,-0.177863,0.641176,-0.550446,-0.228439,0.711446,-0.652976,-0.259743,0.334713,-0.400917,-0.100328,0.321375,-0.322942,-0.228874,0.227027,-0.159128,-0.254979,0.152867,-0.024358,-0.243045,0.233708,-0.455811,-0.109132,0.211002,-0.340711,-0.214851,0.142383,-0.192074,-0.188164,0.089248,-0.078254,-0.141723,0.122901,-0.477043,-0.12683,0.128109,-0.405131,-0.191386,0.092252,-0.293905,-0.169535,0.062174,-0.218219,-0.131445,0.0,0.0,0.0,-0.135362,-0.012717,-0.064588,-0.261999,-0.095904,-0.109444,-0.321234,-0.216873,-0.155434,-0.378611,-0.334604,-0.198916,-0.343549,-0.37915,-0.071326,-0.456236,-0.545515,-0.150971,-0.510137,-0.677435,-0.20821,-0.546225,-0.800795,-0.245694,-0.255504,-0.46037,-0.077579,-0.266315,-0.37854,-0.20615,-0.198036,-0.208299,-0.240332,-0.136312,-0.108676,-0.23476,-0.159177,-0.488744,-0.092569,-0.165576,-0.381021,-0.199424,-0.118758,-0.230022,-0.176121,-0.07554,-0.14577,-0.13247,-0.061139,-0.488452,-0.115985,-0.080221,-0.430979,-0.179949,-0.059897,-0.306207,-0.156487,-0.031176,-0.236881,-0.118481,X
0.0,0.0,0.0,0.144398,0.045274,-0.075367,0.284812,0.005765,-0.123398,0.348677,-0.122295,-0.169808,0.39484,-0.238955,-0.21369,0.412409,-0.275835,-0.105736,0.547153,-0.423154,-0.187403,0.64135,-0.543944,-0.237718,0.714735,-0.64582,-0.268459,0.335959,-0.393984,-0.104845,0.322472,-0.315745,-0.233818,0.225407,-0.159253,-0.257974,0.149437,-0.028652,-0.244492,0.240398,-0.453647,-0.110961,0.211235,-0.3318,-0.217047,0.141587,-0.193569,-0.192243,0.088842,-0.08523,-0.146783,0.13589,-0.47976,-0.126363,0.133594,-0.39725,-0.192186,0.094964,-0.28897,-0.174287,0.064737,-0.214367,-0.138621,0.0,0.0,0.0,-0.135565,8.9e-05,-0.066843,-0.265976,-0.080948,-0.113936,-0.327437,-0.200787,-0.161051,-0.379061,-0.32407,-0.205415,-0.340538,-0.361158,-0.085966,-0.459168,-0.530035,-0.169224,-0.51589,-0.664868,-0.226527,-0.554136,-0.78939,-0.264189,-0.254239,-0.451483,-0.091711,-0.261763,-0.355539,-0.222936,-0.189673,-0.186773,-0.253074,-0.128674,-0.089048,-0.244289,-0.157825,-0.483366,-0.106002,-0.156579,-0.352187,-0.211287,-0.107113,-0.210723,-0.184905,-0.067158,-0.135991,-0.140158,-0.057915,-0.486696,-0.129286,-0.070807,-0.404905,-0.19131,-0.050607,-0.287026,-0.167843,-0.026585,-0.226826,-0.130472,X
0.0,0.0,0.0,0.141047,0.041502,-0.082958,0.281295,4e-05,-0.133735,0.349444,-0.126103,-0.181815,0.400147,-0.241891,-0.226152,0.412794,-0.2799,-0.106059,0.546909,-0.427007,-0.191317,0.638447,-0.545536,-0.243591,0.70953,-0.648703,-0.275231,0.334174,-0.396106,-0.102977,0.320018,-0.334989,-0.23944,0.22525,-0.168141,-0.266766,0.151538,-0.029047,-0.252688,0.23753,-0.457153,-0.108238,0.204123,-0.344781,-0.220744,0.13701,-0.195846,-0.197794,0.089053,-0.082862,-0.150914,0.131525,-0.486058,-0.123445,0.123069,-0.406108,-0.192558,0.087479,-0.290682,-0.176386,0.063937,-0.211238,-0.140865,0.0,0.0,0.0,-0.137057,-0.003267,-0.066469,-0.266577,-0.086295,-0.11122,-0.329688,-0.204376,-0.156336,-0.37883,-0.32598,-0.199037,-0.3444,-0.376112,-0.074947,-0.457508,-0.541077,-0.154886,-0.515267,-0.672351,-0.211193,-0.556191,-0.792941,-0.248788,-0.256947,-0.462298,-0.079667,-0.269922,-0.367694,-0.208952,-0.199646,-0.194669,-0.23998,-0.137879,-0.092812,-0.231915,-0.159763,-0.492437,-0.093521,-0.165139,-0.362108,-0.197998,-0.118913,-0.2178,-0.173909,-0.079004,-0.137867,-0.130723,-0.05917,-0.492639,-0.116253,-0.077612,-0.412402,-0.177981,-0.06062,-0.293014,-0.15648,-0.037811,-0.229364,-0.120782,X
0.0,0.0,0.0,0.137609,0.046455,-0.077256,0.278803,0.011856,-0.127742,0.346217,-0.11637,-0.176285,0.390453,-0.237946,-0.221929,0.410955,-0.279043,-0.107442,0.544793,-0.425562,-0.187889,0.640554,-0.54489,-0.237398,0.716385,-0.644073,-0.268258,0.335433,-0.399721,-0.106777,0.311463,-0.310242,-0.235769,0.218693,-0.15242,-0.261357,0.146535,-0.019862,-0.24942,0.238084,-0.460063,-0.112869,0.197585,-0.329231,-0.217806,0.134343,-0.190088,-0.193887,0.089354,-0.080697,-0.150142,0.131284,-0.485597,-0.12846,0.116513,-0.392471,-0.191853,0.082491,-0.283326,-0.174014,0.060366,-0.208962,-0.139299,0.0,0.0,0.0,-0.137718,-0.005455,-0.059291,-0.262352,-0.087127,-0.101739,-0.31658,-0.201617,-0.145898,-0.359604,-0.31834,-0.188537,-0.345245,-0.372209,-0.073061,-0.450593,-0.542667,-0.154292,-0.503768,-0.677038,-0.215422,-0.542136,-0.800012,-0.25704,-0.257208,-0.45818,-0.082289,-0.265178,-0.357739,-0.208523,-0.193556,-0.189451,-0.241286,-0.133097,-0.090691,-0.23675,-0.158203,-0.488923,-0.09983,-0.163359,-0.360513,-0.201353,-0.112583,-0.216345,-0.175658,-0.069363,-0.137468,-0.133111,-0.055399,-0.492197,-0.126017,-0.076745,-0.414089,-0.187,-0.055542,-0.294368,-0.162991,-0.028062,-0.234332,-0.126076,X
0.0,0.0,0.0,0.14028,0.046588,-0.079324,0.281736,0.012625,-0.130962,0.342914,-0.119109,-0.180829,0.390537,-0.238313,-0.228518,0.412021,-0.277642,-0.105915,0.546841,-0.424039,-0.187312,0.642639,-0.541397,-0.23841,0.719656,-0.639662,-0.270051,0.334882,-0.392006,-0.105,0.315187,-0.317947,-0.237481,0.220301,-0.156885,-0.266314,0.146812,-0.02038,-0.255128,0.237759,-0.452403,-0.111104,0.203768,-0.341111,-0.221676,0.135811,-0.194511,-0.199336,0.08698,-0.079662,-0.154416,0.13116,-0.483208,-0.12629,0.124066,-0.413722,-0.194913,0.086424,-0.300473,-0.17646,0.060127,-0.220874,-0.139788,0.0,0.0,0.0,-0.130942,-0.002181,-0.069654,-0.252768,-0.07486,-0.119611,-0.309173,-0.183789,-0.169325,-0.361959,-0.299493,-0.216867,-0.35043,-0.360657,-0.08618,-0.460278,-0.529896,-0.169451,-0.515167,-0.664886,-0.228183,-0.554912,-0.787841,-0.267168,-0.259124,-0.448776,-0.092129,-0.263097,-0.370337,-0.224635,-0.193009,-0.197357,-0.258867,-0.138393,-0.090777,-0.252661,-0.157182,-0.481804,-0.106586,-0.157242,-0.362012,-0.217201,-0.105586,-0.211744,-0.195457,-0.068402,-0.129487,-0.152627,-0.052911,-0.487738,-0.129401,-0.070479,-0.40614,-0.197052,-0.046975,-0.282311,-0.17557,-0.023071,-0.219055,-0.138883,X
0.0,0.0,0.0,0.138663,0.045892,-0.081545,0.274547,0.011498,-0.135536,0.333487,-0.119089,-0.187402,0.37532,-0.236504,-0.236886,0.410996,-0.272838,-0.110795,0.544786,-0.42334,-0.195434,0.638833,-0.542513,-0.248201,0.713593,-0.64205,-0.28028,0.335515,-0.393568,-0.108269,0.306138,-0.324293,-0.243573,0.209969,-0.163824,-0.272421,0.137722,-0.027059,-0.260008,0.240327,-0.458204,-0.112868,0.193936,-0.343281,-0.224389,0.1274,-0.197867,-0.203097,0.080136,-0.081955,-0.158256,0.136399,-0.489975,-0.127021,0.115514,-0.405986,-0.196731,0.077018,-0.287913,-0.18076,0.052872,-0.204243,-0.145009,0.0,0.0,0.0,-0.134412,-0.007007,-0.058511,-0.252767,-0.084872,-0.103062,-0.303837,-0.200873,-0.150068,-0.343323,-0.313792,-0.195893,-0.345295,-0.363654,-0.07187,-0.456553,-0.536141,-0.150534,-0.512686,-0.673067,-0.209018,-0.553993,-0.794487,-0.24876,-0.257503,-0.448717,-0.081901,-0.26226,-0.362028,-0.206905,-0.189815,-0.198252,-0.240067,-0.132362,-0.092974,-0.235766,-0.158373,-0.481025,-0.099641,-0.162072,-0.361213,-0.201017,-0.111001,-0.217571,-0.176631,-0.071056,-0.127858,-0.134795,-0.056576,-0.485219,-0.125688,-0.073798,-0.406891,-0.187053,-0.05104,-0.288299,-0.163679,-0.025357,-0.220319,-0.127021,X
0.0,0.0,0.0,0.140315,0.04203,-0.076796,0.278579,0.002815,-0.126864,0.339195,-0.128615,-0.175962,0.378383,-0.247995,-0.223202,0.413177,-0.278178,-0.103258,0.547752,-0.423998,-0.183699,0.644816,-0.5412,-0.23494,0.722465,-0.638121,-0.266169,0.339045,-0.395291,-0.102567,0.305124,-0.321099,-0.233122,0.20976,-0.164692,-0.262057,0.137511,-0.029206,-0.250743,0.243193,-0.45722,-0.1086,0.197356,-0.342929,-0.215784,0.129591,-0.203179,-0.194731,0.081426,-0.090222,-0.150752,0.138394,-0.488637,-0.123847,0.126538,-0.422542,-0.188748,0.090037,-0.317689,-0.17015,0.063879,-0.24139,-0.133369,0.0,0.0,0.0,-0.132465,-0.003022,-0.063905,-0.252652,-0.085342,-0.112284,-0.306301,-0.205334,-0.161977,-0.353162,-0.323042,-0.209976,-0.352288,-0.357814,-0.080708,-0.456391,-0.532518,-0.163631,-0.502613,-0.673142,-0.22418,-0.535904,-0.801477,-0.265406,-0.260319,-0.446378,-0.089593,-0.256077,-0.372271,-0.217213,-0.189098,-0.201348,-0.250448,-0.139901,-0.0965,-0.246925,-0.156361,-0.481586,-0.106846,-0.156261,-0.375874,-0.210515,-0.108802,-0.228711,-0.184488,-0.075559,-0.149011,-0.142382,-0.050968,-0.490826,-0.132607,-0.070027,-0.426211,-0.194282,-0.048806,-0.306891,-0.168928,-0.026217,-0.247894,-0.132022,X
0.0,0.0,0.0,0.141246,0.046508,-0.073953,0.284391,0.013741,-0.122741,0.340534,-0.11801,-0.169342,0.363923,-0.243469,-0.214684,0.418077,-0.266228,-0.108143,0.555618,-0.415821,-0.187344,0.649389,-0.533192,-0.236735,0.726123,-0.633417,-0.267447,0.341238,-0.382987,-0.107417,0.309865,-0.332531,-0.234302,0.212132,-0.172788,-0.259591,0.142335,-0.033144,-0.24731,0.243351,-0.447552,-0.112387,0.20076,-0.358239,-0.215651,0.134995,-0.213092,-0.190436,0.089229,-0.095501,-0.145888,0.136587,-0.480961,-0.126056,0.123134,-0.427112,-0.189916,0.083417,-0.309617,-0.168629,0.0582,-0.223403,-0.130972,0.0,0.0,0.0,-0.126635,0.00014,-0.061371,-0.245568,-0.07819,-0.110161,-0.291118,-0.200304,-0.1607,-0.324879,-0.323054,-0.210064,-0.346083,-0.360999,-0.082657,-0.451584,-0.532787,-0.165927,-0.501495,-0.670719,-0.228246,-0.536823,-0.798871,-0.27134,-0.255789,-0.445576,-0.093014,-0.24977,-0.367573,-0.217913,-0.183548,-0.201433,-0.251563,-0.133352,-0.103659,-0.249603,-0.153198,-0.474631,-0.111089,-0.152823,-0.365271,-0.211996,-0.109522,-0.21601,-0.186102,-0.077274,-0.137503,-0.145053,-0.049656,-0.478094,-0.13751,-0.070955,-0.418327,-0.198677,-0.052037,-0.300185,-0.173187,-0.030094,-0.242066,-0.136347,X
0.0,0.0,0.0,0.140036,0.054728,-0.071807,0.282546,0.028177,-0.120871,0.338776,-0.111725,-0.168427,0.360092,-0.24232,-0.215194,0.426774,-0.255084,-0.108055,0.563194,-0.407171,-0.185264,0.659072,-0.524359,-0.234262,0.739296,-0.619084,-0.26491,0.353229,-0.379623,-0.107437,0.306458,-0.302281,-0.233045,0.207875,-0.150379,-0.259891,0.135525,-0.012905,-0.249099,0.255619,-0.447651,-0.111731,0.198677,-0.336608,-0.212707,0.134765,-0.196134,-0.190325,0.087097,-0.076189,-0.148577,0.148146,-0.484078,-0.124881,0.121509,-0.40778,-0.189241,0.085164,-0.286864,-0.171984,0.062417,-0.194898,-0.136788,0.0,0.0,0.0,-0.123023,0.004958,-0.058891,-0.241082,-0.071803,-0.104613,-0.286371,-0.192764,-0.152269,-0.31641,-0.318786,-0.198352,-0.353193,-0.356238,-0.076422,-0.457894,-0.533505,-0.15253,-0.510841,-0.673756,-0.207873,-0.547611,-0.799691,-0.246204,-0.264962,-0.447876,-0.086027,-0.2453,-0.369894,-0.206762,-0.179722,-0.202559,-0.238156,-0.130858,-0.098921,-0.234121,-0.16246,-0.481599,-0.102764,-0.149102,-0.371684,-0.19928,-0.107559,-0.226565,-0.173736,-0.079464,-0.148331,-0.133645,-0.059264,-0.486983,-0.127697,-0.064568,-0.415819,-0.183356,-0.046633,-0.2985,-0.157379,-0.029674,-0.240125,-0.120911,X
0.0,0.0,0.0,0.142641,0.049737,-0.067478,0.282552,0.018699,-0.115143,0.332198,-0.117677,-0.162282,0.346758,-0.247079,-0.207994,0.422423,-0.258976,-0.104842,0.560181,-0.407717,-0.183911,0.658821,-0.522964,-0.234132,0.740644,-0.617192,-0.265556,0.346639,-0.377448,-0.107204,0.31177,-0.307221,-0.231297,0.212774,-0.154701,-0.25558,0.140197,-0.022235,-0.244332,0.247885,-0.44312,-0.114808,0.204452,-0.336862,-0.213984,0.138322,-0.198711,-0.18687,0.091002,-0.089326,-0.143101,0.139204,-0.478948,-0.130943,0.129375,-0.415643,-0.189093,0.092854,-0.310407,-0.165173,0.068912,-0.23713,-0.127577,0.0,0.0,0.0,-0.121959,0.00713,-0.057251,-0.243153,-0.062888,-0.10269,-0.281824,-0.191698,-0.150993,-0.291522,-0.321956,-0.198154,-0.349996,-0.353185,-0.074922,-0.456039,-0.534811,-0.14767,-0.512555,-0.674383,-0.200691,-0.553543,-0.797943,-0.23849,-0.263496,-0.444193,-0.085089,-0.245055,-0.360088,-0.204352,-0.181452,-0.196265,-0.234998,-0.130517,-0.091537,-0.230813,-0.164392,-0.477175,-0.101894,-0.148782,-0.360593,-0.194695,-0.108328,-0.220639,-0.168953,-0.078337,-0.140547,-0.129941,-0.064926,-0.481337,-0.127301,-0.063142,-0.395007,-0.180446,-0.04593,-0.279773,-0.156166,-0.028505,-0.221854,-0.121533,X
0.0,0.0,0.0,0.148588,0.0455,-0.058948,0.28578,0.008157,-0.103322,0.342411,-0.121291,-0.148102,0.352195,-0.246541,-0.191638,0.425803,-0.264753,-0.105662,0.560839,-0.413824,-0.183584,0.658621,-0.528256,-0.231243,0.737739,-0.622805,-0.260491,0.354611,-0.392383,-0.10978,0.303848,-0.292795,-0.22823,0.209134,-0.141978,-0.247099,0.138612,-0.009194,-0.233644,0.257892,-0.459099,-0.11808,0.193772,-0.308838,-0.20932,0.134821,-0.177287,-0.181605,0.090489,-0.06973,-0.140061,0.150486,-0.491378,-0.135037,0.113249,-0.376695,-0.188573,0.076026,-0.262401,-0.168256,0.05461,-0.183413,-0.133967,0.0,0.0,0.0,-0.116808,0.009015,-0.056024,-0.23753,-0.054178,-0.102694,-0.280384,-0.173298,-0.152226,-0.301387,-0.299006,-0.200583,-0.347949,-0.342435,-0.081191,-0.459804,-0.52813,-0.153411,-0.520992,-0.666658,-0.204731,-0.568607,-0.786404,-0.241361,-0.26203,-0.430251,-0.09262,-0.251681,-0.347884,-0.210003,-0.185867,-0.196026,-0.240003,-0.134927,-0.09978,-0.23631,-0.162781,-0.462968,-0.109974,-0.156657,-0.352921,-0.203568,-0.110509,-0.22267,-0.178307,-0.077608,-0.148242,-0.139601,-0.061399,-0.470772,-0.135129,-0.073105,-0.397454,-0.190196,-0.049186,-0.288832,-0.165153,-0.025477,-0.234745,-0.129767,X
0.0,0.0,0.0,0.141645,0.054228,-0.06408,0.280844,0.029226,-0.111923,0.327898,-0.10366,-0.159876,0.342629,-0.228118,-0.206996,0.420472,-0.255931,-0.103601,0.56183,-0.412297,-0.177287,0.66003,-0.52881,-0.223315,0.741643,-0.621526,-0.252331,0.341617,-0.369537,-0.107971,0.3114,-0.297464,-0.227046,0.211225,-0.147827,-0.250902,0.136972,-0.020107,-0.240965,0.238351,-0.428604,-0.116242,0.206258,-0.335831,-0.21276,0.14276,-0.200129,-0.185268,0.09402,-0.09347,-0.142422,0.125594,-0.45894,-0.131977,0.128556,-0.417883,-0.188974,0.095727,-0.314879,-0.16196,0.068703,-0.242924,-0.122501,0.0,0.0,0.0,-0.11747,0.008854,-0.057455,-0.240467,-0.054461,-0.104277,-0.275177,-0.180219,-0.153782,-0.2827,-0.30867,-0.202664,-0.343951,-0.346342,-0.082015,-0.455165,-0.52323,-0.155931,-0.517915,-0.661965,-0.210177,-0.567926,-0.784268,-0.249768,-0.257985,-0.435564,-0.093846,-0.240474,-0.346398,-0.211807,-0.175862,-0.19122,-0.242443,-0.128196,-0.098086,-0.240233,-0.158951,-0.465339,-0.111921,-0.144417,-0.351653,-0.204056,-0.10124,-0.217853,-0.175894,-0.07443,-0.149161,-0.137103,-0.059217,-0.466948,-0.138723,-0.05996,-0.385427,-0.191874,-0.038521,-0.272058,-0.164954,-0.019869,-0.221624,-0.129671,X
0.0,0.0,0.0,0.135415,0.058984,-0.076791,0.267378,0.041028,-0.131148,0.313665,-0.087835,-0.183744,0.332457,-0.210477,-0.234563,0.423636,-0.246674,-0.10602,0.566374,-0.403698,-0.185066,0.662813,-0.517549,-0.237134,0.741512,-0.613743,-0.27107,0.343016,-0.353048,-0.106534,0.331828,-0.323091,-0.23149,0.233034,-0.168768,-0.259715,0.16087,-0.03922,-0.252102,0.242882,-0.413736,-0.11331,0.225643,-0.357347,-0.214845,0.163317,-0.218117,-0.189284,0.115433,-0.110474,-0.147424,0.133052,-0.446935,-0.128618,0.141705,-0.423031,-0.190697,0.10888,-0.319707,-0.1667,0.083628,-0.248886,-0.129644,0.0,0.0,0.0,-0.112563,0.010307,-0.059275,-0.23738,-0.054047,-0.1065,-0.270758,-0.179506,-0.155255,-0.262077,-0.306979,-0.202736,-0.340909,-0.339498,-0.087204,-0.452233,-0.525905,-0.161004,-0.511403,-0.666292,-0.215028,-0.557692,-0.790098,-0.254411,-0.255682,-0.426622,-0.096384,-0.235402,-0.356131,-0.217248,-0.17286,-0.199081,-0.249698,-0.12975,-0.095193,-0.247922,-0.158241,-0.460199,-0.111254,-0.13771,-0.372183,-0.206048,-0.097978,-0.235874,-0.181214,-0.076987,-0.155169,-0.143547,-0.062043,-0.466958,-0.134421,-0.052374,-0.414449,-0.191442,-0.032604,-0.296522,-0.167803,-0.019643,-0.234203,-0.133981,X
0.0,0.0,0.0,0.133948,0.064032,-0.076769,0.272069,0.042642,-0.129242,0.324886,-0.0899,-0.17925,0.349991,-0.212995,-0.227172,0.42338,-0.24949,-0.10567,0.570076,-0.404721,-0.183637,0.66893,-0.513897,-0.232906,0.749951,-0.606007,-0.265195,0.341636,-0.358024,-0.106241,0.337682,-0.327543,-0.231776,0.236998,-0.171908,-0.258474,0.16074,-0.047375,-0.249798,0.240327,-0.418766,-0.113043,0.231716,-0.36529,-0.217527,0.169172,-0.22516,-0.192019,0.119832,-0.12337,-0.149887,0.128597,-0.451249,-0.127947,0.146395,-0.426215,-0.194597,0.113477,-0.31601,-0.172368,0.086624,-0.245503,-0.136303,0.0,0.0,0.0,-0.121886,-0.002961,-0.056091,-0.243778,-0.082229,-0.101277,-0.277249,-0.217872,-0.149194,-0.266932,-0.346899,-0.195517,-0.340741,-0.353228,-0.082023,-0.454403,-0.534189,-0.155315,-0.512589,-0.672494,-0.206672,-0.558146,-0.793421,-0.242809,-0.256635,-0.446629,-0.092063,-0.235118,-0.355155,-0.211111,-0.176705,-0.206362,-0.243309,-0.136405,-0.108852,-0.240601,-0.15956,-0.482199,-0.107517,-0.133304,-0.362237,-0.199103,-0.094062,-0.237304,-0.17586,-0.074587,-0.163613,-0.139017,-0.063935,-0.487902,-0.131625,-0.047655,-0.406004,-0.183187,-0.028004,-0.294006,-0.159771,-0.014492,-0.236042,-0.126003,X
0.0,0.0,0.0,0.131299,0.061756,-0.07684,0.266887,0.041768,-0.130259,0.320179,-0.085571,-0.181877,0.356327,-0.198743,-0.232156,0.421427,-0.248876,-0.102474,0.567216,-0.408052,-0.181523,0.664384,-0.520266,-0.232282,0.742671,-0.615024,-0.264926,0.335497,-0.347502,-0.104102,0.342835,-0.343017,-0.23326,0.244369,-0.181786,-0.263002,0.168419,-0.049424,-0.254584,0.234534,-0.405549,-0.112032,0.233163,-0.372235,-0.22115,0.168852,-0.221276,-0.195579,0.116355,-0.108839,-0.150977,0.122086,-0.437921,-0.127686,0.145315,-0.434689,-0.197131,0.111015,-0.317192,-0.172513,0.080698,-0.236832,-0.133398,0.0,0.0,0.0,-0.114511,0.003926,-0.0528,-0.232033,-0.0627,-0.098512,-0.260742,-0.186868,-0.147551,-0.258562,-0.309969,-0.196143,-0.336104,-0.351105,-0.084038,-0.445423,-0.53474,-0.156878,-0.502305,-0.676274,-0.20874,-0.545645,-0.801188,-0.2457,-0.250729,-0.436904,-0.096308,-0.228035,-0.36317,-0.213909,-0.16558,-0.208638,-0.24399,-0.118083,-0.099109,-0.240644,-0.153828,-0.46651,-0.113625,-0.131125,-0.357234,-0.205349,-0.090885,-0.218536,-0.179939,-0.06551,-0.129401,-0.142118,-0.056898,-0.467461,-0.138879,-0.048538,-0.389335,-0.193404,-0.030239,-0.268682,-0.169767,-0.015875,-0.197721,-0.136218,X
0.0,0.0,0.0,0.137954,0.059765,-0.072558,0.268474,0.04235,-0.125798,0.321904,-0.075815,-0.178737,0.353865,-0.195234,-0.229839,0.422665,-0.258857,-0.108976,0.563859,-0.408973,-0.189374,0.661866,-0.520665,-0.240484,0.74258,-0.611826,-0.272477,0.344083,-0.372433,-0.112391,0.319298,-0.304297,-0.241094,0.216564,-0.148238,-0.268974,0.138406,-0.018389,-0.259725,0.240723,-0.431136,-0.121392,0.21112,-0.334832,-0.226345,0.144595,-0.195743,-0.201006,0.093982,-0.087617,-0.157195,0.128052,-0.459337,-0.138726,0.134908,-0.413668,-0.201525,0.103057,-0.313053,-0.177558,0.076454,-0.242888,-0.139134,0.0,0.0,0.0,-0.11911,-0.000524,-0.049335,-0.239023,-0.079628,-0.09012,-0.267313,-0.209409,-0.135272,-0.258983,-0.328241,-0.179973,-0.340185,-0.35926,-0.072298,-0.444248,-0.545456,-0.140828,-0.502709,-0.685162,-0.189347,-0.549341,-0.804926,-0.224318,-0.251409,-0.443177,-0.085513,-0.235035,-0.362406,-0.204062,-0.17273,-0.203781,-0.235026,-0.123571,-0.092581,-0.230188,-0.151371,-0.472654,-0.103856,-0.135071,-0.362209,-0.196309,-0.093754,-0.228706,-0.173674,-0.066819,-0.145118,-0.135848,-0.051193,-0.474678,-0.129662,-0.048417,-0.403207,-0.183598,-0.0281,-0.292515,-0.161265,-0.010067,-0.233445,-0.127811,X
0.0,0.0,0.0,0.139569,0.057218,-0.070784,0.27084,0.032542,-0.121928,0.321073,-0.092143,-0.172658,0.36368,-0.2025,-0.22128,0.424789,-0.265024,-0.104805,0.564046,-0.41383,-0.184451,0.66016,-0.524212,-0.233977,0.740146,-0.618076,-0.264888,0.345805,-0.378783,-0.107643,0.317002,-0.316017,-0.235906,0.217614,-0.153906,-0.262836,0.143572,-0.01826,-0.251999,0.244871,-0.440006,-0.116097,0.208292,-0.337395,-0.220393,0.144305,-0.1892,-0.195031,0.096211,-0.077193,-0.150736,0.132656,-0.470231,-0.132888,0.125994,-0.405129,-0.196063,0.0932,-0.292245,-0.17427,0.070879,-0.217549,-0.136809,0.0,0.0,0.0,-0.117856,0.003915,-0.051631,-0.236553,-0.067337,-0.09733,-0.267499,-0.190021,-0.147115,-0.267421,-0.314008,-0.19589,-0.343192,-0.360775,-0.073886,-0.450561,-0.542981,-0.146131,-0.508851,-0.678721,-0.198062,-0.554237,-0.798356,-0.235477,-0.254232,-0.440213,-0.088485,-0.239958,-0.369607,-0.203711,-0.183351,-0.210366,-0.233391,-0.138758,-0.111992,-0.230216,-0.15435,-0.464131,-0.109021,-0.143382,-0.362395,-0.198629,-0.10471,-0.223724,-0.170557,-0.077608,-0.150325,-0.131582,-0.053042,-0.461355,-0.137588,-0.057792,-0.39096,-0.187644,-0.040622,-0.275343,-0.159869,-0.024059,-0.220921,-0.124347,X
0.0,0.0,0.0,0.136836,0.048559,-0.067489,0.263622,0.024177,-0.11949,0.316112,-0.090435,-0.171823,0.352614,-0.202309,-0.222523,0.421185,-0.258201,-0.112203,0.556176,-0.405718,-0.193572,0.655223,-0.519189,-0.245088,0.738675,-0.614431,-0.27719,0.350113,-0.385839,-0.115859,0.299137,-0.295159,-0.242527,0.19882,-0.142886,-0.2685,0.125241,-0.009227,-0.257435,0.253272,-0.452939,-0.124082,0.187685,-0.316674,-0.223489,0.12511,-0.180381,-0.199194,0.079826,-0.069186,-0.156929,0.146647,-0.484227,-0.141339,0.112205,-0.388672,-0.201232,0.077681,-0.273579,-0.181734,0.057878,-0.189973,-0.145784,0.0,0.0,0.0,-0.117879,-0.000831,-0.052497,-0.233419,-0.066374,-0.101171,-0.257235,-0.182173,-0.154061,-0.240311,-0.300258,-0.205679,-0.34004,-0.354644,-0.082266,-0.446805,-0.539693,-0.157409,-0.505941,-0.673647,-0.21139,-0.553872,-0.793823,-0.251138,-0.251984,-0.441465,-0.096872,-0.235069,-0.354461,-0.213346,-0.184371,-0.200523,-0.244561,-0.148601,-0.112997,-0.243844,-0.15176,-0.468518,-0.117066,-0.134387,-0.348608,-0.203347,-0.10211,-0.224889,-0.177067,-0.085748,-0.167419,-0.141838,-0.050332,-0.468267,-0.145923,-0.045157,-0.385002,-0.19303,-0.032662,-0.278289,-0.167039,-0.023301,-0.231871,-0.13419,X
0.0,0.0,0.0,0.128659,0.050502,-0.085221,0.256217,0.023769,-0.142131,0.304831,-0.091287,-0.196551,0.341205,-0.210269,-0.24967,0.405091,-0.257204,-0.109527,0.555247,-0.409512,-0.193152,0.656192,-0.519145,-0.245289,0.740895,-0.611806,-0.277072,0.322157,-0.357237,-0.108225,0.318678,-0.352886,-0.247992,0.21481,-0.185049,-0.28126,0.141375,-0.04341,-0.270299,0.222631,-0.416129,-0.114054,0.208692,-0.380428,-0.237885,0.135173,-0.215524,-0.218539,0.085481,-0.091188,-0.170938,0.115034,-0.449036,-0.12741,0.130999,-0.459844,-0.208979,0.09336,-0.336688,-0.188687,0.06609,-0.242889,-0.147638,0.0,0.0,0.0,-0.113103,-0.000895,-0.057959,-0.223861,-0.069964,-0.109391,-0.250065,-0.182395,-0.164163,-0.239724,-0.302584,-0.216585,-0.347513,-0.355007,-0.082687,-0.453664,-0.540442,-0.157511,-0.509812,-0.673323,-0.211212,-0.556012,-0.792413,-0.250864,-0.256277,-0.433912,-0.096099,-0.237313,-0.362967,-0.214525,-0.187163,-0.211025,-0.248708,-0.161881,-0.124989,-0.250158,-0.151635,-0.460424,-0.115575,-0.133972,-0.362634,-0.205381,-0.099486,-0.23654,-0.180229,-0.089637,-0.179674,-0.14516,-0.045848,-0.460958,-0.143714,-0.042529,-0.402886,-0.192945,-0.029657,-0.291309,-0.165371,-0.025026,-0.238923,-0.131163,X
0.0,0.0,0.0,0.128409,0.050092,-0.086427,0.248773,0.02541,-0.146121,0.294761,-0.092233,-0.203002,0.33407,-0.209507,-0.257866,0.410755,-0.252042,-0.113664,0.560375,-0.404477,-0.201891,0.660225,-0.512646,-0.256277,0.743266,-0.603402,-0.288897,0.329025,-0.360366,-0.11151,0.323809,-0.353481,-0.254736,0.216473,-0.191089,-0.287522,0.142726,-0.050453,-0.274484,0.231407,-0.425094,-0.116873,0.205322,-0.368686,-0.241081,0.129581,-0.209425,-0.220989,0.082876,-0.088168,-0.172144,0.125995,-0.459983,-0.130314,0.119937,-0.431367,-0.209729,0.078146,-0.305079,-0.190608,0.055902,-0.214805,-0.149947,0.0,0.0,0.0,-0.120498,-0.002192,-0.053287,-0.231811,-0.063096,-0.105587,-0.249802,-0.171508,-0.162463,-0.236135,-0.290567,-0.217079,-0.349395,-0.361144,-0.083575,-0.457493,-0.537727,-0.16174,-0.513882,-0.666864,-0.218526,-0.560584,-0.786166,-0.260169,-0.26024,-0.437595,-0.099879,-0.243138,-0.361147,-0.217562,-0.201887,-0.216694,-0.253742,-0.181389,-0.145663,-0.257207,-0.157121,-0.460778,-0.121662,-0.136161,-0.3434,-0.208799,-0.108137,-0.221637,-0.185726,-0.101556,-0.17819,-0.152501,-0.051755,-0.459836,-0.15217,-0.046177,-0.379213,-0.199324,-0.038577,-0.273918,-0.173896,-0.039485,-0.233894,-0.14116,X
0.0,0.0,0.0,0.135808,0.04737,-0.07674,0.264175,0.019239,-0.130185,0.31,-0.107922,-0.182257,0.334704,-0.233282,-0.232971,0.419744,-0.254231,-0.110687,0.566915,-0.400894,-0.191948,0.66769,-0.510783,-0.242556,0.75069,-0.601416,-0.273429,0.341252,-0.371739,-0.110651,0.310556,-0.332014,-0.243003,0.211977,-0.177262,-0.273171,0.141489,-0.034717,-0.262462,0.242608,-0.438262,-0.116355,0.198154,-0.353114,-0.225753,0.132185,-0.204265,-0.205436,0.086777,-0.080544,-0.162015,0.135957,-0.472489,-0.130644,0.116119,-0.419152,-0.19912,0.080575,-0.299253,-0.181254,0.061019,-0.20551,-0.144566,0.0,0.0,0.0,-0.117263,-0.001782,-0.055616,-0.229039,-0.065115,-0.106938,-0.246361,-0.182705,-0.162506,-0.229439,-0.302426,-0.2165,-0.3498,-0.359663,-0.080791,-0.461386,-0.536336,-0.154144,-0.522931,-0.665613,-0.208489,-0.573698,-0.78057,-0.248155,-0.261283,-0.439183,-0.094898,-0.241715,-0.39087,-0.2126,-0.196047,-0.235074,-0.249862,-0.168727,-0.128107,-0.25206,-0.157501,-0.466215,-0.114257,-0.13428,-0.379265,-0.202693,-0.105726,-0.246291,-0.182894,-0.094919,-0.1655,-0.149835,-0.051439,-0.466149,-0.141852,-0.042473,-0.419885,-0.189728,-0.034954,-0.312051,-0.165605,-0.032625,-0.246355,-0.13324,X
0.0,0.0,0.0,0.14045,0.047243,-0.06644,0.275291,0.016879,-0.114756,0.324242,-0.111219,-0.16329,0.346627,-0.232118,-0.20987,0.423442,-0.263263,-0.102979,0.572005,-0.403941,-0.180102,0.676997,-0.510874,-0.227625,0.7635,-0.592555,-0.256799,0.347269,-0.386336,-0.106049,0.313542,-0.307976,-0.229834,0.217186,-0.159242,-0.255455,0.145229,-0.025303,-0.244732,0.247175,-0.451921,-0.114077,0.204767,-0.33806,-0.213476,0.142989,-0.202255,-0.190213,0.099049,-0.091439,-0.148387,0.138183,-0.48441,-0.13016,0.125886,-0.41624,-0.188543,0.094057,-0.312234,-0.167437,0.074077,-0.238108,-0.131022,0.0,0.0,0.0,-0.116201,-0.004522,-0.059613,-0.228666,-0.076077,-0.110299,-0.246126,-0.202028,-0.163604,-0.236094,-0.326538,-0.214053,-0.352524,-0.372045,-0.080093,-0.463695,-0.544655,-0.154148,-0.524239,-0.668776,-0.208078,-0.573397,-0.780894,-0.247832,-0.259141,-0.448193,-0.092905,-0.233834,-0.394469,-0.210471,-0.191075,-0.244668,-0.2472,-0.169554,-0.155925,-0.250131,-0.151984,-0.472296,-0.111986,-0.121984,-0.376078,-0.199588,-0.096842,-0.245741,-0.17806,-0.092947,-0.184898,-0.145754,-0.044928,-0.467754,-0.140334,-0.026873,-0.400065,-0.18834,-0.02025,-0.285788,-0.164606,-0.022867,-0.232223,-0.133373,X
0.0,0.0,0.0,0.145281,0.04579,-0.060755,0.278876,0.010538,-0.106906,0.324989,-0.121109,-0.154145,0.346631,-0.238376,-0.200375,0.419576,-0.26501,-0.101895,0.568466,-0.405654,-0.177356,0.675501,-0.5119,-0.224343,0.763078,-0.594426,-0.253712,0.343416,-0.388174,-0.106733,0.312562,-0.301996,-0.225575,0.218516,-0.156785,-0.249055,0.145899,-0.023923,-0.239279,0.243842,-0.451872,-0.115774,0.203789,-0.33023,-0.210043,0.145665,-0.198686,-0.184914,0.099447,-0.08639,-0.14464,0.134597,-0.481318,-0.132858,0.120447,-0.397775,-0.190206,0.090473,-0.284923,-0.169837,0.0689,-0.20051,-0.135015,0.0,0.0,0.0,-0.124134,-0.010498,-0.06051,-0.242177,-0.08567,-0.111326,-0.265647,-0.215925,-0.164439,-0.246909,-0.348074,-0.214482,-0.356497,-0.366802,-0.086694,-0.468232,-0.543176,-0.164888,-0.528048,-0.667508,-0.217731,-0.574655,-0.777843,-0.254425,-0.267286,-0.455957,-0.096441,-0.239292,-0.385841,-0.225254,-0.178468,-0.217307,-0.258704,-0.134034,-0.104853,-0.25314,-0.164628,-0.488843,-0.112283,-0.129668,-0.370458,-0.211648,-0.092362,-0.225288,-0.188705,-0.073474,-0.144901,-0.148443,-0.062477,-0.49376,-0.136765,-0.040606,-0.417401,-0.192276,-0.026942,-0.301284,-0.169743,-0.020094,-0.242935,-0.135131,X
0.0,0.0,0.0,0.138989,0.053109,-0.069358,0.27536,0.022413,-0.119289,0.324149,-0.114018,-0.167933,0.347349,-0.231965,-0.214222,0.412114,-0.264182,-0.107438,0.564834,-0.413198,-0.184347,0.67035,-0.518856,-0.232128,0.755155,-0.600523,-0.262894,0.330124,-0.379014,-0.108965,0.316064,-0.304805,-0.228253,0.222534,-0.15411,-0.250068,0.151557,-0.032944,-0.241015,0.226774,-0.43546,-0.115902,0.210762,-0.342982,-0.211466,0.155277,-0.214516,-0.182568,0.111021,-0.11906,-0.141743,0.113245,-0.45973,-0.131052,0.123745,-0.412878,-0.191005,0.097161,-0.313702,-0.167701,0.073748,-0.250551,-0.132357,0.0,0.0,0.0,-0.116045,0.000725,-0.063149,-0.232477,-0.068919,-0.11501,-0.255711,-0.202565,-0.168525,-0.252531,-0.337994,-0.21854,-0.357293,-0.364052,-0.086912,-0.469291,-0.536499,-0.164949,-0.527678,-0.663829,-0.216999,-0.569989,-0.781615,-0.25336,-0.269723,-0.454836,-0.096779,-0.240963,-0.393904,-0.221008,-0.186963,-0.231558,-0.254615,-0.148726,-0.130845,-0.250396,-0.167398,-0.487216,-0.113143,-0.128602,-0.354958,-0.211358,-0.091294,-0.207377,-0.189317,-0.071464,-0.138912,-0.150249,-0.062968,-0.491333,-0.138306,-0.043546,-0.398432,-0.193604,-0.028207,-0.282167,-0.171825,-0.020433,-0.23432,-0.138336,X
0.0,0.0,0.0,0.142212,0.040925,-0.068251,0.271819,0.002621,-0.120178,0.323101,-0.126567,-0.171874,0.356603,-0.237945,-0.22125,0.411877,-0.293715,-0.102474,0.554608,-0.433913,-0.180458,0.65591,-0.538793,-0.230557,0.738557,-0.620808,-0.262927,0.328283,-0.406064,-0.106357,0.317334,-0.324102,-0.225806,0.227246,-0.171815,-0.249632,0.156978,-0.046737,-0.241803,0.22226,-0.457589,-0.116074,0.210855,-0.347246,-0.214515,0.155006,-0.216163,-0.187743,0.109184,-0.116306,-0.14711,0.107196,-0.473744,-0.133843,0.123953,-0.408382,-0.19603,0.096879,-0.304702,-0.173837,0.070363,-0.239523,-0.138544,0.0,0.0,0.0,-0.126527,-0.002532,-0.062491,-0.245656,-0.070891,-0.115522,-0.265155,-0.198983,-0.170634,-0.242791,-0.329201,-0.222713,-0.35829,-0.360687,-0.083048,-0.474032,-0.537034,-0.160548,-0.533027,-0.662989,-0.213161,-0.577807,-0.776732,-0.250651,-0.264195,-0.440878,-0.094843,-0.251753,-0.418177,-0.221008,-0.195555,-0.260291,-0.255266,-0.158537,-0.153919,-0.251603,-0.158778,-0.471351,-0.113596,-0.139896,-0.388642,-0.213408,-0.10176,-0.244155,-0.190996,-0.085039,-0.16839,-0.151558,-0.053019,-0.474829,-0.140679,-0.047436,-0.424978,-0.195473,-0.033467,-0.311495,-0.171396,-0.028172,-0.257825,-0.137166,X
0.0,0.0,0.0,0.147169,0.041616,-0.067733,0.27614,-0.003517,-0.117192,0.328047,-0.132647,-0.167262,0.35898,-0.246403,-0.215553,0.41405,-0.299041,-0.096916,0.552292,-0.439809,-0.172628,0.650645,-0.549059,-0.221431,0.729125,-0.636101,-0.252494,0.33066,-0.410246,-0.100045,0.31675,-0.32623,-0.216803,0.234055,-0.1704,-0.241113,0.166731,-0.03655,-0.233415,0.225737,-0.460366,-0.109141,0.212221,-0.338649,-0.2041,0.159432,-0.20286,-0.17822,0.112273,-0.092601,-0.138041,0.111047,-0.476656,-0.126926,0.124401,-0.398985,-0.185808,0.099579,-0.291648,-0.164874,0.072755,-0.217468,-0.130584,0.0,0.0,0.0,-0.114844,0.004023,-0.064526,-0.230712,-0.059844,-0.117634,-0.251608,-0.186085,-0.171937,-0.239754,-0.318246,-0.2226,-0.352917,-0.360602,-0.089157,-0.464095,-0.537686,-0.16727,-0.520175,-0.667829,-0.219658,-0.563325,-0.784976,-0.257832,-0.263144,-0.45134,-0.098614,-0.243188,-0.392502,-0.220093,-0.191125,-0.238578,-0.251733,-0.158664,-0.149787,-0.248901,-0.159748,-0.484221,-0.115002,-0.130787,-0.355255,-0.207325,-0.096354,-0.214587,-0.181852,-0.084437,-0.15682,-0.144438,-0.053783,-0.489053,-0.140871,-0.038828,-0.388687,-0.193273,-0.023438,-0.280382,-0.171722,-0.019416,-0.246821,-0.140792,X
0.0,0.0,0.0,0.147281,0.039083,-0.069741,0.280347,-0.001186,-0.120393,0.334734,-0.126871,-0.170373,0.364699,-0.244404,-0.218151,0.406993,-0.299369,-0.10938,0.539421,-0.443596,-0.189695,0.636445,-0.55487,-0.239933,0.714641,-0.644776,-0.271207,0.322386,-0.415923,-0.11166,0.307529,-0.32477,-0.23541,0.22021,-0.163325,-0.259386,0.149573,-0.02453,-0.248841,0.218777,-0.468631,-0.119436,0.195158,-0.336808,-0.217186,0.142416,-0.198098,-0.191721,0.098949,-0.084146,-0.150103,0.107645,-0.483923,-0.136154,0.108608,-0.391546,-0.19578,0.082712,-0.281383,-0.176751,0.060865,-0.204169,-0.142751,0.0,0.0,0.0,-0.111199,0.00891,-0.06738,-0.226586,-0.053769,-0.120282,-0.246874,-0.183046,-0.172971,-0.235856,-0.315984,-0.221847,-0.356305,-0.348784,-0.097141,-0.465738,-0.521852,-0.178997,-0.523198,-0.654229,-0.234084,-0.564753,-0.778247,-0.274565,-0.269657,-0.457402,-0.103701,-0.230094,-0.363799,-0.228945,-0.171615,-0.193797,-0.258631,-0.133879,-0.101721,-0.25474,-0.165295,-0.496236,-0.117629,-0.11621,-0.343958,-0.212156,-0.084959,-0.199142,-0.185613,-0.073923,-0.141455,-0.148632,-0.059182,-0.499983,-0.14165,-0.02597,-0.377741,-0.199038,-0.013679,-0.260366,-0.181399,-0.012487,-0.223176,-0.153155,X
0.0,0.0,0.0,0.141021,0.03768,-0.07809,0.272459,-0.008685,-0.13117,0.325141,-0.139706,-0.18261,0.370627,-0.255021,-0.230773,0.404358,-0.314567,-0.10492,0.538763,-0.455108,-0.185995,0.637296,-0.561377,-0.236004,0.715549,-0.645622,-0.266764,0.316211,-0.425281,-0.105511,0.303626,-0.346763,-0.236705,0.219718,-0.178987,-0.26605,0.153108,-0.032936,-0.25569,0.211579,-0.476805,-0.112964,0.188153,-0.35373,-0.223944,0.133829,-0.201385,-0.204108,0.093587,-0.080852,-0.16122,0.099628,-0.492835,-0.12897,0.100007,-0.410413,-0.200507,0.073615,-0.286525,-0.184585,0.056245,-0.200073,-0.149159,0.0,0.0,0.0,-0.114013,-0.002357,-0.061751,-0.228666,-0.069185,-0.113473,-0.252528,-0.195419,-0.166299,-0.253811,-0.328404,-0.216596,-0.356667,-0.364508,-0.091661,-0.470427,-0.528754,-0.170863,-0.532205,-0.654283,-0.226662,-0.578244,-0.770795,-0.267412,-0.266411,-0.461534,-0.101763,-0.233829,-0.372519,-0.225682,-0.171252,-0.197934,-0.257129,-0.127287,-0.092296,-0.254452,-0.158916,-0.493218,-0.118448,-0.124824,-0.356896,-0.213761,-0.08775,-0.204425,-0.186228,-0.067099,-0.127817,-0.147174,-0.048557,-0.495148,-0.144068,-0.034132,-0.405556,-0.201247,-0.020371,-0.288365,-0.178295,-0.012294,-0.238304,-0.145346,X
0.0,0.0,0.0,0.140357,0.033091,-0.072249,0.268899,-0.019043,-0.121467,0.321311,-0.146812,-0.169798,0.371587,-0.256627,-0.21468,0.403983,-0.317627,-0.098708,0.54006,-0.455466,-0.177116,0.639193,-0.563282,-0.22494,0.715892,-0.650105,-0.254681,0.319832,-0.43347,-0.099984,0.307331,-0.34406,-0.222884,0.227732,-0.183593,-0.247573,0.164143,-0.049122,-0.236704,0.216082,-0.485747,-0.108184,0.188122,-0.351358,-0.209572,0.138038,-0.211072,-0.18749,0.102791,-0.104599,-0.146675,0.104948,-0.50111,-0.125116,0.095611,-0.400852,-0.187594,0.071289,-0.286146,-0.171301,0.058052,-0.214294,-0.138396,0.0,0.0,0.0,-0.11516,0.002982,-0.066991,-0.227842,-0.063145,-0.121989,-0.246782,-0.185167,-0.177075,-0.232384,-0.316636,-0.229278,-0.352663,-0.349268,-0.099073,-0.476438,-0.514529,-0.180197,-0.547065,-0.636156,-0.236382,-0.600695,-0.749753,-0.277553,-0.263869,-0.451911,-0.106254,-0.238198,-0.350006,-0.230472,-0.173092,-0.179024,-0.259301,-0.127106,-0.082848,-0.255067,-0.158924,-0.483885,-0.120382,-0.130267,-0.338791,-0.215408,-0.091046,-0.193393,-0.185935,-0.066385,-0.124035,-0.145569,-0.052366,-0.481786,-0.144224,-0.040352,-0.383471,-0.201795,-0.023969,-0.269569,-0.17884,-0.010626,-0.223379,-0.145566,X
0.0,0.0,0.0,0.141589,0.03221,-0.072529,0.274707,-0.020934,-0.122052,0.326096,-0.153165,-0.170325,0.364465,-0.271277,-0.215612,0.405986,-0.319953,-0.102936,0.538447,-0.459579,-0.18204,0.634832,-0.567048,-0.230728,0.710722,-0.653172,-0.261229,0.32134,-0.438744,-0.10467,0.302693,-0.344158,-0.228585,0.222829,-0.18128,-0.253939,0.161821,-0.044505,-0.244018,0.216595,-0.492208,-0.113096,0.186217,-0.355436,-0.216368,0.136863,-0.210799,-0.195428,0.103477,-0.098995,-0.155729,0.104456,-0.507294,-0.130176,0.094817,-0.402522,-0.195977,0.070788,-0.281247,-0.181221,0.059348,-0.202724,-0.14923,0.0,0.0,0.0,-0.119451,0.002607,-0.062242,-0.234993,-0.06427,-0.113777,-0.25569,-0.19058,-0.166007,-0.246137,-0.323325,-0.215621,-0.362453,-0.352024,-0.091503,-0.488744,-0.512997,-0.169001,-0.559176,-0.633865,-0.224012,-0.611627,-0.745631,-0.264477,-0.273861,-0.452301,-0.099852,-0.248156,-0.365521,-0.220682,-0.180373,-0.193187,-0.249803,-0.130183,-0.090533,-0.245723,-0.168313,-0.486747,-0.114541,-0.13819,-0.353071,-0.205492,-0.101514,-0.203299,-0.176267,-0.077062,-0.12491,-0.136383,-0.061138,-0.487966,-0.138455,-0.048263,-0.399753,-0.192628,-0.03357,-0.287699,-0.168637,-0.02079,-0.236989,-0.134864,X
0.0,0.0,0.0,0.140369,0.03305,-0.072391,0.269398,-0.017459,-0.122645,0.323623,-0.149154,-0.172475,0.369819,-0.261709,-0.22014,0.403909,-0.313013,-0.101866,0.538065,-0.456497,-0.180543,0.634791,-0.565929,-0.229382,0.711033,-0.653505,-0.259544,0.322829,-0.43336,-0.102975,0.301544,-0.342031,-0.224949,0.220698,-0.184333,-0.250254,0.159516,-0.047251,-0.240228,0.221372,-0.489682,-0.110641,0.187395,-0.353334,-0.212514,0.13605,-0.211114,-0.192291,0.099871,-0.092982,-0.152731,0.113888,-0.506946,-0.127152,0.098078,-0.398704,-0.193238,0.070943,-0.274629,-0.179564,0.055578,-0.185735,-0.147284,0.0,0.0,0.0,-0.124464,-0.004822,-0.056443,-0.243671,-0.074452,-0.10567,-0.259578,-0.197182,-0.157776,-0.235498,-0.324799,-0.20812,-0.365439,-0.35869,-0.085669,-0.492773,-0.511986,-0.163727,-0.564329,-0.631384,-0.218293,-0.617655,-0.743062,-0.257607,-0.280878,-0.46028,-0.097088,-0.251793,-0.36316,-0.219995,-0.18306,-0.194803,-0.249968,-0.131834,-0.09379,-0.244973,-0.17836,-0.496331,-0.114645,-0.142571,-0.352957,-0.208149,-0.0995,-0.208071,-0.180972,-0.070867,-0.133546,-0.140646,-0.072561,-0.499193,-0.140952,-0.058892,-0.404515,-0.19479,-0.039307,-0.290666,-0.170747,-0.023839,-0.241905,-0.136366,X
0.0,0.0,0.0,0.143279,0.027574,-0.078548,0.272705,-0.031021,-0.129255,0.324487,-0.167269,-0.177874,0.364441,-0.277989,-0.223788,0.398179,-0.309153,-0.104895,0.533797,-0.453248,-0.18794,0.630822,-0.562789,-0.238557,0.707771,-0.653107,-0.269281,0.314439,-0.424588,-0.102488,0.301449,-0.360936,-0.230391,0.222421,-0.197668,-0.256371,0.163273,-0.056312,-0.24438,0.214807,-0.481427,-0.107571,0.184647,-0.363164,-0.214738,0.13257,-0.213843,-0.194602,0.096375,-0.094695,-0.152406,0.108823,-0.501505,-0.121875,0.09417,-0.402482,-0.19053,0.067134,-0.276661,-0.177833,0.053664,-0.189325,-0.145504,0.0,0.0,0.0,-0.120293,0.008104,-0.063944,-0.24144,-0.053971,-0.117495,-0.274264,-0.183679,-0.171913,-0.275399,-0.321844,-0.22346,-0.37276,-0.328351,-0.095989,-0.499299,-0.496021,-0.179076,-0.565505,-0.619625,-0.235321,-0.614214,-0.739466,-0.275555,-0.284458,-0.432912,-0.105329,-0.25318,-0.367184,-0.233519,-0.179439,-0.201821,-0.263556,-0.128615,-0.105975,-0.25808,-0.179158,-0.477202,-0.121398,-0.143884,-0.353271,-0.220027,-0.096452,-0.209504,-0.190688,-0.069625,-0.144444,-0.148981,-0.071782,-0.490959,-0.146623,-0.055586,-0.393709,-0.204271,-0.029984,-0.279884,-0.180246,-0.013189,-0.241398,-0.146048,X
0.0,0.0,0.0,0.141756,0.027979,-0.072527,0.270049,-0.027363,-0.122334,0.317824,-0.160813,-0.170963,0.347786,-0.271768,-0.217105,0.395564,-0.30714,-0.104404,0.52912,-0.453978,-0.184809,0.627034,-0.567333,-0.234275,0.704747,-0.658073,-0.265088,0.31326,-0.424499,-0.104191,0.290213,-0.33839,-0.226945,0.210891,-0.179032,-0.251052,0.151544,-0.040942,-0.240444,0.213178,-0.47935,-0.110568,0.177347,-0.346276,-0.212568,0.128539,-0.203663,-0.191969,0.094742,-0.088266,-0.152455,0.106431,-0.497469,-0.125802,0.089235,-0.390328,-0.19237,0.064611,-0.266627,-0.179791,0.053571,-0.180001,-0.148907,0.0,0.0,0.0,-0.124205,0.008101,-0.063477,-0.246814,-0.05355,-0.117424,-0.273849,-0.182132,-0.172283,-0.259697,-0.319322,-0.225931,-0.368054,-0.33392,-0.096841,-0.498712,-0.490005,-0.177841,-0.571558,-0.612856,-0.237142,-0.628318,-0.725534,-0.280743,-0.281233,-0.445278,-0.105871,-0.258926,-0.350873,-0.228769,-0.186172,-0.183278,-0.257753,-0.132431,-0.078295,-0.254108,-0.175652,-0.485093,-0.12143,-0.146038,-0.35275,-0.215465,-0.098699,-0.206758,-0.184607,-0.066139,-0.121399,-0.143276,-0.068281,-0.488115,-0.146277,-0.056402,-0.401332,-0.203043,-0.033571,-0.281769,-0.176929,-0.012531,-0.221382,-0.141164,X
0.0,0.0,0.0,0.140972,0.028309,-0.07578,0.268511,-0.02805,-0.127643,0.312724,-0.16067,-0.178253,0.338963,-0.27746,-0.226019,0.395759,-0.318143,-0.104776,0.530744,-0.460322,-0.186243,0.625869,-0.57134,-0.236837,0.700519,-0.661348,-0.268127,0.308987,-0.430573,-0.104422,0.291429,-0.352258,-0.229646,0.21173,-0.188438,-0.255,0.15298,-0.046676,-0.244802,0.205524,-0.483404,-0.111155,0.181882,-0.361624,-0.217059,0.130459,-0.211904,-0.194983,0.094746,-0.091642,-0.153342,0.095638,-0.500474,-0.126718,0.092338,-0.408271,-0.195971,0.066999,-0.281242,-0.180484,0.053553,-0.191482,-0.146885,0.0,0.0,0.0,-0.128247,0.00361,-0.051839,-0.249987,-0.064137,-0.096556,-0.27284,-0.191058,-0.145026,-0.268577,-0.317904,-0.192818,-0.373779,-0.353487,-0.076605,-0.498138,-0.507905,-0.150228,-0.575387,-0.627301,-0.2033,-0.636292,-0.732821,-0.24105,-0.287549,-0.450333,-0.089969,-0.263294,-0.363516,-0.208903,-0.192078,-0.197706,-0.241292,-0.133982,-0.088066,-0.237761,-0.184661,-0.485934,-0.108763,-0.154917,-0.353403,-0.202637,-0.109338,-0.203565,-0.178895,-0.073717,-0.113354,-0.139531,-0.077984,-0.489449,-0.135201,-0.072994,-0.408238,-0.189988,-0.052411,-0.287419,-0.165149,-0.031992,-0.221974,-0.129108,X
0.0,0.0,0.0,0.141132,0.027835,-0.074489,0.271485,-0.030885,-0.125046,0.316708,-0.170134,-0.174568,0.358293,-0.280795,-0.22189,0.401354,-0.316623,-0.101687,0.532061,-0.456942,-0.182121,0.627891,-0.568168,-0.233323,0.704927,-0.657552,-0.2659,0.316486,-0.428488,-0.102867,0.295732,-0.352473,-0.227725,0.214229,-0.190703,-0.253766,0.155615,-0.050979,-0.244412,0.212437,-0.478734,-0.111075,0.182691,-0.359281,-0.216378,0.127532,-0.213128,-0.192927,0.090909,-0.098151,-0.150904,0.10005,-0.493793,-0.12804,0.093628,-0.412368,-0.194678,0.066332,-0.295013,-0.176598,0.05155,-0.216008,-0.142271,0.0,0.0,0.0,-0.122879,0.000919,-0.066,-0.246036,-0.067972,-0.118191,-0.27805,-0.196257,-0.171474,-0.27597,-0.331879,-0.222196,-0.373557,-0.347886,-0.085395,-0.497707,-0.502279,-0.166821,-0.571921,-0.621469,-0.224033,-0.627988,-0.731677,-0.265103,-0.28363,-0.449837,-0.094518,-0.261535,-0.362834,-0.221026,-0.1929,-0.189662,-0.251063,-0.141512,-0.091335,-0.245622,-0.176742,-0.486471,-0.111825,-0.148631,-0.361653,-0.210717,-0.105173,-0.209841,-0.180548,-0.077896,-0.140766,-0.137628,-0.066601,-0.489936,-0.138628,-0.056693,-0.40517,-0.194873,-0.037765,-0.283564,-0.167948,-0.022482,-0.237111,-0.131442,X
0.0,0.0,0.0,0.141268,0.031387,-0.079096,0.268538,-0.021709,-0.131327,0.311234,-0.157172,-0.182165,0.354938,-0.264449,-0.230893,0.398014,-0.311042,-0.099466,0.532106,-0.454259,-0.180005,0.627898,-0.567608,-0.232563,0.703265,-0.659523,-0.265422,0.311733,-0.414153,-0.098937,0.297038,-0.361492,-0.227569,0.212603,-0.200533,-0.258036,0.15084,-0.05895,-0.249492,0.208152,-0.464047,-0.105822,0.18517,-0.375066,-0.216998,0.126708,-0.22531,-0.197112,0.086775,-0.10498,-0.154359,0.0974,-0.480214,-0.121088,0.09741,-0.435485,-0.193654,0.07079,-0.317453,-0.176146,0.054702,-0.229522,-0.139943,0.0,0.0,0.0,-0.121623,-0.002275,-0.060141,-0.24752,-0.082229,-0.107173,-0.275347,-0.212489,-0.156108,-0.266467,-0.338342,-0.202971,-0.368863,-0.364693,-0.07863,-0.495301,-0.514602,-0.154292,-0.573989,-0.628674,-0.207879,-0.634576,-0.73236,-0.246905,-0.281728,-0.458077,-0.090094,-0.257669,-0.36951,-0.213011,-0.187206,-0.199978,-0.243065,-0.13469,-0.106658,-0.238153,-0.177339,-0.489554,-0.108818,-0.149313,-0.373267,-0.205528,-0.105092,-0.223471,-0.176646,-0.076386,-0.155599,-0.134907,-0.068749,-0.49007,-0.1365,-0.059727,-0.420056,-0.190942,-0.04047,-0.298121,-0.163389,-0.024342,-0.249155,-0.126845,X
0.0,0.0,0.0,0.144024,0.028955,-0.073728,0.270125,-0.021543,-0.127271,0.312293,-0.147598,-0.181018,0.332975,-0.261416,-0.233201,0.404691,-0.314613,-0.107113,0.535197,-0.457612,-0.190329,0.628995,-0.568555,-0.24475,0.702023,-0.655596,-0.278135,0.319788,-0.430606,-0.108734,0.29166,-0.329134,-0.235791,0.205608,-0.173946,-0.263398,0.142307,-0.038813,-0.25442,0.215721,-0.482647,-0.117097,0.18097,-0.341596,-0.222392,0.125033,-0.20151,-0.201905,0.085851,-0.083133,-0.1613,0.106332,-0.497942,-0.134679,0.097196,-0.405641,-0.203657,0.068457,-0.285725,-0.188021,0.051182,-0.193956,-0.153757,0.0,0.0,0.0,-0.127125,0.001477,-0.057316,-0.251772,-0.07117,-0.103563,-0.280952,-0.199878,-0.152472,-0.278796,-0.326925,-0.199259,-0.37526,-0.359225,-0.079439,-0.500249,-0.510473,-0.153861,-0.575369,-0.627197,-0.205116,-0.633484,-0.734988,-0.241846,-0.290302,-0.459433,-0.090122,-0.264904,-0.350721,-0.211607,-0.195589,-0.185354,-0.241883,-0.140918,-0.087619,-0.236635,-0.187098,-0.494746,-0.107193,-0.153464,-0.348825,-0.20176,-0.109335,-0.206988,-0.176258,-0.078828,-0.136821,-0.13643,-0.078459,-0.498199,-0.133048,-0.064106,-0.401454,-0.187416,-0.046255,-0.281807,-0.1643,-0.030959,-0.228542,-0.130036,X
0.0,0.0,0.0,0.13566,0.035476,-0.085897,0.256366,-0.006466,-0.147831,0.295302,-0.131736,-0.208095,0.333108,-0.241323,-0.265525,0.396899,-0.305539,-0.117552,0.53403,-0.445094,-0.206299,0.630145,-0.555172,-0.264236,0.703645,-0.643886,-0.30049,0.3115,-0.415813,-0.116782,0.287106,-0.330453,-0.250659,0.20269,-0.174084,-0.280289,0.143239,-0.041956,-0.272211,0.207792,-0.466299,-0.124294,0.17678,-0.343901,-0.235793,0.120779,-0.201576,-0.213407,0.084749,-0.091273,-0.170916,0.099881,-0.482621,-0.141744,0.092577,-0.404641,-0.212577,0.066499,-0.290849,-0.194772,0.053442,-0.212398,-0.159549,0.0,0.0,0.0,-0.130081,-0.000529,-0.051992,-0.256609,-0.076998,-0.097038,-0.286563,-0.207479,-0.146283,-0.2847,-0.333855,-0.194553,-0.369587,-0.36021,-0.073884,-0.498129,-0.509229,-0.148056,-0.573666,-0.62966,-0.201404,-0.629873,-0.738739,-0.239841,-0.285069,-0.459679,-0.08786,-0.265636,-0.346353,-0.205519,-0.198313,-0.188816,-0.236255,-0.143796,-0.097163,-0.233416,-0.182946,-0.494697,-0.107995,-0.160391,-0.350651,-0.198287,-0.115289,-0.212999,-0.171035,-0.08262,-0.143159,-0.132063,-0.075732,-0.49921,-0.136716,-0.074393,-0.405249,-0.18743,-0.053428,-0.29367,-0.161466,-0.03297,-0.246452,-0.126547,X
0.0,0.0,0.0,0.138048,0.035729,-0.075378,0.261845,-0.00128,-0.131444,0.302857,-0.124017,-0.187071,0.332641,-0.23564,-0.240667,0.401972,-0.297563,-0.107118,0.537375,-0.442016,-0.191637,0.636863,-0.552174,-0.247336,0.714024,-0.640755,-0.282139,0.318704,-0.411317,-0.109731,0.293708,-0.335471,-0.240665,0.204487,-0.173989,-0.27022,0.138533,-0.037495,-0.261133,0.216286,-0.463915,-0.119103,0.179738,-0.346936,-0.225519,0.121492,-0.206632,-0.203012,0.081765,-0.097063,-0.16048,0.109067,-0.479301,-0.137462,0.096855,-0.405135,-0.202098,0.066719,-0.296364,-0.182091,0.048318,-0.222136,-0.145764,0.0,0.0,0.0,-0.125522,-0.00165,-0.054558,-0.246222,-0.076129,-0.100834,-0.274678,-0.203967,-0.150287,-0.279572,-0.325746,-0.198452,-0.370918,-0.351266,-0.079925,-0.493089,-0.513349,-0.157218,-0.560389,-0.638217,-0.213309,-0.609383,-0.751344,-0.253249,-0.281499,-0.449604,-0.09217,-0.259764,-0.355816,-0.21673,-0.191483,-0.188507,-0.250597,-0.139574,-0.083338,-0.247682,-0.176107,-0.486662,-0.11023,-0.152894,-0.352689,-0.205192,-0.108545,-0.207905,-0.179927,-0.079146,-0.127702,-0.140405,-0.068976,-0.492434,-0.136582,-0.063558,-0.397748,-0.19185,-0.042769,-0.287429,-0.16814,-0.024267,-0.238607,-0.133241,X
0.0,0.0,0.0,0.143735,0.030523,-0.066481,0.262989,-0.011413,-0.11843,0.306775,-0.133876,-0.171616,0.343552,-0.246428,-0.223028,0.404344,-0.295188,-0.10323,0.547177,-0.43762,-0.184772,0.64607,-0.54479,-0.238413,0.722917,-0.635158,-0.271968,0.323448,-0.410691,-0.108436,0.303314,-0.330623,-0.228774,0.222059,-0.179574,-0.254528,0.162262,-0.05662,-0.246619,0.220886,-0.464782,-0.119527,0.188606,-0.335647,-0.214983,0.137439,-0.201468,-0.189466,0.100208,-0.100416,-0.148821,0.112718,-0.481071,-0.139665,0.101932,-0.387409,-0.195697,0.075905,-0.28156,-0.173532,0.057698,-0.211481,-0.137885,0.0,0.0,0.0,-0.129589,0.002877,-0.055818,-0.253155,-0.074362,-0.100147,-0.28763,-0.213361,-0.146999,-0.30281,-0.339652,-0.191986,-0.381026,-0.352139,-0.074853,-0.506918,-0.511121,-0.148732,-0.577848,-0.631361,-0.200812,-0.628971,-0.740537,-0.236644,-0.292445,-0.453014,-0.085682,-0.275317,-0.370195,-0.206111,-0.204028,-0.203525,-0.237251,-0.147079,-0.097285,-0.231072,-0.18835,-0.491592,-0.102699,-0.170553,-0.353236,-0.198471,-0.123179,-0.206379,-0.175445,-0.087703,-0.122634,-0.13523,-0.082346,-0.497374,-0.127559,-0.085083,-0.398768,-0.182145,-0.061012,-0.284214,-0.158103,-0.035763,-0.228612,-0.121974,X
0.0,0.0,0.0,0.14059,0.036369,-0.068918,0.262992,-0.009786,-0.120473,0.30843,-0.137897,-0.172848,0.348712,-0.244597,-0.223446,0.401764,-0.285301,-0.102472,0.54856,-0.434538,-0.185003,0.648009,-0.543559,-0.237521,0.724277,-0.634756,-0.269275,0.317985,-0.395811,-0.106053,0.305508,-0.336776,-0.235549,0.21779,-0.175684,-0.262412,0.150864,-0.039373,-0.250671,0.217527,-0.450708,-0.115694,0.190504,-0.340904,-0.21825,0.133345,-0.199622,-0.192109,0.088857,-0.08958,-0.146917,0.111182,-0.47009,-0.134064,0.1043,-0.389636,-0.19362,0.076162,-0.279368,-0.170952,0.054656,-0.20254,-0.132735,0.0,0.0,0.0,-0.129425,0.005588,-0.059871,-0.251265,-0.065653,-0.112453,-0.280351,-0.197873,-0.168277,-0.292826,-0.328739,-0.222091,-0.382672,-0.351992,-0.083358,-0.507938,-0.516207,-0.171551,-0.561292,-0.639366,-0.235182,-0.595917,-0.753536,-0.27761,-0.288876,-0.447568,-0.097572,-0.283305,-0.382199,-0.227477,-0.215216,-0.217596,-0.264761,-0.164076,-0.12259,-0.262948,-0.181412,-0.486618,-0.119145,-0.176893,-0.37335,-0.21947,-0.130663,-0.221836,-0.194129,-0.101452,-0.149163,-0.153045,-0.071954,-0.497999,-0.149316,-0.083636,-0.413011,-0.202999,-0.062767,-0.2929,-0.174801,-0.045059,-0.247455,-0.137115,X
0.0,0.0,0.0,0.139755,0.033966,-0.074155,0.260315,-0.004306,-0.129769,0.302653,-0.126713,-0.185698,0.327467,-0.244211,-0.239554,0.406027,-0.287781,-0.106985,0.553322,-0.434853,-0.194093,0.648066,-0.541299,-0.250849,0.719605,-0.633025,-0.285391,0.321769,-0.3951,-0.110262,0.307832,-0.352139,-0.242051,0.22224,-0.19096,-0.271236,0.160245,-0.055229,-0.261711,0.21885,-0.451057,-0.120615,0.19293,-0.358796,-0.226668,0.135989,-0.212566,-0.201738,0.095279,-0.099184,-0.157348,0.110378,-0.471988,-0.140088,0.106727,-0.410661,-0.202897,0.07683,-0.304328,-0.180748,0.057037,-0.228695,-0.143094,0.0,0.0,0.0,-0.121752,0.003288,-0.0694,-0.248727,-0.061539,-0.12546,-0.288857,-0.192308,-0.182383,-0.299323,-0.329922,-0.236158,-0.384046,-0.349141,-0.087973,-0.508836,-0.520011,-0.176299,-0.566412,-0.635306,-0.239188,-0.608294,-0.742005,-0.281792,-0.28429,-0.442139,-0.098611,-0.274161,-0.397828,-0.235713,-0.194803,-0.218458,-0.271717,-0.138514,-0.11158,-0.267359,-0.172751,-0.481881,-0.118031,-0.163817,-0.402602,-0.229186,-0.109685,-0.237317,-0.201345,-0.077673,-0.153772,-0.15569,-0.062076,-0.494957,-0.145895,-0.069942,-0.450683,-0.208016,-0.045471,-0.316458,-0.177617,-0.026376,-0.258902,-0.136675,X
0.0,0.0,0.0,0.14253,0.029822,-0.067935,0.260339,-0.012334,-0.119822,0.301313,-0.136132,-0.17301,0.332152,-0.247121,-0.224644,0.404309,-0.285889,-0.102439,0.54895,-0.4298,-0.187527,0.650204,-0.536187,-0.242424,0.72854,-0.626941,-0.275998,0.321956,-0.399951,-0.107681,0.297992,-0.33835,-0.237933,0.210149,-0.18003,-0.265845,0.145684,-0.045427,-0.255239,0.2222,-0.457788,-0.119354,0.181863,-0.34027,-0.221987,0.125326,-0.199568,-0.197702,0.084428,-0.089023,-0.154226,0.116184,-0.479761,-0.140177,0.0956,-0.392456,-0.199043,0.066173,-0.286193,-0.178272,0.04969,-0.212012,-0.142062,0.0,0.0,0.0,-0.129247,-0.000796,-0.062518,-0.252319,-0.074745,-0.112012,-0.293607,-0.202602,-0.163531,-0.310645,-0.33157,-0.212661,-0.376041,-0.352359,-0.075913,-0.506328,-0.5041,-0.156193,-0.582602,-0.619765,-0.21365,-0.639627,-0.725764,-0.253267,-0.284718,-0.450433,-0.08727,-0.275237,-0.36421,-0.214864,-0.203188,-0.19951,-0.2482,-0.146034,-0.10592,-0.243555,-0.180361,-0.487606,-0.1067,-0.171527,-0.366743,-0.209755,-0.12357,-0.216807,-0.183621,-0.088444,-0.141651,-0.140953,-0.074673,-0.494179,-0.134765,-0.083547,-0.416531,-0.193689,-0.059095,-0.29645,-0.166751,-0.035179,-0.245165,-0.128635,X
0.0,0.0,0.0,0.140368,0.028647,-0.067545,0.261341,-0.017338,-0.120254,0.302262,-0.145922,-0.17472,0.335102,-0.256307,-0.227929,0.40175,-0.30881,-0.101004,0.540361,-0.446027,-0.182656,0.641126,-0.551263,-0.238205,0.721815,-0.63589,-0.273181,0.32237,-0.427222,-0.106263,0.29067,-0.327934,-0.228349,0.203719,-0.174464,-0.255858,0.138007,-0.042706,-0.248737,0.220857,-0.481642,-0.117598,0.183773,-0.342138,-0.215074,0.127331,-0.205788,-0.191107,0.082441,-0.092886,-0.150936,0.112305,-0.498576,-0.138273,0.100921,-0.398335,-0.198485,0.072934,-0.284992,-0.178795,0.051651,-0.200723,-0.143787,0.0,0.0,0.0,-0.125037,0.006363,-0.061314,-0.249296,-0.066432,-0.108207,-0.278475,-0.196733,-0.156173,-0.289011,-0.318732,-0.201857,-0.380569,-0.341997,-0.08333,-0.506351,-0.498177,-0.159378,-0.583104,-0.616589,-0.213038,-0.641037,-0.72507,-0.251686,-0.292272,-0.445902,-0.092494,-0.265978,-0.362844,-0.214731,-0.193143,-0.192433,-0.244347,-0.139505,-0.093789,-0.238741,-0.1878,-0.485387,-0.108558,-0.160575,-0.360917,-0.204529,-0.116566,-0.212751,-0.178305,-0.087682,-0.139362,-0.138124,-0.081208,-0.492554,-0.133313,-0.071276,-0.410055,-0.189393,-0.052189,-0.292418,-0.165491,-0.036493,-0.242432,-0.130829,X
0.0,0.0,0.0,0.139054,0.033898,-0.073185,0.261592,-0.012495,-0.125892,0.299255,-0.145474,-0.178763,0.335261,-0.251367,-0.230177,0.403321,-0.299272,-0.105194,0.535985,-0.442496,-0.189465,0.634488,-0.553634,-0.245029,0.713107,-0.642849,-0.279685,0.323184,-0.420632,-0.106765,0.287381,-0.31797,-0.235525,0.200336,-0.161209,-0.264584,0.135684,-0.0258,-0.255972,0.224207,-0.477129,-0.115023,0.174657,-0.331329,-0.218812,0.120038,-0.191455,-0.197496,0.080804,-0.073653,-0.156664,0.118869,-0.496279,-0.132849,0.093029,-0.385924,-0.198055,0.063752,-0.268864,-0.182199,0.048274,-0.18279,-0.148273,0.0,0.0,0.0,-0.126477,0.004716,-0.06374,-0.257176,-0.075538,-0.112392,-0.304767,-0.211243,-0.161826,-0.327045,-0.344954,-0.208947,-0.381429,-0.360698,-0.083835,-0.503003,-0.51222,-0.162454,-0.571183,-0.63008,-0.217495,-0.622442,-0.739471,-0.256415,-0.290316,-0.463349,-0.093029,-0.277102,-0.352572,-0.217699,-0.200572,-0.175676,-0.246234,-0.139598,-0.079243,-0.240174,-0.183383,-0.498621,-0.110156,-0.169103,-0.360503,-0.210384,-0.119154,-0.212253,-0.180951,-0.082398,-0.144494,-0.138513,-0.074368,-0.502862,-0.136094,-0.084019,-0.42233,-0.195177,-0.058047,-0.301072,-0.168548,-0.032132,-0.253735,-0.131914,X
0.0,0.0,0.0,0.139961,0.038409,-0.075979,0.262697,0.001375,-0.131993,0.298961,-0.116697,-0.188306,0.321296,-0.229739,-0.243343,0.403509,-0.305374,-0.103089,0.540535,-0.444328,-0.187618,0.638398,-0.552745,-0.244934,0.714999,-0.640219,-0.280883,0.315656,-0.408927,-0.106244,0.296057,-0.336472,-0.241261,0.205772,-0.171376,-0.276197,0.138107,-0.028991,-0.269281,0.210019,-0.458311,-0.11615,0.180273,-0.352418,-0.229076,0.119734,-0.198728,-0.210324,0.079257,-0.074292,-0.16752,0.100635,-0.473983,-0.134535,0.093963,-0.419077,-0.206225,0.065705,-0.299224,-0.187835,0.051696,-0.207894,-0.150569,0.0,0.0,0.0,-0.125203,-0.002888,-0.065061,-0.249794,-0.076506,-0.115574,-0.293128,-0.206246,-0.166978,-0.310587,-0.336374,-0.216018,-0.371407,-0.360686,-0.080325,-0.495983,-0.515534,-0.157232,-0.570801,-0.631954,-0.211398,-0.628407,-0.736662,-0.249867,-0.278932,-0.452047,-0.090013,-0.279629,-0.355935,-0.212201,-0.210539,-0.187917,-0.242454,-0.15535,-0.097369,-0.237736,-0.171907,-0.481922,-0.107723,-0.168244,-0.355751,-0.205114,-0.120213,-0.211429,-0.176313,-0.085489,-0.147249,-0.134295,-0.061442,-0.483777,-0.134336,-0.078891,-0.413011,-0.187887,-0.057629,-0.296996,-0.158428,-0.034263,-0.250881,-0.120441,X
0.0,0.0,0.0,0.135511,0.034391,-0.069412,0.259606,-0.004215,-0.12058,0.296475,-0.126933,-0.17256,0.32747,-0.236018,-0.222663,0.400836,-0.301234,-0.101809,0.537265,-0.444677,-0.184604,0.634167,-0.556119,-0.239369,0.710189,-0.648653,-0.273645,0.317618,-0.415894,-0.10615,0.292859,-0.33466,-0.229814,0.207026,-0.179297,-0.257686,0.146686,-0.048888,-0.249917,0.215486,-0.470324,-0.116799,0.178029,-0.34273,-0.22027,0.121155,-0.197416,-0.197829,0.083815,-0.084193,-0.156562,0.106927,-0.487561,-0.136225,0.094377,-0.402185,-0.201166,0.067776,-0.285452,-0.181883,0.055004,-0.202594,-0.146294,0.0,0.0,0.0,-0.14118,-0.007185,-0.053926,-0.268501,-0.095153,-0.097177,-0.305096,-0.23315,-0.144495,-0.315227,-0.357129,-0.191045,-0.375388,-0.377,-0.065499,-0.495407,-0.522108,-0.137383,-0.568186,-0.640415,-0.190651,-0.62422,-0.746873,-0.229194,-0.284683,-0.471062,-0.079948,-0.291222,-0.348956,-0.195069,-0.226503,-0.184402,-0.226748,-0.167726,-0.092785,-0.224517,-0.176617,-0.497503,-0.101519,-0.179806,-0.359351,-0.193478,-0.134744,-0.222245,-0.167396,-0.094296,-0.156914,-0.127872,-0.063845,-0.493525,-0.131432,-0.089065,-0.424155,-0.182598,-0.070624,-0.315808,-0.154587,-0.04257,-0.26916,-0.117637,X
0.0,0.0,0.0,0.137131,0.045696,-0.076137,0.264076,0.015015,-0.129923,0.304587,-0.111007,-0.183027,0.341558,-0.223281,-0.23371,0.407632,-0.292977,-0.10479,0.544486,-0.439222,-0.187684,0.641942,-0.550977,-0.240526,0.716842,-0.641469,-0.273229,0.322494,-0.400972,-0.1065,0.300542,-0.325279,-0.239027,0.207348,-0.162436,-0.269018,0.137416,-0.022764,-0.258975,0.221747,-0.451279,-0.114902,0.185059,-0.338031,-0.224105,0.124506,-0.190407,-0.20208,0.082953,-0.072811,-0.158592,0.115751,-0.466052,-0.132107,0.101304,-0.393472,-0.200507,0.06825,-0.278832,-0.181698,0.051181,-0.198021,-0.145005,0.0,0.0,0.0,-0.139342,-0.007352,-0.056023,-0.263671,-0.085021,-0.101663,-0.30413,-0.221188,-0.150977,-0.317313,-0.353009,-0.198125,-0.372411,-0.362701,-0.066954,-0.495555,-0.52307,-0.140072,-0.564163,-0.644576,-0.190919,-0.613873,-0.756277,-0.226284,-0.280695,-0.451392,-0.079282,-0.285447,-0.358219,-0.202144,-0.213519,-0.188398,-0.233253,-0.148144,-0.08877,-0.226827,-0.177459,-0.484009,-0.098936,-0.175834,-0.35965,-0.196824,-0.128752,-0.212066,-0.171282,-0.086727,-0.133695,-0.129081,-0.070855,-0.489454,-0.126683,-0.089561,-0.420085,-0.179408,-0.072913,-0.303161,-0.152611,-0.049717,-0.246044,-0.115435,X
0.0,0.0,0.0,0.139399,0.036307,-0.073917,0.261809,-0.002358,-0.129091,0.301418,-0.125091,-0.185069,0.338635,-0.233332,-0.238872,0.405171,-0.29173,-0.101733,0.544797,-0.436562,-0.186445,0.642162,-0.548302,-0.242567,0.71574,-0.640741,-0.277791,0.320323,-0.40276,-0.10652,0.301327,-0.34305,-0.243191,0.211762,-0.180827,-0.276583,0.141611,-0.040081,-0.268568,0.218029,-0.458155,-0.118289,0.188204,-0.356996,-0.230311,0.130268,-0.207214,-0.210086,0.08734,-0.08668,-0.167427,0.109685,-0.477754,-0.138961,0.102413,-0.414877,-0.209695,0.075535,-0.299455,-0.192848,0.059661,-0.213353,-0.157734,0.0,0.0,0.0,-0.130738,0.004279,-0.059242,-0.259598,-0.070175,-0.106271,-0.302524,-0.201033,-0.1555,-0.314902,-0.332438,-0.202168,-0.374289,-0.360522,-0.073951,-0.497658,-0.518106,-0.14598,-0.567751,-0.639506,-0.195867,-0.617327,-0.751853,-0.231569,-0.284744,-0.451617,-0.085453,-0.276821,-0.356801,-0.206614,-0.207981,-0.191177,-0.237036,-0.149832,-0.099544,-0.231687,-0.181939,-0.482735,-0.104085,-0.175324,-0.357298,-0.201681,-0.129876,-0.213921,-0.176226,-0.094024,-0.148093,-0.135712,-0.076635,-0.486321,-0.130916,-0.09237,-0.414052,-0.186004,-0.070836,-0.297587,-0.160026,-0.047106,-0.249726,-0.123998,X
0.0,0.0,0.0,0.137314,0.038617,-0.071487,0.256991,0.003932,-0.126992,0.298132,-0.113416,-0.184229,0.334667,-0.219426,-0.239507,0.407249,-0.291833,-0.103261,0.552998,-0.436999,-0.185564,0.652656,-0.543379,-0.238969,0.728188,-0.629336,-0.271438,0.325928,-0.403703,-0.107532,0.29704,-0.317992,-0.238045,0.203199,-0.164357,-0.267661,0.133646,-0.035644,-0.257917,0.225116,-0.459373,-0.118153,0.183125,-0.335526,-0.22283,0.121165,-0.198596,-0.20047,0.077868,-0.092477,-0.15764,0.120484,-0.479975,-0.137717,0.102857,-0.395756,-0.198716,0.070524,-0.290751,-0.177518,0.050998,-0.219579,-0.139947,0.0,0.0,0.0,-0.131522,0.012184,-0.060383,-0.263897,-0.067097,-0.107749,-0.304004,-0.205853,-0.156836,-0.307582,-0.34152,-0.204398,-0.378759,-0.351229,-0.078476,-0.496741,-0.511021,-0.156138,-0.565446,-0.633615,-0.210289,-0.616465,-0.746863,-0.249333,-0.2875,-0.450336,-0.089353,-0.286034,-0.347388,-0.213677,-0.215675,-0.169938,-0.241674,-0.158831,-0.075024,-0.234639,-0.183792,-0.485003,-0.108079,-0.178906,-0.345057,-0.207094,-0.131272,-0.195393,-0.177291,-0.096653,-0.129008,-0.134672,-0.077722,-0.487542,-0.135427,-0.091877,-0.393519,-0.192502,-0.065154,-0.274334,-0.165963,-0.040124,-0.232532,-0.130021,X
0.0,0.0,0.0,0.139658,0.034855,-0.070962,0.258019,-0.004102,-0.125172,0.297854,-0.120148,-0.180771,0.340458,-0.222986,-0.2342,0.408613,-0.297655,-0.098762,0.552113,-0.439707,-0.178909,0.65143,-0.54399,-0.233605,0.726795,-0.632276,-0.268321,0.325883,-0.406703,-0.104138,0.308797,-0.343691,-0.228884,0.223561,-0.190102,-0.259999,0.158675,-0.063647,-0.254113,0.222862,-0.460075,-0.11601,0.198267,-0.36076,-0.218392,0.141598,-0.2197,-0.197195,0.099644,-0.112477,-0.1568,0.115241,-0.477772,-0.136522,0.113665,-0.424837,-0.19934,0.086688,-0.318954,-0.17847,0.067383,-0.243395,-0.142163,0.0,0.0,0.0,-0.126223,0.013672,-0.064466,-0.254629,-0.063489,-0.112344,-0.293928,-0.200027,-0.161214,-0.302278,-0.329521,-0.20806,-0.378359,-0.347522,-0.079058,-0.494776,-0.513245,-0.156727,-0.559863,-0.639052,-0.211796,-0.605571,-0.75544,-0.250188,-0.288696,-0.445514,-0.088008,-0.269634,-0.362177,-0.21515,-0.198707,-0.189932,-0.248255,-0.144961,-0.092008,-0.2431,-0.184377,-0.481768,-0.104532,-0.167485,-0.361089,-0.208779,-0.117669,-0.211891,-0.184499,-0.084486,-0.14155,-0.14283,-0.079211,-0.487578,-0.1294,-0.08315,-0.408217,-0.190142,-0.055494,-0.287337,-0.164726,-0.031094,-0.239493,-0.127427,X
0.0,0.0,0.0,0.138066,0.040744,-0.072757,0.259995,0.006181,-0.127169,0.299309,-0.116293,-0.18199,0.334868,-0.229768,-0.234528,0.413661,-0.268451,-0.101749,0.567473,-0.42219,-0.182894,0.664998,-0.528285,-0.234858,0.738275,-0.619296,-0.267251,0.328265,-0.373136,-0.105252,0.317755,-0.342574,-0.23506,0.226931,-0.18509,-0.264671,0.161613,-0.055588,-0.255844,0.226304,-0.431016,-0.115363,0.205214,-0.364123,-0.221502,0.14433,-0.22064,-0.196873,0.101264,-0.113438,-0.153083,0.118825,-0.456703,-0.133772,0.114414,-0.415112,-0.197282,0.083137,-0.304977,-0.173855,0.06318,-0.229317,-0.135358,0.0,0.0,0.0,-0.12641,0.00715,-0.070707,-0.253598,-0.072125,-0.124981,-0.300233,-0.209965,-0.179341,-0.308857,-0.350906,-0.23108,-0.362886,-0.349891,-0.084392,-0.48412,-0.514428,-0.168372,-0.549813,-0.638873,-0.227588,-0.596499,-0.756324,-0.26863,-0.271642,-0.443008,-0.092383,-0.273289,-0.369526,-0.223356,-0.206276,-0.195076,-0.255168,-0.1516,-0.106063,-0.249368,-0.170038,-0.477015,-0.109575,-0.172005,-0.37273,-0.216173,-0.12593,-0.21882,-0.187489,-0.091184,-0.152189,-0.143252,-0.067259,-0.483266,-0.135963,-0.086076,-0.416843,-0.196315,-0.063621,-0.287805,-0.168334,-0.038635,-0.236616,-0.130358,X
0.0,0.0,0.0,0.138006,0.036739,-0.070318,0.258895,0.000662,-0.123598,0.300043,-0.121379,-0.178518,0.331049,-0.237426,-0.230908,0.416777,-0.282534,-0.09518,0.568949,-0.429518,-0.17935,0.665289,-0.533428,-0.234216,0.735728,-0.62215,-0.267645,0.331807,-0.38871,-0.10059,0.318418,-0.351771,-0.231516,0.226108,-0.192297,-0.26179,0.159252,-0.060751,-0.253158,0.230766,-0.448582,-0.113398,0.204762,-0.371186,-0.219992,0.141435,-0.224576,-0.195927,0.097116,-0.1135,-0.152329,0.124401,-0.474006,-0.134776,0.115615,-0.424194,-0.197761,0.082216,-0.314975,-0.175241,0.063035,-0.237166,-0.137575,0.0,0.0,0.0,-0.127207,0.00418,-0.067839,-0.25255,-0.072676,-0.119646,-0.297043,-0.200215,-0.171999,-0.315334,-0.334498,-0.221142,-0.35964,-0.348291,-0.081193,-0.485585,-0.515461,-0.162974,-0.556177,-0.634483,-0.219887,-0.608253,-0.750007,-0.25984,-0.266172,-0.433009,-0.091136,-0.273297,-0.380387,-0.218412,-0.205718,-0.210531,-0.246787,-0.152704,-0.130961,-0.23987,-0.163638,-0.463424,-0.110382,-0.172917,-0.39492,-0.210476,-0.129597,-0.243336,-0.175634,-0.097533,-0.186202,-0.129536,-0.059388,-0.465605,-0.13913,-0.079989,-0.434454,-0.193651,-0.063961,-0.308868,-0.16097,-0.044666,-0.263479,-0.121292,X
0.0,0.0,0.0,0.14269,0.041721,-0.076556,0.259626,0.007921,-0.13281,0.29635,-0.120228,-0.189012,0.329449,-0.232437,-0.243147,0.411282,-0.272295,-0.107684,0.559027,-0.416505,-0.19589,0.661566,-0.52233,-0.253372,0.736962,-0.611632,-0.287738,0.329127,-0.387278,-0.110074,0.301901,-0.332891,-0.248161,0.208442,-0.174478,-0.279859,0.13799,-0.038444,-0.269118,0.231485,-0.448829,-0.119897,0.189433,-0.344167,-0.230371,0.126169,-0.202219,-0.208704,0.080338,-0.089406,-0.163998,0.129819,-0.475367,-0.139195,0.108116,-0.410275,-0.204147,0.073509,-0.306425,-0.184087,0.053091,-0.229947,-0.146135,0.0,0.0,0.0,-0.132567,-0.000316,-0.063468,-0.258947,-0.079469,-0.115928,-0.296773,-0.218294,-0.170311,-0.317849,-0.354495,-0.221281,-0.374739,-0.361847,-0.08041,-0.495204,-0.532273,-0.164825,-0.553329,-0.6474,-0.222386,-0.594802,-0.760246,-0.261223,-0.280998,-0.449062,-0.092938,-0.279439,-0.400913,-0.218664,-0.216892,-0.229707,-0.249789,-0.170968,-0.149653,-0.245339,-0.175691,-0.481385,-0.114197,-0.174399,-0.400612,-0.215035,-0.132947,-0.24883,-0.18533,-0.106891,-0.194297,-0.14246,-0.068671,-0.487404,-0.144169,-0.085141,-0.439726,-0.197848,-0.067543,-0.314793,-0.166659,-0.050959,-0.27095,-0.12791,X
0.0,0.0,0.0,0.136261,0.043879,-0.077605,0.257723,0.011828,-0.133924,0.293337,-0.12148,-0.190575,0.329562,-0.23788,-0.245142,0.416335,-0.27376,-0.101499,0.571156,-0.421904,-0.18676,0.673421,-0.523392,-0.241873,0.748638,-0.603361,-0.274767,0.332032,-0.380236,-0.103906,0.3199,-0.342087,-0.239691,0.223912,-0.190758,-0.272121,0.152825,-0.059109,-0.262625,0.231158,-0.439057,-0.114073,0.203279,-0.357905,-0.227263,0.135904,-0.212917,-0.206088,0.089578,-0.098554,-0.161436,0.123993,-0.465437,-0.132865,0.114567,-0.42019,-0.200527,0.079979,-0.316034,-0.179161,0.060194,-0.240187,-0.140324,0.0,0.0,0.0,-0.133871,0.006581,-0.057051,-0.26471,-0.072772,-0.104309,-0.305175,-0.210987,-0.153956,-0.317367,-0.342882,-0.201726,-0.377758,-0.363758,-0.076929,-0.505576,-0.526779,-0.153816,-0.5678,-0.645957,-0.206897,-0.609483,-0.754723,-0.242743,-0.283988,-0.457803,-0.089522,-0.280766,-0.373669,-0.209657,-0.210234,-0.202304,-0.237768,-0.152198,-0.107411,-0.23123,-0.178321,-0.490667,-0.109332,-0.17577,-0.371236,-0.205647,-0.129155,-0.224449,-0.177003,-0.094398,-0.152755,-0.135035,-0.070951,-0.496094,-0.137136,-0.086489,-0.418522,-0.188751,-0.064262,-0.297241,-0.158179,-0.041203,-0.243938,-0.119429,X
0.0,0.0,0.0,0.134183,0.040528,-0.078883,0.255051,0.004736,-0.135352,0.289874,-0.12062,-0.191917,0.318203,-0.234906,-0.246835,0.407397,-0.266172,-0.10352,0.56157,-0.412885,-0.191679,0.662619,-0.520269,-0.248761,0.739723,-0.610394,-0.283248,0.324614,-0.371292,-0.105451,0.311125,-0.348456,-0.245626,0.213909,-0.194215,-0.279217,0.144179,-0.06062,-0.268739,0.225919,-0.432869,-0.115134,0.194893,-0.363591,-0.232512,0.126393,-0.211613,-0.211516,0.081363,-0.094965,-0.164791,0.120521,-0.463197,-0.133441,0.109326,-0.428107,-0.204461,0.074026,-0.316689,-0.183408,0.05552,-0.235218,-0.143769,0.0,0.0,0.0,-0.143745,0.009149,-0.046869,-0.27787,-0.07378,-0.087307,-0.316445,-0.209232,-0.132637,-0.319052,-0.326277,-0.17698,-0.381884,-0.356739,-0.059145,-0.509905,-0.52083,-0.127823,-0.585523,-0.634334,-0.176014,-0.644013,-0.735457,-0.210594,-0.28831,-0.441775,-0.076769,-0.312529,-0.366561,-0.191276,-0.246884,-0.205883,-0.218755,-0.188092,-0.116789,-0.212894,-0.182962,-0.47376,-0.101313,-0.200634,-0.369845,-0.191591,-0.151869,-0.239271,-0.162883,-0.113369,-0.177632,-0.122487,-0.071501,-0.479168,-0.133205,-0.103997,-0.419454,-0.178494,-0.082217,-0.306639,-0.145889,-0.056358,-0.257895,-0.107768,X
0.0,0.0,0.0,0.133892,0.041946,-0.083264,0.255639,0.012442,-0.141738,0.29095,-0.11177,-0.199135,0.321145,-0.224883,-0.255062,0.408577,-0.270848,-0.106742,0.557107,-0.414139,-0.193452,0.656382,-0.521893,-0.251272,0.735132,-0.6139,-0.28759,0.3252,-0.375533,-0.106868,0.304541,-0.352526,-0.244558,0.20851,-0.192952,-0.278664,0.141157,-0.053676,-0.270715,0.225925,-0.435782,-0.114903,0.195834,-0.373866,-0.231567,0.128837,-0.217165,-0.210566,0.083845,-0.093562,-0.165701,0.119748,-0.464566,-0.132076,0.11229,-0.43822,-0.207071,0.075838,-0.320988,-0.187648,0.05464,-0.231305,-0.149605,0.0,0.0,0.0,-0.140026,-0.004008,-0.046986,-0.271132,-0.093924,-0.088127,-0.307274,-0.23188,-0.1343,-0.302578,-0.347785,-0.180754,-0.36861,-0.373395,-0.059517,-0.49938,-0.530441,-0.125824,-0.577553,-0.641601,-0.176336,-0.638647,-0.739139,-0.214018,-0.275794,-0.449914,-0.07811,-0.299737,-0.394801,-0.184657,-0.252755,-0.237202,-0.213147,-0.20826,-0.144917,-0.212664,-0.171843,-0.474177,-0.103434,-0.192567,-0.402862,-0.18799,-0.16006,-0.263088,-0.15956,-0.131724,-0.190186,-0.123414,-0.063885,-0.471895,-0.136321,-0.097454,-0.437588,-0.178823,-0.08632,-0.315064,-0.145025,-0.067092,-0.253497,-0.108826,X
0.0,0.0,0.0,0.131531,0.043156,-0.075301,0.258035,0.016354,-0.126643,0.296514,-0.098327,-0.178858,0.326328,-0.208775,-0.230186,0.409699,-0.269591,-0.09319,0.563327,-0.414942,-0.1741,0.665508,-0.522843,-0.227426,0.744357,-0.615161,-0.259826,0.326538,-0.368689,-0.095944,0.312122,-0.357028,-0.229788,0.214118,-0.197843,-0.264173,0.143827,-0.057312,-0.25563,0.227623,-0.426244,-0.105806,0.20211,-0.3806,-0.221259,0.133818,-0.221362,-0.202144,0.087193,-0.092362,-0.157114,0.120732,-0.45359,-0.123663,0.122743,-0.454391,-0.197201,0.089007,-0.336987,-0.175831,0.067864,-0.238963,-0.135605,0.0,0.0,0.0,-0.141738,0.009349,-0.057116,-0.27974,-0.062764,-0.102719,-0.320389,-0.195484,-0.151416,-0.316614,-0.315873,-0.198328,-0.379807,-0.344189,-0.066579,-0.506661,-0.518949,-0.138631,-0.580133,-0.6353,-0.190824,-0.639912,-0.733741,-0.228334,-0.286697,-0.421083,-0.07976,-0.31044,-0.374691,-0.196502,-0.250238,-0.219658,-0.225183,-0.198957,-0.127631,-0.22085,-0.184432,-0.453002,-0.101093,-0.201851,-0.385797,-0.19062,-0.157004,-0.255745,-0.159915,-0.122408,-0.189436,-0.119521,-0.076474,-0.460709,-0.131323,-0.103038,-0.423779,-0.176544,-0.083627,-0.310308,-0.143954,-0.060413,-0.257236,-0.106673,X
0.0,0.0,0.0,0.136995,0.043044,-0.066393,0.256936,0.014744,-0.116829,0.295927,-0.099567,-0.170122,0.324987,-0.210341,-0.222654,0.41622,-0.278579,-0.093838,0.561519,-0.416847,-0.173981,0.663024,-0.526128,-0.228313,0.741635,-0.617408,-0.262269,0.339288,-0.397534,-0.099938,0.292186,-0.318904,-0.229619,0.194784,-0.16175,-0.262721,0.123126,-0.025173,-0.255836,0.239328,-0.460417,-0.111907,0.181116,-0.344468,-0.218027,0.11765,-0.19709,-0.198594,0.073367,-0.075459,-0.157398,0.132049,-0.488783,-0.132558,0.101477,-0.422427,-0.199041,0.066992,-0.309532,-0.180458,0.048679,-0.220393,-0.143853,0.0,0.0,0.0,-0.137994,-0.000244,-0.041316,-0.274394,-0.089212,-0.077832,-0.318009,-0.230132,-0.120542,-0.331159,-0.35215,-0.163261,-0.36388,-0.38227,-0.052385,-0.489083,-0.549886,-0.115953,-0.559722,-0.666707,-0.164268,-0.612681,-0.764735,-0.199506,-0.27075,-0.453397,-0.071598,-0.306024,-0.392543,-0.177928,-0.25538,-0.237577,-0.206748,-0.201344,-0.138586,-0.204687,-0.167508,-0.474318,-0.097027,-0.197566,-0.391563,-0.179767,-0.160621,-0.260521,-0.152855,-0.124435,-0.182621,-0.116224,-0.058381,-0.470663,-0.129465,-0.101382,-0.433134,-0.17187,-0.089968,-0.321974,-0.140911,-0.066195,-0.258077,-0.105171,X
0.0,0.0,0.0,0.141948,0.043117,-0.064193,0.265678,0.004268,-0.112084,0.311487,-0.112672,-0.163121,0.355914,-0.216238,-0.213194,0.4232,-0.280333,-0.088137,0.570565,-0.418232,-0.164162,0.673041,-0.523384,-0.21605,0.752363,-0.610027,-0.248628,0.346805,-0.395845,-0.094839,0.319695,-0.321954,-0.218179,0.219857,-0.175231,-0.248673,0.142163,-0.048678,-0.241219,0.246,-0.456409,-0.107344,0.205504,-0.347867,-0.207784,0.138418,-0.211224,-0.186203,0.08749,-0.099131,-0.145018,0.137392,-0.481721,-0.128271,0.122723,-0.418196,-0.188561,0.089948,-0.312583,-0.167187,0.066844,-0.231941,-0.130205,0.0,0.0,0.0,-0.139231,0.002023,-0.048892,-0.272798,-0.08306,-0.088445,-0.319976,-0.224125,-0.13183,-0.341914,-0.350879,-0.173744,-0.359322,-0.365384,-0.061393,-0.4854,-0.534845,-0.128825,-0.554632,-0.658341,-0.174695,-0.604861,-0.769116,-0.206407,-0.268092,-0.445686,-0.075508,-0.290423,-0.371151,-0.193707,-0.221036,-0.205953,-0.219903,-0.153373,-0.10651,-0.210642,-0.168696,-0.474832,-0.096436,-0.183537,-0.373453,-0.190661,-0.136314,-0.234855,-0.162769,-0.092653,-0.155468,-0.120357,-0.064159,-0.479948,-0.124569,-0.09505,-0.425608,-0.17489,-0.076776,-0.305975,-0.145852,-0.049908,-0.239942,-0.108102,X
0.0,0.0,0.0,0.140297,0.046371,-0.07558,0.260561,0.009792,-0.130149,0.303935,-0.115137,-0.185014,0.348039,-0.226541,-0.238045,0.422888,-0.267707,-0.10047,0.574305,-0.41318,-0.183526,0.674736,-0.517315,-0.237857,0.748937,-0.604805,-0.270747,0.340285,-0.382693,-0.102561,0.331499,-0.349127,-0.233465,0.234439,-0.19757,-0.263947,0.158964,-0.064647,-0.254357,0.239328,-0.447749,-0.111997,0.214316,-0.365928,-0.220793,0.145039,-0.224331,-0.199353,0.09332,-0.109257,-0.155719,0.13336,-0.478389,-0.130102,0.124556,-0.427288,-0.196511,0.088732,-0.318456,-0.176272,0.064488,-0.236217,-0.138629,0.0,0.0,0.0,-0.139083,-0.003748,-0.052032,-0.270871,-0.093841,-0.092658,-0.317655,-0.2352,-0.137266,-0.337252,-0.364005,-0.180159,-0.35175,-0.370229,-0.060429,-0.476198,-0.542059,-0.131093,-0.543569,-0.666275,-0.178729,-0.593426,-0.776746,-0.210977,-0.26074,-0.450281,-0.074735,-0.275936,-0.389138,-0.194438,-0.210343,-0.215505,-0.220651,-0.152705,-0.115162,-0.211097,-0.161363,-0.478263,-0.096698,-0.174327,-0.392691,-0.195553,-0.129243,-0.24299,-0.166698,-0.091021,-0.164146,-0.122311,-0.057628,-0.480476,-0.125768,-0.088044,-0.440513,-0.178689,-0.06914,-0.319332,-0.147051,-0.04276,-0.257578,-0.106705,X
0.0,0.0,0.0,0.140603,0.04421,-0.079894,0.260128,0.003149,-0.135465,0.314688,-0.119684,-0.19111,0.364836,-0.229094,-0.243913,0.426234,-0.264348,-0.095899,0.580814,-0.408083,-0.179955,0.681631,-0.507539,-0.235674,0.756835,-0.595123,-0.27024,0.343671,-0.371125,-0.097803,0.34962,-0.365139,-0.227214,0.259686,-0.221154,-0.259092,0.191574,-0.101472,-0.251842,0.243075,-0.434292,-0.10846,0.233519,-0.37953,-0.21857,0.168485,-0.240035,-0.197457,0.121684,-0.136767,-0.154391,0.135013,-0.466131,-0.128061,0.141001,-0.436699,-0.195199,0.108311,-0.332908,-0.174462,0.085485,-0.258977,-0.137393,0.0,0.0,0.0,-0.146616,-0.015782,-0.04199,-0.275117,-0.116493,-0.079904,-0.317848,-0.251295,-0.123599,-0.335068,-0.370437,-0.166434,-0.344386,-0.376519,-0.053463,-0.467913,-0.548567,-0.128219,-0.533924,-0.670239,-0.182392,-0.582281,-0.782809,-0.219451,-0.250285,-0.447901,-0.073886,-0.281628,-0.396707,-0.196902,-0.222213,-0.224532,-0.22798,-0.164817,-0.126799,-0.222175,-0.151824,-0.472525,-0.10139,-0.183499,-0.406307,-0.201185,-0.137865,-0.257926,-0.171996,-0.096628,-0.181167,-0.127617,-0.049089,-0.473108,-0.135146,-0.097447,-0.454288,-0.189594,-0.077803,-0.336193,-0.155925,-0.049242,-0.276906,-0.114195,X
0.0,0.0,0.0,0.138242,0.048075,-0.075073,0.260017,0.004725,-0.128656,0.311977,-0.119264,-0.182169,0.341533,-0.238482,-0.232692,0.43099,-0.265589,-0.096147,0.591426,-0.407099,-0.176955,0.691849,-0.501087,-0.230289,0.766645,-0.585119,-0.264371,0.349351,-0.373331,-0.09836,0.360136,-0.350906,-0.216668,0.274141,-0.213932,-0.244692,0.212888,-0.115553,-0.240322,0.245887,-0.437707,-0.108497,0.247386,-0.377741,-0.21017,0.187077,-0.24112,-0.187445,0.143627,-0.153304,-0.148735,0.133885,-0.470886,-0.127222,0.147534,-0.418392,-0.191551,0.11244,-0.309115,-0.171081,0.086728,-0.24348,-0.137153,0.0,0.0,0.0,-0.145913,-0.017739,-0.048606,-0.277181,-0.107799,-0.092087,-0.320393,-0.24265,-0.140708,-0.335054,-0.377062,-0.186866,-0.347446,-0.383948,-0.058146,-0.468699,-0.553784,-0.131943,-0.532874,-0.67413,-0.182203,-0.578791,-0.786192,-0.216571,-0.255647,-0.459682,-0.076104,-0.284198,-0.403161,-0.200191,-0.224388,-0.227406,-0.22843,-0.166059,-0.136523,-0.219964,-0.15659,-0.484829,-0.102026,-0.183288,-0.418673,-0.203054,-0.140156,-0.268774,-0.172192,-0.09896,-0.200077,-0.126013,-0.052435,-0.484714,-0.134981,-0.094045,-0.473961,-0.189555,-0.081672,-0.352884,-0.156983,-0.056832,-0.29204,-0.115747,X
0.0,0.0,0.0,0.146567,0.044242,-0.071059,0.266292,-0.004626,-0.121276,0.318017,-0.139197,-0.17231,0.333536,-0.267401,-0.221973,0.42934,-0.257142,-0.092048,0.589829,-0.399585,-0.172998,0.694418,-0.49628,-0.227528,0.772798,-0.578463,-0.261083,0.349969,-0.365215,-0.093457,0.346535,-0.347553,-0.216859,0.259818,-0.211155,-0.247253,0.192585,-0.090447,-0.240382,0.25248,-0.43216,-0.101988,0.237427,-0.370742,-0.205354,0.176086,-0.235058,-0.185372,0.124235,-0.124409,-0.144727,0.148246,-0.466486,-0.119108,0.146007,-0.414778,-0.186931,0.108865,-0.302316,-0.169881,0.078843,-0.215348,-0.134585,0.0,0.0,0.0,-0.144735,-0.016829,-0.04713,-0.285351,-0.117399,-0.086007,-0.337946,-0.267334,-0.129959,-0.350331,-0.40697,-0.171999,-0.351257,-0.379568,-0.048488,-0.478227,-0.553845,-0.117992,-0.543543,-0.671537,-0.164648,-0.589602,-0.783273,-0.19711,-0.258336,-0.447422,-0.066313,-0.29664,-0.430649,-0.186837,-0.233039,-0.253716,-0.211348,-0.17311,-0.155621,-0.200501,-0.157951,-0.475498,-0.092526,-0.196308,-0.443222,-0.193473,-0.147925,-0.287409,-0.160405,-0.103849,-0.211477,-0.113016,-0.051154,-0.479604,-0.125127,-0.102541,-0.481607,-0.180136,-0.081719,-0.355126,-0.145965,-0.050518,-0.29317,-0.104641,X
0.0,0.0,0.0,0.15212,0.045094,-0.070218,0.279545,-0.013225,-0.118058,0.336885,-0.149951,-0.16699,0.35554,-0.275533,-0.214489,0.440408,-0.255906,-0.084014,0.601591,-0.393615,-0.163264,0.707374,-0.485456,-0.217248,0.785838,-0.564994,-0.251478,0.358994,-0.360399,-0.087425,0.371946,-0.358435,-0.207625,0.285352,-0.225708,-0.237402,0.220457,-0.117728,-0.231479,0.25911,-0.425213,-0.098726,0.261112,-0.381265,-0.201817,0.197506,-0.244483,-0.180006,0.147747,-0.14493,-0.13931,0.151937,-0.459466,-0.118286,0.164921,-0.427733,-0.183391,0.127709,-0.316806,-0.162091,0.0989,-0.238082,-0.125875,0.0,0.0,0.0,-0.154632,-0.022851,-0.041058,-0.294754,-0.126246,-0.077678,-0.344566,-0.277453,-0.121282,-0.366842,-0.416432,-0.163613,-0.354196,-0.393337,-0.037988,-0.487661,-0.552142,-0.110615,-0.55633,-0.664245,-0.160357,-0.605135,-0.772255,-0.193479,-0.261166,-0.46197,-0.059033,-0.307153,-0.431668,-0.185283,-0.238795,-0.250948,-0.213646,-0.171174,-0.148496,-0.202416,-0.16187,-0.490369,-0.088563,-0.208295,-0.436003,-0.19532,-0.153899,-0.274151,-0.165234,-0.100556,-0.191832,-0.115991,-0.055085,-0.496324,-0.123786,-0.117718,-0.481945,-0.182265,-0.093244,-0.353132,-0.14953,-0.055464,-0.29024,-0.106869,X
0.0,0.0,0.0,0.151294,0.036756,-0.079959,0.282379,-0.031975,-0.130489,0.350523,-0.18496,-0.181313,0.391612,-0.321442,-0.230452,0.435174,-0.248907,-0.085945,0.604249,-0.389399,-0.170217,0.708028,-0.482602,-0.225869,0.786384,-0.560538,-0.259609,0.349909,-0.351311,-0.085584,0.364695,-0.364353,-0.217227,0.271996,-0.228591,-0.249859,0.204475,-0.109204,-0.241776,0.250777,-0.418749,-0.094434,0.256824,-0.392587,-0.212023,0.185165,-0.246786,-0.190774,0.130263,-0.133173,-0.144992,0.144573,-0.457269,-0.111634,0.163181,-0.4431,-0.190583,0.121152,-0.323027,-0.170773,0.087722,-0.232723,-0.131152,0.0,0.0,0.0,-0.154884,-0.019636,-0.039236,-0.305739,-0.136703,-0.069773,-0.35808,-0.310886,-0.106972,-0.377797,-0.447503,-0.143756,-0.356145,-0.383098,-0.036464,-0.496564,-0.550776,-0.103083,-0.573042,-0.654526,-0.147521,-0.632077,-0.754193,-0.177968,-0.262972,-0.452206,-0.056729,-0.3161,-0.452649,-0.177719,-0.249653,-0.274967,-0.203373,-0.182918,-0.165632,-0.190998,-0.16512,-0.484711,-0.084702,-0.213917,-0.464397,-0.187473,-0.157344,-0.303495,-0.156478,-0.10531,-0.211275,-0.107984,-0.060302,-0.49584,-0.118137,-0.120413,-0.500869,-0.173841,-0.093458,-0.372224,-0.140749,-0.056135,-0.302658,-0.099263,X
0.0,0.0,0.0,0.147475,0.0463,-0.093065,0.286935,-0.025056,-0.14345,0.371515,-0.173807,-0.191152,0.432612,-0.29976,-0.23558,0.445001,-0.235362,-0.079466,0.623753,-0.372082,-0.164114,0.726997,-0.465478,-0.21786,0.801452,-0.543764,-0.248989,0.354905,-0.331565,-0.07215,0.378719,-0.385753,-0.207559,0.277534,-0.237619,-0.239934,0.212368,-0.107429,-0.227878,0.253053,-0.398638,-0.076248,0.270173,-0.413795,-0.202906,0.186842,-0.256424,-0.180379,0.132271,-0.141175,-0.12902,0.143097,-0.441907,-0.088651,0.175202,-0.46632,-0.172866,0.126076,-0.340459,-0.149136,0.092809,-0.251724,-0.104649,0.0,0.0,0.0,-0.148979,-0.02531,-0.038161,-0.29452,-0.135381,-0.070556,-0.338585,-0.292007,-0.108683,-0.344375,-0.414482,-0.144993,-0.350994,-0.359127,-0.040421,-0.490768,-0.533308,-0.112165,-0.566434,-0.650059,-0.163841,-0.623853,-0.755499,-0.200071,-0.263961,-0.418287,-0.062335,-0.328439,-0.454981,-0.176084,-0.275597,-0.320469,-0.205392,-0.225095,-0.243213,-0.20063,-0.172792,-0.450462,-0.092219,-0.225849,-0.459109,-0.180264,-0.177873,-0.334345,-0.150343,-0.143412,-0.27852,-0.109914,-0.071532,-0.465679,-0.128691,-0.12958,-0.481585,-0.167765,-0.107163,-0.372201,-0.131539,-0.082458,-0.327355,-0.094245,X
0.0,0.0,0.0,0.158795,0.036697,-0.065568,0.321478,-0.053074,-0.099345,0.429354,-0.192809,-0.13328,0.485814,-0.325145,-0.166699,0.453442,-0.237952,-0.070838,0.625763,-0.359394,-0.145242,0.730746,-0.452464,-0.191093,0.813279,-0.538458,-0.220547,0.3683,-0.335177,-0.074671,0.418117,-0.374826,-0.193223,0.313363,-0.214109,-0.212777,0.236792,-0.094813,-0.199137,0.263975,-0.402784,-0.086923,0.308802,-0.407494,-0.196472,0.223212,-0.251824,-0.162886,0.158569,-0.15395,-0.112269,0.146103,-0.449737,-0.105533,0.205612,-0.465872,-0.177058,0.153502,-0.343475,-0.147002,0.105155,-0.271072,-0.105584,0.0,0.0,0.0,-0.160216,-0.027969,-0.040326,-0.306655,-0.140359,-0.075362,-0.346289,-0.291256,-0.115648,-0.34101,-0.4096,-0.153953,-0.361399,-0.37583,-0.041871,-0.50189,-0.533206,-0.108543,-0.585818,-0.63926,-0.159785,-0.651231,-0.732788,-0.197278,-0.271584,-0.425092,-0.06349,-0.340743,-0.492374,-0.167862,-0.299657,-0.379758,-0.200369,-0.255846,-0.292264,-0.201365,-0.179109,-0.448838,-0.092389,-0.241111,-0.492109,-0.172462,-0.202147,-0.376591,-0.146347,-0.172128,-0.297144,-0.110608,-0.07667,-0.451726,-0.128048,-0.140843,-0.502673,-0.16278,-0.128317,-0.405845,-0.128506,-0.11038,-0.340852,-0.09439,X
0.0,0.0,0.0,0.159273,0.063759,-0.068942,0.323663,0.029598,-0.116987,0.425464,-0.082862,-0.16811,0.468113,-0.225346,-0.217517,0.485097,-0.175349,-0.085943,0.672945,-0.334114,-0.175054,0.750813,-0.440063,-0.230556,0.802096,-0.536923,-0.261447,0.407765,-0.284034,-0.091799,0.461932,-0.299252,-0.222529,0.346561,-0.150863,-0.251968,0.259605,-0.044481,-0.242751,0.314122,-0.375078,-0.106331,0.361908,-0.382946,-0.218236,0.269841,-0.236728,-0.188411,0.195672,-0.136963,-0.139495,0.209601,-0.455516,-0.127673,0.276426,-0.480459,-0.191934,0.219301,-0.360128,-0.156835,0.163444,-0.280366,-0.11142,0.0,0.0,0.0,-0.167038,-0.030913,-0.026833,-0.321077,-0.138689,-0.051565,-0.391378,-0.288304,-0.085922,-0.409654,-0.419544,-0.121023,-0.357098,-0.38022,-0.020475,-0.492589,-0.538987,-0.085471,-0.573006,-0.652919,-0.133014,-0.637851,-0.751826,-0.167044,-0.271718,-0.448205,-0.045846,-0.357498,-0.447552,-0.149251,-0.305191,-0.315126,-0.175025,-0.246493,-0.228963,-0.170147,-0.177771,-0.481958,-0.078925,-0.257331,-0.449031,-0.165514,-0.210179,-0.324153,-0.13789,-0.163503,-0.246725,-0.097935,-0.072392,-0.496568,-0.117466,-0.153803,-0.48149,-0.163275,-0.136212,-0.37347,-0.132812,-0.104597,-0.312798,-0.097198,X
0.0,0.0,0.0,0.218633,0.033575,-0.021029,0.430726,-0.051678,-0.052946,0.578931,-0.177917,-0.096947,0.668224,-0.30636,-0.137888,0.571748,-0.232184,-0.054197,0.754168,-0.418357,-0.15213,0.787337,-0.521842,-0.211368,0.775096,-0.584937,-0.238902,0.487735,-0.362683,-0.083354,0.558216,-0.365697,-0.192856,0.449978,-0.204548,-0.2134,0.357588,-0.076693,-0.207599,0.373652,-0.467165,-0.119864,0.433404,-0.4107,-0.220049,0.343091,-0.250879,-0.186943,0.262053,-0.137335,-0.142141,0.243615,-0.559917,-0.159454,0.323423,-0.539025,-0.215078,0.274966,-0.403401,-0.175562,0.217668,-0.308462,-0.130585,0.0,0.0,0.0,-0.173154,-0.055459,-0.023033,-0.320244,-0.171598,-0.046348,-0.390677,-0.309934,-0.081266,-0.400479,-0.446495,-0.118417,-0.311883,-0.418922,-0.014415,-0.44651,-0.57663,-0.079634,-0.537502,-0.679374,-0.1303,-0.607046,-0.777101,-0.16616,-0.22822,-0.468378,-0.04421,-0.334994,-0.520107,-0.14222,-0.33139,-0.361462,-0.169956,-0.286108,-0.250998,-0.166271,-0.138262,-0.484484,-0.081664,-0.237893,-0.507169,-0.162968,-0.236211,-0.358047,-0.139013,-0.191228,-0.263146,-0.100421,-0.037909,-0.484513,-0.124104,-0.143938,-0.525336,-0.162947,-0.163464,-0.40942,-0.129467,-0.13143,-0.327016,-0.092099,X
