0.0,0.0,0.0,0.110588,-0.294317,-0.014447,0.338918,-0.530188,-0.059639,0.546551,-0.644066,-0.10187,0.706874,-0.695899,-0.126705,0.369912,-0.614187,-0.147283,0.719737,-0.452326,-0.232281,0.63778,-0.378618,-0.24745,0.532154,-0.398628,-0.246749,0.36151,-0.408985,-0.183003,0.726392,-0.250599,-0.235696,0.631664,-0.201621,-0.202502,0.532734,-0.229613,-0.184349,0.361753,-0.184941,-0.218031,0.678047,-0.036454,-0.245564,0.579292,-0.004291,-0.175955,0.483438,-0.044643,-0.138451,0.363494,0.034134,-0.255177,0.609365,0.128087,-0.247232,0.520741,0.152843,-0.188284,0.432978,0.11595,-0.15415,0.0,0.0,0.0,-0.181531,-0.391352,0.018413,-0.493225,-0.519403,-0.002844,-0.768367,-0.420695,-0.023796,-0.933653,-0.251803,-0.047289,-0.592583,-0.563677,-0.09378,-0.865425,-0.483149,-0.132686,-0.807796,-0.410523,-0.145446,-0.711832,-0.380239,-0.147998,-0.605825,-0.262713,-0.122434,-0.860695,-0.201785,-0.126417,-0.776048,-0.181236,-0.10191,-0.67026,-0.18168,-0.096893,-0.592462,0.034993,-0.14153,-0.830247,0.04485,-0.143534,-0.742276,0.040155,-0.087889,-0.637241,0.039111,-0.061674,-0.560362,0.304607,-0.155194,-0.777778,0.267911,-0.146689,-0.697215,0.251926,-0.082793,-0.607228,0.252974,-0.039714,G
0.0,0.0,0.0,0.103154,-0.292602,-0.008563,0.324312,-0.535798,-0.050218,0.529563,-0.655159,-0.090545,0.689617,-0.715093,-0.114329,0.351104,-0.62384,-0.140923,0.70335,-0.471971,-0.22559,0.630417,-0.390684,-0.243262,0.522446,-0.405691,-0.243424,0.3459,-0.430671,-0.178281,0.706882,-0.270815,-0.222782,0.618314,-0.212877,-0.18829,0.518404,-0.244336,-0.171533,0.349158,-0.213283,-0.215042,0.667358,-0.060045,-0.236226,0.570251,-0.022871,-0.167326,0.471407,-0.067442,-0.132757,0.352494,0.002902,-0.253696,0.59913,0.101901,-0.245482,0.509851,0.133975,-0.187687,0.418826,0.096997,-0.154804,0.0,0.0,0.0,-0.166439,-0.375403,0.003849,-0.482301,-0.517312,-0.021599,-0.767053,-0.434933,-0.044154,-0.936511,-0.259088,-0.06919,-0.580699,-0.552936,-0.104255,-0.862026,-0.48223,-0.156093,-0.801538,-0.413977,-0.181944,-0.695929,-0.387486,-0.191545,-0.592544,-0.25746,-0.128017,-0.861015,-0.199735,-0.143845,-0.775177,-0.182245,-0.126652,-0.662765,-0.182825,-0.123275,-0.581263,0.034151,-0.144232,-0.825259,0.049006,-0.155227,-0.739573,0.035774,-0.103199,-0.634925,0.032004,-0.07658,-0.555197,0.300319,-0.156281,-0.775057,0.262964,-0.153354,-0.693518,0.242607,-0.091165,-0.604413,0.244938,-0.04798,G
0.0,0.0,0.0,0.113099,-0.285791,-0.005454,0.340178,-0.520295,-0.044568,0.544851,-0.64084,-0.083471,0.705007,-0.701215,-0.106128,0.371063,-0.619696,-0.12934,0.713141,-0.46506,-0.207644,0.633266,-0.380303,-0.22201,0.529173,-0.399307,-0.22242,0.366345,-0.433379,-0.168473,0.718351,-0.269551,-0.20884,0.624799,-0.206735,-0.173914,0.529998,-0.235327,-0.158573,0.368582,-0.220842,-0.207091,0.679591,-0.062056,-0.225452,0.580573,-0.021276,-0.157231,0.485613,-0.063327,-0.124335,0.371048,-0.006483,-0.247653,0.620143,0.094578,-0.234719,0.532436,0.128091,-0.17621,0.442294,0.090816,-0.144263,0.0,0.0,0.0,-0.161143,-0.380599,0.006766,-0.48286,-0.51957,-0.014857,-0.770847,-0.451133,-0.034254,-0.939497,-0.2744,-0.055691,-0.595133,-0.579428,-0.09016,-0.862191,-0.487247,-0.138623,-0.793958,-0.426469,-0.166249,-0.690611,-0.418765,-0.179141,-0.611176,-0.282002,-0.116105,-0.870275,-0.215873,-0.133258,-0.777066,-0.194055,-0.117893,-0.660001,-0.195648,-0.113688,-0.601977,0.015462,-0.134768,-0.832876,0.035288,-0.146139,-0.741252,0.027498,-0.093566,-0.634805,0.021836,-0.065458,-0.575521,0.284132,-0.149794,-0.777338,0.25233,-0.147258,-0.690246,0.240626,-0.085295,-0.601737,0.243518,-0.041288,G
0.0,0.0,0.0,0.105415,-0.283404,-0.010473,0.333531,-0.52586,-0.054106,0.539586,-0.650139,-0.09873,0.693651,-0.709154,-0.126289,0.356574,-0.649801,-0.127679,0.705892,-0.486565,-0.215392,0.625855,-0.400465,-0.23868,0.527835,-0.4226,-0.24471,0.342142,-0.464246,-0.168878,0.702429,-0.286648,-0.220308,0.608681,-0.220284,-0.192404,0.518106,-0.247554,-0.179914,0.340217,-0.2502,-0.210914,0.662793,-0.083602,-0.2399,0.564472,-0.0332,-0.172491,0.472708,-0.06686,-0.137318,0.344389,-0.029626,-0.255584,0.609075,0.075854,-0.248593,0.522884,0.118256,-0.189194,0.435926,0.091201,-0.15526,0.0,0.0,0.0,-0.167683,-0.378494,0.01218,-0.468955,-0.509331,-0.010591,-0.739082,-0.428578,-0.035556,-0.911225,-0.276828,-0.061727,-0.593833,-0.601696,-0.068039,-0.848824,-0.51484,-0.120155,-0.782309,-0.453144,-0.153618,-0.674965,-0.4386,-0.168062,-0.609422,-0.311901,-0.096996,-0.852851,-0.242497,-0.116458,-0.766458,-0.215083,-0.10922,-0.649442,-0.214034,-0.108948,-0.600996,-0.016149,-0.119941,-0.812594,0.006317,-0.132291,-0.727618,0.00843,-0.086049,-0.620448,0.005437,-0.05997,-0.57648,0.255168,-0.139291,-0.771105,0.22701,-0.134839,-0.689905,0.219416,-0.075133,-0.598158,0.220919,-0.030957,G
0.0,0.0,0.0,0.123126,-0.282727,-0.018685,0.348993,-0.51726,-0.065335,0.551189,-0.64054,-0.109437,0.707979,-0.692932,-0.13642,0.372353,-0.622314,-0.138441,0.713633,-0.461286,-0.225717,0.63052,-0.381892,-0.250087,0.52732,-0.418821,-0.258413,0.357798,-0.432669,-0.175196,0.714076,-0.261301,-0.22557,0.616933,-0.205024,-0.196976,0.519096,-0.239561,-0.185625,0.353666,-0.217634,-0.213189,0.667858,-0.055608,-0.239118,0.56892,-0.020287,-0.173912,0.471662,-0.060771,-0.142289,0.353226,-0.001257,-0.254867,0.597623,0.095873,-0.246634,0.508275,0.121941,-0.19114,0.417589,0.087298,-0.161319,0.0,0.0,0.0,-0.1626,-0.384413,0.009071,-0.46251,-0.520323,-0.019239,-0.727574,-0.445884,-0.048229,-0.904867,-0.312742,-0.078022,-0.562993,-0.582197,-0.090762,-0.836262,-0.525774,-0.155654,-0.765271,-0.478796,-0.193227,-0.647446,-0.462094,-0.206233,-0.579646,-0.289548,-0.118342,-0.846459,-0.254659,-0.14957,-0.758299,-0.238423,-0.144053,-0.632177,-0.227724,-0.141698,-0.578794,0.001439,-0.13945,-0.805514,-0.000243,-0.155539,-0.718934,-0.009678,-0.106562,-0.609533,-0.006985,-0.077466,-0.563234,0.259147,-0.157019,-0.76174,0.210969,-0.152457,-0.680964,0.194007,-0.090574,-0.590819,0.2012,-0.044668,G
0.0,0.0,0.0,0.118417,-0.291537,-0.013228,0.340287,-0.530616,-0.06328,0.545376,-0.646015,-0.113596,0.706041,-0.692796,-0.146765,0.374728,-0.624912,-0.138296,0.726157,-0.475639,-0.233617,0.644102,-0.395921,-0.265352,0.532453,-0.422516,-0.275716,0.356401,-0.430119,-0.180695,0.725404,-0.265559,-0.233575,0.629924,-0.205727,-0.206956,0.523983,-0.238712,-0.195846,0.348931,-0.210752,-0.223973,0.680026,-0.052715,-0.252883,0.582846,-0.009755,-0.184188,0.47699,-0.049798,-0.149357,0.34349,0.011024,-0.270334,0.606316,0.103659,-0.265387,0.51385,0.137865,-0.203802,0.411708,0.105071,-0.168566,0.0,0.0,0.0,-0.152935,-0.396868,0.015869,-0.450524,-0.5388,-0.003833,-0.719584,-0.47765,-0.023933,-0.887594,-0.339856,-0.045754,-0.585092,-0.571094,-0.083842,-0.834855,-0.533316,-0.136352,-0.760157,-0.497755,-0.167629,-0.646357,-0.482485,-0.178649,-0.608139,-0.281332,-0.110351,-0.852606,-0.277494,-0.123507,-0.766209,-0.266528,-0.110249,-0.64643,-0.248717,-0.105946,-0.606305,0.002198,-0.128943,-0.800923,-0.027586,-0.128814,-0.722154,-0.040703,-0.079749,-0.619178,-0.029099,-0.054557,-0.587583,0.24866,-0.143863,-0.772593,0.184636,-0.12681,-0.696835,0.162738,-0.062663,-0.610205,0.176191,-0.017174,G
0.0,0.0,0.0,0.124666,-0.272265,-0.012005,0.35853,-0.506911,-0.057276,0.560582,-0.6272,-0.103795,0.715274,-0.686082,-0.132948,0.382765,-0.624535,-0.127657,0.728224,-0.445269,-0.220534,0.638169,-0.367938,-0.249901,0.531998,-0.404912,-0.260455,0.357603,-0.443095,-0.171584,0.722477,-0.249088,-0.228648,0.61817,-0.193467,-0.203568,0.518076,-0.227285,-0.192385,0.344328,-0.232677,-0.217218,0.669961,-0.050316,-0.248596,0.564714,-0.011166,-0.18184,0.466807,-0.050556,-0.147073,0.335194,-0.01439,-0.266352,0.599037,0.100304,-0.259845,0.505314,0.126904,-0.200185,0.40837,0.092813,-0.166563,0.0,0.0,0.0,-0.150733,-0.386049,0.011785,-0.433875,-0.535146,-0.011504,-0.693246,-0.480948,-0.035709,-0.860477,-0.347934,-0.060311,-0.56975,-0.59067,-0.082454,-0.827398,-0.543703,-0.140712,-0.758142,-0.492008,-0.174636,-0.642953,-0.466568,-0.185655,-0.592979,-0.304421,-0.108099,-0.842631,-0.281283,-0.13038,-0.757698,-0.260537,-0.122121,-0.637758,-0.249586,-0.118065,-0.594385,-0.022377,-0.127113,-0.791436,-0.037579,-0.135618,-0.70986,-0.040137,-0.088906,-0.607219,-0.03183,-0.062033,-0.579688,0.226345,-0.14294,-0.757662,0.164835,-0.132946,-0.678604,0.148698,-0.071693,-0.592247,0.159669,-0.025776,G
0.0,0.0,0.0,0.128153,-0.282617,-0.018293,0.358604,-0.521427,-0.068354,0.55665,-0.633011,-0.117098,0.717817,-0.680525,-0.147053,0.36748,-0.607077,-0.149859,0.727403,-0.450411,-0.247356,0.636022,-0.377706,-0.275569,0.524673,-0.407778,-0.283339,0.343426,-0.407545,-0.18975,0.724737,-0.236485,-0.249748,0.61984,-0.189617,-0.220683,0.513752,-0.217592,-0.206663,0.334706,-0.187746,-0.230779,0.667505,-0.026925,-0.260271,0.560119,0.001041,-0.186534,0.457157,-0.034001,-0.148101,0.33153,0.032405,-0.275857,0.595752,0.124923,-0.266488,0.498583,0.142799,-0.202385,0.399164,0.111449,-0.166649,0.0,0.0,0.0,-0.155095,-0.394355,0.00984,-0.445327,-0.529208,-0.015378,-0.713967,-0.462122,-0.040363,-0.88925,-0.33579,-0.065542,-0.57587,-0.580119,-0.086127,-0.830441,-0.53843,-0.143044,-0.753516,-0.489073,-0.176832,-0.636621,-0.462974,-0.188579,-0.600566,-0.291634,-0.109586,-0.835904,-0.271604,-0.125877,-0.745136,-0.253885,-0.113587,-0.626379,-0.241856,-0.110092,-0.60027,-0.010058,-0.126345,-0.787945,-0.030858,-0.129286,-0.705603,-0.037213,-0.0788,-0.602608,-0.027193,-0.052403,-0.581849,0.236823,-0.140105,-0.755028,0.17532,-0.125856,-0.673217,0.160349,-0.062365,-0.586182,0.174059,-0.01669,G
0.0,0.0,0.0,0.120621,-0.283777,-0.018642,0.347812,-0.520751,-0.071798,0.545986,-0.639925,-0.123403,0.70076,-0.695864,-0.157191,0.362681,-0.618551,-0.156218,0.719237,-0.457544,-0.254615,0.632839,-0.389303,-0.285377,0.519656,-0.421723,-0.294602,0.339684,-0.4224,-0.196069,0.72375,-0.24991,-0.255943,0.623486,-0.205031,-0.227912,0.512132,-0.238091,-0.213987,0.330132,-0.200954,-0.23625,0.670296,-0.039916,-0.26689,0.569495,-0.011489,-0.196461,0.463454,-0.050209,-0.159601,0.325144,0.022651,-0.279937,0.600896,0.114463,-0.274368,0.509474,0.132062,-0.213413,0.406465,0.097126,-0.178911,0.0,0.0,0.0,-0.157134,-0.399241,0.010527,-0.446896,-0.53331,-0.009197,-0.709115,-0.464848,-0.028152,-0.871734,-0.334778,-0.047009,-0.599335,-0.559489,-0.077341,-0.839442,-0.528082,-0.128327,-0.761711,-0.487105,-0.160837,-0.646297,-0.463754,-0.172753,-0.626872,-0.276312,-0.098876,-0.851218,-0.269475,-0.107611,-0.764679,-0.25647,-0.094818,-0.647081,-0.242418,-0.091136,-0.625125,-7.1e-05,-0.113883,-0.797095,-0.026297,-0.109309,-0.721002,-0.036757,-0.063344,-0.620666,-0.026214,-0.040901,-0.603596,0.240187,-0.12641,-0.762968,0.178048,-0.107556,-0.686216,0.159424,-0.047212,-0.601781,0.1729,-0.004004,G
0.0,0.0,0.0,0.127136,-0.268907,-0.026779,0.35955,-0.497604,-0.081161,0.561903,-0.611571,-0.13327,0.710364,-0.683532,-0.167832,0.358196,-0.589135,-0.164097,0.716587,-0.425457,-0.265024,0.632163,-0.352048,-0.295911,0.523578,-0.382654,-0.305734,0.327808,-0.39364,-0.202546,0.712754,-0.20864,-0.267664,0.60986,-0.164145,-0.241902,0.498579,-0.198515,-0.230289,0.313535,-0.175107,-0.24249,0.663442,-0.006818,-0.281513,0.559102,0.020364,-0.214415,0.451423,-0.017377,-0.179209,0.308941,0.045924,-0.28659,0.587065,0.147958,-0.291119,0.494378,0.165001,-0.236199,0.389549,0.131395,-0.205388,0.0,0.0,0.0,-0.158641,-0.38887,0.017737,-0.44067,-0.540497,-0.001706,-0.697648,-0.492307,-0.021126,-0.845089,-0.335326,-0.042064,-0.601282,-0.571483,-0.090775,-0.842635,-0.522097,-0.131835,-0.763197,-0.475122,-0.154048,-0.651064,-0.449996,-0.160818,-0.624566,-0.288269,-0.114216,-0.826995,-0.257273,-0.109333,-0.743545,-0.240714,-0.087965,-0.634498,-0.232352,-0.084458,-0.620567,-0.010706,-0.128797,-0.782306,-0.028939,-0.1148,-0.707418,-0.029911,-0.065728,-0.608303,-0.018245,-0.04605,-0.599685,0.234815,-0.140207,-0.756234,0.174808,-0.11706,-0.677897,0.163525,-0.055,-0.589838,0.180144,-0.01277,G
0.0,0.0,0.0,0.117179,-0.266399,-0.028004,0.35451,-0.501521,-0.084251,0.560397,-0.613428,-0.137941,0.714288,-0.678125,-0.173028,0.34281,-0.603299,-0.175483,0.713155,-0.43094,-0.281021,0.618342,-0.354788,-0.309121,0.498688,-0.380113,-0.314646,0.317316,-0.405126,-0.213814,0.715452,-0.228416,-0.286267,0.606969,-0.182279,-0.257977,0.487047,-0.211166,-0.241008,0.30702,-0.1843,-0.253255,0.668564,-0.028902,-0.293858,0.560898,0.004382,-0.221125,0.447212,-0.026411,-0.180149,0.304605,0.037499,-0.296894,0.597852,0.130287,-0.301152,0.509736,0.156346,-0.243439,0.4067,0.13024,-0.209537,0.0,0.0,0.0,-0.169877,-0.389105,0.024967,-0.473527,-0.523859,0.012025,-0.736466,-0.445911,-0.003604,-0.885046,-0.273611,-0.021683,-0.640646,-0.572979,-0.055283,-0.870099,-0.484964,-0.087963,-0.792417,-0.43667,-0.112685,-0.685392,-0.423436,-0.123415,-0.659406,-0.280085,-0.08178,-0.853003,-0.219501,-0.069526,-0.767132,-0.200412,-0.051906,-0.659924,-0.194811,-0.052023,-0.645358,0.007771,-0.099951,-0.808565,0.013625,-0.082205,-0.730537,0.009991,-0.035579,-0.629376,0.01539,-0.017958,-0.613287,0.264231,-0.114538,-0.775507,0.221371,-0.087039,-0.696724,0.214428,-0.023235,-0.607248,0.226562,0.019577,G
0.0,0.0,0.0,0.118252,-0.266684,-0.023357,0.346891,-0.501021,-0.07669,0.54932,-0.618705,-0.128279,0.708519,-0.686901,-0.161762,0.350052,-0.616183,-0.166171,0.716064,-0.458603,-0.264841,0.629023,-0.380938,-0.291607,0.509983,-0.407503,-0.298054,0.326491,-0.426831,-0.204768,0.719596,-0.249782,-0.268584,0.613088,-0.20017,-0.240059,0.496381,-0.229805,-0.225685,0.314787,-0.208504,-0.243915,0.672796,-0.044899,-0.277282,0.567429,-0.010486,-0.207435,0.454767,-0.041323,-0.170827,0.3065,0.016488,-0.287099,0.598795,0.123621,-0.286889,0.512024,0.144639,-0.230963,0.404249,0.113867,-0.199352,0.0,0.0,0.0,-0.170345,-0.383863,0.016416,-0.468005,-0.503378,-0.001093,-0.73729,-0.423492,-0.020336,-0.892696,-0.254128,-0.040458,-0.633435,-0.556351,-0.05971,-0.870873,-0.480643,-0.102774,-0.794098,-0.430437,-0.1339,-0.682413,-0.414241,-0.147354,-0.654013,-0.270491,-0.083273,-0.854928,-0.213586,-0.082585,-0.765262,-0.191864,-0.068686,-0.65187,-0.189581,-0.068085,-0.643238,0.013675,-0.100438,-0.806162,0.020815,-0.091764,-0.7268,0.021905,-0.045734,-0.623957,0.025309,-0.02514,-0.614928,0.266397,-0.11493,-0.769995,0.231029,-0.093412,-0.692282,0.223052,-0.032884,-0.604167,0.231194,0.009516,G
0.0,0.0,0.0,0.121486,-0.27925,-0.024833,0.350925,-0.516264,-0.075115,0.55293,-0.625399,-0.121179,0.713166,-0.685022,-0.148793,0.337604,-0.60945,-0.162552,0.704537,-0.451865,-0.253469,0.633016,-0.373884,-0.273825,0.522588,-0.403714,-0.276186,0.31449,-0.411012,-0.196007,0.705417,-0.239602,-0.252538,0.613675,-0.191001,-0.221337,0.504311,-0.226938,-0.206765,0.308673,-0.193542,-0.229856,0.655639,-0.032309,-0.256645,0.55967,-0.006971,-0.187957,0.455513,-0.051974,-0.15412,0.31145,0.022886,-0.267529,0.582279,0.116357,-0.259574,0.495715,0.133568,-0.202409,0.394983,0.096251,-0.172024,0.0,0.0,0.0,-0.168209,-0.394683,0.01445,-0.474296,-0.529589,7.2e-05,-0.751654,-0.446456,-0.014496,-0.91119,-0.276806,-0.029838,-0.63129,-0.577265,-0.056824,-0.871123,-0.482365,-0.092029,-0.808894,-0.424026,-0.114755,-0.705222,-0.403462,-0.124042,-0.650341,-0.286467,-0.077733,-0.864071,-0.21001,-0.07743,-0.782611,-0.186594,-0.064349,-0.670041,-0.187229,-0.063613,-0.64339,0.004387,-0.091517,-0.815844,0.026267,-0.084231,-0.739118,0.027177,-0.040514,-0.637448,0.030333,-0.021104,-0.618882,0.266531,-0.102102,-0.778225,0.238837,-0.082061,-0.701606,0.229221,-0.023729,-0.618018,0.235489,0.017095,G
0.0,0.0,0.0,0.122349,-0.28039,-0.024424,0.352964,-0.514686,-0.071809,0.558282,-0.627521,-0.114634,0.729023,-0.670396,-0.138184,0.353176,-0.598463,-0.159129,0.714186,-0.436286,-0.246903,0.638416,-0.372161,-0.262001,0.524863,-0.400235,-0.260598,0.331105,-0.401554,-0.190323,0.712616,-0.228786,-0.245109,0.619776,-0.189524,-0.210584,0.517448,-0.223894,-0.193524,0.32382,-0.18392,-0.221803,0.669258,-0.017476,-0.251395,0.571727,0.000416,-0.183711,0.469416,-0.04483,-0.148758,0.321785,0.034455,-0.256505,0.595496,0.136005,-0.252487,0.508782,0.146205,-0.19797,0.407369,0.10624,-0.167625,0.0,0.0,0.0,-0.17456,-0.396054,0.031293,-0.464879,-0.536254,0.022079,-0.726901,-0.454621,0.007832,-0.881557,-0.294601,-0.008766,-0.645757,-0.568095,-0.043199,-0.876094,-0.476309,-0.074759,-0.811815,-0.425962,-0.094591,-0.702852,-0.40358,-0.100838,-0.667158,-0.28077,-0.072386,-0.865532,-0.213268,-0.063402,-0.782621,-0.193099,-0.04824,-0.671324,-0.189776,-0.048165,-0.654623,0.00769,-0.093241,-0.822303,0.021779,-0.07878,-0.743594,0.022634,-0.034313,-0.640476,0.02737,-0.016469,-0.620975,0.272257,-0.109685,-0.787128,0.235601,-0.0856,-0.709693,0.226156,-0.024263,-0.621978,0.235101,0.018375,G
0.0,0.0,0.0,0.125289,-0.28281,-0.01294,0.362555,-0.508995,-0.061469,0.56931,-0.620335,-0.107454,0.738015,-0.660967,-0.135856,0.349919,-0.613419,-0.171432,0.717719,-0.439464,-0.255214,0.641523,-0.367959,-0.263718,0.532209,-0.394757,-0.259211,0.323255,-0.419399,-0.210364,0.718251,-0.239409,-0.26253,0.625822,-0.193292,-0.222988,0.522677,-0.227425,-0.20389,0.311652,-0.198317,-0.246623,0.667171,-0.03077,-0.272158,0.566616,-0.002025,-0.198273,0.463334,-0.046003,-0.161262,0.305487,0.024504,-0.284895,0.59329,0.135754,-0.278114,0.506912,0.155406,-0.21942,0.402958,0.113309,-0.187719,0.0,0.0,0.0,-0.165017,-0.399478,0.040196,-0.459374,-0.529388,0.037951,-0.728998,-0.460806,0.03264,-0.887242,-0.311231,0.025084,-0.638772,-0.597652,-0.052101,-0.869647,-0.489603,-0.06327,-0.80211,-0.427092,-0.063617,-0.697236,-0.40613,-0.060865,-0.664572,-0.312771,-0.080434,-0.863535,-0.232071,-0.057529,-0.774513,-0.197269,-0.029858,-0.664268,-0.195456,-0.023898,-0.657356,-0.024536,-0.096548,-0.822282,0.002909,-0.067807,-0.738556,0.013294,-0.016897,-0.637289,0.013037,0.000521,-0.626495,0.238991,-0.107412,-0.783085,0.211511,-0.076539,-0.700429,0.212518,-0.014944,-0.614004,0.217666,0.025392,G
0.0,0.0,0.0,0.123952,-0.273355,-0.020676,0.359824,-0.501041,-0.067592,0.564006,-0.613629,-0.111856,0.722113,-0.677885,-0.137931,0.353987,-0.612063,-0.160529,0.710362,-0.431509,-0.249826,0.629004,-0.358401,-0.26637,0.516065,-0.401045,-0.267947,0.325067,-0.432214,-0.197428,0.704895,-0.23735,-0.255391,0.607194,-0.189315,-0.223624,0.505483,-0.233708,-0.209027,0.309227,-0.224023,-0.234282,0.650513,-0.037213,-0.265145,0.549804,-0.004565,-0.197636,0.452455,-0.054681,-0.164083,0.301255,-0.009559,-0.274625,0.578857,0.120937,-0.272253,0.495784,0.143769,-0.219365,0.400935,0.097884,-0.191124,0.0,0.0,0.0,-0.164225,-0.393523,0.019814,-0.463919,-0.53002,0.006089,-0.732415,-0.455456,-0.009854,-0.889936,-0.295341,-0.026827,-0.629488,-0.605252,-0.050029,-0.866587,-0.49188,-0.084145,-0.79614,-0.440764,-0.1089,-0.68927,-0.43358,-0.120403,-0.653077,-0.31522,-0.075177,-0.865198,-0.230585,-0.074762,-0.780216,-0.20246,-0.061806,-0.66819,-0.20251,-0.062109,-0.650474,-0.020786,-0.093356,-0.834117,0.008112,-0.085342,-0.75184,0.017519,-0.040386,-0.64696,0.016577,-0.021232,-0.629972,0.246474,-0.108607,-0.795884,0.220343,-0.090674,-0.71308,0.220243,-0.033144,-0.625115,0.222154,0.006902,G
0.0,0.0,0.0,0.1349,-0.261392,-0.021827,0.374046,-0.490398,-0.067027,0.572843,-0.607838,-0.110693,0.729403,-0.67044,-0.135949,0.359608,-0.611934,-0.148916,0.721939,-0.427161,-0.239034,0.642894,-0.355042,-0.258772,0.533969,-0.391201,-0.262922,0.329588,-0.433827,-0.18531,0.711742,-0.243704,-0.247047,0.615936,-0.195185,-0.218739,0.516454,-0.230052,-0.205345,0.315864,-0.228295,-0.22313,0.657695,-0.043958,-0.257175,0.557173,-0.01182,-0.192384,0.460007,-0.056918,-0.15925,0.313918,-0.015497,-0.26511,0.59433,0.115259,-0.265374,0.510245,0.139519,-0.215647,0.414045,0.097432,-0.188861,0.0,0.0,0.0,-0.152035,-0.394437,0.048215,-0.419764,-0.540296,0.047608,-0.651372,-0.494985,0.038072,-0.784057,-0.348079,0.025474,-0.634658,-0.610241,-0.028899,-0.866767,-0.496159,-0.050415,-0.798115,-0.442874,-0.065173,-0.690269,-0.433967,-0.070812,-0.666312,-0.329602,-0.066405,-0.877204,-0.250034,-0.050478,-0.79348,-0.212473,-0.030678,-0.684413,-0.212249,-0.028133,-0.663001,-0.041973,-0.094127,-0.838179,-0.013277,-0.071001,-0.757339,0.003844,-0.024689,-0.656942,-0.000468,-0.008297,-0.635029,0.225491,-0.117187,-0.798761,0.203169,-0.088827,-0.718085,0.207461,-0.027173,-0.630713,0.207237,0.014648,G
0.0,0.0,0.0,0.136315,-0.257698,-0.019028,0.365948,-0.494045,-0.061539,0.556156,-0.616782,-0.10342,0.712803,-0.68971,-0.127327,0.353524,-0.63147,-0.134752,0.706953,-0.432113,-0.224491,0.625953,-0.358728,-0.249547,0.515972,-0.397703,-0.258537,0.325471,-0.460607,-0.172969,0.698809,-0.253371,-0.229571,0.601052,-0.203249,-0.203459,0.500478,-0.242667,-0.19403,0.311502,-0.257375,-0.213668,0.647803,-0.05889,-0.244927,0.544103,-0.025493,-0.182888,0.447604,-0.074123,-0.153744,0.30757,-0.041926,-0.258595,0.577188,0.102092,-0.259709,0.490071,0.127164,-0.212536,0.395871,0.081253,-0.18853,0.0,0.0,0.0,-0.149212,-0.385576,0.030774,-0.434735,-0.535189,0.026496,-0.697474,-0.484482,0.017662,-0.848861,-0.333207,0.007564,-0.626858,-0.625957,-0.024144,-0.853366,-0.519053,-0.048478,-0.792427,-0.452356,-0.070347,-0.693864,-0.43454,-0.081671,-0.66332,-0.342499,-0.052164,-0.870535,-0.271942,-0.043479,-0.787125,-0.229085,-0.031036,-0.676094,-0.22385,-0.030459,-0.667976,-0.054175,-0.072627,-0.829271,-0.036997,-0.056226,-0.751759,-0.020025,-0.015012,-0.651399,-0.018124,0.001359,-0.651576,0.212501,-0.089925,-0.797392,0.179645,-0.064185,-0.716809,0.183982,-0.00653,-0.63124,0.188451,0.033946,G
0.0,0.0,0.0,0.121387,-0.264924,-0.021705,0.360609,-0.499612,-0.067195,0.565272,-0.619934,-0.111751,0.717409,-0.682639,-0.139026,0.359443,-0.629246,-0.145622,0.724758,-0.434489,-0.238722,0.637806,-0.35777,-0.265163,0.527199,-0.392049,-0.275411,0.329343,-0.449349,-0.184572,0.708852,-0.248752,-0.244279,0.605443,-0.20026,-0.218053,0.503224,-0.232447,-0.208683,0.312664,-0.239753,-0.225782,0.652138,-0.052046,-0.259195,0.546448,-0.017159,-0.196837,0.449416,-0.057318,-0.167546,0.307539,-0.02066,-0.271568,0.586157,0.117242,-0.273972,0.497364,0.146232,-0.226772,0.400518,0.108293,-0.20277,0.0,0.0,0.0,-0.159443,-0.385451,0.050709,-0.420327,-0.535838,0.042149,-0.6518,-0.492829,0.022903,-0.783997,-0.339718,-0.000909,-0.625054,-0.626598,-0.035251,-0.855058,-0.51424,-0.066584,-0.78407,-0.465,-0.092303,-0.678182,-0.46098,-0.105941,-0.656462,-0.338643,-0.079225,-0.863376,-0.275242,-0.069831,-0.7804,-0.239707,-0.055637,-0.67011,-0.237442,-0.057924,-0.653479,-0.047403,-0.113088,-0.819365,-0.033026,-0.09284,-0.73864,-0.016711,-0.045315,-0.636382,-0.019594,-0.029031,-0.628476,0.223597,-0.142547,-0.782916,0.189915,-0.113573,-0.699389,0.192837,-0.04815,-0.61048,0.191055,-0.004441,G
0.0,0.0,0.0,0.122629,-0.259229,-0.02572,0.359732,-0.486252,-0.07605,0.566992,-0.600143,-0.123857,0.716452,-0.680329,-0.154429,0.346417,-0.635825,-0.164586,0.715755,-0.442208,-0.260306,0.629398,-0.354396,-0.284496,0.516565,-0.382272,-0.29207,0.317028,-0.454,-0.202253,0.703089,-0.245517,-0.263319,0.600737,-0.18945,-0.234479,0.496267,-0.221565,-0.224593,0.30018,-0.238966,-0.241366,0.650009,-0.045452,-0.275061,0.543371,-0.007424,-0.207643,0.442818,-0.045799,-0.176052,0.294032,-0.016293,-0.284928,0.578476,0.118655,-0.287374,0.493341,0.149949,-0.236635,0.397682,0.114523,-0.210663,0.0,0.0,0.0,-0.148424,-0.381486,0.040316,-0.409645,-0.532556,0.032064,-0.631843,-0.493993,0.014425,-0.75566,-0.342601,-0.006058,-0.621867,-0.632831,-0.03433,-0.859218,-0.507654,-0.063491,-0.790742,-0.441555,-0.086265,-0.683992,-0.432566,-0.098305,-0.656295,-0.353981,-0.072234,-0.860161,-0.26126,-0.062608,-0.776856,-0.219166,-0.045761,-0.671129,-0.223172,-0.046668,-0.654078,-0.064503,-0.101747,-0.83169,-0.030891,-0.088007,-0.747427,-0.003837,-0.041981,-0.641794,-0.003452,-0.024901,-0.628047,0.208033,-0.127577,-0.796021,0.195784,-0.108042,-0.712972,0.20491,-0.047437,-0.62031,0.206741,-0.005681,G
0.0,0.0,0.0,0.131908,-0.252415,-0.028907,0.367111,-0.475913,-0.077569,0.561338,-0.597957,-0.123843,0.703935,-0.693488,-0.153463,0.351137,-0.640967,-0.15363,0.713511,-0.439935,-0.250239,0.631607,-0.357118,-0.280357,0.524575,-0.400836,-0.29308,0.323771,-0.457056,-0.188748,0.701923,-0.245818,-0.24884,0.600104,-0.192936,-0.223422,0.501161,-0.239234,-0.216071,0.308563,-0.242282,-0.226567,0.652732,-0.048937,-0.263132,0.546743,-0.012553,-0.200244,0.44895,-0.060985,-0.170587,0.303053,-0.022815,-0.268978,0.580278,0.113082,-0.273381,0.49212,0.13724,-0.225655,0.391988,0.091393,-0.201039,0.0,0.0,0.0,-0.154287,-0.387568,0.012656,-0.448019,-0.533127,-0.00848,-0.726947,-0.467552,-0.029752,-0.898282,-0.326571,-0.052362,-0.596592,-0.620082,-0.073873,-0.845727,-0.52103,-0.11521,-0.773514,-0.460136,-0.143305,-0.664634,-0.45217,-0.15895,-0.628499,-0.329353,-0.099139,-0.856048,-0.268898,-0.105085,-0.769344,-0.235362,-0.09049,-0.655655,-0.234216,-0.090983,-0.631385,-0.03756,-0.116814,-0.818887,-0.021568,-0.11555,-0.732322,-0.008781,-0.066423,-0.625255,-0.005681,-0.045402,-0.613979,0.230644,-0.131961,-0.78083,0.202774,-0.122007,-0.695195,0.203173,-0.063709,-0.605998,0.20861,-0.023259,G
0.0,0.0,0.0,0.116982,-0.268065,-0.019937,0.349884,-0.499185,-0.062347,0.545376,-0.621083,-0.104113,0.690489,-0.711637,-0.129606,0.350494,-0.650978,-0.136632,0.70859,-0.453625,-0.22859,0.627003,-0.375214,-0.25712,0.518282,-0.417951,-0.268566,0.326408,-0.471039,-0.174465,0.70073,-0.26933,-0.228127,0.601969,-0.213977,-0.201034,0.505088,-0.258622,-0.191771,0.312504,-0.261508,-0.215081,0.654874,-0.073426,-0.248219,0.552933,-0.031616,-0.18694,0.457169,-0.07874,-0.157616,0.306267,-0.045009,-0.259524,0.578987,0.090675,-0.261681,0.490926,0.119555,-0.214224,0.392458,0.075848,-0.189342,0.0,0.0,0.0,-0.14625,-0.386129,0.034987,-0.413189,-0.538621,0.023248,-0.647971,-0.491688,0.004574,-0.785571,-0.336988,-0.017298,-0.610828,-0.611242,-0.047212,-0.853141,-0.515224,-0.081825,-0.777853,-0.462001,-0.107727,-0.66358,-0.457588,-0.121538,-0.64187,-0.32426,-0.084823,-0.868337,-0.266373,-0.082728,-0.783127,-0.234777,-0.068692,-0.670739,-0.235385,-0.069181,-0.636899,-0.034361,-0.113813,-0.822628,-0.020446,-0.103841,-0.736677,-0.00374,-0.057726,-0.632757,-0.004378,-0.039487,-0.607269,0.230861,-0.139003,-0.777725,0.204878,-0.120543,-0.694977,0.206128,-0.058841,-0.60543,0.205514,-0.016456,G
0.0,0.0,0.0,0.111083,-0.267378,-0.015913,0.337861,-0.506511,-0.058256,0.529265,-0.641811,-0.101249,0.669497,-0.731693,-0.128058,0.338279,-0.673539,-0.128365,0.688644,-0.483302,-0.219165,0.605099,-0.39777,-0.250598,0.495417,-0.43904,-0.264847,0.314144,-0.504068,-0.169743,0.683644,-0.29987,-0.223611,0.583744,-0.233562,-0.199964,0.485616,-0.276499,-0.193109,0.300951,-0.297151,-0.213395,0.640739,-0.111194,-0.246479,0.539539,-0.056854,-0.186423,0.442094,-0.099717,-0.157837,0.295362,-0.079471,-0.260768,0.575588,0.05071,-0.262401,0.492463,0.09218,-0.213566,0.393817,0.056454,-0.187386,0.0,0.0,0.0,-0.15883,-0.387883,0.029055,-0.438424,-0.531352,0.014353,-0.686043,-0.462297,-0.005934,-0.839662,-0.315387,-0.02768,-0.600311,-0.60216,-0.045273,-0.853066,-0.514412,-0.087512,-0.780474,-0.466316,-0.11942,-0.665403,-0.459878,-0.134552,-0.630843,-0.314944,-0.078851,-0.863113,-0.265217,-0.080301,-0.778853,-0.235538,-0.069165,-0.666694,-0.228438,-0.070273,-0.630499,-0.026138,-0.105387,-0.81946,-0.020302,-0.095543,-0.735001,-0.007019,-0.048944,-0.631932,-0.001501,-0.029449,-0.609229,0.236503,-0.128704,-0.77942,0.201073,-0.105551,-0.697511,0.198917,-0.042019,-0.610512,0.204392,0.001208,G
0.0,0.0,0.0,0.112829,-0.281177,-0.02027,0.33484,-0.525099,-0.062698,0.523821,-0.658763,-0.104249,0.665433,-0.735241,-0.128919,0.333292,-0.656101,-0.130401,0.687859,-0.489721,-0.216007,0.608845,-0.417962,-0.241708,0.502581,-0.461669,-0.252381,0.314187,-0.467246,-0.166191,0.686195,-0.294995,-0.215114,0.590602,-0.245756,-0.188695,0.494792,-0.284184,-0.180555,0.309317,-0.256996,-0.204011,0.646498,-0.092378,-0.23132,0.548303,-0.056695,-0.171357,0.451856,-0.098417,-0.144226,0.314774,-0.044009,-0.246025,0.587138,0.072372,-0.243689,0.501506,0.097897,-0.196308,0.402653,0.057951,-0.172159,0.0,0.0,0.0,-0.169709,-0.392044,0.03137,-0.460405,-0.528585,0.015444,-0.708921,-0.438406,-0.005974,-0.858631,-0.277441,-0.030201,-0.621868,-0.571008,-0.056367,-0.85689,-0.505681,-0.100127,-0.778392,-0.464404,-0.132273,-0.658093,-0.452025,-0.147701,-0.646501,-0.278431,-0.092833,-0.871377,-0.251936,-0.094671,-0.784102,-0.231867,-0.082571,-0.66838,-0.217204,-0.083965,-0.637301,0.011397,-0.120703,-0.819717,-0.005827,-0.111602,-0.736172,-0.002836,-0.063581,-0.631814,0.009665,-0.043833,-0.607729,0.270365,-0.144479,-0.781896,0.217612,-0.120807,-0.702566,0.206474,-0.053436,-0.615249,0.216446,-0.00834,G
0.0,0.0,0.0,0.108621,-0.279811,-0.018327,0.32814,-0.528565,-0.059171,0.518296,-0.666363,-0.100522,0.661994,-0.739063,-0.124701,0.328184,-0.653769,-0.122489,0.675947,-0.510825,-0.21135,0.597685,-0.441383,-0.240058,0.48809,-0.474073,-0.250934,0.308409,-0.476789,-0.159123,0.676807,-0.3151,-0.2121,0.580883,-0.263551,-0.186394,0.481575,-0.296593,-0.176651,0.304064,-0.274269,-0.198783,0.641514,-0.116225,-0.22882,0.541995,-0.077291,-0.166308,0.442855,-0.112156,-0.13593,0.311061,-0.063979,-0.242899,0.588459,0.047432,-0.240992,0.49844,0.077355,-0.190577,0.395893,0.042748,-0.163604,0.0,0.0,0.0,-0.164654,-0.385369,0.033593,-0.441579,-0.533669,0.018881,-0.679967,-0.486136,-0.002831,-0.824592,-0.348197,-0.027024,-0.580765,-0.544634,-0.072329,-0.850313,-0.509755,-0.130834,-0.776666,-0.470143,-0.165799,-0.650141,-0.448593,-0.177585,-0.598284,-0.256809,-0.11221,-0.867337,-0.244984,-0.132618,-0.782592,-0.238763,-0.125905,-0.656054,-0.217255,-0.123942,-0.587596,0.029593,-0.143312,-0.807336,0.019853,-0.147613,-0.725148,0.005724,-0.102668,-0.616533,0.018739,-0.079239,-0.558972,0.285143,-0.169432,-0.757688,0.237516,-0.153785,-0.682041,0.213975,-0.088405,-0.590168,0.225578,-0.04259,G
0.0,0.0,0.0,0.119609,-0.267756,-0.018902,0.33922,-0.513722,-0.063913,0.525264,-0.65013,-0.10892,0.675148,-0.724727,-0.137643,0.34018,-0.661113,-0.134438,0.685593,-0.511165,-0.224597,0.603485,-0.427613,-0.255791,0.491133,-0.463214,-0.270213,0.317259,-0.48796,-0.174325,0.68591,-0.312914,-0.23067,0.587953,-0.248657,-0.209143,0.482114,-0.279332,-0.203236,0.309312,-0.283309,-0.215952,0.644722,-0.117117,-0.246416,0.544768,-0.067925,-0.184321,0.440756,-0.100198,-0.155916,0.31003,-0.068253,-0.26212,0.581869,0.046691,-0.262062,0.492233,0.08552,-0.212108,0.389184,0.054901,-0.186405,0.0,0.0,0.0,-0.169394,-0.391107,0.029423,-0.462646,-0.54516,0.012737,-0.725286,-0.484817,-0.007789,-0.890069,-0.344871,-0.032422,-0.576824,-0.557981,-0.094286,-0.847659,-0.509982,-0.14626,-0.776352,-0.469155,-0.174169,-0.66101,-0.465761,-0.185143,-0.589316,-0.268171,-0.132478,-0.851629,-0.247341,-0.147392,-0.764884,-0.233769,-0.134755,-0.641767,-0.22227,-0.133289,-0.574655,0.017784,-0.160086,-0.790451,0.004834,-0.163799,-0.704589,-0.004262,-0.113379,-0.595493,0.003841,-0.089678,-0.54696,0.274015,-0.181961,-0.748684,0.223745,-0.169438,-0.666521,0.206526,-0.101189,-0.573011,0.218868,-0.05473,G
0.0,0.0,0.0,0.091081,-0.273836,-0.007592,0.311945,-0.527203,-0.044316,0.503918,-0.657062,-0.083114,0.653478,-0.749039,-0.109119,0.317681,-0.665111,-0.110859,0.649781,-0.537514,-0.198592,0.570079,-0.45571,-0.234893,0.462209,-0.481481,-0.251785,0.304471,-0.5035,-0.153623,0.65518,-0.357278,-0.205012,0.561319,-0.291451,-0.189847,0.464264,-0.313014,-0.188296,0.305246,-0.304747,-0.197588,0.622809,-0.173367,-0.221918,0.521097,-0.117885,-0.158359,0.42499,-0.139305,-0.129268,0.313088,-0.096993,-0.24551,0.567967,-0.018158,-0.234794,0.473945,0.032124,-0.175506,0.37793,0.016026,-0.144796,0.0,0.0,0.0,-0.171036,-0.372875,0.016316,-0.483516,-0.514319,-0.010419,-0.758926,-0.436351,-0.038738,-0.938076,-0.289352,-0.070927,-0.567881,-0.531419,-0.115096,-0.851557,-0.49164,-0.182047,-0.779089,-0.447281,-0.215159,-0.658401,-0.444086,-0.226779,-0.570584,-0.242776,-0.150278,-0.837465,-0.221416,-0.174651,-0.757371,-0.211148,-0.160926,-0.641874,-0.213758,-0.160099,-0.550317,0.03938,-0.176793,-0.787447,0.02688,-0.192087,-0.708136,0.014412,-0.13984,-0.599402,0.015303,-0.114257,-0.520894,0.287221,-0.198095,-0.739538,0.238239,-0.193654,-0.661078,0.219667,-0.126289,-0.566361,0.229776,-0.080559,G
0.0,0.0,0.0,0.087465,-0.295708,-0.002701,0.323372,-0.533244,-0.038982,0.530562,-0.649527,-0.080354,0.675485,-0.729158,-0.109767,0.361441,-0.657829,-0.105126,0.687111,-0.523478,-0.188923,0.606828,-0.439059,-0.225082,0.505545,-0.467583,-0.244539,0.336547,-0.497744,-0.152388,0.681814,-0.347161,-0.198326,0.585421,-0.287266,-0.182884,0.494057,-0.315785,-0.185243,0.322865,-0.297211,-0.200577,0.640088,-0.171973,-0.224337,0.539327,-0.117939,-0.160343,0.448523,-0.136608,-0.132267,0.317486,-0.086801,-0.252765,0.592316,-0.016474,-0.239046,0.507715,0.027985,-0.177205,0.41319,0.016863,-0.146119,0.0,0.0,0.0,-0.176005,-0.339512,0.011174,-0.494792,-0.472689,-0.014407,-0.775001,-0.410828,-0.040446,-0.960638,-0.268812,-0.070111,-0.541053,-0.530763,-0.115711,-0.848716,-0.475189,-0.180013,-0.788327,-0.404424,-0.212718,-0.672143,-0.383605,-0.225111,-0.542719,-0.251926,-0.148207,-0.83321,-0.192304,-0.17605,-0.75293,-0.17146,-0.164505,-0.63556,-0.179472,-0.164359,-0.528581,0.025424,-0.172578,-0.790798,0.048364,-0.192904,-0.708611,0.043812,-0.142446,-0.595185,0.039048,-0.116719,-0.506263,0.277548,-0.192237,-0.736002,0.253157,-0.196886,-0.655397,0.242981,-0.135138,-0.554249,0.25026,-0.092397,G
0.0,0.0,0.0,0.093367,-0.293484,0.001422,0.31343,-0.534333,-0.038972,0.521315,-0.649762,-0.085513,0.672092,-0.730975,-0.118184,0.327284,-0.640156,-0.10711,0.667831,-0.554203,-0.196892,0.601609,-0.462941,-0.231788,0.491942,-0.461349,-0.243235,0.320212,-0.472313,-0.155689,0.680434,-0.379669,-0.199958,0.599019,-0.308823,-0.176605,0.492597,-0.319743,-0.168708,0.325842,-0.269221,-0.205588,0.652902,-0.195577,-0.226047,0.566372,-0.133517,-0.154855,0.464226,-0.140417,-0.119128,0.338108,-0.058429,-0.25871,0.616171,-0.03567,-0.245364,0.534771,0.019873,-0.176928,0.432589,0.025473,-0.137898,0.0,0.0,0.0,-0.179967,-0.336707,0.00119,-0.506981,-0.464906,-0.037094,-0.790301,-0.375215,-0.074189,-0.970604,-0.212166,-0.11364,-0.512514,-0.528757,-0.147793,-0.842361,-0.447774,-0.23003,-0.775856,-0.378603,-0.268225,-0.659426,-0.366439,-0.282044,-0.497495,-0.244279,-0.184402,-0.820282,-0.167199,-0.23397,-0.733658,-0.145611,-0.222958,-0.613325,-0.162291,-0.21959,-0.476711,0.03624,-0.213393,-0.765114,0.072067,-0.248672,-0.681271,0.070324,-0.19132,-0.569438,0.058196,-0.157538,-0.455167,0.298091,-0.238692,-0.701087,0.275338,-0.249973,-0.620601,0.266749,-0.184781,-0.520808,0.274095,-0.139215,G
0.0,0.0,0.0,0.085448,-0.302645,0.001056,0.302669,-0.547064,-0.039129,0.510775,-0.668733,-0.084769,0.660115,-0.74199,-0.11704,0.308544,-0.653564,-0.10284,0.645286,-0.556149,-0.188257,0.57183,-0.465846,-0.223562,0.468074,-0.471593,-0.238035,0.307073,-0.479045,-0.149799,0.657574,-0.374909,-0.191747,0.57658,-0.308831,-0.171809,0.475971,-0.319703,-0.168065,0.322006,-0.273605,-0.197696,0.633276,-0.192043,-0.213999,0.547929,-0.134072,-0.145725,0.449478,-0.143256,-0.114039,0.346326,-0.064501,-0.249047,0.606458,-0.035368,-0.230845,0.524273,0.022168,-0.163308,0.4276,0.025483,-0.126856,0.0,0.0,0.0,-0.178253,-0.343391,0.005184,-0.5082,-0.459405,-0.037367,-0.796789,-0.361046,-0.077698,-0.975888,-0.17989,-0.123623,-0.496032,-0.502689,-0.175546,-0.823627,-0.42529,-0.25872,-0.763178,-0.361475,-0.292386,-0.65114,-0.347581,-0.303957,-0.479367,-0.221455,-0.213632,-0.806698,-0.140963,-0.258768,-0.724521,-0.130137,-0.237519,-0.610479,-0.148654,-0.231778,-0.457559,0.057828,-0.242116,-0.760223,0.099399,-0.275131,-0.677703,0.085414,-0.211,-0.568779,0.072084,-0.175934,-0.435491,0.318358,-0.265358,-0.696815,0.309187,-0.275276,-0.623273,0.29143,-0.207687,-0.529367,0.293671,-0.163313,G
0.0,0.0,0.0,0.096131,-0.298674,0.00278,0.327966,-0.533783,-0.031483,0.530975,-0.648453,-0.071675,0.680805,-0.725698,-0.099335,0.356458,-0.65324,-0.094792,0.679881,-0.5301,-0.178165,0.598559,-0.450224,-0.215895,0.489899,-0.473578,-0.234951,0.344847,-0.487796,-0.144164,0.688267,-0.358382,-0.186574,0.59344,-0.293329,-0.170265,0.496101,-0.314436,-0.170517,0.344247,-0.2858,-0.194807,0.657061,-0.177336,-0.213905,0.560361,-0.117592,-0.149781,0.464701,-0.130859,-0.121402,0.349994,-0.070525,-0.249096,0.615842,-0.016308,-0.232523,0.526826,0.030184,-0.16894,0.426264,0.023331,-0.136173,0.0,0.0,0.0,-0.17186,-0.357658,0.011595,-0.494551,-0.487123,-0.029609,-0.780552,-0.403031,-0.070687,-0.964193,-0.238252,-0.116477,-0.479333,-0.551806,-0.176474,-0.828442,-0.471949,-0.262751,-0.760412,-0.408722,-0.295079,-0.641489,-0.399478,-0.303743,-0.463029,-0.255661,-0.219206,-0.816299,-0.182663,-0.268008,-0.727462,-0.165582,-0.246121,-0.607434,-0.183322,-0.23806,-0.445144,0.037831,-0.251791,-0.767564,0.073501,-0.287429,-0.678625,0.061945,-0.220193,-0.56358,0.046122,-0.181923,-0.4282,0.310525,-0.278601,-0.708184,0.286661,-0.291284,-0.630724,0.265107,-0.220829,-0.527624,0.265102,-0.173307,G
0.0,0.0,0.0,0.100741,-0.277325,0.001163,0.328126,-0.513911,-0.038969,0.533521,-0.628529,-0.087298,0.688134,-0.715024,-0.123338,0.361857,-0.655776,-0.100393,0.689779,-0.515643,-0.197007,0.612583,-0.435292,-0.242678,0.497386,-0.449849,-0.26359,0.345393,-0.494568,-0.152044,0.700317,-0.346326,-0.20399,0.605125,-0.279909,-0.189069,0.502018,-0.304815,-0.188227,0.338928,-0.293922,-0.206239,0.675475,-0.177956,-0.23659,0.574743,-0.115385,-0.170988,0.471207,-0.130361,-0.138112,0.339449,-0.079137,-0.263814,0.636141,-0.017882,-0.258721,0.546839,0.03032,-0.195726,0.438098,0.021972,-0.160099,0.0,0.0,0.0,-0.172515,-0.345231,0.006569,-0.501454,-0.49168,-0.039501,-0.789471,-0.406557,-0.083319,-0.965715,-0.223383,-0.132265,-0.469095,-0.537533,-0.186876,-0.825533,-0.435022,-0.274435,-0.761834,-0.377339,-0.30981,-0.644881,-0.368661,-0.321556,-0.451675,-0.248569,-0.229335,-0.823148,-0.16306,-0.284447,-0.730467,-0.150373,-0.267406,-0.601447,-0.159038,-0.261594,-0.432841,0.035389,-0.260831,-0.775592,0.085824,-0.300656,-0.684869,0.070564,-0.23741,-0.562631,0.056831,-0.200066,-0.416681,0.301178,-0.287003,-0.705895,0.295877,-0.305626,-0.636272,0.271621,-0.241706,-0.531451,0.269328,-0.198123,G
0.0,0.0,0.0,0.110763,-0.286313,-0.007107,0.341149,-0.519898,-0.048535,0.545356,-0.640587,-0.094742,0.703616,-0.699113,-0.127143,0.382834,-0.657018,-0.104617,0.708233,-0.501977,-0.1928,0.63769,-0.416597,-0.230244,0.527732,-0.436572,-0.247045,0.366124,-0.478941,-0.148298,0.706301,-0.313338,-0.192903,0.622226,-0.245105,-0.175123,0.526141,-0.275765,-0.17357,0.359161,-0.268615,-0.193783,0.677996,-0.127958,-0.220783,0.591387,-0.070434,-0.159318,0.493427,-0.095329,-0.129742,0.355722,-0.05038,-0.242536,0.632579,0.029511,-0.236781,0.552034,0.07621,-0.177409,0.45251,0.060466,-0.143259,0.0,0.0,0.0,-0.171665,-0.352505,0.002041,-0.494072,-0.501125,-0.046673,-0.773263,-0.409073,-0.094861,-0.951624,-0.232122,-0.147075,-0.469155,-0.564946,-0.177716,-0.82507,-0.494861,-0.272711,-0.765145,-0.421324,-0.315117,-0.639559,-0.399244,-0.329815,-0.458866,-0.267737,-0.220616,-0.828332,-0.19583,-0.287567,-0.737586,-0.171627,-0.281209,-0.599508,-0.176122,-0.278189,-0.443394,0.027159,-0.254165,-0.784161,0.074984,-0.302742,-0.69654,0.065024,-0.244001,-0.56951,0.052009,-0.205559,-0.42773,0.298848,-0.282732,-0.720027,0.289763,-0.303692,-0.648294,0.263333,-0.238671,-0.53517,0.259682,-0.192012,G
0.0,0.0,0.0,0.12123,-0.288937,-0.004044,0.355951,-0.51322,-0.043223,0.564544,-0.622191,-0.085159,0.727166,-0.677124,-0.11284,0.391837,-0.635437,-0.110043,0.71596,-0.462536,-0.190456,0.639653,-0.383156,-0.219245,0.534666,-0.409169,-0.231897,0.38371,-0.450182,-0.152909,0.713654,-0.278636,-0.193575,0.62191,-0.222644,-0.17231,0.522744,-0.258257,-0.168596,0.383183,-0.236617,-0.195936,0.681571,-0.083946,-0.216557,0.588027,-0.044648,-0.156038,0.491076,-0.081254,-0.129389,0.383304,-0.018918,-0.241625,0.625629,0.068374,-0.231624,0.535943,0.101068,-0.174685,0.442184,0.075547,-0.143983,0.0,0.0,0.0,-0.176517,-0.344859,0.006123,-0.498793,-0.493249,-0.046535,-0.774933,-0.402794,-0.099965,-0.958783,-0.226811,-0.15782,-0.481114,-0.55549,-0.180823,-0.842246,-0.461165,-0.279193,-0.773378,-0.406733,-0.323993,-0.645468,-0.393437,-0.338335,-0.460778,-0.254189,-0.227045,-0.845345,-0.175744,-0.297808,-0.751593,-0.167868,-0.292629,-0.607937,-0.173359,-0.287994,-0.440084,0.039677,-0.262934,-0.793314,0.095262,-0.311512,-0.702922,0.075832,-0.252283,-0.573085,0.062058,-0.212083,-0.420375,0.309677,-0.293776,-0.726091,0.30878,-0.315872,-0.652275,0.275641,-0.250397,-0.535254,0.269366,-0.201642,G
0.0,0.0,0.0,0.110309,-0.305846,0.000861,0.33443,-0.531889,-0.034499,0.544946,-0.650392,-0.071659,0.698928,-0.709001,-0.093894,0.393268,-0.626299,-0.10782,0.716382,-0.465181,-0.180661,0.639462,-0.377322,-0.200792,0.533611,-0.398442,-0.205344,0.394711,-0.421539,-0.14698,0.717973,-0.25044,-0.176488,0.628626,-0.182966,-0.150363,0.529681,-0.223382,-0.142778,0.398413,-0.192499,-0.184473,0.687837,-0.037807,-0.199529,0.598939,0.008256,-0.139734,0.500751,-0.036548,-0.112275,0.397666,0.031668,-0.222459,0.635604,0.123299,-0.210611,0.550542,0.159469,-0.15213,0.455084,0.127087,-0.118013,0.0,0.0,0.0,-0.162722,-0.341863,-0.00245,-0.485091,-0.495983,-0.050262,-0.782449,-0.412647,-0.093871,-0.962784,-0.23163,-0.139264,-0.470903,-0.559935,-0.174201,-0.832389,-0.426692,-0.260379,-0.775899,-0.367366,-0.295472,-0.672557,-0.371282,-0.307337,-0.459081,-0.263312,-0.210804,-0.829929,-0.152664,-0.264215,-0.745491,-0.133622,-0.246336,-0.629672,-0.150535,-0.239351,-0.448142,0.029014,-0.238799,-0.798521,0.090776,-0.279877,-0.70543,0.086662,-0.211604,-0.589878,0.068746,-0.168993,-0.43486,0.302024,-0.262897,-0.722292,0.295002,-0.281147,-0.647846,0.280752,-0.214809,-0.548275,0.276143,-0.167978,G
0.0,0.0,0.0,0.106757,-0.294963,0.002046,0.336429,-0.524145,-0.035941,0.55154,-0.638067,-0.077283,0.713325,-0.693125,-0.103656,0.391329,-0.641405,-0.10784,0.722763,-0.472158,-0.186436,0.64364,-0.375282,-0.207807,0.531748,-0.387223,-0.211605,0.386708,-0.459883,-0.151817,0.722616,-0.27858,-0.189448,0.629193,-0.19977,-0.161566,0.526272,-0.233768,-0.150465,0.388182,-0.246875,-0.195464,0.692547,-0.089097,-0.213699,0.598326,-0.030033,-0.147395,0.498782,-0.067585,-0.1141,0.387744,-0.028648,-0.24031,0.641004,0.053826,-0.227092,0.553837,0.104333,-0.162658,0.459254,0.081402,-0.1245,0.0,0.0,0.0,-0.162971,-0.34897,0.000611,-0.493739,-0.495305,-0.045199,-0.791518,-0.411394,-0.089298,-0.966635,-0.217514,-0.135295,-0.487594,-0.567949,-0.163716,-0.838878,-0.42728,-0.255094,-0.768909,-0.366257,-0.294785,-0.656552,-0.370896,-0.308633,-0.474034,-0.271501,-0.203171,-0.838994,-0.153014,-0.265378,-0.746281,-0.140527,-0.250206,-0.630107,-0.162888,-0.242596,-0.462861,0.021885,-0.235412,-0.809735,0.099156,-0.287157,-0.710944,0.082913,-0.224478,-0.595062,0.053183,-0.182302,-0.451852,0.296538,-0.263222,-0.736165,0.303428,-0.290364,-0.655329,0.282614,-0.230116,-0.552985,0.267812,-0.185634,G
0.0,0.0,0.0,0.100453,-0.298467,0.00307,0.332827,-0.531566,-0.03372,0.553122,-0.646973,-0.07456,0.71943,-0.687221,-0.100735,0.39431,-0.635751,-0.101577,0.726895,-0.465753,-0.174919,0.643767,-0.372491,-0.194201,0.538776,-0.389349,-0.199072,0.389567,-0.454984,-0.145069,0.722412,-0.27563,-0.177969,0.627609,-0.205039,-0.14933,0.528414,-0.243347,-0.139798,0.389558,-0.244359,-0.187981,0.688579,-0.093024,-0.203092,0.595581,-0.031753,-0.137967,0.500682,-0.069789,-0.107269,0.391427,-0.03015,-0.232205,0.644117,0.057047,-0.216394,0.55686,0.112332,-0.153279,0.463855,0.086426,-0.117227,0.0,0.0,0.0,-0.162696,-0.343322,-0.003768,-0.482652,-0.510798,-0.047423,-0.776182,-0.43392,-0.087508,-0.959527,-0.249044,-0.131475,-0.48224,-0.59613,-0.152861,-0.816934,-0.479681,-0.23107,-0.78999,-0.390779,-0.265683,-0.711461,-0.362105,-0.279766,-0.481085,-0.30595,-0.186775,-0.834142,-0.193491,-0.236149,-0.75897,-0.158117,-0.222228,-0.648179,-0.167775,-0.218682,-0.477486,-0.012105,-0.213242,-0.817078,0.054281,-0.255665,-0.730443,0.053779,-0.199023,-0.616476,0.034813,-0.163876,-0.47061,0.267832,-0.235201,-0.751045,0.273204,-0.259174,-0.681926,0.261173,-0.204081,-0.585879,0.251056,-0.164218,G
0.0,0.0,0.0,0.106439,-0.303607,-0.002084,0.345106,-0.524365,-0.04203,0.569805,-0.629471,-0.083519,0.73759,-0.666093,-0.110819,0.408726,-0.596292,-0.121629,0.735377,-0.419331,-0.196803,0.648306,-0.339247,-0.214055,0.54252,-0.362899,-0.217336,0.396328,-0.39463,-0.163124,0.731285,-0.215542,-0.197937,0.630868,-0.163015,-0.166026,0.529145,-0.203945,-0.154933,0.387522,-0.171648,-0.203093,0.6886,-0.021868,-0.222209,0.589458,0.021173,-0.154013,0.492637,-0.019886,-0.12094,0.378528,0.046636,-0.244071,0.63371,0.135461,-0.232666,0.544573,0.174532,-0.168524,0.44868,0.143886,-0.131407,0.0,0.0,0.0,-0.147758,-0.354743,-0.00628,-0.465442,-0.530962,-0.051571,-0.763788,-0.461983,-0.092408,-0.948085,-0.287487,-0.135964,-0.462665,-0.615959,-0.159198,-0.808307,-0.479857,-0.236991,-0.755522,-0.414042,-0.269825,-0.662278,-0.411313,-0.282518,-0.458007,-0.317317,-0.193214,-0.817844,-0.208138,-0.24403,-0.735883,-0.182299,-0.228279,-0.619947,-0.192023,-0.223073,-0.45665,-0.018399,-0.220055,-0.794866,0.035181,-0.263058,-0.708237,0.033265,-0.203708,-0.595225,0.017166,-0.166358,-0.457922,0.265806,-0.242733,-0.736923,0.250247,-0.264902,-0.662828,0.244688,-0.206327,-0.56604,0.242113,-0.16447,G
0.0,0.0,0.0,0.102646,-0.3003,-0.008497,0.33844,-0.519758,-0.047358,0.561158,-0.622774,-0.085139,0.729649,-0.675189,-0.108317,0.402642,-0.610463,-0.116129,0.720771,-0.42333,-0.194482,0.639719,-0.354956,-0.214504,0.539683,-0.378672,-0.217736,0.397568,-0.407951,-0.15212,0.723423,-0.222912,-0.190917,0.629175,-0.178547,-0.16213,0.535904,-0.215478,-0.149445,0.395679,-0.184251,-0.188187,0.682835,-0.020686,-0.210546,0.58221,0.010629,-0.145666,0.491418,-0.032118,-0.111941,0.392618,0.034874,-0.22573,0.616383,0.132852,-0.216042,0.518761,0.162264,-0.155151,0.432294,0.129413,-0.118869,0.0,0.0,0.0,-0.14489,-0.359443,-0.008652,-0.457908,-0.547914,-0.051517,-0.751708,-0.499765,-0.089238,-0.93739,-0.323259,-0.129628,-0.462004,-0.601243,-0.143452,-0.798304,-0.518165,-0.21911,-0.762516,-0.446954,-0.255421,-0.678533,-0.413965,-0.269026,-0.474239,-0.308412,-0.172503,-0.822229,-0.23841,-0.221128,-0.741859,-0.219433,-0.212501,-0.623776,-0.213889,-0.209994,-0.483119,-0.017707,-0.194581,-0.806132,0.007005,-0.230618,-0.72106,-0.004348,-0.178267,-0.607808,-0.005131,-0.14541,-0.490216,0.255553,-0.21309,-0.755655,0.219912,-0.225875,-0.683831,0.208058,-0.167997,-0.58893,0.215146,-0.12698,G
0.0,0.0,0.0,0.115756,-0.281339,-0.014099,0.36085,-0.497117,-0.060489,0.584227,-0.593965,-0.105399,0.749442,-0.648095,-0.135316,0.404726,-0.586714,-0.141191,0.740752,-0.406659,-0.233199,0.652941,-0.33789,-0.259301,0.547717,-0.372527,-0.265343,0.384902,-0.385783,-0.180444,0.730761,-0.194825,-0.231231,0.630212,-0.149739,-0.202006,0.531213,-0.189916,-0.18924,0.372554,-0.162158,-0.219935,0.684972,0.004365,-0.249791,0.580152,0.036329,-0.176437,0.479993,-0.004192,-0.137484,0.361533,0.057585,-0.261694,0.610958,0.144717,-0.256146,0.512489,0.175417,-0.188882,0.419309,0.147904,-0.148968,0.0,0.0,0.0,-0.141942,-0.376016,-0.010551,-0.465084,-0.55968,-0.050281,-0.764726,-0.507064,-0.083704,-0.939717,-0.3204,-0.119483,-0.465587,-0.610672,-0.152866,-0.802526,-0.511366,-0.22334,-0.746253,-0.448467,-0.25428,-0.646708,-0.439763,-0.266186,-0.47443,-0.312277,-0.180043,-0.816754,-0.234684,-0.224883,-0.73337,-0.213722,-0.212158,-0.613437,-0.209398,-0.20849,-0.481758,-0.015995,-0.199321,-0.793908,0.010341,-0.234885,-0.706517,0.002938,-0.18042,-0.591905,0.001573,-0.147206,-0.487969,0.259004,-0.214931,-0.750129,0.217665,-0.229023,-0.672235,0.214049,-0.169351,-0.57267,0.228448,-0.12783,G
0.0,0.0,0.0,0.11567,-0.28175,-0.011854,0.358064,-0.504402,-0.056173,0.575148,-0.604802,-0.10027,0.739456,-0.66074,-0.128948,0.402717,-0.601493,-0.128518,0.734854,-0.434757,-0.220682,0.648209,-0.361128,-0.251259,0.542369,-0.385529,-0.260236,0.387228,-0.400012,-0.169459,0.733739,-0.21779,-0.21969,0.633639,-0.169081,-0.194062,0.531213,-0.206452,-0.182475,0.378019,-0.174492,-0.211372,0.687692,-0.011751,-0.238931,0.583845,0.023118,-0.168035,0.483064,-0.018201,-0.130611,0.367516,0.048966,-0.255844,0.614009,0.137534,-0.249554,0.51502,0.170303,-0.183231,0.421236,0.140482,-0.143622,0.0,0.0,0.0,-0.141297,-0.366317,-0.005503,-0.462448,-0.544692,-0.043574,-0.760745,-0.486236,-0.075941,-0.941687,-0.317805,-0.110566,-0.460505,-0.595809,-0.15041,-0.797777,-0.517003,-0.218813,-0.75397,-0.441096,-0.246109,-0.657069,-0.416303,-0.254776,-0.470723,-0.302691,-0.177716,-0.808598,-0.236605,-0.214847,-0.729622,-0.214422,-0.194561,-0.614996,-0.213939,-0.187895,-0.47532,-0.011251,-0.197072,-0.789169,0.002655,-0.227255,-0.702803,-0.005772,-0.167622,-0.58969,-0.007951,-0.132576,-0.476429,0.25963,-0.21224,-0.739355,0.214556,-0.223224,-0.666483,0.204213,-0.161911,-0.569648,0.215031,-0.120069,G
0.0,0.0,0.0,0.107558,-0.291491,-0.012773,0.346867,-0.518371,-0.056762,0.563887,-0.616247,-0.100446,0.724862,-0.676817,-0.128428,0.386494,-0.606746,-0.126478,0.721625,-0.441208,-0.219333,0.638873,-0.37331,-0.249847,0.533074,-0.398827,-0.258153,0.370615,-0.403489,-0.166526,0.72169,-0.227716,-0.219136,0.622111,-0.182864,-0.194274,0.519598,-0.21958,-0.182253,0.363477,-0.179579,-0.207795,0.679361,-0.026991,-0.237903,0.574299,0.007082,-0.167224,0.474153,-0.031673,-0.12879,0.358073,0.041566,-0.251626,0.607724,0.122602,-0.246276,0.508939,0.156322,-0.180328,0.416835,0.129373,-0.140603,0.0,0.0,0.0,-0.143361,-0.379062,-0.004198,-0.469563,-0.541337,-0.039411,-0.766093,-0.478904,-0.069817,-0.943768,-0.314683,-0.101375,-0.469959,-0.591242,-0.142732,-0.806398,-0.512731,-0.209982,-0.75415,-0.441877,-0.236621,-0.652278,-0.420696,-0.243671,-0.479967,-0.298508,-0.167578,-0.813391,-0.235841,-0.200449,-0.737785,-0.21407,-0.179349,-0.626051,-0.209382,-0.172274,-0.48706,-0.00706,-0.185042,-0.794714,-0.001375,-0.210389,-0.713775,-0.009982,-0.153019,-0.604347,-0.005577,-0.119813,-0.49152,0.259451,-0.198458,-0.755721,0.212514,-0.204468,-0.687311,0.198643,-0.14383,-0.592231,0.212521,-0.102731,G
0.0,0.0,0.0,0.121953,-0.279857,-0.016912,0.362994,-0.503616,-0.063863,0.576399,-0.604914,-0.109528,0.737307,-0.660955,-0.139702,0.391082,-0.576245,-0.137805,0.725862,-0.417135,-0.230785,0.640023,-0.350186,-0.261804,0.536094,-0.376597,-0.272037,0.374539,-0.3722,-0.177128,0.728185,-0.204402,-0.229236,0.629518,-0.162187,-0.203688,0.524965,-0.195552,-0.192918,0.366852,-0.149215,-0.217433,0.684478,-0.006339,-0.246344,0.584811,0.025408,-0.17559,0.483813,-0.007745,-0.138576,0.361252,0.069782,-0.260833,0.611911,0.141996,-0.255817,0.518076,0.171039,-0.191188,0.424604,0.149326,-0.153428,0.0,0.0,0.0,-0.153629,-0.387789,-0.010848,-0.475866,-0.55762,-0.049397,-0.770702,-0.493686,-0.082635,-0.943298,-0.310434,-0.117557,-0.470395,-0.584304,-0.145157,-0.797222,-0.507719,-0.216216,-0.746969,-0.440782,-0.248085,-0.650594,-0.416209,-0.25909,-0.478098,-0.289488,-0.169588,-0.805439,-0.228481,-0.209034,-0.732348,-0.215268,-0.195208,-0.621776,-0.210057,-0.192299,-0.483792,-0.001174,-0.187353,-0.790482,0.001455,-0.217727,-0.713094,-0.012638,-0.164954,-0.604658,-0.007433,-0.133734,-0.4888,0.261211,-0.201906,-0.749802,0.211164,-0.211325,-0.68111,0.194445,-0.153068,-0.58607,0.209985,-0.113121,G
0.0,0.0,0.0,0.109028,-0.286315,-0.015035,0.340536,-0.520764,-0.064413,0.552275,-0.629114,-0.112446,0.712481,-0.686772,-0.143928,0.384128,-0.597147,-0.142053,0.723097,-0.434808,-0.235963,0.632865,-0.368229,-0.266531,0.520997,-0.394804,-0.274444,0.370558,-0.389254,-0.181111,0.720571,-0.226007,-0.232492,0.622078,-0.18257,-0.206754,0.515269,-0.217733,-0.19493,0.364837,-0.163619,-0.220171,0.675582,-0.024222,-0.247443,0.57693,0.008967,-0.1759,0.472181,-0.026837,-0.137631,0.359984,0.055262,-0.261715,0.612363,0.124772,-0.254793,0.52017,0.154747,-0.187834,0.423248,0.128962,-0.147507,0.0,0.0,0.0,-0.153466,-0.372268,-0.005967,-0.482051,-0.526636,-0.044132,-0.775545,-0.44728,-0.078973,-0.952246,-0.282648,-0.11549,-0.489474,-0.566268,-0.146752,-0.821682,-0.470651,-0.224285,-0.756486,-0.420163,-0.259383,-0.643582,-0.411301,-0.269908,-0.490521,-0.263729,-0.174409,-0.818071,-0.196992,-0.218577,-0.733244,-0.191337,-0.20576,-0.613822,-0.188494,-0.201679,-0.488108,0.030164,-0.194959,-0.794102,0.042046,-0.227472,-0.708128,0.023231,-0.171165,-0.592488,0.023115,-0.13632,-0.482509,0.29657,-0.212088,-0.747765,0.254176,-0.223122,-0.677371,0.230841,-0.162613,-0.577043,0.240732,-0.119546,G
0.0,0.0,0.0,0.128179,-0.282872,-0.013369,0.360285,-0.508178,-0.059739,0.568699,-0.616289,-0.106423,0.730177,-0.669394,-0.136944,0.396608,-0.592432,-0.124994,0.732653,-0.428731,-0.215509,0.651607,-0.367748,-0.248061,0.541911,-0.40027,-0.258499,0.377252,-0.395024,-0.163929,0.724978,-0.224314,-0.208499,0.632154,-0.181918,-0.184299,0.529794,-0.218111,-0.175958,0.367872,-0.175526,-0.203911,0.680183,-0.026127,-0.225454,0.584232,0.002435,-0.156775,0.481667,-0.036294,-0.122694,0.359654,0.042474,-0.247119,0.607972,0.119504,-0.23615,0.517538,0.143776,-0.171271,0.422012,0.115526,-0.133875,0.0,0.0,0.0,-0.153312,-0.373374,-0.008379,-0.479265,-0.537845,-0.051484,-0.775079,-0.462904,-0.089555,-0.95059,-0.28139,-0.13114,-0.487841,-0.551239,-0.171504,-0.81845,-0.485921,-0.251022,-0.755171,-0.428984,-0.283903,-0.641259,-0.412717,-0.294042,-0.485446,-0.246151,-0.199635,-0.829294,-0.206532,-0.248954,-0.73777,-0.199343,-0.235217,-0.60643,-0.193502,-0.230303,-0.478359,0.046025,-0.21887,-0.793338,0.046309,-0.252872,-0.70192,0.021954,-0.194952,-0.580945,0.021444,-0.160479,-0.468558,0.309209,-0.2343,-0.737502,0.270084,-0.247044,-0.664493,0.23565,-0.187582,-0.562329,0.238306,-0.146877,G
0.0,0.0,0.0,0.128623,-0.270268,-0.015891,0.359133,-0.49686,-0.065954,0.566913,-0.611081,-0.115403,0.728884,-0.66834,-0.148489,0.392981,-0.601266,-0.138269,0.73671,-0.435304,-0.233392,0.654339,-0.355571,-0.267895,0.540242,-0.385769,-0.279633,0.373138,-0.415145,-0.178205,0.730324,-0.233215,-0.230218,0.639255,-0.176657,-0.20751,0.531293,-0.214716,-0.198915,0.363027,-0.19904,-0.21886,0.683853,-0.0299,-0.244261,0.589518,0.007828,-0.175743,0.48472,-0.036223,-0.141418,0.354255,0.019645,-0.262869,0.605204,0.113833,-0.25525,0.513764,0.147616,-0.19178,0.41719,0.118222,-0.155114,0.0,0.0,0.0,-0.151685,-0.375767,-0.010311,-0.486232,-0.532001,-0.044863,-0.779492,-0.457928,-0.074517,-0.95497,-0.27769,-0.104503,-0.513009,-0.571912,-0.139669,-0.827628,-0.499412,-0.220192,-0.753782,-0.44606,-0.257696,-0.63677,-0.436045,-0.270011,-0.521936,-0.269182,-0.16633,-0.851051,-0.221946,-0.21907,-0.753134,-0.200531,-0.211182,-0.624265,-0.193803,-0.204635,-0.52035,0.027205,-0.186777,-0.80555,0.042057,-0.22396,-0.712728,0.027357,-0.169053,-0.599932,0.021609,-0.132405,-0.512019,0.293871,-0.204172,-0.752293,0.250887,-0.214438,-0.674932,0.231633,-0.152055,-0.581383,0.238915,-0.106398,G
0.0,0.0,0.0,0.131489,-0.268932,-0.015956,0.37303,-0.486561,-0.06853,0.581958,-0.598658,-0.121981,0.738825,-0.654718,-0.159628,0.396101,-0.598568,-0.145425,0.742099,-0.41322,-0.244282,0.653444,-0.345484,-0.277704,0.542793,-0.384668,-0.28935,0.365052,-0.41595,-0.189068,0.732397,-0.215991,-0.245288,0.631029,-0.166944,-0.218919,0.526784,-0.206329,-0.20866,0.343355,-0.202646,-0.233981,0.682227,-0.026615,-0.267335,0.580828,0.0115,-0.197665,0.474281,-0.02773,-0.161396,0.326705,0.01572,-0.282222,0.611085,0.117445,-0.280424,0.52158,0.149027,-0.218141,0.415813,0.119196,-0.182259,0.0,0.0,0.0,-0.156573,-0.367153,-0.005682,-0.481275,-0.494136,-0.037649,-0.775,-0.412883,-0.065098,-0.960173,-0.263537,-0.092828,-0.533713,-0.55643,-0.117848,-0.83703,-0.478363,-0.185481,-0.777811,-0.414657,-0.217435,-0.669854,-0.392494,-0.226484,-0.541836,-0.261413,-0.137932,-0.839737,-0.195246,-0.171078,-0.756475,-0.181427,-0.15663,-0.64232,-0.182346,-0.150935,-0.537503,0.032538,-0.152067,-0.801716,0.052454,-0.175454,-0.721086,0.040416,-0.12118,-0.616699,0.039076,-0.088589,-0.524831,0.294883,-0.162663,-0.758855,0.264918,-0.165054,-0.687845,0.248264,-0.104463,-0.5987,0.255763,-0.06083,G
0.0,0.0,0.0,0.130972,-0.253125,-0.018322,0.374028,-0.473697,-0.067744,0.584652,-0.584204,-0.116842,0.743726,-0.651573,-0.149414,0.391319,-0.596448,-0.139577,0.73874,-0.410925,-0.237976,0.655801,-0.33073,-0.270136,0.550635,-0.366779,-0.281702,0.363299,-0.414218,-0.181117,0.73064,-0.204583,-0.241498,0.632443,-0.148991,-0.217718,0.530584,-0.192843,-0.208269,0.345778,-0.203568,-0.224858,0.67973,-0.013177,-0.261698,0.577429,0.028664,-0.195243,0.477714,-0.019006,-0.160842,0.335302,0.014728,-0.272059,0.603288,0.133919,-0.273336,0.509125,0.166629,-0.215972,0.412664,0.125649,-0.183674,0.0,0.0,0.0,-0.161913,-0.370324,-0.008625,-0.490362,-0.498222,-0.040425,-0.782303,-0.424569,-0.067769,-0.959984,-0.263391,-0.095162,-0.53759,-0.566784,-0.119994,-0.835419,-0.482299,-0.189154,-0.770653,-0.422259,-0.223892,-0.662341,-0.405037,-0.234951,-0.542832,-0.270322,-0.140817,-0.836816,-0.193454,-0.177959,-0.753209,-0.177337,-0.166984,-0.636857,-0.178551,-0.162039,-0.538633,0.027216,-0.156024,-0.79619,0.055165,-0.182313,-0.717923,0.043773,-0.130426,-0.614107,0.04033,-0.097961,-0.528701,0.297446,-0.168364,-0.759028,0.259968,-0.172129,-0.685934,0.245245,-0.111346,-0.593132,0.255096,-0.066756,G
0.0,0.0,0.0,0.127235,-0.26627,-0.016782,0.370623,-0.489669,-0.066188,0.583946,-0.59184,-0.114508,0.744867,-0.650879,-0.146728,0.380273,-0.577171,-0.149572,0.732752,-0.420471,-0.246544,0.645082,-0.347392,-0.277981,0.533063,-0.36996,-0.287808,0.362372,-0.38417,-0.190481,0.73641,-0.210575,-0.247306,0.633966,-0.161565,-0.221331,0.522324,-0.191178,-0.209442,0.354362,-0.167566,-0.231812,0.693814,-0.015682,-0.259262,0.590831,0.019959,-0.185745,0.484629,-0.011123,-0.147514,0.348439,0.049991,-0.276723,0.614493,0.128205,-0.269434,0.524201,0.158278,-0.204438,0.42873,0.135295,-0.167174,0.0,0.0,0.0,-0.153812,-0.37296,-0.009129,-0.489564,-0.510882,-0.039841,-0.783794,-0.442489,-0.065537,-0.957984,-0.271722,-0.091832,-0.525827,-0.576592,-0.121834,-0.830038,-0.48035,-0.186175,-0.766627,-0.419671,-0.217375,-0.662185,-0.401002,-0.227492,-0.527146,-0.279714,-0.142301,-0.82421,-0.2,-0.174509,-0.742359,-0.184722,-0.161219,-0.629361,-0.180112,-0.15682,-0.522369,0.017259,-0.156775,-0.786259,0.036154,-0.180092,-0.708411,0.027207,-0.1274,-0.607927,0.030072,-0.096307,-0.514496,0.287981,-0.168209,-0.750198,0.238932,-0.170904,-0.674953,0.230996,-0.109688,-0.584307,0.248185,-0.066711,G
0.0,0.0,0.0,0.108157,-0.288419,-0.022037,0.343729,-0.524764,-0.071502,0.552885,-0.627317,-0.117364,0.713698,-0.685117,-0.145774,0.357448,-0.605495,-0.156927,0.715139,-0.442499,-0.251995,0.630147,-0.374539,-0.277453,0.517565,-0.395037,-0.280204,0.342713,-0.391339,-0.190162,0.716277,-0.232494,-0.243473,0.620029,-0.194173,-0.212422,0.512648,-0.227666,-0.196266,0.339789,-0.161878,-0.223526,0.672913,-0.029876,-0.250372,0.574517,-0.003933,-0.175695,0.470222,-0.040897,-0.135162,0.339198,0.057178,-0.259691,0.60596,0.120708,-0.24999,0.516811,0.145092,-0.182088,0.417379,0.1198,-0.141912,0.0,0.0,0.0,-0.169427,-0.383731,0.000568,-0.498088,-0.520517,-0.030907,-0.784848,-0.447825,-0.060484,-0.95407,-0.285278,-0.091472,-0.531434,-0.548041,-0.122128,-0.836922,-0.463684,-0.189848,-0.769022,-0.417794,-0.222315,-0.659861,-0.407968,-0.232337,-0.529726,-0.249651,-0.148495,-0.831302,-0.187889,-0.181426,-0.746803,-0.184558,-0.167562,-0.631251,-0.18409,-0.163609,-0.52019,0.043235,-0.16787,-0.797205,0.053134,-0.19139,-0.714393,0.032473,-0.13747,-0.604323,0.029028,-0.10539,-0.505176,0.307029,-0.183626,-0.750812,0.260078,-0.187499,-0.67802,0.235987,-0.126585,-0.579657,0.243006,-0.08333,G
0.0,0.0,0.0,0.106738,-0.284865,-0.009352,0.340785,-0.519904,-0.050331,0.549411,-0.628021,-0.089874,0.713474,-0.691486,-0.113144,0.36758,-0.609844,-0.138738,0.716111,-0.448376,-0.226181,0.643295,-0.377521,-0.245763,0.533584,-0.391919,-0.245857,0.356163,-0.409667,-0.176156,0.719258,-0.24296,-0.224473,0.628034,-0.194118,-0.189724,0.528398,-0.224187,-0.17184,0.352674,-0.18845,-0.213496,0.67691,-0.040973,-0.238295,0.577538,-0.009814,-0.165388,0.479717,-0.050303,-0.126519,0.349873,0.02843,-0.252796,0.607018,0.114026,-0.242476,0.514886,0.139332,-0.178631,0.420259,0.105185,-0.141524,0.0,0.0,0.0,-0.161722,-0.400937,-0.003057,-0.496979,-0.559809,-0.031605,-0.79444,-0.472687,-0.055601,-0.955932,-0.281968,-0.081783,-0.542398,-0.56289,-0.128532,-0.843682,-0.49345,-0.190775,-0.775867,-0.436568,-0.219565,-0.668173,-0.423212,-0.230203,-0.548822,-0.258924,-0.152547,-0.84542,-0.214463,-0.18459,-0.758141,-0.201882,-0.170027,-0.63842,-0.198218,-0.165791,-0.546117,0.03578,-0.168834,-0.818593,0.031442,-0.18972,-0.734838,0.014751,-0.137084,-0.625082,0.01689,-0.107787,-0.536705,0.300918,-0.181375,-0.774626,0.244299,-0.18203,-0.695807,0.223249,-0.120435,-0.602499,0.234473,-0.078517,G
0.0,0.0,0.0,0.111413,-0.288033,-0.009914,0.3451,-0.516782,-0.049453,0.556442,-0.627865,-0.087093,0.717508,-0.688014,-0.108713,0.36845,-0.606626,-0.131509,0.710858,-0.442307,-0.211326,0.633685,-0.369162,-0.227763,0.528317,-0.392505,-0.22784,0.363077,-0.406479,-0.167301,0.71488,-0.245355,-0.207346,0.623249,-0.196123,-0.1732,0.525335,-0.228863,-0.157254,0.365367,-0.186665,-0.202624,0.675739,-0.046738,-0.220729,0.578246,-0.012185,-0.14948,0.482347,-0.052185,-0.113348,0.367626,0.02649,-0.240113,0.605894,0.10971,-0.225901,0.514554,0.143702,-0.161971,0.4259,0.113852,-0.125243,0.0,0.0,0.0,-0.152164,-0.391788,0.005169,-0.482077,-0.56632,-0.02066,-0.784435,-0.489331,-0.042223,-0.94137,-0.287234,-0.068242,-0.538561,-0.594822,-0.130432,-0.841829,-0.507404,-0.184024,-0.787801,-0.434352,-0.205947,-0.694016,-0.414503,-0.214609,-0.547278,-0.289942,-0.157396,-0.851352,-0.224721,-0.179128,-0.7736,-0.202975,-0.157081,-0.662323,-0.19806,-0.151516,-0.545687,0.009541,-0.175105,-0.830129,0.027133,-0.190799,-0.750046,0.016179,-0.136927,-0.642538,0.018064,-0.109596,-0.535205,0.284361,-0.187609,-0.78395,0.25128,-0.187356,-0.711252,0.230802,-0.126933,-0.620158,0.235582,-0.087241,G
0.0,0.0,0.0,0.116103,-0.277545,-0.013987,0.353647,-0.506352,-0.053965,0.56339,-0.620249,-0.093142,0.719402,-0.684855,-0.115907,0.38226,-0.617881,-0.119165,0.720228,-0.444899,-0.202123,0.640014,-0.369747,-0.2256,0.536196,-0.397013,-0.230923,0.371487,-0.424005,-0.155046,0.720263,-0.251384,-0.200817,0.62653,-0.198675,-0.174873,0.527738,-0.231414,-0.162905,0.368706,-0.208031,-0.192135,0.676469,-0.05198,-0.215224,0.579531,-0.014437,-0.150307,0.483227,-0.055849,-0.116795,0.368115,0.00549,-0.232239,0.608642,0.104414,-0.221961,0.518454,0.140364,-0.162358,0.428577,0.107733,-0.12785,0.0,0.0,0.0,-0.158678,-0.375564,-0.003279,-0.474212,-0.544604,-0.035574,-0.768911,-0.478767,-0.064463,-0.948564,-0.30188,-0.095366,-0.536501,-0.595734,-0.106404,-0.839821,-0.515956,-0.167172,-0.792734,-0.437161,-0.200401,-0.696292,-0.408348,-0.213978,-0.551448,-0.294355,-0.12999,-0.847227,-0.238566,-0.1597,-0.770123,-0.212969,-0.151935,-0.655147,-0.203767,-0.152729,-0.554523,0.004276,-0.147125,-0.827027,0.012571,-0.167494,-0.747937,0.006055,-0.120045,-0.638453,0.011358,-0.093972,-0.549158,0.277882,-0.16074,-0.783931,0.237233,-0.163361,-0.709721,0.221163,-0.105948,-0.618088,0.227144,-0.065423,G
0.0,0.0,0.0,0.134849,-0.252747,-0.010044,0.370577,-0.483385,-0.052533,0.569694,-0.6075,-0.097576,0.722274,-0.68013,-0.125474,0.388374,-0.627124,-0.116432,0.725739,-0.455523,-0.20514,0.645931,-0.372354,-0.232907,0.539684,-0.400353,-0.240992,0.361757,-0.461873,-0.158413,0.717274,-0.270199,-0.209926,0.626043,-0.203365,-0.185909,0.530444,-0.234763,-0.175807,0.346722,-0.264182,-0.202313,0.673825,-0.085333,-0.23007,0.580762,-0.033445,-0.165318,0.483843,-0.069634,-0.131685,0.33659,-0.055758,-0.249454,0.609137,0.056648,-0.240868,0.529288,0.098742,-0.182253,0.437279,0.070142,-0.148937,0.0,0.0,0.0,-0.162388,-0.385712,0.002171,-0.4834,-0.540497,-0.032377,-0.775921,-0.464697,-0.065001,-0.950409,-0.294568,-0.099762,-0.522727,-0.58717,-0.125145,-0.837295,-0.50842,-0.200285,-0.771703,-0.450137,-0.238395,-0.653972,-0.440028,-0.25196,-0.533264,-0.283453,-0.155252,-0.851043,-0.234208,-0.199308,-0.760503,-0.208422,-0.190996,-0.631099,-0.198268,-0.187498,-0.535966,0.018553,-0.178085,-0.821925,0.027755,-0.205887,-0.734351,0.020836,-0.150678,-0.618125,0.021928,-0.116788,-0.530941,0.292476,-0.197146,-0.773123,0.246454,-0.201083,-0.697724,0.229943,-0.138061,-0.6036,0.240868,-0.093029,G
0.0,0.0,0.0,0.130873,-0.250787,-0.009869,0.370646,-0.472776,-0.050688,0.579811,-0.592372,-0.09432,0.726351,-0.676369,-0.122221,0.386436,-0.619435,-0.108995,0.716766,-0.447857,-0.199534,0.636319,-0.363361,-0.231666,0.537058,-0.39734,-0.244953,0.3588,-0.461618,-0.153009,0.704282,-0.266479,-0.205746,0.612181,-0.201508,-0.184996,0.521451,-0.235408,-0.179382,0.342289,-0.269177,-0.19996,0.661099,-0.091282,-0.231529,0.563883,-0.034175,-0.16799,0.473496,-0.066483,-0.136186,0.336851,-0.061339,-0.250745,0.600838,0.052934,-0.246405,0.515368,0.099363,-0.190283,0.42769,0.070846,-0.159458,0.0,0.0,0.0,-0.15716,-0.387136,0.005245,-0.475653,-0.526326,-0.025279,-0.764947,-0.443169,-0.054149,-0.944625,-0.287713,-0.084447,-0.564021,-0.58209,-0.107893,-0.85191,-0.493135,-0.176261,-0.777115,-0.446562,-0.21244,-0.66116,-0.441966,-0.225017,-0.573608,-0.277656,-0.136202,-0.864026,-0.220691,-0.170765,-0.771201,-0.207628,-0.158966,-0.647189,-0.202124,-0.153743,-0.567545,0.019566,-0.157728,-0.819456,0.034967,-0.17912,-0.731444,0.019332,-0.124768,-0.622447,0.016151,-0.092158,-0.54927,0.282601,-0.175366,-0.773294,0.24509,-0.173679,-0.693825,0.226575,-0.109486,-0.603958,0.232064,-0.063188,G
0.0,0.0,0.0,0.114064,-0.260061,-0.014438,0.340439,-0.490426,-0.060092,0.549476,-0.606184,-0.10763,0.69376,-0.706754,-0.138546,0.330574,-0.619697,-0.125724,0.681772,-0.490044,-0.226169,0.612229,-0.404896,-0.262184,0.511423,-0.420701,-0.27446,0.312098,-0.451528,-0.168728,0.682934,-0.303263,-0.234507,0.596826,-0.241993,-0.216271,0.495175,-0.267533,-0.207493,0.307694,-0.258557,-0.214725,0.650925,-0.113313,-0.255781,0.557633,-0.059319,-0.192716,0.458892,-0.087425,-0.157956,0.31444,-0.055173,-0.264514,0.58625,0.035426,-0.269569,0.499469,0.082966,-0.21629,0.406834,0.061048,-0.185455,0.0,0.0,0.0,-0.176819,-0.386578,-0.001521,-0.498978,-0.550874,-0.037859,-0.787562,-0.466538,-0.070819,-0.94898,-0.272024,-0.10551,-0.557574,-0.62493,-0.125402,-0.852023,-0.488878,-0.187229,-0.780293,-0.434383,-0.219766,-0.679298,-0.440592,-0.233965,-0.556846,-0.319035,-0.152787,-0.840602,-0.210518,-0.183599,-0.761533,-0.18615,-0.171659,-0.645146,-0.192516,-0.170702,-0.552628,-0.012712,-0.172184,-0.801797,0.03397,-0.191568,-0.728772,0.035802,-0.138324,-0.622779,0.028795,-0.109145,-0.546697,0.271682,-0.188398,-0.770112,0.24987,-0.185512,-0.697194,0.247359,-0.121218,-0.606156,0.254671,-0.076271,G
0.0,0.0,0.0,0.024314,-0.370439,-0.016167,0.2202,-0.626647,-0.039243,0.432674,-0.742174,-0.061061,0.572744,-0.81652,-0.072518,0.287346,-0.680588,-0.060723,0.52279,-0.681452,-0.106383,0.450362,-0.615797,-0.129023,0.36448,-0.596187,-0.138116,0.336339,-0.464455,-0.077986,0.5333,-0.482437,-0.097499,0.452574,-0.443155,-0.097021,0.358547,-0.422569,-0.101096,0.376145,-0.244296,-0.094824,0.545637,-0.29314,-0.105298,0.468251,-0.252925,-0.067241,0.376906,-0.223047,-0.04687,0.401489,-0.047264,-0.112949,0.516769,-0.11404,-0.099168,0.448981,-0.073371,-0.048636,0.380785,-0.040191,-0.014298,0.0,0.0,0.0,-0.186769,-0.327782,0.002685,-0.475466,-0.506144,-0.034752,-0.720111,-0.468115,-0.079854,-0.857032,-0.282891,-0.125975,-0.575563,-0.625504,-0.065033,-0.880875,-0.443674,-0.164965,-0.814556,-0.402788,-0.22995,-0.695228,-0.427726,-0.257079,-0.569829,-0.382543,-0.105279,-0.852792,-0.183034,-0.17519,-0.782088,-0.145424,-0.191789,-0.662527,-0.175561,-0.198722,-0.549655,-0.102989,-0.147383,-0.801194,0.058161,-0.203816,-0.737716,0.076444,-0.172063,-0.630375,0.034297,-0.143621,-0.528413,0.173393,-0.18807,-0.75788,0.247977,-0.212038,-0.692468,0.260056,-0.16375,-0.594103,0.236535,-0.119849,G
