0.0,0.0,0.0,0.130558,-0.014673,-0.055492,0.232784,-0.124592,-0.082593,0.222165,-0.272292,-0.111187,0.18737,-0.389033,-0.135663,0.288981,-0.359296,-0.042786,0.420922,-0.483054,-0.092751,0.500847,-0.556615,-0.123258,0.56084,-0.622918,-0.138134,0.209065,-0.427959,-0.052463,0.278312,-0.659741,-0.116573,0.30953,-0.806049,-0.156548,0.325813,-0.929835,-0.171034,0.117304,-0.43808,-0.067408,0.172326,-0.495474,-0.16172,0.173741,-0.344813,-0.175322,0.161014,-0.243893,-0.151904,0.026563,-0.412842,-0.084528,0.08853,-0.462776,-0.150176,0.105728,-0.347562,-0.137101,0.102323,-0.257113,-0.105974,0.0,0.0,0.0,-0.139937,-0.102049,-0.050171,-0.240984,-0.243505,-0.076874,-0.314106,-0.388384,-0.101044,-0.380818,-0.499278,-0.124354,-0.116998,-0.495737,-0.029094,-0.177955,-0.682636,-0.063406,-0.209301,-0.791477,-0.094276,-0.228225,-0.888347,-0.117968,-0.013987,-0.522923,-0.038559,0.001281,-0.74846,-0.063601,0.016884,-0.884909,-0.087986,0.031754,-0.993746,-0.107053,0.074531,-0.492905,-0.057747,0.112855,-0.692533,-0.09253,0.136623,-0.81793,-0.11418,0.156339,-0.934514,-0.129726,0.15409,-0.421268,-0.081833,0.21925,-0.566617,-0.117018,0.261961,-0.66018,-0.127715,0.298554,-0.752238,-0.133516,N
0.0,0.0,0.0,0.134809,-0.021926,-0.055742,0.231442,-0.137623,-0.082945,0.215961,-0.287095,-0.111863,0.175212,-0.407097,-0.137305,0.288939,-0.359492,-0.041358,0.421433,-0.48689,-0.090699,0.50076,-0.561336,-0.120838,0.560682,-0.627485,-0.136028,0.207184,-0.425046,-0.051492,0.268787,-0.665163,-0.117697,0.288239,-0.814351,-0.159122,0.294468,-0.93971,-0.17388,0.113765,-0.431717,-0.066869,0.166772,-0.49692,-0.165446,0.161064,-0.342497,-0.178895,0.144427,-0.242633,-0.153917,0.022471,-0.402447,-0.084081,0.081922,-0.465336,-0.15438,0.097096,-0.344707,-0.140886,0.092606,-0.249375,-0.108326,0.0,0.0,0.0,-0.145148,-0.099884,-0.049602,-0.249991,-0.239853,-0.075288,-0.324775,-0.385854,-0.098959,-0.39362,-0.496237,-0.121523,-0.128446,-0.497437,-0.020284,-0.190248,-0.682349,-0.051709,-0.222072,-0.789701,-0.081583,-0.241009,-0.88622,-0.105173,-0.0248,-0.524943,-0.03004,-0.011496,-0.750151,-0.053157,0.003627,-0.885897,-0.076935,0.017957,-0.995246,-0.095721,0.064122,-0.494833,-0.050171,0.10034,-0.693523,-0.083745,0.123947,-0.819901,-0.104347,0.143108,-0.938968,-0.119312,0.145981,-0.423438,-0.075457,0.208629,-0.569309,-0.109286,0.25043,-0.663601,-0.118943,0.286035,-0.756879,-0.124349,N
0.0,0.0,0.0,0.128003,-0.019368,-0.056275,0.226018,-0.136207,-0.084915,0.214837,-0.286178,-0.115309,0.170565,-0.405803,-0.142287,0.285821,-0.368329,-0.043045,0.411842,-0.49382,-0.093234,0.48973,-0.567467,-0.125262,0.550154,-0.632969,-0.14211,0.203048,-0.431581,-0.053539,0.257409,-0.669263,-0.119886,0.276607,-0.816895,-0.161987,0.283522,-0.942328,-0.177856,0.108651,-0.434367,-0.068989,0.161575,-0.501931,-0.166744,0.159492,-0.346445,-0.178627,0.144032,-0.246489,-0.15334,0.016632,-0.402316,-0.086399,0.078882,-0.466377,-0.154639,0.094019,-0.347709,-0.13912,0.088037,-0.256347,-0.105832,0.0,0.0,0.0,-0.145381,-0.093682,-0.054128,-0.251006,-0.237352,-0.082049,-0.325959,-0.379639,-0.107266,-0.394898,-0.493095,-0.131735,-0.128937,-0.49493,-0.03027,-0.190268,-0.677051,-0.065121,-0.221633,-0.783833,-0.096537,-0.239428,-0.8792,-0.120547,-0.022846,-0.521721,-0.039167,-0.011035,-0.74757,-0.063432,0.003899,-0.884419,-0.088979,0.0202,-0.993816,-0.109188,0.069624,-0.492511,-0.058338,0.104853,-0.693221,-0.0942,0.128774,-0.819606,-0.117678,0.148307,-0.934977,-0.13413,0.153953,-0.423283,-0.082807,0.217536,-0.571258,-0.118848,0.26015,-0.668234,-0.130752,0.295103,-0.762037,-0.13744,N
0.0,0.0,0.0,0.128235,-0.023188,-0.053,0.219931,-0.142779,-0.080356,0.21001,-0.29092,-0.110187,0.16689,-0.404593,-0.136685,0.279138,-0.366935,-0.041709,0.404938,-0.494073,-0.092991,0.482902,-0.567177,-0.125078,0.542818,-0.632714,-0.14177,0.19999,-0.429308,-0.053608,0.256623,-0.665554,-0.120841,0.272901,-0.816895,-0.162743,0.276631,-0.944287,-0.178317,0.108476,-0.431441,-0.070349,0.151177,-0.501937,-0.167195,0.1476,-0.352167,-0.179372,0.133919,-0.250297,-0.154394,0.018289,-0.398527,-0.089033,0.067022,-0.461442,-0.156808,0.08414,-0.347804,-0.143128,0.083518,-0.256652,-0.111247,0.0,0.0,0.0,-0.149519,-0.103118,-0.043002,-0.254007,-0.235056,-0.067482,-0.330826,-0.383688,-0.090261,-0.403876,-0.486819,-0.111458,-0.130082,-0.485545,-0.024004,-0.194248,-0.675535,-0.056209,-0.225967,-0.783445,-0.085119,-0.244787,-0.879761,-0.107711,-0.027523,-0.518317,-0.03535,-0.015784,-0.750076,-0.060951,0.000219,-0.887021,-0.083702,0.015307,-0.99471,-0.101578,0.061522,-0.49138,-0.055207,0.097979,-0.693772,-0.087664,0.120637,-0.821061,-0.103472,0.14175,-0.938442,-0.115588,0.145789,-0.420304,-0.079644,0.21012,-0.570327,-0.11249,0.252038,-0.664405,-0.119317,0.288652,-0.758215,-0.12249,N
0.0,0.0,0.0,0.131112,-0.026007,-0.05263,0.222207,-0.152855,-0.077266,0.205993,-0.305058,-0.10485,0.168275,-0.419523,-0.12894,0.279213,-0.367912,-0.038084,0.40918,-0.50225,-0.089267,0.488638,-0.57534,-0.119983,0.549186,-0.637824,-0.135767,0.196,-0.429179,-0.050046,0.249187,-0.674588,-0.119527,0.256718,-0.826286,-0.162067,0.252484,-0.951218,-0.177302,0.103143,-0.432799,-0.067242,0.143829,-0.513429,-0.166611,0.140223,-0.357667,-0.178854,0.129223,-0.252883,-0.153369,0.012451,-0.402721,-0.086481,0.060987,-0.466848,-0.157688,0.075529,-0.348904,-0.145468,0.075736,-0.257541,-0.114122,0.0,0.0,0.0,-0.154963,-0.099071,-0.043188,-0.263848,-0.235905,-0.065003,-0.338254,-0.38574,-0.085257,-0.410575,-0.489051,-0.10397,-0.136342,-0.489988,-0.017512,-0.198668,-0.67523,-0.046776,-0.230133,-0.780518,-0.075132,-0.249315,-0.87555,-0.098045,-0.032428,-0.520844,-0.029105,-0.022058,-0.748942,-0.052203,-0.0071,-0.88486,-0.076247,0.009034,-0.995371,-0.09568,0.056254,-0.492933,-0.049605,0.088667,-0.692574,-0.08252,0.110982,-0.817022,-0.101062,0.132934,-0.932939,-0.115044,0.142131,-0.421472,-0.07471,0.203881,-0.572693,-0.109917,0.245735,-0.665996,-0.11907,0.281533,-0.760645,-0.123877,N
0.0,0.0,0.0,0.125813,-0.023667,-0.060155,0.215918,-0.147369,-0.089058,0.203519,-0.300566,-0.119425,0.158968,-0.422367,-0.146151,0.281794,-0.370839,-0.042875,0.407948,-0.503716,-0.095708,0.486972,-0.579205,-0.128713,0.547666,-0.645116,-0.146271,0.199425,-0.433405,-0.052133,0.24905,-0.677993,-0.122947,0.256878,-0.827361,-0.166465,0.25309,-0.9502,-0.181837,0.105196,-0.436367,-0.067154,0.141598,-0.516304,-0.168695,0.13703,-0.357379,-0.180582,0.125277,-0.253443,-0.154237,0.012612,-0.404369,-0.084807,0.0578,-0.466355,-0.158247,0.069507,-0.344263,-0.145917,0.067343,-0.253412,-0.113852,0.0,0.0,0.0,-0.150389,-0.091444,-0.04809,-0.258085,-0.230656,-0.072753,-0.334423,-0.376905,-0.095234,-0.407233,-0.480732,-0.117047,-0.134158,-0.484052,-0.02891,-0.1992,-0.66882,-0.061993,-0.230676,-0.778604,-0.091333,-0.247209,-0.877154,-0.114343,-0.030596,-0.514096,-0.039534,-0.022646,-0.745048,-0.064579,-0.008211,-0.883358,-0.087799,0.00868,-0.994329,-0.105993,0.060299,-0.488273,-0.059443,0.09241,-0.694231,-0.094472,0.114808,-0.820616,-0.114459,0.135951,-0.936369,-0.128469,0.146078,-0.420705,-0.084292,0.208704,-0.57435,-0.120305,0.250002,-0.671744,-0.13109,0.285896,-0.766595,-0.136803,N
0.0,0.0,0.0,0.127556,-0.029742,-0.055759,0.208021,-0.154311,-0.084083,0.189129,-0.30098,-0.114819,0.146914,-0.420027,-0.14123,0.281769,-0.372443,-0.035268,0.406414,-0.502372,-0.089272,0.484958,-0.571521,-0.124741,0.545519,-0.630704,-0.143666,0.20377,-0.434421,-0.046469,0.266057,-0.668624,-0.115614,0.285129,-0.814903,-0.16059,0.291695,-0.939801,-0.178013,0.109902,-0.438235,-0.063665,0.143902,-0.520104,-0.162212,0.136228,-0.37296,-0.175481,0.123756,-0.277481,-0.151309,0.015199,-0.405512,-0.083283,0.056901,-0.472174,-0.154711,0.065799,-0.353202,-0.142071,0.062032,-0.263701,-0.110419,0.0,0.0,0.0,-0.158122,-0.106833,-0.034082,-0.266892,-0.232818,-0.05451,-0.341684,-0.373884,-0.074855,-0.414249,-0.470039,-0.093832,-0.141788,-0.483196,-0.013724,-0.206851,-0.669578,-0.0426,-0.237234,-0.774448,-0.070616,-0.254864,-0.86885,-0.093156,-0.039373,-0.515704,-0.029971,-0.030409,-0.746036,-0.055625,-0.014914,-0.883294,-0.080453,0.000442,-0.995034,-0.099537,0.049219,-0.489795,-0.053841,0.081737,-0.692186,-0.087426,0.105063,-0.817934,-0.104415,0.127894,-0.935094,-0.116576,0.134339,-0.41764,-0.081419,0.196688,-0.571816,-0.115665,0.237042,-0.665852,-0.122297,0.271744,-0.76213,-0.124812,N
0.0,0.0,0.0,0.129397,-0.022713,-0.058702,0.209078,-0.141604,-0.088065,0.193258,-0.279591,-0.11997,0.163213,-0.393263,-0.147867,0.286294,-0.375079,-0.038781,0.413784,-0.502026,-0.095765,0.493971,-0.571041,-0.133067,0.555712,-0.63159,-0.152668,0.206938,-0.436681,-0.049551,0.265552,-0.672355,-0.121527,0.279647,-0.81904,-0.167543,0.281063,-0.941713,-0.184879,0.113574,-0.440489,-0.066955,0.14304,-0.520639,-0.168518,0.135127,-0.370589,-0.183611,0.123075,-0.268739,-0.159453,0.020901,-0.4077,-0.087189,0.060199,-0.476355,-0.160933,0.067037,-0.357194,-0.149784,0.063146,-0.263584,-0.118351,0.0,0.0,0.0,-0.149219,-0.090208,-0.044151,-0.258003,-0.229211,-0.066676,-0.33409,-0.371209,-0.087657,-0.408485,-0.470415,-0.10817,-0.137162,-0.489558,-0.025444,-0.200545,-0.672778,-0.057564,-0.231573,-0.779163,-0.08695,-0.249671,-0.874029,-0.109924,-0.032769,-0.519672,-0.037997,-0.025572,-0.746723,-0.062414,-0.011088,-0.884032,-0.08715,0.004803,-0.994308,-0.106432,0.058276,-0.493576,-0.059284,0.088795,-0.694996,-0.094016,0.113355,-0.820532,-0.114335,0.135465,-0.93606,-0.128496,0.141757,-0.42507,-0.085106,0.20051,-0.577703,-0.121909,0.242575,-0.674559,-0.132664,0.278913,-0.769603,-0.137915,N
0.0,0.0,0.0,0.125989,-0.019108,-0.064196,0.207049,-0.132201,-0.098043,0.188934,-0.273967,-0.132855,0.157322,-0.395531,-0.1632,0.290479,-0.362856,-0.04765,0.416736,-0.489895,-0.108237,0.498393,-0.557576,-0.148169,0.563059,-0.616811,-0.168897,0.210338,-0.427508,-0.056619,0.277202,-0.65863,-0.130225,0.300675,-0.803288,-0.177234,0.312965,-0.929463,-0.195327,0.116387,-0.433648,-0.072207,0.144142,-0.508783,-0.174832,0.13221,-0.357962,-0.188035,0.119756,-0.261952,-0.162514,0.02054,-0.403636,-0.090937,0.057026,-0.475591,-0.163444,0.061686,-0.354847,-0.148671,0.058326,-0.265033,-0.114882,0.0,0.0,0.0,-0.157097,-0.101197,-0.034572,-0.265023,-0.229594,-0.055933,-0.340195,-0.372626,-0.076914,-0.417586,-0.466856,-0.096119,-0.142973,-0.479562,-0.018796,-0.207021,-0.66764,-0.049012,-0.236934,-0.773597,-0.076567,-0.254,-0.869971,-0.099145,-0.043481,-0.51507,-0.034524,-0.03564,-0.745679,-0.065297,-0.019684,-0.881833,-0.091685,-0.003665,-0.993744,-0.111618,0.043156,-0.49187,-0.05708,0.073167,-0.691959,-0.093078,0.098195,-0.816073,-0.109071,0.122886,-0.931626,-0.120596,0.127692,-0.422823,-0.083456,0.18936,-0.573921,-0.119626,0.231833,-0.667008,-0.127303,0.267674,-0.762388,-0.130632,N
0.0,0.0,0.0,0.123312,-0.018744,-0.063924,0.203183,-0.139811,-0.096048,0.189869,-0.29102,-0.129268,0.156802,-0.419317,-0.158211,0.297303,-0.364343,-0.044348,0.429297,-0.494549,-0.102897,0.513722,-0.564693,-0.140674,0.577832,-0.625423,-0.160165,0.218326,-0.430628,-0.051995,0.280851,-0.666725,-0.125812,0.295397,-0.813303,-0.172262,0.296264,-0.936223,-0.188983,0.124951,-0.440136,-0.066364,0.14892,-0.520194,-0.169322,0.138869,-0.369846,-0.184625,0.126799,-0.269487,-0.160117,0.030957,-0.413686,-0.083851,0.065623,-0.480388,-0.159459,0.071239,-0.356961,-0.148993,0.068809,-0.260923,-0.117191,0.0,0.0,0.0,-0.150486,-0.091847,-0.041198,-0.258362,-0.237764,-0.060928,-0.333497,-0.376053,-0.080092,-0.406824,-0.472179,-0.099674,-0.134041,-0.493207,-0.020778,-0.194871,-0.67289,-0.051744,-0.225461,-0.779401,-0.081127,-0.243515,-0.871608,-0.10423,-0.033,-0.521265,-0.034663,-0.025924,-0.746319,-0.058863,-0.013143,-0.884679,-0.085439,0.002626,-0.994381,-0.10583,0.055998,-0.49728,-0.057203,0.086045,-0.700083,-0.092644,0.110768,-0.826512,-0.117036,0.133221,-0.940781,-0.133568,0.137065,-0.430339,-0.083895,0.196439,-0.582965,-0.120933,0.238916,-0.678895,-0.133676,0.275081,-0.770015,-0.14042,N
0.0,0.0,0.0,0.120269,-0.0267,-0.05943,0.195889,-0.142365,-0.091322,0.185493,-0.276144,-0.126029,0.157344,-0.39627,-0.156954,0.290829,-0.366432,-0.03939,0.416951,-0.485498,-0.099021,0.50022,-0.550467,-0.13948,0.56568,-0.606787,-0.16059,0.213453,-0.434037,-0.05067,0.273805,-0.666809,-0.123827,0.288076,-0.814083,-0.171284,0.291126,-0.93788,-0.188751,0.120315,-0.443653,-0.06871,0.142288,-0.516885,-0.170442,0.128982,-0.365768,-0.186035,0.116519,-0.264865,-0.161726,0.026441,-0.413701,-0.089707,0.059176,-0.482561,-0.161575,0.063599,-0.362074,-0.148578,0.062305,-0.266007,-0.115609,0.0,0.0,0.0,-0.144502,-0.0911,-0.04473,-0.247233,-0.236807,-0.067463,-0.323034,-0.371399,-0.088633,-0.394595,-0.46783,-0.109732,-0.121026,-0.488325,-0.02763,-0.181243,-0.667763,-0.059738,-0.211549,-0.773785,-0.089172,-0.228859,-0.865793,-0.1118,-0.020987,-0.516922,-0.039647,-0.013089,-0.745402,-0.063456,0.000871,-0.884526,-0.088098,0.017174,-0.994136,-0.106764,0.067674,-0.493062,-0.060383,0.096147,-0.697342,-0.095022,0.120975,-0.82366,-0.118489,0.142129,-0.937772,-0.134234,0.14741,-0.426925,-0.085539,0.206528,-0.577846,-0.120801,0.248009,-0.672083,-0.13248,0.282934,-0.760741,-0.138463,N
0.0,0.0,0.0,0.121565,-0.023191,-0.066785,0.199223,-0.138864,-0.101136,0.184151,-0.286246,-0.13593,0.154788,-0.411956,-0.166938,0.298268,-0.365608,-0.045966,0.429863,-0.487748,-0.106513,0.515022,-0.557853,-0.146828,0.580075,-0.618765,-0.167676,0.219227,-0.435185,-0.053495,0.272602,-0.676132,-0.129962,0.277854,-0.821433,-0.17768,0.270969,-0.94288,-0.193785,0.125058,-0.446418,-0.068045,0.150255,-0.516351,-0.171394,0.137289,-0.365554,-0.184822,0.122923,-0.271232,-0.158324,0.028916,-0.42239,-0.08601,0.064813,-0.503138,-0.156105,0.064864,-0.384094,-0.138937,0.057394,-0.29274,-0.102918,0.0,0.0,0.0,-0.153311,-0.093253,-0.046269,-0.259296,-0.239673,-0.069944,-0.334384,-0.372369,-0.092063,-0.406523,-0.466988,-0.114426,-0.133074,-0.492083,-0.028214,-0.194825,-0.67077,-0.062958,-0.223988,-0.776844,-0.094827,-0.240688,-0.868838,-0.118707,-0.03224,-0.518488,-0.039936,-0.022663,-0.745456,-0.066777,-0.009265,-0.883251,-0.094364,0.006264,-0.993375,-0.114749,0.056565,-0.493191,-0.060594,0.088719,-0.694895,-0.096947,0.112831,-0.820508,-0.122684,0.133337,-0.934282,-0.139577,0.138041,-0.427805,-0.085693,0.198603,-0.57859,-0.120103,0.23877,-0.673426,-0.131527,0.272125,-0.764423,-0.137466,N
0.0,0.0,0.0,0.120211,-0.021438,-0.061772,0.197315,-0.143151,-0.093654,0.18412,-0.294913,-0.127421,0.15144,-0.422599,-0.157002,0.296446,-0.361455,-0.042553,0.429257,-0.481377,-0.102752,0.51487,-0.54903,-0.142328,0.581414,-0.608331,-0.162947,0.220752,-0.43008,-0.051676,0.286933,-0.655883,-0.126519,0.30531,-0.804637,-0.174211,0.310456,-0.930998,-0.19199,0.127192,-0.441367,-0.06731,0.146716,-0.512395,-0.17084,0.133933,-0.360676,-0.18583,0.122116,-0.259377,-0.160914,0.031108,-0.41484,-0.085908,0.063716,-0.47878,-0.160146,0.068142,-0.356437,-0.147866,0.066853,-0.260077,-0.114948,0.0,0.0,0.0,-0.152214,-0.088864,-0.04729,-0.26066,-0.236657,-0.068594,-0.33631,-0.369607,-0.088278,-0.409905,-0.465009,-0.107991,-0.133515,-0.491043,-0.024094,-0.194221,-0.667122,-0.057315,-0.222945,-0.773283,-0.087939,-0.238477,-0.866172,-0.110958,-0.031994,-0.520304,-0.034731,-0.021772,-0.746115,-0.060335,-0.006784,-0.88446,-0.086539,0.011101,-0.994362,-0.105459,0.057917,-0.496907,-0.054757,0.089665,-0.699887,-0.092109,0.113488,-0.825495,-0.116617,0.134048,-0.938443,-0.131694,0.140533,-0.430626,-0.079379,0.202493,-0.580129,-0.115126,0.244543,-0.675693,-0.126383,0.279193,-0.767084,-0.131465,N
0.0,0.0,0.0,0.121783,-0.02477,-0.056923,0.199669,-0.140031,-0.088229,0.189084,-0.276309,-0.122581,0.152409,-0.396096,-0.153356,0.297654,-0.364878,-0.041924,0.429226,-0.485035,-0.101481,0.514975,-0.55565,-0.141363,0.581567,-0.619286,-0.162864,0.219401,-0.434821,-0.053959,0.2799,-0.662232,-0.128588,0.293426,-0.808984,-0.176578,0.295786,-0.93514,-0.194998,0.123899,-0.446405,-0.071754,0.146084,-0.514634,-0.171539,0.135337,-0.360203,-0.184768,0.124446,-0.259417,-0.160174,0.027554,-0.418634,-0.092585,0.061495,-0.476718,-0.161854,0.067262,-0.354586,-0.147977,0.066996,-0.262146,-0.115381,0.0,0.0,0.0,-0.151379,-0.098672,-0.038248,-0.255465,-0.238266,-0.05916,-0.330336,-0.372298,-0.080817,-0.401425,-0.469574,-0.1029,-0.125875,-0.491686,-0.015592,-0.18736,-0.670226,-0.047097,-0.216234,-0.772578,-0.077626,-0.231641,-0.864086,-0.101089,-0.02706,-0.521068,-0.031662,-0.018584,-0.748632,-0.054596,-0.005615,-0.888229,-0.078906,0.0109,-0.995211,-0.097142,0.061238,-0.496842,-0.056865,0.091889,-0.701071,-0.089419,0.114602,-0.82629,-0.110629,0.134909,-0.938411,-0.124991,0.141362,-0.428639,-0.086499,0.201978,-0.580363,-0.119505,0.241378,-0.674665,-0.129017,0.27565,-0.76438,-0.133517,N
0.0,0.0,0.0,0.122036,-0.021004,-0.063052,0.199432,-0.134466,-0.096217,0.183912,-0.275566,-0.131042,0.155408,-0.399782,-0.161453,0.299066,-0.367503,-0.042724,0.431064,-0.485582,-0.104876,0.519374,-0.551396,-0.146395,0.587264,-0.608741,-0.168081,0.221362,-0.434136,-0.051833,0.285349,-0.660316,-0.127893,0.302616,-0.805625,-0.176844,0.30872,-0.930875,-0.195354,0.126091,-0.444,-0.067986,0.149033,-0.517382,-0.171035,0.136214,-0.368226,-0.185588,0.124523,-0.271867,-0.1607,0.029576,-0.41634,-0.087394,0.062186,-0.483064,-0.160295,0.06409,-0.36323,-0.147066,0.061279,-0.272904,-0.113744,0.0,0.0,0.0,-0.143511,-0.092327,-0.045336,-0.247154,-0.230389,-0.067992,-0.325352,-0.366416,-0.089297,-0.398084,-0.461083,-0.110648,-0.124879,-0.488419,-0.023315,-0.1839,-0.668443,-0.054939,-0.212564,-0.773759,-0.084828,-0.228074,-0.868711,-0.108241,-0.023918,-0.516238,-0.034806,-0.013937,-0.744753,-0.058083,-0.000478,-0.884103,-0.082574,0.014913,-0.994691,-0.10182,0.065078,-0.490573,-0.055654,0.096066,-0.690184,-0.089275,0.118173,-0.818181,-0.112224,0.137706,-0.934009,-0.128269,0.146831,-0.42372,-0.081265,0.207431,-0.574595,-0.114948,0.248698,-0.670705,-0.126244,0.284012,-0.762736,-0.132769,N
0.0,0.0,0.0,0.126294,-0.022596,-0.069063,0.205399,-0.137471,-0.105273,0.184057,-0.285659,-0.14193,0.153588,-0.418297,-0.174119,0.304048,-0.366201,-0.050976,0.437894,-0.492534,-0.113232,0.52474,-0.558786,-0.153927,0.593156,-0.615642,-0.175712,0.224458,-0.434448,-0.057075,0.284036,-0.665093,-0.135092,0.291507,-0.813134,-0.184016,0.288542,-0.935888,-0.202132,0.12871,-0.445506,-0.070555,0.149973,-0.52053,-0.17475,0.138227,-0.372049,-0.191067,0.127295,-0.273752,-0.167558,0.035107,-0.418435,-0.087896,0.066577,-0.478613,-0.163476,0.07013,-0.358225,-0.154644,0.068272,-0.266612,-0.124324,0.0,0.0,0.0,-0.149687,-0.089524,-0.048274,-0.256139,-0.233084,-0.071584,-0.331799,-0.368455,-0.092844,-0.406495,-0.463518,-0.113935,-0.130138,-0.486517,-0.02601,-0.190743,-0.665616,-0.057926,-0.220715,-0.772358,-0.086949,-0.237653,-0.867989,-0.109586,-0.027348,-0.516249,-0.036107,-0.017365,-0.742496,-0.060496,-0.004501,-0.880184,-0.085108,0.009426,-0.994528,-0.104048,0.061681,-0.492422,-0.055593,0.094596,-0.691172,-0.090975,0.11592,-0.821785,-0.11446,0.133509,-0.944161,-0.130445,0.143633,-0.426664,-0.079853,0.205864,-0.575937,-0.114675,0.247557,-0.673928,-0.126085,0.281422,-0.770784,-0.132387,N
0.0,0.0,0.0,0.129269,-0.019589,-0.061732,0.209901,-0.13982,-0.093455,0.194129,-0.284422,-0.127007,0.164729,-0.409823,-0.15615,0.30981,-0.360445,-0.043214,0.442102,-0.485353,-0.103267,0.527508,-0.551246,-0.142614,0.594172,-0.608248,-0.163672,0.231572,-0.430172,-0.053113,0.306996,-0.650319,-0.12553,0.334704,-0.792403,-0.171651,0.349836,-0.917382,-0.189804,0.134336,-0.44128,-0.070075,0.160022,-0.519376,-0.170467,0.148466,-0.367578,-0.184053,0.137817,-0.269854,-0.160228,0.036192,-0.412155,-0.09041,0.07054,-0.483022,-0.163344,0.073942,-0.362179,-0.151069,0.071252,-0.271245,-0.119567,0.0,0.0,0.0,-0.149621,-0.095784,-0.039502,-0.256749,-0.239108,-0.061137,-0.333048,-0.375477,-0.082564,-0.409109,-0.467031,-0.104809,-0.135433,-0.491882,-0.018301,-0.194871,-0.669616,-0.048889,-0.225025,-0.775459,-0.077956,-0.241551,-0.868841,-0.101121,-0.033474,-0.520466,-0.033321,-0.025166,-0.744967,-0.056821,-0.011593,-0.882131,-0.082169,0.00464,-0.994748,-0.10225,0.05624,-0.495176,-0.057042,0.086342,-0.699408,-0.092172,0.108357,-0.828615,-0.116551,0.12738,-0.948197,-0.134133,0.138184,-0.427863,-0.084532,0.19914,-0.578799,-0.120264,0.240862,-0.677184,-0.132336,0.275002,-0.77316,-0.139751,N
0.0,0.0,0.0,0.130531,-0.017463,-0.066198,0.211135,-0.129425,-0.101696,0.197967,-0.280559,-0.138801,0.175918,-0.413031,-0.17096,0.316532,-0.359994,-0.048226,0.451269,-0.482267,-0.111361,0.535317,-0.549224,-0.152744,0.602312,-0.605335,-0.174306,0.236992,-0.431559,-0.056431,0.318079,-0.645741,-0.129849,0.352069,-0.785014,-0.175722,0.375436,-0.906345,-0.193873,0.138778,-0.447503,-0.07229,0.163125,-0.52164,-0.172712,0.151097,-0.374532,-0.186872,0.140951,-0.274061,-0.163667,0.038907,-0.422542,-0.09222,0.073857,-0.48491,-0.164804,0.077297,-0.364321,-0.153217,0.073916,-0.268966,-0.12191,0.0,0.0,0.0,-0.149516,-0.100474,-0.038617,-0.255645,-0.246573,-0.057752,-0.330145,-0.379802,-0.077482,-0.403092,-0.473878,-0.098605,-0.130737,-0.497046,-0.011184,-0.190519,-0.669194,-0.041538,-0.220784,-0.772918,-0.071473,-0.237409,-0.863839,-0.094973,-0.029172,-0.524644,-0.026522,-0.020061,-0.748198,-0.049264,-0.006858,-0.884897,-0.076571,0.008753,-0.99517,-0.097774,0.060683,-0.498718,-0.051067,0.093599,-0.702621,-0.087568,0.1153,-0.831661,-0.11528,0.132686,-0.948811,-0.134195,0.14251,-0.430318,-0.079208,0.204823,-0.581903,-0.116326,0.247505,-0.681505,-0.130027,0.281542,-0.777569,-0.137969,N
0.0,0.0,0.0,0.133528,-0.021545,-0.063398,0.218314,-0.148048,-0.093758,0.207075,-0.303594,-0.126206,0.184941,-0.434976,-0.153937,0.32586,-0.356925,-0.03881,0.461168,-0.481692,-0.098147,0.54705,-0.548869,-0.136844,0.614091,-0.602877,-0.155887,0.242399,-0.425768,-0.047215,0.320065,-0.645946,-0.116998,0.355221,-0.787289,-0.160923,0.380416,-0.90771,-0.177047,0.142296,-0.439676,-0.063476,0.169689,-0.511695,-0.163603,0.152737,-0.36036,-0.176766,0.1378,-0.259966,-0.151306,0.042218,-0.417562,-0.083257,0.083437,-0.490235,-0.154835,0.079692,-0.37122,-0.139786,0.069318,-0.278875,-0.105225,0.0,0.0,0.0,-0.148297,-0.095169,-0.044378,-0.257594,-0.24257,-0.066783,-0.332489,-0.376286,-0.088215,-0.404438,-0.469879,-0.11059,-0.132321,-0.496922,-0.02217,-0.192066,-0.667209,-0.055654,-0.223527,-0.771036,-0.087072,-0.241825,-0.860802,-0.111161,-0.031143,-0.524512,-0.034613,-0.021246,-0.750363,-0.05978,-0.009103,-0.885746,-0.086745,0.005285,-0.994183,-0.107576,0.059034,-0.498508,-0.056302,0.093599,-0.70453,-0.094104,0.114411,-0.832694,-0.121243,0.131142,-0.945872,-0.139454,0.142308,-0.430161,-0.082041,0.205048,-0.580525,-0.118838,0.246068,-0.681771,-0.132246,0.278454,-0.778139,-0.139969,N
0.0,0.0,0.0,0.133125,-0.022399,-0.061944,0.217297,-0.153964,-0.092184,0.204027,-0.316488,-0.124688,0.174484,-0.454779,-0.152925,0.320588,-0.362003,-0.038361,0.458385,-0.485194,-0.09659,0.545577,-0.55117,-0.13432,0.613414,-0.604784,-0.154056,0.237814,-0.431226,-0.047606,0.312163,-0.655273,-0.11842,0.34019,-0.79572,-0.161954,0.357402,-0.916834,-0.177989,0.137395,-0.443824,-0.064564,0.168913,-0.52422,-0.166709,0.159188,-0.370778,-0.181664,0.14867,-0.268928,-0.157937,0.035882,-0.418611,-0.084661,0.079394,-0.482743,-0.160783,0.083536,-0.358895,-0.151055,0.078827,-0.264626,-0.120413,0.0,0.0,0.0,-0.147551,-0.091352,-0.045309,-0.257559,-0.240164,-0.067021,-0.335839,-0.378987,-0.087531,-0.412312,-0.467861,-0.109092,-0.135895,-0.497193,-0.021732,-0.197606,-0.66924,-0.053316,-0.227963,-0.772634,-0.083526,-0.245161,-0.861448,-0.107158,-0.03489,-0.527054,-0.033072,-0.026406,-0.751861,-0.056957,-0.011863,-0.886355,-0.082913,0.004421,-0.994657,-0.103141,0.055248,-0.502338,-0.053792,0.087554,-0.705351,-0.090656,0.109972,-0.833573,-0.118691,0.128081,-0.948675,-0.13792,0.138175,-0.434819,-0.078636,0.201311,-0.583654,-0.115318,0.244755,-0.681899,-0.12989,0.279995,-0.774879,-0.138741,N
0.0,0.0,0.0,0.137104,-0.015518,-0.059304,0.22139,-0.139712,-0.087122,0.212666,-0.296731,-0.117384,0.192797,-0.424803,-0.143033,0.319774,-0.351242,-0.037311,0.456482,-0.472978,-0.095473,0.544607,-0.535619,-0.133,0.610252,-0.58619,-0.152358,0.239258,-0.420059,-0.047235,0.317409,-0.647364,-0.118601,0.348917,-0.790384,-0.163147,0.367695,-0.912479,-0.179394,0.140742,-0.429631,-0.064434,0.170907,-0.511257,-0.166145,0.158351,-0.365642,-0.180556,0.146935,-0.268155,-0.155918,0.041309,-0.400806,-0.084409,0.078525,-0.470932,-0.159025,0.082309,-0.353824,-0.147963,0.079383,-0.263496,-0.116243,0.0,0.0,0.0,-0.150756,-0.093035,-0.043061,-0.262204,-0.241871,-0.06382,-0.341228,-0.377928,-0.084089,-0.417709,-0.467414,-0.105413,-0.136444,-0.497718,-0.016694,-0.196679,-0.668877,-0.046665,-0.227217,-0.772071,-0.076067,-0.245498,-0.861521,-0.099376,-0.032748,-0.525681,-0.029866,-0.023101,-0.75192,-0.051498,-0.006953,-0.886475,-0.075734,0.010823,-0.995413,-0.09506,0.059134,-0.497973,-0.052717,0.094611,-0.703607,-0.087743,0.11742,-0.832782,-0.112978,0.135872,-0.95122,-0.130675,0.143932,-0.427952,-0.079747,0.207375,-0.582261,-0.115547,0.250668,-0.682925,-0.128193,0.285349,-0.780644,-0.135841,N
0.0,0.0,0.0,0.134611,-0.0168,-0.067158,0.220492,-0.14419,-0.099558,0.213935,-0.311987,-0.133263,0.192514,-0.452941,-0.162176,0.323605,-0.3485,-0.042406,0.458133,-0.476543,-0.102113,0.542132,-0.540824,-0.141406,0.610554,-0.592903,-0.161918,0.243977,-0.420304,-0.04897,0.323813,-0.642659,-0.122669,0.354354,-0.786879,-0.169774,0.374106,-0.90819,-0.187712,0.147306,-0.436479,-0.063269,0.173281,-0.520776,-0.169654,0.154205,-0.36496,-0.185806,0.138573,-0.257133,-0.161253,0.048283,-0.41371,-0.080816,0.086145,-0.48987,-0.160776,0.086419,-0.364402,-0.150961,0.079377,-0.264035,-0.119099,0.0,0.0,0.0,-0.154982,-0.096186,-0.042747,-0.264762,-0.244011,-0.061336,-0.342519,-0.387066,-0.079436,-0.419857,-0.479064,-0.09835,-0.134586,-0.49476,-0.012453,-0.19631,-0.670427,-0.040534,-0.226549,-0.774872,-0.069442,-0.243689,-0.866114,-0.092727,-0.029361,-0.524254,-0.024963,-0.020468,-0.751312,-0.045372,-0.004659,-0.88757,-0.07125,0.012595,-0.995712,-0.091648,0.063182,-0.498793,-0.047016,0.095383,-0.700682,-0.081493,0.118508,-0.827697,-0.108173,0.137631,-0.944684,-0.126559,0.148985,-0.430447,-0.073124,0.212551,-0.582051,-0.108706,0.256119,-0.680501,-0.121776,0.292094,-0.776418,-0.129322,N
0.0,0.0,0.0,0.13944,-0.025651,-0.067165,0.217619,-0.153768,-0.099534,0.205762,-0.316275,-0.133325,0.189124,-0.45318,-0.161968,0.327394,-0.363146,-0.037483,0.462325,-0.484556,-0.096263,0.54805,-0.556745,-0.135094,0.613924,-0.616548,-0.155425,0.245692,-0.435527,-0.044676,0.321503,-0.660158,-0.117108,0.34639,-0.800537,-0.161309,0.360254,-0.916016,-0.176444,0.146739,-0.450633,-0.06057,0.177133,-0.532607,-0.163266,0.157386,-0.375745,-0.17685,0.141065,-0.269903,-0.150983,0.044096,-0.426531,-0.080454,0.082925,-0.503431,-0.154812,0.083775,-0.382884,-0.143737,0.080597,-0.288527,-0.111999,0.0,0.0,0.0,-0.154765,-0.096507,-0.040225,-0.266273,-0.24817,-0.058155,-0.343201,-0.388104,-0.07659,-0.420158,-0.484545,-0.095843,-0.135782,-0.495063,-0.00856,-0.198883,-0.664316,-0.037752,-0.230521,-0.768328,-0.06702,-0.247393,-0.859132,-0.090175,-0.031201,-0.524677,-0.023115,-0.020817,-0.749721,-0.044799,-0.005908,-0.887056,-0.070669,0.011345,-0.995832,-0.090494,0.061502,-0.499986,-0.0473,0.095602,-0.704407,-0.082723,0.118595,-0.832633,-0.108565,0.137521,-0.948804,-0.12577,0.147319,-0.431966,-0.075484,0.211266,-0.582652,-0.110014,0.255122,-0.681065,-0.121641,0.290464,-0.775415,-0.127974,N
0.0,0.0,0.0,0.136108,-0.022636,-0.067129,0.220271,-0.155713,-0.099079,0.210994,-0.322412,-0.132224,0.185459,-0.465086,-0.160389,0.318329,-0.359379,-0.040568,0.453208,-0.486234,-0.097884,0.536746,-0.557551,-0.135077,0.602016,-0.615627,-0.15448,0.238032,-0.427527,-0.047573,0.32053,-0.650469,-0.119462,0.353917,-0.790709,-0.164699,0.373907,-0.909547,-0.181435,0.140073,-0.441754,-0.062562,0.172288,-0.525607,-0.167242,0.156442,-0.368413,-0.181322,0.140654,-0.26611,-0.155742,0.039757,-0.41922,-0.081005,0.085751,-0.50001,-0.158338,0.088486,-0.374381,-0.146891,0.08122,-0.27734,-0.114836,0.0,0.0,0.0,-0.151247,-0.100004,-0.042156,-0.260623,-0.245272,-0.061856,-0.33934,-0.387959,-0.081159,-0.415572,-0.486506,-0.10127,-0.126011,-0.48947,-0.014276,-0.19015,-0.662756,-0.042857,-0.222583,-0.766567,-0.071518,-0.240786,-0.858452,-0.094787,-0.019734,-0.518803,-0.027481,-0.009515,-0.747287,-0.04867,0.007108,-0.885485,-0.073652,0.025608,-0.995284,-0.093565,0.07306,-0.492314,-0.050121,0.106868,-0.69629,-0.084676,0.131237,-0.824846,-0.110243,0.151712,-0.943574,-0.128218,0.158128,-0.422159,-0.076725,0.223318,-0.574214,-0.112361,0.268928,-0.672381,-0.1252,0.306748,-0.767109,-0.132763,N
0.0,0.0,0.0,0.136952,-0.021649,-0.062991,0.223636,-0.148458,-0.091675,0.220759,-0.312426,-0.121843,0.195848,-0.448601,-0.147637,0.323489,-0.355833,-0.035159,0.45526,-0.475631,-0.090246,0.538941,-0.549183,-0.128023,0.602776,-0.613399,-0.148133,0.24354,-0.428191,-0.042981,0.320549,-0.64819,-0.108606,0.350481,-0.791917,-0.150802,0.368709,-0.914442,-0.166881,0.14644,-0.443631,-0.058595,0.179842,-0.518753,-0.156915,0.164974,-0.371189,-0.171188,0.150015,-0.271847,-0.14773,0.044545,-0.420382,-0.07766,0.087456,-0.492781,-0.151316,0.093348,-0.371857,-0.140675,0.090879,-0.273261,-0.109932,0.0,0.0,0.0,-0.149126,-0.097741,-0.040445,-0.256831,-0.245105,-0.060821,-0.335864,-0.39272,-0.080664,-0.413091,-0.488572,-0.100669,-0.124456,-0.489509,-0.016953,-0.191185,-0.667841,-0.047168,-0.225477,-0.772888,-0.075995,-0.246321,-0.864829,-0.098726,-0.019768,-0.520572,-0.030077,-0.008348,-0.750919,-0.051528,0.007777,-0.886884,-0.074572,0.023338,-0.995413,-0.092784,0.072004,-0.494336,-0.052133,0.108223,-0.698601,-0.085059,0.131934,-0.826828,-0.106652,0.15156,-0.946437,-0.121877,0.156674,-0.424522,-0.078149,0.223882,-0.576176,-0.111541,0.268525,-0.675233,-0.121373,0.306157,-0.771389,-0.126512,N
0.0,0.0,0.0,0.139194,-0.017693,-0.060305,0.229026,-0.150314,-0.086314,0.227555,-0.314224,-0.114093,0.201996,-0.444467,-0.1372,0.325368,-0.361194,-0.029467,0.456072,-0.482214,-0.08218,0.539871,-0.551395,-0.119006,0.606097,-0.609415,-0.138805,0.246554,-0.431203,-0.037352,0.322575,-0.651092,-0.100947,0.355473,-0.793759,-0.143343,0.376174,-0.912571,-0.160337,0.150596,-0.445269,-0.05294,0.184103,-0.52674,-0.148095,0.168116,-0.382115,-0.161625,0.148528,-0.280514,-0.138482,0.049135,-0.422546,-0.071914,0.09417,-0.499241,-0.142756,0.096963,-0.38245,-0.131213,0.087872,-0.287454,-0.100535,0.0,0.0,0.0,-0.149577,-0.101404,-0.039562,-0.257197,-0.251574,-0.060136,-0.336541,-0.39315,-0.08069,-0.41174,-0.492154,-0.1014,-0.12685,-0.496065,-0.015772,-0.192632,-0.673324,-0.048163,-0.227018,-0.777552,-0.078716,-0.248128,-0.86505,-0.101563,-0.022299,-0.52394,-0.029606,-0.010527,-0.751693,-0.052049,0.00564,-0.888885,-0.076141,0.021546,-0.995323,-0.094174,0.071408,-0.497536,-0.052573,0.107642,-0.700409,-0.084739,0.131544,-0.826546,-0.106271,0.149935,-0.940578,-0.120541,0.156695,-0.429542,-0.079572,0.221942,-0.580829,-0.110305,0.264388,-0.678491,-0.118622,0.299061,-0.770331,-0.12216,N
0.0,0.0,0.0,0.137776,-0.017971,-0.057279,0.227764,-0.146048,-0.082179,0.225713,-0.301942,-0.109831,0.205758,-0.427979,-0.133189,0.324628,-0.353331,-0.032821,0.459281,-0.476432,-0.087907,0.543509,-0.545902,-0.124359,0.60799,-0.604539,-0.142973,0.244231,-0.4266,-0.042581,0.323568,-0.648283,-0.10975,0.353628,-0.792006,-0.152771,0.370983,-0.913171,-0.168792,0.147631,-0.444835,-0.059421,0.183491,-0.526554,-0.156145,0.169332,-0.375685,-0.170073,0.153324,-0.270658,-0.146335,0.046582,-0.424705,-0.079358,0.09386,-0.492994,-0.15018,0.097786,-0.373211,-0.138751,0.091799,-0.279171,-0.107524,0.0,0.0,0.0,-0.14724,-0.097649,-0.047229,-0.252454,-0.243696,-0.071596,-0.329659,-0.390949,-0.094234,-0.403738,-0.496762,-0.116939,-0.114494,-0.486678,-0.026859,-0.179386,-0.668015,-0.061752,-0.213164,-0.773027,-0.093139,-0.234307,-0.862361,-0.116534,-0.008815,-0.515316,-0.037571,0.005535,-0.747371,-0.063277,0.023059,-0.884387,-0.088355,0.040362,-0.993426,-0.107128,0.084656,-0.48874,-0.057613,0.122676,-0.69559,-0.093718,0.148075,-0.821805,-0.115394,0.168367,-0.939661,-0.129532,0.17023,-0.418699,-0.082043,0.238522,-0.573207,-0.117215,0.282826,-0.66957,-0.126651,0.318775,-0.763093,-0.130645,N
0.0,0.0,0.0,0.145231,-0.015593,-0.056875,0.240831,-0.145395,-0.081124,0.241512,-0.312465,-0.108018,0.215557,-0.443291,-0.130704,0.330833,-0.351731,-0.031319,0.473126,-0.472723,-0.082926,0.558402,-0.545287,-0.117748,0.625268,-0.604183,-0.136235,0.25118,-0.423326,-0.04067,0.334622,-0.642295,-0.102697,0.372884,-0.78395,-0.143466,0.398003,-0.903282,-0.160233,0.15416,-0.438763,-0.056873,0.197097,-0.527114,-0.150037,0.184491,-0.380092,-0.161535,0.164312,-0.274484,-0.13798,0.051413,-0.416176,-0.076301,0.102817,-0.498183,-0.146733,0.111393,-0.381996,-0.134697,0.103501,-0.282362,-0.103803,0.0,0.0,0.0,-0.150108,-0.098846,-0.043211,-0.255521,-0.253007,-0.065074,-0.330553,-0.390851,-0.086748,-0.401791,-0.49849,-0.108687,-0.114966,-0.494389,-0.016764,-0.178952,-0.669371,-0.05138,-0.213225,-0.774927,-0.083751,-0.234598,-0.862315,-0.107307,-0.008996,-0.520601,-0.030933,0.00739,-0.750974,-0.055042,0.024174,-0.888083,-0.080927,0.040569,-0.994172,-0.099877,0.085199,-0.493384,-0.054808,0.125906,-0.699226,-0.091224,0.149272,-0.828755,-0.1154,0.167272,-0.946442,-0.130616,0.171272,-0.424267,-0.082889,0.241166,-0.57486,-0.116661,0.286385,-0.672135,-0.125601,0.322393,-0.765405,-0.129274,N
0.0,0.0,0.0,0.142965,-0.008274,-0.057241,0.239881,-0.135194,-0.080933,0.243677,-0.301619,-0.107238,0.220844,-0.43248,-0.129538,0.337034,-0.345057,-0.032379,0.479885,-0.463364,-0.08557,0.568256,-0.535014,-0.12134,0.637607,-0.592939,-0.140445,0.257541,-0.418308,-0.042245,0.350728,-0.63313,-0.105027,0.404711,-0.766296,-0.145647,0.44686,-0.879609,-0.163106,0.157954,-0.435761,-0.059252,0.202785,-0.519963,-0.151876,0.188461,-0.371496,-0.160231,0.167728,-0.267873,-0.13509,0.052897,-0.415876,-0.079922,0.105848,-0.505025,-0.14794,0.110495,-0.390701,-0.132487,0.09929,-0.294417,-0.100181,0.0,0.0,0.0,-0.151098,-0.095156,-0.047503,-0.257283,-0.253228,-0.068871,-0.330664,-0.392442,-0.088733,-0.403727,-0.497686,-0.108803,-0.117931,-0.49937,-0.018422,-0.180425,-0.671845,-0.053326,-0.214953,-0.778403,-0.086105,-0.237317,-0.865253,-0.109996,-0.011411,-0.524604,-0.02965,0.005792,-0.751387,-0.054588,0.02154,-0.887515,-0.082265,0.036363,-0.994067,-0.10251,0.081674,-0.495861,-0.05093,0.124781,-0.695872,-0.089981,0.149129,-0.824502,-0.117236,0.167874,-0.941831,-0.13411,0.165034,-0.425825,-0.076355,0.236149,-0.571085,-0.112697,0.284096,-0.665327,-0.123915,0.322109,-0.756324,-0.129058,N
0.0,0.0,0.0,0.144042,-0.011647,-0.054097,0.240027,-0.143112,-0.075217,0.244395,-0.30861,-0.099961,0.222513,-0.438606,-0.120721,0.337564,-0.354717,-0.023913,0.4763,-0.472632,-0.076651,0.567144,-0.543566,-0.114031,0.638084,-0.597309,-0.134362,0.258889,-0.429707,-0.034862,0.346711,-0.643329,-0.094676,0.396075,-0.778478,-0.135524,0.432201,-0.888546,-0.153912,0.160415,-0.448439,-0.053546,0.20244,-0.535204,-0.143352,0.195555,-0.397588,-0.15683,0.17904,-0.292632,-0.136736,0.05419,-0.42829,-0.075844,0.107966,-0.50731,-0.144119,0.117744,-0.395611,-0.134324,0.110392,-0.29515,-0.106506,0.0,0.0,0.0,-0.14293,-0.094117,-0.046463,-0.248862,-0.253338,-0.068277,-0.323271,-0.395935,-0.088742,-0.396278,-0.495686,-0.109982,-0.108788,-0.494579,-0.021692,-0.170473,-0.669302,-0.05564,-0.203017,-0.780211,-0.086826,-0.222111,-0.870787,-0.110089,-0.000623,-0.519379,-0.033414,0.017352,-0.748821,-0.057713,0.035321,-0.886124,-0.08451,0.05292,-0.993081,-0.104832,0.09408,-0.490881,-0.054632,0.139087,-0.69568,-0.0925,0.165944,-0.825426,-0.11955,0.18687,-0.940605,-0.137142,0.179677,-0.420631,-0.079887,0.253108,-0.569454,-0.115667,0.302988,-0.667828,-0.127443,0.341697,-0.760313,-0.133566,N
0.0,0.0,0.0,0.147929,-0.006409,-0.057104,0.246842,-0.145531,-0.077091,0.247913,-0.322689,-0.099922,0.221459,-0.457276,-0.119097,0.336266,-0.347453,-0.023456,0.474075,-0.464403,-0.074986,0.561304,-0.539686,-0.110232,0.629989,-0.599681,-0.128746,0.259072,-0.422734,-0.031982,0.348747,-0.635693,-0.093,0.399448,-0.772752,-0.133426,0.437967,-0.886368,-0.150123,0.162062,-0.442123,-0.048376,0.203888,-0.531144,-0.142351,0.1875,-0.383727,-0.154711,0.165598,-0.276121,-0.131191,0.057197,-0.423537,-0.068128,0.109786,-0.512213,-0.138136,0.117107,-0.39837,-0.126458,0.10925,-0.298238,-0.096281,0.0,0.0,0.0,-0.143837,-0.101731,-0.043145,-0.246257,-0.264821,-0.063899,-0.319679,-0.404491,-0.084297,-0.394424,-0.502374,-0.106112,-0.102574,-0.501134,-0.014586,-0.163269,-0.668977,-0.048308,-0.194942,-0.778314,-0.081985,-0.21345,-0.867266,-0.107747,0.00392,-0.525684,-0.028982,0.021121,-0.751118,-0.053173,0.037732,-0.886486,-0.082026,0.054605,-0.993036,-0.104393,0.097901,-0.494889,-0.052887,0.140904,-0.701107,-0.090953,0.16667,-0.829854,-0.11912,0.187373,-0.944377,-0.138032,0.181486,-0.419702,-0.080602,0.251199,-0.571814,-0.115889,0.299114,-0.670679,-0.127031,0.336319,-0.765404,-0.133441,N
0.0,0.0,0.0,0.139773,-0.009622,-0.063724,0.2354,-0.135691,-0.091052,0.240574,-0.304526,-0.120523,0.223356,-0.441021,-0.145368,0.33239,-0.348731,-0.034392,0.47558,-0.470162,-0.091854,0.566548,-0.538882,-0.13028,0.639803,-0.591642,-0.150058,0.255176,-0.422647,-0.041913,0.350886,-0.633407,-0.107298,0.408383,-0.764315,-0.149177,0.453464,-0.87551,-0.166894,0.157296,-0.441332,-0.058078,0.200251,-0.53009,-0.153186,0.186215,-0.383679,-0.163783,0.166532,-0.276316,-0.139549,0.05239,-0.422565,-0.078618,0.104296,-0.515101,-0.147439,0.110727,-0.407882,-0.134444,0.101867,-0.313871,-0.103882,0.0,0.0,0.0,-0.147858,-0.105066,-0.042215,-0.25222,-0.262751,-0.063737,-0.326889,-0.402948,-0.084959,-0.400033,-0.505878,-0.107414,-0.109483,-0.500554,-0.015149,-0.169713,-0.675636,-0.048374,-0.201363,-0.784763,-0.081372,-0.218922,-0.874434,-0.106441,-0.001173,-0.524311,-0.029644,0.015448,-0.752409,-0.05335,0.031791,-0.887243,-0.082217,0.049318,-0.993276,-0.104741,0.094013,-0.49396,-0.053416,0.136922,-0.698285,-0.091152,0.164735,-0.825298,-0.119233,0.188,-0.939274,-0.138304,0.179432,-0.421336,-0.0808,0.249672,-0.572207,-0.116677,0.299479,-0.667157,-0.127849,0.339666,-0.758118,-0.13406,N
0.0,0.0,0.0,0.141767,-0.005621,-0.054732,0.243678,-0.14011,-0.074397,0.257272,-0.307732,-0.097171,0.237029,-0.440313,-0.116213,0.337968,-0.344567,-0.024957,0.474755,-0.459219,-0.077108,0.562231,-0.529887,-0.113209,0.629745,-0.588256,-0.132191,0.260384,-0.421438,-0.035541,0.349467,-0.635685,-0.096625,0.396271,-0.773731,-0.13726,0.428783,-0.890265,-0.153536,0.16214,-0.439906,-0.053323,0.202157,-0.520617,-0.147144,0.187461,-0.371192,-0.158653,0.167284,-0.264839,-0.134295,0.056938,-0.417421,-0.074273,0.108839,-0.495138,-0.144675,0.115735,-0.378635,-0.131701,0.107349,-0.278966,-0.099914,0.0,0.0,0.0,-0.149685,-0.093909,-0.049152,-0.257584,-0.252305,-0.074354,-0.334295,-0.392438,-0.097894,-0.408867,-0.501617,-0.122056,-0.120134,-0.497345,-0.02518,-0.182064,-0.669361,-0.061862,-0.214375,-0.776596,-0.096495,-0.233983,-0.865962,-0.122178,-0.01345,-0.521706,-0.037288,0.003855,-0.747846,-0.062946,0.020511,-0.883543,-0.091453,0.036616,-0.99286,-0.113525,0.08018,-0.492035,-0.059084,0.123135,-0.695279,-0.097457,0.149011,-0.822042,-0.124386,0.168878,-0.937306,-0.142487,0.164652,-0.421186,-0.085311,0.234757,-0.56925,-0.120859,0.283575,-0.664109,-0.131565,0.321766,-0.755795,-0.137374,N
0.0,0.0,0.0,0.144738,-0.020948,-0.053922,0.236303,-0.154547,-0.075941,0.24175,-0.32137,-0.101916,0.220494,-0.451045,-0.124708,0.33066,-0.3526,-0.022282,0.462348,-0.464488,-0.077748,0.552958,-0.531476,-0.117946,0.625154,-0.586089,-0.139851,0.253307,-0.428165,-0.03432,0.341678,-0.637193,-0.096304,0.389554,-0.774692,-0.138789,0.425075,-0.891344,-0.157533,0.154452,-0.445792,-0.054476,0.192633,-0.524142,-0.147143,0.184316,-0.385089,-0.16163,0.169426,-0.282115,-0.140739,0.046333,-0.424426,-0.078065,0.096656,-0.506953,-0.144945,0.108659,-0.398165,-0.133373,0.105876,-0.299747,-0.104433,0.0,0.0,0.0,-0.145077,-0.099806,-0.050789,-0.25081,-0.258731,-0.074941,-0.327809,-0.403611,-0.097112,-0.40019,-0.513218,-0.120027,-0.102875,-0.496601,-0.023735,-0.165522,-0.669296,-0.05953,-0.200066,-0.778301,-0.092835,-0.220777,-0.867982,-0.11784,0.006477,-0.520087,-0.034484,0.023732,-0.74801,-0.060552,0.040475,-0.884296,-0.089262,0.057443,-0.992096,-0.111563,0.10071,-0.488037,-0.055414,0.145405,-0.689909,-0.095955,0.169084,-0.819133,-0.124547,0.187074,-0.935639,-0.143586,0.184236,-0.413864,-0.080571,0.256506,-0.559924,-0.119382,0.305386,-0.65714,-0.132722,0.343191,-0.751902,-0.140317,N
0.0,0.0,0.0,0.145228,-0.016485,-0.056615,0.245159,-0.147341,-0.078216,0.253754,-0.314784,-0.102874,0.23149,-0.44721,-0.123266,0.331267,-0.347826,-0.023638,0.4711,-0.46548,-0.074881,0.560388,-0.536968,-0.110201,0.630074,-0.593118,-0.128268,0.256198,-0.422238,-0.031734,0.348436,-0.628906,-0.092097,0.400678,-0.766869,-0.133638,0.439679,-0.885342,-0.151166,0.161254,-0.440318,-0.047522,0.203315,-0.518318,-0.137397,0.191195,-0.378166,-0.150256,0.172765,-0.274756,-0.127962,0.058592,-0.421731,-0.066839,0.108995,-0.502215,-0.131016,0.121472,-0.396472,-0.118556,0.118541,-0.300062,-0.088614,0.0,0.0,0.0,-0.152247,-0.09952,-0.047325,-0.260168,-0.268839,-0.070499,-0.334942,-0.41538,-0.092475,-0.411004,-0.521152,-0.115718,-0.113166,-0.504451,-0.02149,-0.175346,-0.672224,-0.057947,-0.208964,-0.778238,-0.093498,-0.229343,-0.865848,-0.120321,-0.006381,-0.525934,-0.034292,0.009959,-0.752252,-0.061039,0.027906,-0.886174,-0.091085,0.047089,-0.992308,-0.114485,0.087794,-0.491106,-0.056725,0.131169,-0.694854,-0.096531,0.158818,-0.818375,-0.124565,0.18151,-0.928186,-0.143215,0.172205,-0.414978,-0.083297,0.242331,-0.565184,-0.119828,0.291595,-0.663402,-0.131316,0.331086,-0.75762,-0.137872,N
0.0,0.0,0.0,0.147467,-0.00796,-0.057976,0.243531,-0.133462,-0.079123,0.258021,-0.30032,-0.103003,0.239154,-0.433965,-0.123172,0.332811,-0.335754,-0.019048,0.4687,-0.451285,-0.067384,0.555172,-0.522417,-0.101206,0.621863,-0.58086,-0.119054,0.256318,-0.411016,-0.026547,0.326258,-0.642887,-0.084429,0.359401,-0.789863,-0.123289,0.382084,-0.913648,-0.138778,0.162756,-0.427303,-0.04259,0.208878,-0.516086,-0.135455,0.198889,-0.372798,-0.150695,0.180289,-0.268194,-0.128851,0.062517,-0.406663,-0.061644,0.116407,-0.49029,-0.130473,0.128698,-0.382114,-0.121611,0.123735,-0.28635,-0.093418,0.0,0.0,0.0,-0.148317,-0.108603,-0.046612,-0.25812,-0.270816,-0.071805,-0.334613,-0.413941,-0.096272,-0.406828,-0.517346,-0.122156,-0.111413,-0.503695,-0.023568,-0.172241,-0.675442,-0.061644,-0.205969,-0.781311,-0.097906,-0.227082,-0.868309,-0.125019,9.7e-05,-0.522018,-0.0373,0.017459,-0.748771,-0.065534,0.035416,-0.883021,-0.096377,0.054361,-0.991213,-0.120592,0.097091,-0.486933,-0.060625,0.141191,-0.692974,-0.102077,0.165812,-0.815637,-0.129444,0.185491,-0.924264,-0.147532,0.18476,-0.409539,-0.08794,0.254601,-0.560416,-0.126366,0.302214,-0.659179,-0.13767,0.339588,-0.75286,-0.143774,N
0.0,0.0,0.0,0.147213,-0.009529,-0.056669,0.243627,-0.131161,-0.077864,0.261786,-0.29183,-0.102167,0.251048,-0.420658,-0.122945,0.335046,-0.342511,-0.021601,0.475794,-0.460821,-0.06926,0.56668,-0.534008,-0.10169,0.634168,-0.597462,-0.11916,0.257606,-0.416454,-0.029984,0.312737,-0.657035,-0.090187,0.324203,-0.809813,-0.129229,0.323563,-0.935249,-0.143585,0.163497,-0.431287,-0.046469,0.203736,-0.511871,-0.137601,0.201414,-0.374594,-0.153357,0.188031,-0.272212,-0.132491,0.065318,-0.407468,-0.066123,0.115047,-0.48863,-0.131777,0.133401,-0.382687,-0.123445,0.133369,-0.28423,-0.095873,0.0,0.0,0.0,-0.15164,-0.10528,-0.045967,-0.260688,-0.266952,-0.068692,-0.333624,-0.415019,-0.090724,-0.401551,-0.525314,-0.113877,-0.105711,-0.500349,-0.018218,-0.168404,-0.672941,-0.053659,-0.202027,-0.780089,-0.088445,-0.221358,-0.869031,-0.114854,0.004566,-0.520613,-0.031655,0.01862,-0.746755,-0.057258,0.03486,-0.882038,-0.087111,0.053516,-0.992399,-0.110819,0.100771,-0.486516,-0.054819,0.141753,-0.689307,-0.094417,0.167017,-0.812366,-0.121434,0.187721,-0.922797,-0.139441,0.188501,-0.410717,-0.08213,0.256231,-0.561741,-0.119436,0.305056,-0.658389,-0.130432,0.344084,-0.750614,-0.136328,N
0.0,0.0,0.0,0.142609,-0.00355,-0.063133,0.240015,-0.125296,-0.087629,0.262259,-0.290348,-0.113316,0.253237,-0.423753,-0.134846,0.339053,-0.329209,-0.029794,0.474323,-0.448935,-0.079412,0.561636,-0.518654,-0.11292,0.626261,-0.57962,-0.130442,0.263603,-0.407089,-0.034505,0.325579,-0.644028,-0.097125,0.345301,-0.795468,-0.138234,0.350924,-0.923745,-0.153455,0.169972,-0.424794,-0.047113,0.204441,-0.50211,-0.140671,0.197977,-0.364438,-0.156938,0.182576,-0.263722,-0.135278,0.071451,-0.406318,-0.062983,0.120612,-0.485051,-0.128968,0.134811,-0.382412,-0.1191,0.130725,-0.289098,-0.090158,0.0,0.0,0.0,-0.153782,-0.105667,-0.042137,-0.261755,-0.26988,-0.063094,-0.3349,-0.415575,-0.084377,-0.406226,-0.521988,-0.106978,-0.104926,-0.507425,-0.011996,-0.168356,-0.678789,-0.045259,-0.201596,-0.786303,-0.079691,-0.220917,-0.875167,-0.105804,0.005331,-0.52529,-0.026525,0.018681,-0.752937,-0.049524,0.034694,-0.887187,-0.07835,0.052943,-0.993439,-0.101373,0.102196,-0.489137,-0.050579,0.142297,-0.695282,-0.087132,0.16766,-0.816566,-0.112431,0.188995,-0.920966,-0.129287,0.190448,-0.411085,-0.078731,0.259776,-0.5659,-0.113114,0.308265,-0.663935,-0.122286,0.347255,-0.755261,-0.126841,N
0.0,0.0,0.0,0.154453,-0.017772,-0.054653,0.252835,-0.142791,-0.075011,0.272803,-0.305574,-0.09897,0.266333,-0.437085,-0.119071,0.346508,-0.344331,-0.016899,0.48767,-0.459708,-0.064063,0.577612,-0.533127,-0.097269,0.646228,-0.59562,-0.115152,0.268118,-0.418893,-0.026719,0.339385,-0.646516,-0.083266,0.372528,-0.789049,-0.121204,0.394838,-0.908576,-0.136354,0.172777,-0.435559,-0.045078,0.214867,-0.517467,-0.13426,0.208684,-0.377596,-0.149575,0.194428,-0.274721,-0.129238,0.070281,-0.414566,-0.066652,0.122003,-0.499074,-0.131107,0.138472,-0.391909,-0.122163,0.138937,-0.293161,-0.094936,0.0,0.0,0.0,-0.157019,-0.099514,-0.044726,-0.26709,-0.26606,-0.06527,-0.336591,-0.415894,-0.085492,-0.407781,-0.520101,-0.106942,-0.114857,-0.508561,-0.012948,-0.180535,-0.67669,-0.047281,-0.213776,-0.783235,-0.082793,-0.232918,-0.871261,-0.109677,-0.004191,-0.532134,-0.026189,0.006678,-0.757347,-0.049257,0.020596,-0.889944,-0.07829,0.037366,-0.99414,-0.101436,0.092652,-0.500241,-0.049339,0.130233,-0.704572,-0.085352,0.154078,-0.824975,-0.111431,0.174019,-0.930159,-0.129275,0.180675,-0.425761,-0.076938,0.246589,-0.574546,-0.110916,0.292342,-0.671011,-0.120972,0.328988,-0.762461,-0.126519,N
0.0,0.0,0.0,0.158032,-0.01822,-0.054828,0.26358,-0.1518,-0.072958,0.285818,-0.320307,-0.095056,0.270944,-0.457202,-0.113704,0.352668,-0.356144,-0.01238,0.490355,-0.475678,-0.058945,0.577467,-0.551047,-0.092178,0.644943,-0.614265,-0.110289,0.274545,-0.430059,-0.022321,0.353742,-0.649048,-0.077874,0.395467,-0.782332,-0.115655,0.423962,-0.896113,-0.13129,0.177567,-0.447674,-0.041266,0.220017,-0.532088,-0.129448,0.212416,-0.38851,-0.142948,0.195224,-0.28377,-0.122112,0.071316,-0.431044,-0.063792,0.126302,-0.52111,-0.126413,0.139639,-0.41666,-0.115557,0.135099,-0.32194,-0.088164,0.0,0.0,0.0,-0.160952,-0.10505,-0.038101,-0.270625,-0.267242,-0.055972,-0.339851,-0.414432,-0.075164,-0.410327,-0.524435,-0.095765,-0.114449,-0.506292,-0.002789,-0.179102,-0.676559,-0.034502,-0.213732,-0.782729,-0.068734,-0.234329,-0.870354,-0.094694,-0.004449,-0.527068,-0.019194,0.007129,-0.756213,-0.039467,0.020245,-0.890117,-0.068028,0.036485,-0.995172,-0.091108,0.092378,-0.494044,-0.04523,0.133401,-0.701428,-0.079033,0.158051,-0.821248,-0.102628,0.178969,-0.924644,-0.118941,0.180616,-0.417483,-0.075322,0.24808,-0.569647,-0.107433,0.293851,-0.665335,-0.114664,0.330752,-0.756903,-0.118123,N
0.0,0.0,0.0,0.14715,-0.010775,-0.063672,0.246703,-0.128257,-0.087531,0.273519,-0.287906,-0.112238,0.277354,-0.42224,-0.132565,0.3405,-0.349079,-0.03136,0.481607,-0.469176,-0.077765,0.568411,-0.545836,-0.109539,0.634458,-0.611685,-0.127167,0.259103,-0.424826,-0.035129,0.312949,-0.65885,-0.092959,0.329458,-0.807387,-0.13051,0.337391,-0.930015,-0.145738,0.163935,-0.44136,-0.047153,0.207142,-0.533815,-0.134262,0.206741,-0.399399,-0.148409,0.194168,-0.296147,-0.129123,0.064543,-0.42105,-0.063217,0.117462,-0.505641,-0.126902,0.135555,-0.408901,-0.120027,0.135417,-0.318194,-0.094923,0.0,0.0,0.0,-0.161255,-0.103487,-0.040406,-0.270794,-0.268217,-0.058906,-0.343854,-0.414068,-0.078728,-0.418681,-0.51786,-0.10007,-0.119444,-0.504868,-0.002611,-0.185337,-0.671797,-0.034707,-0.220034,-0.777196,-0.069556,-0.241095,-0.862786,-0.095865,-0.009541,-0.527148,-0.018185,0.00264,-0.754224,-0.038922,0.016114,-0.889304,-0.067974,0.032466,-0.995282,-0.091436,0.087942,-0.494758,-0.04392,0.129862,-0.703264,-0.078601,0.153591,-0.824562,-0.103929,0.173318,-0.931001,-0.121489,0.177374,-0.418951,-0.073899,0.247275,-0.571607,-0.10663,0.295622,-0.669342,-0.115139,0.334583,-0.762967,-0.119846,N
0.0,0.0,0.0,0.144633,-0.010276,-0.059831,0.248199,-0.13687,-0.07856,0.268718,-0.300757,-0.09848,0.254216,-0.431434,-0.113988,0.334791,-0.336433,-0.021681,0.473697,-0.4566,-0.065505,0.559996,-0.528458,-0.094984,0.623832,-0.588056,-0.109779,0.257728,-0.414257,-0.025518,0.324655,-0.644812,-0.079193,0.353573,-0.796115,-0.115521,0.368334,-0.920671,-0.129211,0.166458,-0.432003,-0.037702,0.201697,-0.514053,-0.122334,0.196423,-0.381695,-0.137733,0.181951,-0.279531,-0.117938,0.070076,-0.413443,-0.053392,0.115844,-0.491958,-0.113118,0.130176,-0.398863,-0.104069,0.128751,-0.31171,-0.077567,0.0,0.0,0.0,-0.158021,-0.105661,-0.042173,-0.269191,-0.271572,-0.06155,-0.345166,-0.417351,-0.081436,-0.418293,-0.520814,-0.10251,-0.119135,-0.50912,-0.008633,-0.186577,-0.67704,-0.041383,-0.222972,-0.781587,-0.075319,-0.246271,-0.868209,-0.101142,-0.007925,-0.530199,-0.023078,0.0038,-0.756913,-0.04561,0.017418,-0.889333,-0.074449,0.031827,-0.994737,-0.097388,0.090183,-0.498011,-0.047443,0.128546,-0.700969,-0.08384,0.15076,-0.821804,-0.109514,0.167979,-0.928185,-0.126743,0.179937,-0.424314,-0.075965,0.246645,-0.575105,-0.109609,0.293985,-0.671697,-0.118853,0.331556,-0.763333,-0.123751,N
0.0,0.0,0.0,0.153098,-0.007545,-0.06718,0.257393,-0.135211,-0.08991,0.282427,-0.312872,-0.113084,0.27457,-0.455034,-0.132403,0.348282,-0.349399,-0.030179,0.490613,-0.476723,-0.077707,0.578612,-0.558205,-0.110845,0.647181,-0.62791,-0.130255,0.268023,-0.428637,-0.033341,0.320559,-0.667003,-0.091326,0.333477,-0.81249,-0.128553,0.33827,-0.93004,-0.143522,0.172651,-0.446395,-0.0455,0.21458,-0.547917,-0.13513,0.209568,-0.406956,-0.146917,0.192857,-0.299537,-0.125113,0.070708,-0.427022,-0.062038,0.122928,-0.528134,-0.127804,0.138566,-0.433496,-0.118849,0.134255,-0.340584,-0.092005,0.0,0.0,0.0,-0.161038,-0.09545,-0.048322,-0.274148,-0.259784,-0.069105,-0.349815,-0.410324,-0.088956,-0.423572,-0.522009,-0.10966,-0.125648,-0.500314,-0.014977,-0.19577,-0.66809,-0.048454,-0.233599,-0.774011,-0.082153,-0.256443,-0.862964,-0.107801,-0.013601,-0.525232,-0.026299,-0.00377,-0.754336,-0.048572,0.008251,-0.888795,-0.076114,0.022412,-0.994885,-0.098501,0.085463,-0.494456,-0.047951,0.126428,-0.699853,-0.085226,0.14982,-0.820921,-0.110741,0.168845,-0.927721,-0.127825,0.175042,-0.42115,-0.074186,0.243035,-0.573277,-0.110211,0.290303,-0.67192,-0.120732,0.328105,-0.766321,-0.126369,N
0.0,0.0,0.0,0.145827,-0.010751,-0.059013,0.250028,-0.141195,-0.079927,0.267559,-0.311245,-0.102243,0.251457,-0.447455,-0.119753,0.34133,-0.343904,-0.024092,0.477793,-0.470569,-0.066806,0.560819,-0.547343,-0.096602,0.625486,-0.610339,-0.112828,0.265648,-0.419848,-0.029686,0.352654,-0.63788,-0.079222,0.403188,-0.774545,-0.114003,0.438861,-0.889218,-0.129202,0.17191,-0.440039,-0.04333,0.220945,-0.537493,-0.123433,0.20984,-0.400923,-0.134057,0.187385,-0.299979,-0.11343,0.07047,-0.422568,-0.060965,0.124905,-0.519581,-0.120728,0.137004,-0.423865,-0.110019,0.129049,-0.335039,-0.083247,0.0,0.0,0.0,-0.157722,-0.092462,-0.052551,-0.26824,-0.260018,-0.073586,-0.346386,-0.412583,-0.092519,-0.420478,-0.524074,-0.111446,-0.131893,-0.501874,-0.017418,-0.20289,-0.670319,-0.051675,-0.239383,-0.777433,-0.084435,-0.262032,-0.865043,-0.108494,-0.021084,-0.529099,-0.025413,-0.010289,-0.755501,-0.048169,0.003813,-0.889704,-0.074019,0.018499,-0.995423,-0.093756,0.077288,-0.50021,-0.044426,0.118463,-0.701392,-0.082517,0.141418,-0.825436,-0.108324,0.158975,-0.937515,-0.124551,0.165979,-0.429251,-0.068225,0.234478,-0.576472,-0.104872,0.281199,-0.672975,-0.116178,0.317904,-0.765952,-0.121532,N
0.0,0.0,0.0,0.14673,-0.005676,-0.059822,0.256684,-0.136896,-0.081755,0.27867,-0.316277,-0.105039,0.259087,-0.454748,-0.124252,0.34288,-0.347654,-0.031911,0.488782,-0.471621,-0.078798,0.577011,-0.548316,-0.110489,0.645753,-0.609681,-0.127499,0.266475,-0.423898,-0.037779,0.353853,-0.643225,-0.09277,0.402791,-0.777322,-0.12925,0.438929,-0.886781,-0.144775,0.172183,-0.442728,-0.050995,0.215766,-0.536592,-0.136862,0.201824,-0.396917,-0.148133,0.177937,-0.289379,-0.126481,0.071146,-0.424233,-0.068001,0.122072,-0.522175,-0.133051,0.135661,-0.422677,-0.123368,0.130877,-0.325022,-0.095928,0.0,0.0,0.0,-0.155265,-0.085113,-0.055135,-0.265914,-0.250533,-0.076661,-0.344193,-0.39652,-0.095384,-0.417381,-0.503626,-0.114387,-0.128693,-0.495903,-0.024496,-0.201577,-0.664315,-0.058958,-0.238606,-0.773839,-0.090912,-0.262276,-0.863483,-0.114384,-0.015918,-0.525829,-0.031471,-0.006671,-0.754243,-0.052999,0.005005,-0.890087,-0.077319,0.016388,-0.995224,-0.096232,0.083933,-0.499533,-0.049353,0.125129,-0.701797,-0.085462,0.14531,-0.828778,-0.110803,0.159684,-0.941297,-0.127232,0.172487,-0.430946,-0.072397,0.242531,-0.576273,-0.106993,0.287884,-0.673183,-0.118096,0.32242,-0.764544,-0.123763,N
0.0,0.0,0.0,0.147672,-0.017314,-0.053218,0.250866,-0.161064,-0.072148,0.269129,-0.336184,-0.094743,0.249344,-0.473716,-0.113493,0.336449,-0.356405,-0.02185,0.480676,-0.482623,-0.066234,0.567233,-0.557166,-0.094612,0.632815,-0.616428,-0.108189,0.259849,-0.430712,-0.030575,0.346743,-0.65102,-0.085802,0.392202,-0.786706,-0.121147,0.420982,-0.897155,-0.133742,0.165908,-0.452391,-0.046702,0.207421,-0.542865,-0.136775,0.191448,-0.393316,-0.150541,0.166056,-0.281868,-0.127855,0.066626,-0.43817,-0.065448,0.121556,-0.530382,-0.132327,0.128838,-0.423688,-0.122396,0.117766,-0.325625,-0.093621,0.0,0.0,0.0,-0.160719,-0.092494,-0.050477,-0.269315,-0.257181,-0.070589,-0.341329,-0.4061,-0.089236,-0.414064,-0.513108,-0.108407,-0.129355,-0.496801,-0.018779,-0.200439,-0.664181,-0.054792,-0.237413,-0.774191,-0.088766,-0.260491,-0.865301,-0.113453,-0.017402,-0.526025,-0.029358,-0.005917,-0.750777,-0.052573,0.006509,-0.887744,-0.078935,0.019279,-0.994905,-0.098958,0.081367,-0.498849,-0.050657,0.121224,-0.697439,-0.087492,0.142313,-0.822456,-0.112298,0.158154,-0.934357,-0.127996,0.16908,-0.428387,-0.076976,0.236741,-0.576318,-0.110298,0.280845,-0.672816,-0.119294,0.315035,-0.763347,-0.123467,N
0.0,0.0,0.0,0.144554,-0.005817,-0.060431,0.252527,-0.144187,-0.082973,0.27106,-0.32565,-0.106508,0.248442,-0.465886,-0.125675,0.337167,-0.347121,-0.033329,0.481867,-0.474868,-0.080925,0.569159,-0.545054,-0.11212,0.634916,-0.600265,-0.127959,0.261663,-0.42185,-0.037797,0.349258,-0.643055,-0.095317,0.394395,-0.779557,-0.134317,0.42299,-0.893642,-0.149947,0.168948,-0.440713,-0.049143,0.205838,-0.532732,-0.139096,0.194804,-0.39046,-0.153543,0.174515,-0.283118,-0.132113,0.071101,-0.421904,-0.063567,0.12023,-0.51661,-0.132343,0.132873,-0.412197,-0.123495,0.12744,-0.312745,-0.095159,0.0,0.0,0.0,-0.155471,-0.096569,-0.045668,-0.261613,-0.254199,-0.0658,-0.335549,-0.399211,-0.084955,-0.407084,-0.499939,-0.105238,-0.125162,-0.49769,-0.021492,-0.193744,-0.668016,-0.055264,-0.229597,-0.77506,-0.087631,-0.253084,-0.863344,-0.111988,-0.014714,-0.523839,-0.033698,-0.002901,-0.752041,-0.056455,0.011595,-0.886903,-0.08317,0.025884,-0.994242,-0.10398,0.083078,-0.494654,-0.055324,0.12374,-0.694818,-0.090296,0.146386,-0.818715,-0.115704,0.163788,-0.932212,-0.132973,0.171941,-0.422987,-0.081302,0.240026,-0.572786,-0.113823,0.284362,-0.668808,-0.123472,0.318949,-0.76066,-0.128725,N
0.0,0.0,0.0,0.141286,-0.01553,-0.056323,0.238552,-0.153771,-0.07899,0.250716,-0.329321,-0.103886,0.22795,-0.464881,-0.12467,0.32603,-0.346266,-0.031831,0.469873,-0.465682,-0.081645,0.558324,-0.538276,-0.114482,0.626764,-0.599548,-0.131561,0.250904,-0.422051,-0.039772,0.335755,-0.641976,-0.099322,0.376359,-0.784187,-0.137543,0.402037,-0.902833,-0.152509,0.157647,-0.443453,-0.054683,0.19639,-0.531179,-0.147476,0.180988,-0.387327,-0.161007,0.158336,-0.281955,-0.138249,0.059317,-0.426809,-0.072293,0.110282,-0.511946,-0.141839,0.117766,-0.402776,-0.13192,0.108767,-0.304134,-0.102792,0.0,0.0,0.0,-0.155735,-0.093375,-0.051566,-0.268486,-0.252715,-0.075151,-0.350153,-0.40373,-0.096522,-0.42901,-0.509459,-0.118314,-0.13025,-0.490798,-0.027045,-0.20163,-0.664218,-0.063063,-0.238022,-0.771287,-0.09629,-0.261266,-0.861198,-0.121098,-0.01945,-0.519932,-0.036647,-0.009852,-0.749132,-0.060501,0.002907,-0.885484,-0.086828,0.016355,-0.994061,-0.107586,0.079033,-0.491771,-0.056218,0.11661,-0.689104,-0.092277,0.137524,-0.815671,-0.117509,0.15436,-0.932139,-0.134888,0.16839,-0.42069,-0.080585,0.235279,-0.566466,-0.114735,0.27931,-0.661855,-0.125302,0.314182,-0.753439,-0.131277,N
0.0,0.0,0.0,0.143305,-0.011798,-0.065665,0.250179,-0.148035,-0.090568,0.26306,-0.329585,-0.116209,0.232278,-0.473022,-0.137895,0.343526,-0.354493,-0.031297,0.481683,-0.480758,-0.082259,0.566356,-0.556791,-0.11655,0.633183,-0.618232,-0.133804,0.267002,-0.429456,-0.035443,0.354623,-0.642976,-0.095925,0.402,-0.776493,-0.135044,0.435288,-0.887784,-0.149543,0.171918,-0.448355,-0.047887,0.203102,-0.531648,-0.142975,0.18664,-0.382513,-0.156077,0.164668,-0.273703,-0.131636,0.069631,-0.431626,-0.064055,0.117291,-0.524402,-0.133723,0.119765,-0.414239,-0.120917,0.106082,-0.317746,-0.089279,0.0,0.0,0.0,-0.158826,-0.104663,-0.041464,-0.265671,-0.262418,-0.060672,-0.340984,-0.409907,-0.079817,-0.41627,-0.508894,-0.099654,-0.126218,-0.500532,-0.01437,-0.19525,-0.677409,-0.047362,-0.23129,-0.783076,-0.079608,-0.255255,-0.870038,-0.103572,-0.017451,-0.525544,-0.027503,-0.005599,-0.753725,-0.048003,0.008852,-0.888482,-0.073709,0.021653,-0.995353,-0.093822,0.077894,-0.496201,-0.050087,0.116247,-0.696907,-0.082062,0.140358,-0.819833,-0.105365,0.158585,-0.932067,-0.121338,0.16563,-0.425306,-0.076936,0.233838,-0.575889,-0.107781,0.27797,-0.671703,-0.116693,0.312858,-0.763336,-0.121198,N
0.0,0.0,0.0,0.138994,-0.012656,-0.063514,0.239865,-0.14609,-0.088715,0.253549,-0.323928,-0.115429,0.234867,-0.464569,-0.13724,0.334884,-0.36179,-0.029774,0.473427,-0.483476,-0.079347,0.560657,-0.558688,-0.112475,0.627942,-0.618849,-0.13031,0.257776,-0.43418,-0.035863,0.33739,-0.653327,-0.096316,0.379323,-0.788819,-0.134642,0.408354,-0.900476,-0.149631,0.162759,-0.450208,-0.050471,0.204993,-0.541373,-0.145293,0.192999,-0.390082,-0.158078,0.173558,-0.282173,-0.134739,0.062637,-0.427644,-0.068788,0.116554,-0.515727,-0.14152,0.12516,-0.402975,-0.133254,0.117156,-0.305203,-0.105138,0.0,0.0,0.0,-0.153024,-0.086517,-0.048908,-0.264538,-0.250516,-0.069696,-0.343757,-0.401849,-0.088788,-0.420934,-0.50407,-0.108837,-0.12742,-0.492523,-0.023923,-0.196279,-0.668408,-0.057533,-0.233129,-0.775583,-0.088741,-0.256602,-0.863754,-0.112168,-0.018686,-0.520165,-0.034018,-0.005113,-0.749599,-0.056328,0.009509,-0.885697,-0.082067,0.023727,-0.994479,-0.102215,0.076453,-0.492206,-0.053893,0.117899,-0.696131,-0.089963,0.139654,-0.82397,-0.11636,0.1558,-0.941362,-0.134345,0.162899,-0.423111,-0.078147,0.233656,-0.569925,-0.113452,0.280714,-0.667076,-0.125878,0.317055,-0.760573,-0.133087,N
0.0,0.0,0.0,0.134682,-0.020697,-0.063219,0.228748,-0.157714,-0.089898,0.23656,-0.329663,-0.117864,0.213268,-0.47005,-0.140962,0.32155,-0.369264,-0.032027,0.45628,-0.49282,-0.080576,0.539935,-0.565037,-0.113526,0.604599,-0.624323,-0.131179,0.244548,-0.439491,-0.037774,0.327623,-0.650773,-0.095768,0.369495,-0.787563,-0.134309,0.396694,-0.905571,-0.150249,0.150407,-0.45356,-0.051599,0.193976,-0.539448,-0.142542,0.182109,-0.392412,-0.156232,0.162475,-0.287626,-0.134568,0.050949,-0.429663,-0.069116,0.10201,-0.514964,-0.137728,0.115735,-0.40532,-0.129223,0.112995,-0.30702,-0.101759,0.0,0.0,0.0,-0.149156,-0.092419,-0.04916,-0.260094,-0.25063,-0.072022,-0.34041,-0.398225,-0.09301,-0.41668,-0.500005,-0.114744,-0.127122,-0.498884,-0.024312,-0.19559,-0.671876,-0.05807,-0.232766,-0.775145,-0.089815,-0.256062,-0.861564,-0.113798,-0.018957,-0.526173,-0.034295,-0.007974,-0.753557,-0.057194,0.005774,-0.887934,-0.083885,0.019432,-0.994309,-0.104751,0.076192,-0.497251,-0.053983,0.116075,-0.697482,-0.089375,0.137229,-0.82231,-0.115871,0.152295,-0.936214,-0.134144,0.161799,-0.427188,-0.078083,0.22902,-0.574379,-0.112576,0.272917,-0.670724,-0.124743,0.306663,-0.762936,-0.131799,N
0.0,0.0,0.0,0.140121,-0.023216,-0.063753,0.233845,-0.159677,-0.092887,0.237588,-0.334955,-0.123693,0.206017,-0.475111,-0.150024,0.318517,-0.371877,-0.035272,0.449828,-0.496833,-0.086645,0.531658,-0.564217,-0.120832,0.593608,-0.621733,-0.139516,0.240299,-0.440078,-0.042094,0.318722,-0.655612,-0.106191,0.353071,-0.793829,-0.147039,0.370692,-0.914209,-0.163736,0.142928,-0.451793,-0.056671,0.191243,-0.538944,-0.153476,0.180905,-0.383067,-0.164235,0.161347,-0.275939,-0.139041,0.041261,-0.42789,-0.074723,0.097014,-0.514519,-0.145558,0.109941,-0.399991,-0.133278,0.103999,-0.302058,-0.10255,0.0,0.0,0.0,-0.151127,-0.095511,-0.047372,-0.261504,-0.25018,-0.070566,-0.342567,-0.395262,-0.092247,-0.421546,-0.495767,-0.114163,-0.133347,-0.501567,-0.02148,-0.203039,-0.677201,-0.0545,-0.240387,-0.7807,-0.085556,-0.264404,-0.866638,-0.108885,-0.02562,-0.529124,-0.032099,-0.01566,-0.756975,-0.054077,-0.002332,-0.889453,-0.080134,0.009823,-0.99489,-0.100481,0.069823,-0.4998,-0.052351,0.105894,-0.702079,-0.08727,0.12815,-0.826111,-0.112629,0.14387,-0.939568,-0.130105,0.15602,-0.427833,-0.076833,0.222805,-0.575451,-0.111099,0.267698,-0.673568,-0.122747,0.302158,-0.767778,-0.129243,N
0.0,0.0,0.0,0.147669,-0.027076,-0.061905,0.237508,-0.171422,-0.086601,0.234904,-0.345134,-0.113507,0.209313,-0.48183,-0.136433,0.323894,-0.380464,-0.028441,0.458228,-0.507289,-0.077081,0.542243,-0.578954,-0.109994,0.606196,-0.639856,-0.127683,0.241551,-0.448048,-0.034678,0.315545,-0.665788,-0.096659,0.347763,-0.801801,-0.137203,0.36357,-0.918877,-0.153234,0.144153,-0.460517,-0.048981,0.190294,-0.548207,-0.143119,0.183035,-0.390387,-0.155759,0.165234,-0.282218,-0.132126,0.043969,-0.438996,-0.066818,0.103667,-0.526592,-0.134138,0.115847,-0.415794,-0.121938,0.108731,-0.322619,-0.091947,0.0,0.0,0.0,-0.152505,-0.099472,-0.042093,-0.264647,-0.244369,-0.063864,-0.348626,-0.38885,-0.085292,-0.425918,-0.486933,-0.107306,-0.138137,-0.497335,-0.01621,-0.212192,-0.674856,-0.046251,-0.249992,-0.7782,-0.075533,-0.27428,-0.866238,-0.098153,-0.031428,-0.529422,-0.028681,-0.025166,-0.757124,-0.047515,-0.012998,-0.891083,-0.070967,-0.001534,-0.995952,-0.089868,0.063665,-0.502884,-0.050517,0.096283,-0.703892,-0.080688,0.11695,-0.827469,-0.103365,0.132029,-0.940171,-0.120183,0.15007,-0.432475,-0.076583,0.214398,-0.578973,-0.107943,0.257159,-0.674587,-0.118342,0.291831,-0.765253,-0.124389,N
0.0,0.0,0.0,0.141637,-0.024099,-0.057596,0.232714,-0.154539,-0.084426,0.235217,-0.318095,-0.113407,0.205859,-0.44943,-0.137697,0.321114,-0.367922,-0.031488,0.454105,-0.492978,-0.079969,0.536843,-0.566999,-0.111926,0.597358,-0.629596,-0.128748,0.242762,-0.436115,-0.0395,0.323772,-0.653557,-0.099094,0.362173,-0.791179,-0.136124,0.384158,-0.911007,-0.14996,0.147468,-0.448717,-0.054851,0.192227,-0.534504,-0.144198,0.185477,-0.390323,-0.156404,0.169424,-0.289246,-0.133546,0.048116,-0.427474,-0.073397,0.099986,-0.501457,-0.137909,0.114281,-0.395133,-0.127788,0.111942,-0.30535,-0.09949,0.0,0.0,0.0,-0.150254,-0.090149,-0.048106,-0.263563,-0.237787,-0.070768,-0.34787,-0.376372,-0.091707,-0.427747,-0.458397,-0.11409,-0.141673,-0.48652,-0.029458,-0.215407,-0.661982,-0.063374,-0.253344,-0.768396,-0.094072,-0.279622,-0.85968,-0.117633,-0.035468,-0.519742,-0.039762,-0.029038,-0.749932,-0.063133,-0.017314,-0.884856,-0.088681,-0.006225,-0.994048,-0.108763,0.059748,-0.493811,-0.059228,0.093906,-0.697347,-0.095612,0.114932,-0.824065,-0.122489,0.130829,-0.94043,-0.140825,0.146394,-0.423243,-0.082908,0.211336,-0.571941,-0.11843,0.255044,-0.672088,-0.131356,0.289823,-0.767212,-0.139076,N
0.0,0.0,0.0,0.147596,-0.027215,-0.057751,0.236082,-0.165066,-0.083103,0.232233,-0.33081,-0.11132,0.207771,-0.457032,-0.135757,0.313455,-0.381552,-0.030467,0.444676,-0.506856,-0.079809,0.525642,-0.581272,-0.112734,0.586941,-0.644407,-0.13032,0.232297,-0.447627,-0.038833,0.304382,-0.665696,-0.099937,0.335708,-0.804157,-0.13881,0.352346,-0.923115,-0.153983,0.136338,-0.456477,-0.05477,0.180507,-0.541299,-0.146842,0.175034,-0.391466,-0.160491,0.159303,-0.284144,-0.138071,0.037715,-0.427902,-0.073875,0.094065,-0.508502,-0.14049,0.111017,-0.400348,-0.130743,0.108776,-0.305903,-0.102431,0.0,0.0,0.0,-0.147663,-0.092839,-0.048478,-0.260948,-0.228683,-0.075308,-0.351351,-0.368363,-0.099901,-0.4351,-0.451439,-0.125062,-0.141795,-0.485224,-0.033927,-0.218915,-0.66359,-0.068864,-0.258384,-0.768932,-0.099887,-0.283491,-0.860342,-0.123712,-0.036671,-0.521043,-0.043573,-0.033806,-0.748609,-0.068644,-0.02319,-0.882537,-0.093702,-0.012393,-0.993483,-0.113307,0.058005,-0.497037,-0.061802,0.087583,-0.69792,-0.096541,0.107872,-0.821774,-0.119432,0.124518,-0.938178,-0.135666,0.143935,-0.427354,-0.084424,0.20433,-0.577216,-0.119128,0.244898,-0.67394,-0.129812,0.278094,-0.767188,-0.135487,N
0.0,0.0,0.0,0.148882,-0.031699,-0.055798,0.238222,-0.174948,-0.078894,0.234035,-0.344587,-0.105086,0.19885,-0.470767,-0.127139,0.310006,-0.386879,-0.023091,0.442001,-0.51628,-0.070401,0.524376,-0.596645,-0.101757,0.584842,-0.666074,-0.118135,0.231742,-0.451779,-0.031794,0.310811,-0.665226,-0.092075,0.348328,-0.8008,-0.130426,0.36828,-0.918439,-0.144359,0.13764,-0.461941,-0.048408,0.181185,-0.54501,-0.140426,0.178065,-0.393148,-0.154339,0.164536,-0.286369,-0.131159,0.03996,-0.436889,-0.067967,0.09234,-0.512866,-0.132008,0.111314,-0.40638,-0.121645,0.111801,-0.316473,-0.093334,0.0,0.0,0.0,-0.156031,-0.085971,-0.047828,-0.270006,-0.22625,-0.072423,-0.355191,-0.367346,-0.095462,-0.44176,-0.451315,-0.119385,-0.147116,-0.482043,-0.028473,-0.224804,-0.661059,-0.063405,-0.266052,-0.765794,-0.094591,-0.293513,-0.854903,-0.117769,-0.04088,-0.518312,-0.038947,-0.038784,-0.750819,-0.062067,-0.030572,-0.885747,-0.086692,-0.021559,-0.994181,-0.105543,0.054744,-0.49542,-0.058564,0.085078,-0.703068,-0.092893,0.105601,-0.829867,-0.115806,0.122151,-0.945906,-0.13127,0.14269,-0.425684,-0.082682,0.202001,-0.578816,-0.115974,0.241299,-0.677756,-0.125696,0.273139,-0.771242,-0.130508,N
0.0,0.0,0.0,0.146077,-0.03561,-0.057765,0.238943,-0.177397,-0.08306,0.236482,-0.347874,-0.111296,0.200551,-0.473641,-0.135432,0.301075,-0.39547,-0.027024,0.426497,-0.526164,-0.075774,0.507598,-0.603621,-0.108865,0.56871,-0.67021,-0.126681,0.221264,-0.45778,-0.035253,0.293813,-0.67391,-0.096442,0.328383,-0.810352,-0.136122,0.344127,-0.926583,-0.151726,0.127393,-0.463237,-0.051254,0.174991,-0.546061,-0.142198,0.175638,-0.396365,-0.155118,0.161306,-0.287353,-0.132235,0.031103,-0.43396,-0.070627,0.087088,-0.514931,-0.132636,0.111524,-0.412368,-0.121196,0.113405,-0.320151,-0.092925,0.0,0.0,0.0,-0.163376,-0.090793,-0.036807,-0.279554,-0.224875,-0.057805,-0.367922,-0.364441,-0.078851,-0.454959,-0.449276,-0.0999,-0.161366,-0.482482,-0.017545,-0.243145,-0.661983,-0.049516,-0.285563,-0.76305,-0.079785,-0.314312,-0.851251,-0.102851,-0.055475,-0.52115,-0.032716,-0.057678,-0.751364,-0.054231,-0.051363,-0.885825,-0.078062,-0.044645,-0.994288,-0.096941,0.039554,-0.49975,-0.055991,0.068732,-0.704889,-0.086889,0.089381,-0.830644,-0.104963,0.107691,-0.945064,-0.118031,0.127656,-0.431317,-0.083226,0.184588,-0.586112,-0.114828,0.222123,-0.684529,-0.121089,0.253402,-0.778664,-0.123351,N
0.0,0.0,0.0,0.144713,-0.032962,-0.057225,0.239219,-0.167483,-0.081787,0.235834,-0.335459,-0.108815,0.199724,-0.457611,-0.131822,0.292751,-0.385938,-0.028516,0.415795,-0.524174,-0.07753,0.496196,-0.605505,-0.109891,0.555068,-0.675073,-0.126605,0.214649,-0.448248,-0.035876,0.275559,-0.67649,-0.09928,0.299636,-0.821064,-0.139805,0.304065,-0.940055,-0.154407,0.123584,-0.453861,-0.050369,0.166163,-0.533208,-0.141865,0.167939,-0.385089,-0.153886,0.154878,-0.278417,-0.129436,0.031585,-0.424913,-0.067893,0.085849,-0.500736,-0.128847,0.106543,-0.397293,-0.115143,0.105203,-0.308914,-0.084599,0.0,0.0,0.0,-0.157765,-0.091121,-0.039385,-0.273704,-0.223273,-0.061887,-0.363546,-0.359339,-0.08479,-0.449745,-0.445944,-0.107843,-0.154403,-0.479322,-0.017694,-0.236864,-0.657582,-0.050177,-0.280225,-0.759476,-0.080947,-0.310407,-0.849785,-0.104602,-0.049325,-0.520607,-0.033169,-0.057531,-0.751433,-0.054773,-0.054426,-0.88703,-0.079389,-0.048954,-0.993922,-0.098607,0.045858,-0.501172,-0.057196,0.071782,-0.708302,-0.088473,0.093757,-0.829875,-0.10651,0.112673,-0.939995,-0.119332,0.132855,-0.434579,-0.085528,0.185464,-0.58848,-0.117976,0.22216,-0.68791,-0.124221,0.253522,-0.782478,-0.126201,N
0.0,0.0,0.0,0.144335,-0.034467,-0.061951,0.237547,-0.174064,-0.088677,0.227238,-0.342425,-0.11758,0.188838,-0.466507,-0.142838,0.284848,-0.391689,-0.032371,0.401667,-0.531508,-0.082646,0.480152,-0.613836,-0.116514,0.538428,-0.686685,-0.134988,0.20514,-0.451368,-0.039213,0.262737,-0.678687,-0.10582,0.281504,-0.823158,-0.148814,0.280753,-0.945459,-0.16518,0.112605,-0.455263,-0.053593,0.158434,-0.535451,-0.149575,0.157766,-0.378739,-0.161614,0.142776,-0.271024,-0.13656,0.019047,-0.426264,-0.071482,0.074843,-0.509912,-0.136805,0.096436,-0.39954,-0.123684,0.096426,-0.304371,-0.093316,0.0,0.0,0.0,-0.163018,-0.07917,-0.041604,-0.28455,-0.221198,-0.064447,-0.37294,-0.357127,-0.087079,-0.459026,-0.444005,-0.110013,-0.167528,-0.478383,-0.02297,-0.252326,-0.65322,-0.058137,-0.297756,-0.754214,-0.090806,-0.33002,-0.842636,-0.115018,-0.06446,-0.520014,-0.037647,-0.07316,-0.74999,-0.060056,-0.071646,-0.886013,-0.084442,-0.066596,-0.992464,-0.102862,0.031236,-0.502286,-0.060894,0.05481,-0.71085,-0.091535,0.074501,-0.83165,-0.108916,0.091633,-0.940869,-0.120975,0.120292,-0.43935,-0.088839,0.16913,-0.592917,-0.119669,0.203796,-0.69089,-0.124627,0.232838,-0.784616,-0.125525,N
0.0,0.0,0.0,0.14548,-0.03798,-0.058194,0.23921,-0.180772,-0.080868,0.229438,-0.348944,-0.105953,0.183977,-0.467328,-0.12733,0.286567,-0.392241,-0.021027,0.398308,-0.527779,-0.067675,0.474325,-0.608778,-0.100315,0.533462,-0.675455,-0.117519,0.204861,-0.456198,-0.028047,0.254084,-0.691003,-0.086757,0.27455,-0.833728,-0.124595,0.280137,-0.950008,-0.137869,0.113359,-0.460113,-0.043305,0.160575,-0.543285,-0.135058,0.161049,-0.390249,-0.148632,0.145822,-0.278741,-0.124719,0.020196,-0.42905,-0.061727,0.075111,-0.506195,-0.12377,0.101712,-0.407304,-0.112369,0.105306,-0.319695,-0.083712,0.0,0.0,0.0,-0.153187,-0.078318,-0.045869,-0.270925,-0.22411,-0.06792,-0.360516,-0.356278,-0.089229,-0.44957,-0.436155,-0.111266,-0.156838,-0.479008,-0.021578,-0.240789,-0.649104,-0.05588,-0.286647,-0.749482,-0.088624,-0.318902,-0.835554,-0.113372,-0.054745,-0.520626,-0.033634,-0.06897,-0.749188,-0.056543,-0.071256,-0.88545,-0.084852,-0.068514,-0.991936,-0.106624,0.04122,-0.503819,-0.054553,0.060153,-0.713713,-0.088297,0.076327,-0.83482,-0.112501,0.08994,-0.940961,-0.129151,0.12998,-0.440744,-0.079975,0.177078,-0.589727,-0.113255,0.211951,-0.68897,-0.122749,0.240536,-0.781939,-0.127515,N
0.0,0.0,0.0,0.142007,-0.038428,-0.052855,0.233367,-0.174742,-0.075385,0.230243,-0.334949,-0.101831,0.194588,-0.453282,-0.124911,0.284401,-0.388738,-0.02404,0.401789,-0.524408,-0.072623,0.480495,-0.605001,-0.105747,0.541475,-0.671796,-0.122586,0.207285,-0.449514,-0.033821,0.269588,-0.672888,-0.093722,0.299576,-0.817664,-0.133902,0.312794,-0.937976,-0.149536,0.116501,-0.454082,-0.050601,0.158384,-0.52904,-0.13908,0.159734,-0.381848,-0.15204,0.147513,-0.274526,-0.129333,0.022537,-0.423387,-0.070324,0.072856,-0.504807,-0.129423,0.097317,-0.402102,-0.115539,0.100786,-0.308365,-0.085544,0.0,0.0,0.0,-0.160044,-0.074103,-0.043668,-0.28422,-0.224753,-0.064503,-0.373994,-0.355176,-0.084901,-0.460039,-0.443705,-0.105452,-0.17636,-0.479624,-0.020951,-0.259286,-0.650508,-0.056623,-0.304308,-0.754156,-0.08963,-0.335188,-0.842174,-0.113618,-0.073723,-0.5229,-0.033609,-0.087062,-0.74865,-0.057308,-0.089148,-0.885609,-0.084292,-0.085615,-0.990874,-0.104114,0.023765,-0.510632,-0.055003,0.043713,-0.718641,-0.087693,0.059926,-0.83803,-0.109647,0.073442,-0.940925,-0.124016,0.113447,-0.452762,-0.080929,0.160068,-0.600542,-0.112492,0.19584,-0.699019,-0.120478,0.225429,-0.790135,-0.123391,N
0.0,0.0,0.0,0.143641,-0.035012,-0.059524,0.234552,-0.169007,-0.084379,0.226725,-0.333648,-0.111796,0.190043,-0.453384,-0.135805,0.281014,-0.377896,-0.029034,0.395271,-0.515781,-0.079809,0.471203,-0.597128,-0.114368,0.530077,-0.667382,-0.132317,0.205255,-0.440873,-0.035818,0.261669,-0.6714,-0.099854,0.286494,-0.819015,-0.141327,0.294463,-0.942695,-0.1569,0.116501,-0.447486,-0.050269,0.158325,-0.530549,-0.143918,0.158703,-0.379469,-0.157064,0.145193,-0.269783,-0.132854,0.02492,-0.420455,-0.06797,0.077571,-0.50632,-0.129925,0.099249,-0.404371,-0.116355,0.09931,-0.313628,-0.08608,0.0,0.0,0.0,-0.15754,-0.076186,-0.040998,-0.277073,-0.227043,-0.060456,-0.363988,-0.354475,-0.080031,-0.450005,-0.436007,-0.100062,-0.166078,-0.48706,-0.016523,-0.248783,-0.65378,-0.049642,-0.29531,-0.754349,-0.081804,-0.328437,-0.838193,-0.105777,-0.06558,-0.526601,-0.030317,-0.081421,-0.750413,-0.050947,-0.084848,-0.886268,-0.077884,-0.082764,-0.991655,-0.098842,0.030295,-0.511987,-0.052791,0.047698,-0.720979,-0.082757,0.062421,-0.839282,-0.105641,0.074599,-0.93953,-0.121735,0.119356,-0.452194,-0.079712,0.165257,-0.599987,-0.108517,0.198454,-0.698305,-0.116532,0.224577,-0.787442,-0.120685,N
0.0,0.0,0.0,0.15209,-0.042535,-0.062699,0.243906,-0.184193,-0.084767,0.237744,-0.35321,-0.109263,0.211959,-0.479169,-0.130464,0.298476,-0.407216,-0.018477,0.41487,-0.538835,-0.065467,0.492741,-0.624269,-0.099699,0.550797,-0.697078,-0.119162,0.213044,-0.46929,-0.02441,0.24188,-0.703441,-0.08649,0.236133,-0.847465,-0.127708,0.218186,-0.965458,-0.142429,0.119087,-0.472408,-0.03942,0.157991,-0.554574,-0.132805,0.166893,-0.402746,-0.148084,0.159631,-0.293738,-0.125914,0.023173,-0.441818,-0.058404,0.074126,-0.529493,-0.122637,0.102706,-0.42663,-0.112573,0.110768,-0.332525,-0.084492,0.0,0.0,0.0,-0.15646,-0.075549,-0.042969,-0.278292,-0.220034,-0.0639,-0.365756,-0.348456,-0.084495,-0.44804,-0.436201,-0.1054,-0.165153,-0.482406,-0.021083,-0.246824,-0.652311,-0.056037,-0.291207,-0.752942,-0.089001,-0.322525,-0.838114,-0.113271,-0.064258,-0.524753,-0.034106,-0.078935,-0.752369,-0.056553,-0.08065,-0.88805,-0.083052,-0.076136,-0.991751,-0.103118,0.031864,-0.511857,-0.055928,0.048783,-0.723376,-0.087753,0.064579,-0.842822,-0.109454,0.078307,-0.943635,-0.124092,0.121738,-0.452268,-0.082356,0.169007,-0.603488,-0.112479,0.202791,-0.700746,-0.119911,0.23006,-0.788743,-0.123025,N
0.0,0.0,0.0,0.140179,-0.044101,-0.047494,0.225171,-0.176588,-0.069148,0.218188,-0.327284,-0.095864,0.182595,-0.437298,-0.119322,0.272023,-0.388052,-0.020087,0.388163,-0.518242,-0.067849,0.467144,-0.596792,-0.101589,0.527708,-0.66432,-0.119392,0.193639,-0.449131,-0.031843,0.245366,-0.676268,-0.090393,0.271034,-0.824558,-0.130572,0.280985,-0.948407,-0.146877,0.103904,-0.450759,-0.049963,0.147103,-0.521317,-0.135951,0.156645,-0.379819,-0.150332,0.1491,-0.273083,-0.129336,0.012119,-0.415658,-0.070533,0.064672,-0.483409,-0.127792,0.095612,-0.383781,-0.115346,0.103993,-0.29193,-0.086537,0.0,0.0,0.0,-0.1537,-0.073165,-0.046453,-0.276796,-0.216205,-0.070509,-0.369288,-0.343322,-0.09346,-0.456612,-0.428023,-0.116665,-0.171053,-0.483576,-0.025389,-0.253828,-0.650488,-0.061431,-0.297874,-0.751073,-0.094971,-0.327891,-0.835566,-0.119642,-0.071023,-0.525102,-0.037017,-0.08632,-0.751597,-0.060987,-0.087462,-0.886429,-0.0879,-0.082533,-0.990688,-0.108285,0.025325,-0.509703,-0.057533,0.042391,-0.721185,-0.090267,0.058358,-0.840995,-0.11273,0.072077,-0.943489,-0.128141,0.116543,-0.447985,-0.082733,0.16021,-0.596432,-0.112972,0.193105,-0.693439,-0.120875,0.219546,-0.781609,-0.124691,N
0.0,0.0,0.0,0.144984,-0.037918,-0.049611,0.240484,-0.175927,-0.06815,0.232132,-0.332401,-0.091533,0.188438,-0.441384,-0.111645,0.281511,-0.399201,-0.017865,0.399533,-0.532343,-0.062513,0.474765,-0.612015,-0.093466,0.531657,-0.680487,-0.110077,0.201346,-0.459484,-0.028893,0.252763,-0.677161,-0.086274,0.273123,-0.825947,-0.1268,0.277427,-0.949943,-0.143677,0.109734,-0.46071,-0.046706,0.150341,-0.527506,-0.132742,0.158014,-0.385158,-0.148383,0.149346,-0.278507,-0.128662,0.014703,-0.426371,-0.067251,0.064567,-0.50171,-0.124701,0.096448,-0.405105,-0.113369,0.107668,-0.311935,-0.085922,0.0,0.0,0.0,-0.147458,-0.076852,-0.048629,-0.266467,-0.215637,-0.073902,-0.360975,-0.342438,-0.097802,-0.448323,-0.425156,-0.122227,-0.161192,-0.476211,-0.029052,-0.243932,-0.645995,-0.066115,-0.288943,-0.745426,-0.099853,-0.320409,-0.831863,-0.12488,-0.060707,-0.518403,-0.039925,-0.074966,-0.745174,-0.065441,-0.077487,-0.882356,-0.09324,-0.074042,-0.990663,-0.114473,0.034657,-0.502837,-0.059809,0.052658,-0.713544,-0.095243,0.06831,-0.835784,-0.118735,0.081668,-0.943235,-0.134616,0.122193,-0.440681,-0.084351,0.168827,-0.590102,-0.118893,0.203172,-0.688446,-0.128684,0.231463,-0.779236,-0.133412,N
0.0,0.0,0.0,0.141633,-0.038512,-0.055293,0.22917,-0.166931,-0.080987,0.219524,-0.318113,-0.109971,0.189536,-0.430915,-0.135175,0.272718,-0.399604,-0.029719,0.39456,-0.537244,-0.079663,0.474149,-0.621193,-0.112419,0.531194,-0.69157,-0.12839,0.190297,-0.457015,-0.037858,0.239185,-0.689245,-0.099927,0.258078,-0.83361,-0.138662,0.257676,-0.95422,-0.151879,0.098088,-0.455441,-0.052993,0.141979,-0.520834,-0.141901,0.152361,-0.373233,-0.154268,0.142684,-0.268232,-0.130549,0.005834,-0.41918,-0.071102,0.060071,-0.487581,-0.127824,0.089028,-0.387938,-0.112836,0.093135,-0.301278,-0.081843,0.0,0.0,0.0,-0.158275,-0.068631,-0.049723,-0.278988,-0.206878,-0.074029,-0.366491,-0.336551,-0.096853,-0.451425,-0.425391,-0.119695,-0.174148,-0.472544,-0.027521,-0.259748,-0.645011,-0.065575,-0.306679,-0.748469,-0.099602,-0.339817,-0.838259,-0.124366,-0.073977,-0.518312,-0.038049,-0.088905,-0.744753,-0.064674,-0.091382,-0.882646,-0.091955,-0.088449,-0.989799,-0.111691,0.020508,-0.505815,-0.058054,0.037573,-0.712857,-0.093976,0.053712,-0.833806,-0.115483,0.067164,-0.941095,-0.129036,0.108434,-0.447369,-0.083208,0.153839,-0.597778,-0.117854,0.186622,-0.697417,-0.126742,0.213313,-0.791148,-0.129974,N
0.0,0.0,0.0,0.137872,-0.027245,-0.06342,0.233957,-0.153863,-0.090399,0.217726,-0.310601,-0.117494,0.183524,-0.424888,-0.139908,0.277279,-0.389242,-0.039261,0.391368,-0.529951,-0.091093,0.4646,-0.617873,-0.123855,0.518997,-0.691262,-0.13954,0.191714,-0.447869,-0.043534,0.243882,-0.680529,-0.106267,0.26988,-0.825874,-0.144736,0.281639,-0.946427,-0.157974,0.098596,-0.448634,-0.05525,0.136584,-0.51727,-0.147822,0.141669,-0.369469,-0.161011,0.132669,-0.265344,-0.1369,0.006713,-0.416406,-0.070133,0.057888,-0.482126,-0.133235,0.080395,-0.376237,-0.120332,0.080745,-0.290433,-0.089547,0.0,0.0,0.0,-0.156084,-0.072054,-0.047316,-0.281767,-0.208308,-0.070688,-0.374019,-0.333937,-0.092985,-0.460667,-0.418034,-0.115414,-0.182302,-0.475544,-0.025236,-0.268489,-0.645642,-0.061873,-0.316544,-0.746584,-0.095046,-0.350473,-0.834583,-0.11958,-0.080087,-0.520581,-0.036616,-0.097489,-0.747918,-0.062037,-0.100964,-0.881963,-0.089527,-0.099306,-0.988936,-0.110203,0.016613,-0.50901,-0.05724,0.031897,-0.719074,-0.094131,0.04651,-0.840975,-0.117601,0.058693,-0.949238,-0.132682,0.107367,-0.451967,-0.082547,0.154245,-0.606453,-0.118363,0.188504,-0.708081,-0.128437,0.21535,-0.803021,-0.132857,N
0.0,0.0,0.0,0.139259,-0.034624,-0.059328,0.232133,-0.17193,-0.083082,0.218607,-0.328468,-0.107675,0.195076,-0.442474,-0.127522,0.2728,-0.404635,-0.033519,0.387864,-0.546788,-0.081933,0.463205,-0.633716,-0.11216,0.518068,-0.706259,-0.127153,0.186088,-0.459722,-0.038893,0.238167,-0.694462,-0.099636,0.265864,-0.833539,-0.135283,0.277245,-0.949423,-0.147417,0.090162,-0.456703,-0.051694,0.138029,-0.535995,-0.14291,0.147673,-0.386404,-0.153782,0.13749,-0.281136,-0.129225,-0.00544,-0.420144,-0.067396,0.056057,-0.488581,-0.131955,0.079098,-0.381075,-0.11981,0.074708,-0.295036,-0.089994,0.0,0.0,0.0,-0.155182,-0.061272,-0.050223,-0.282312,-0.200661,-0.072821,-0.376449,-0.325702,-0.093515,-0.464827,-0.398501,-0.115006,-0.183042,-0.473377,-0.031399,-0.277393,-0.637949,-0.066791,-0.327023,-0.739871,-0.098392,-0.362369,-0.827852,-0.122129,-0.080833,-0.522969,-0.040807,-0.100165,-0.750982,-0.065662,-0.104474,-0.883865,-0.091314,-0.104317,-0.98841,-0.110293,0.017041,-0.513519,-0.059273,0.030226,-0.724467,-0.095177,0.04153,-0.848122,-0.119314,0.051414,-0.957871,-0.135012,0.108492,-0.456559,-0.082578,0.154521,-0.605137,-0.117375,0.186681,-0.708993,-0.128814,0.213126,-0.805675,-0.134515,N
0.0,0.0,0.0,0.138503,-0.045433,-0.053967,0.227372,-0.184844,-0.077276,0.214091,-0.337063,-0.102691,0.169895,-0.444489,-0.123955,0.263373,-0.408262,-0.030481,0.37918,-0.545986,-0.080114,0.453477,-0.63128,-0.112213,0.506786,-0.703422,-0.12811,0.179664,-0.46733,-0.038445,0.237744,-0.692277,-0.097987,0.263436,-0.832747,-0.134047,0.274099,-0.950489,-0.146428,0.086012,-0.46815,-0.053264,0.127615,-0.536553,-0.139422,0.134739,-0.399169,-0.151131,0.126599,-0.298974,-0.128177,-0.007041,-0.431678,-0.071271,0.044975,-0.485888,-0.129865,0.073786,-0.384233,-0.118063,0.081239,-0.29614,-0.089251,0.0,0.0,0.0,-0.155671,-0.056201,-0.056069,-0.286163,-0.190181,-0.082806,-0.384386,-0.313645,-0.106213,-0.475407,-0.389751,-0.130159,-0.192903,-0.460345,-0.045091,-0.287676,-0.624612,-0.085908,-0.3392,-0.726572,-0.120589,-0.378397,-0.81728,-0.146433,-0.089988,-0.510002,-0.053261,-0.110326,-0.738894,-0.082956,-0.114483,-0.872952,-0.110926,-0.1146,-0.984628,-0.131815,0.009706,-0.499464,-0.070266,0.021588,-0.709805,-0.111175,0.033427,-0.835718,-0.137015,0.043028,-0.950881,-0.153469,0.103479,-0.442746,-0.092226,0.14847,-0.596237,-0.130862,0.181384,-0.701613,-0.143104,0.20766,-0.80085,-0.149098,N
0.0,0.0,0.0,0.137762,-0.039545,-0.064546,0.229797,-0.17998,-0.091707,0.221076,-0.345927,-0.118619,0.179802,-0.462529,-0.140913,0.260568,-0.408492,-0.038827,0.377501,-0.550823,-0.089432,0.453277,-0.633679,-0.122064,0.508545,-0.702746,-0.138769,0.175655,-0.464209,-0.042027,0.227551,-0.694982,-0.10333,0.247913,-0.836483,-0.140647,0.253105,-0.955039,-0.154401,0.082631,-0.461632,-0.052902,0.125498,-0.540072,-0.145162,0.133659,-0.402136,-0.15905,0.125897,-0.302192,-0.13686,-0.011072,-0.424163,-0.06716,0.041631,-0.489502,-0.133798,0.072981,-0.386838,-0.125036,0.081041,-0.297784,-0.097584,0.0,0.0,0.0,-0.152116,-0.068558,-0.045745,-0.279238,-0.205382,-0.069679,-0.375854,-0.32829,-0.092687,-0.464092,-0.399093,-0.117426,-0.176162,-0.467003,-0.034836,-0.268723,-0.63326,-0.072162,-0.320043,-0.734908,-0.10431,-0.356079,-0.822905,-0.128771,-0.072777,-0.511465,-0.048567,-0.093411,-0.74072,-0.075601,-0.098226,-0.87687,-0.104213,-0.097638,-0.987183,-0.126242,0.027055,-0.49978,-0.070407,0.03825,-0.715989,-0.109777,0.051203,-0.842497,-0.136711,0.062629,-0.955447,-0.154627,0.121395,-0.444293,-0.096107,0.166109,-0.603522,-0.134551,0.201569,-0.708998,-0.146983,0.22965,-0.805292,-0.153739,N
0.0,0.0,0.0,0.141677,-0.049848,-0.059982,0.229291,-0.201603,-0.084098,0.217441,-0.367066,-0.109989,0.173977,-0.484049,-0.131983,0.259226,-0.424265,-0.030271,0.375117,-0.571491,-0.078583,0.451716,-0.651528,-0.110738,0.508687,-0.717557,-0.127592,0.173936,-0.480081,-0.036163,0.221406,-0.708254,-0.09738,0.237278,-0.844945,-0.135676,0.236761,-0.95994,-0.149863,0.078823,-0.477471,-0.049793,0.119836,-0.555968,-0.142307,0.129513,-0.408818,-0.155553,0.120759,-0.302571,-0.132414,-0.017461,-0.440908,-0.066469,0.033712,-0.516939,-0.130361,0.064926,-0.414413,-0.118581,0.070996,-0.322193,-0.089495,0.0,0.0,0.0,-0.157285,-0.052908,-0.05078,-0.283312,-0.185792,-0.074307,-0.379012,-0.304789,-0.095943,-0.465224,-0.378518,-0.117985,-0.188231,-0.45902,-0.034334,-0.28261,-0.623263,-0.07253,-0.334694,-0.72722,-0.10522,-0.373281,-0.813367,-0.128659,-0.087152,-0.508907,-0.043878,-0.107176,-0.73862,-0.071424,-0.112837,-0.876851,-0.097966,-0.114311,-0.986607,-0.116364,0.010886,-0.500898,-0.062307,0.021752,-0.714058,-0.100582,0.033064,-0.840939,-0.12458,0.042822,-0.952635,-0.138427,0.102853,-0.447075,-0.08547,0.145045,-0.605526,-0.120722,0.175667,-0.711881,-0.130649,0.200939,-0.808266,-0.133963,N
0.0,0.0,0.0,0.137972,-0.048787,-0.05758,0.222446,-0.192277,-0.081209,0.214225,-0.358574,-0.107495,0.169585,-0.477184,-0.129702,0.253446,-0.41411,-0.024382,0.372254,-0.553347,-0.071023,0.448047,-0.63282,-0.103025,0.503134,-0.701078,-0.119923,0.173275,-0.468428,-0.03128,0.226944,-0.696942,-0.08989,0.251679,-0.837116,-0.128484,0.257538,-0.955564,-0.143429,0.080695,-0.465369,-0.045765,0.119658,-0.548713,-0.135857,0.133278,-0.405359,-0.148688,0.127399,-0.301954,-0.1254,-0.013618,-0.428182,-0.0631,0.034882,-0.513267,-0.126279,0.067579,-0.412026,-0.11319,0.075035,-0.319049,-0.082928,0.0,0.0,0.0,-0.165027,-0.055778,-0.051652,-0.300727,-0.186695,-0.077993,-0.402081,-0.307417,-0.103235,-0.49502,-0.390101,-0.128379,-0.20012,-0.459203,-0.029789,-0.297568,-0.620053,-0.071665,-0.349131,-0.718828,-0.107749,-0.385606,-0.801785,-0.13296,-0.097512,-0.511055,-0.040854,-0.121993,-0.740341,-0.070146,-0.127267,-0.877092,-0.098755,-0.126313,-0.984848,-0.118821,0.003059,-0.507321,-0.061795,0.009725,-0.722192,-0.100772,0.019505,-0.849031,-0.123177,0.028281,-0.959122,-0.136083,0.098545,-0.457995,-0.087929,0.136088,-0.61689,-0.121692,0.163298,-0.721317,-0.129012,0.18441,-0.81642,-0.130852,N
0.0,0.0,0.0,0.14468,-0.047988,-0.06298,0.239662,-0.206389,-0.087664,0.231235,-0.393236,-0.114056,0.175634,-0.515165,-0.136768,0.274905,-0.427702,-0.034648,0.403054,-0.578404,-0.080905,0.474698,-0.659386,-0.110052,0.525442,-0.728445,-0.126254,0.183115,-0.479771,-0.040005,0.199997,-0.725878,-0.10725,0.174295,-0.869242,-0.147211,0.135963,-0.977795,-0.15947,0.085722,-0.473702,-0.051997,0.119909,-0.5687,-0.150066,0.135069,-0.421315,-0.163117,0.131526,-0.308612,-0.1378,-0.009466,-0.435688,-0.066607,0.037237,-0.520937,-0.13533,0.072227,-0.421206,-0.123965,0.085466,-0.326118,-0.092952,0.0,0.0,0.0,-0.166485,-0.043852,-0.042928,-0.303322,-0.171055,-0.064244,-0.399129,-0.290484,-0.085695,-0.487595,-0.365814,-0.108047,-0.211585,-0.45219,-0.024066,-0.30589,-0.601941,-0.061033,-0.354798,-0.697771,-0.095051,-0.391099,-0.780213,-0.120551,-0.114782,-0.508432,-0.038951,-0.145391,-0.734752,-0.066314,-0.15489,-0.869603,-0.0945,-0.157548,-0.98074,-0.115442,-0.017638,-0.511459,-0.062408,-0.019763,-0.724551,-0.098934,-0.016095,-0.85021,-0.122167,-0.011839,-0.961904,-0.137232,0.077559,-0.469023,-0.090529,0.107143,-0.626743,-0.122104,0.130095,-0.730025,-0.129441,0.149418,-0.82469,-0.132682,N
0.0,0.0,0.0,0.141867,-0.044788,-0.062692,0.231783,-0.202065,-0.087139,0.231286,-0.386567,-0.113132,0.190214,-0.511495,-0.135791,0.271822,-0.413055,-0.037247,0.40325,-0.558633,-0.086883,0.476985,-0.650403,-0.119368,0.527174,-0.729353,-0.137352,0.181186,-0.46838,-0.042227,0.215544,-0.71055,-0.108173,0.207082,-0.85673,-0.148058,0.183329,-0.969736,-0.161253,0.084468,-0.468524,-0.053923,0.117354,-0.564102,-0.150643,0.133651,-0.424581,-0.163423,0.131155,-0.312577,-0.138893,-0.010642,-0.432249,-0.068578,0.038132,-0.516628,-0.139505,0.072417,-0.414825,-0.129483,0.084072,-0.314138,-0.099133,0.0,0.0,0.0,-0.164819,-0.030796,-0.055206,-0.30763,-0.147611,-0.084429,-0.403075,-0.264397,-0.109992,-0.488025,-0.347263,-0.135281,-0.21708,-0.430804,-0.049787,-0.309796,-0.588696,-0.093249,-0.354888,-0.688885,-0.128752,-0.386134,-0.776057,-0.154705,-0.121781,-0.490765,-0.059602,-0.158709,-0.717692,-0.09738,-0.17105,-0.856286,-0.128225,-0.175924,-0.972911,-0.149986,-0.027694,-0.499031,-0.077988,-0.040509,-0.717389,-0.123177,-0.044114,-0.849585,-0.148275,-0.047859,-0.967781,-0.1633,0.06694,-0.465841,-0.101239,0.087937,-0.638079,-0.139808,0.099834,-0.749911,-0.150716,0.107115,-0.853335,-0.155773,N
0.0,0.0,0.0,0.140751,-0.029931,-0.066343,0.239131,-0.175146,-0.087861,0.254227,-0.341472,-0.109348,0.230172,-0.466922,-0.126753,0.284933,-0.399148,-0.032831,0.406303,-0.540045,-0.081266,0.475429,-0.629784,-0.115377,0.524542,-0.708405,-0.134456,0.201272,-0.462328,-0.036117,0.247877,-0.699776,-0.097185,0.257957,-0.844873,-0.137059,0.254564,-0.955091,-0.151652,0.105062,-0.471604,-0.047853,0.15961,-0.548981,-0.141127,0.17874,-0.424447,-0.159088,0.174545,-0.320283,-0.140103,0.006138,-0.444174,-0.063312,0.070752,-0.504207,-0.132387,0.103869,-0.405993,-0.126555,0.10829,-0.309099,-0.101082,0.0,0.0,0.0,-0.16646,-0.034655,-0.057202,-0.300814,-0.157718,-0.085712,-0.38832,-0.291451,-0.111063,-0.466129,-0.399887,-0.136263,-0.204681,-0.406279,-0.049488,-0.284837,-0.577896,-0.098491,-0.329924,-0.687565,-0.137574,-0.361975,-0.78597,-0.165465,-0.112909,-0.465727,-0.059198,-0.15089,-0.698267,-0.103254,-0.17353,-0.844484,-0.138997,-0.188657,-0.968271,-0.163887,-0.021885,-0.481936,-0.077931,-0.044729,-0.705494,-0.126586,-0.064195,-0.843908,-0.152832,-0.082864,-0.964984,-0.167809,0.069787,-0.46234,-0.101887,0.079478,-0.643238,-0.14189,0.076428,-0.762331,-0.153598,0.068806,-0.865492,-0.159155,N
0.0,0.0,0.0,0.113024,-0.014462,-0.055235,0.206242,-0.130484,-0.076466,0.231453,-0.263242,-0.098285,0.219272,-0.373367,-0.115556,0.248197,-0.336583,-0.041744,0.335009,-0.501985,-0.089015,0.38037,-0.604853,-0.120711,0.405324,-0.695151,-0.137079,0.176566,-0.393354,-0.04991,0.21431,-0.639555,-0.108385,0.223532,-0.81599,-0.147213,0.219179,-0.962052,-0.162531,0.090448,-0.40211,-0.063756,0.155848,-0.458681,-0.148118,0.169936,-0.346322,-0.161675,0.161169,-0.259746,-0.142242,-0.000496,-0.377804,-0.081019,0.057624,-0.420414,-0.142027,0.090462,-0.329159,-0.133579,0.096306,-0.244308,-0.107861,0.0,0.0,0.0,-0.142509,-0.032192,-0.057789,-0.262234,-0.160161,-0.086361,-0.334131,-0.300919,-0.111598,-0.397087,-0.422717,-0.136004,-0.171514,-0.430382,-0.045784,-0.232631,-0.613339,-0.092834,-0.274019,-0.723814,-0.132931,-0.308105,-0.820699,-0.161584,-0.089026,-0.484918,-0.052807,-0.125728,-0.714119,-0.09127,-0.153384,-0.85796,-0.126728,-0.174867,-0.972723,-0.152418,-0.005357,-0.494455,-0.06864,-0.037703,-0.710238,-0.108697,-0.06973,-0.84161,-0.135165,-0.097679,-0.946696,-0.152276,0.083444,-0.471327,-0.090566,0.081833,-0.65144,-0.127234,0.066318,-0.767316,-0.141729,0.047438,-0.857487,-0.149617,N
