0.0,0.0,0.0,0.114512,0.170328,0.08397,0.191306,0.393103,0.066373,0.179599,0.582754,0.016779,0.157524,0.711136,-0.032714,0.436277,0.416877,0.013776,0.534412,0.688197,-0.026096,0.512681,0.814729,-0.044266,0.459663,0.886459,-0.053852,0.409304,0.399616,-0.064822,0.240659,0.751662,-0.092804,0.170792,0.655617,-0.078969,0.195792,0.565886,-0.07427,0.330155,0.390458,-0.138087,0.140843,0.692537,-0.135054,0.105549,0.568977,-0.092448,0.146567,0.467316,-0.08045,0.237034,0.391372,-0.210192,0.087946,0.599437,-0.176938,0.056709,0.491066,-0.128963,0.091923,0.386702,-0.10594,0.0,0.0,0.0,-0.152519,-0.127436,-0.009386,-0.238689,-0.242702,-0.056257,-0.291692,-0.322237,-0.118022,-0.288518,-0.39197,-0.179244,-0.096684,-0.551723,-0.029876,-0.151473,-0.72714,-0.089082,-0.185019,-0.852924,-0.130202,-0.212611,-0.963065,-0.165231,-0.04022,-0.537909,-0.069268,-0.229198,-0.495654,-0.146725,-0.227496,-0.346745,-0.151236,-0.173484,-0.308989,-0.145852,-0.012551,-0.483338,-0.114871,-0.200271,-0.429161,-0.1768,-0.189686,-0.306189,-0.132929,-0.136469,-0.27769,-0.097658,-0.006039,-0.401956,-0.16634,-0.153878,-0.38263,-0.208377,-0.153177,-0.293926,-0.179976,-0.109455,-0.262999,-0.151754,K
0.0,0.0,0.0,0.115738,0.168481,0.09636,0.19214,0.394821,0.083152,0.176958,0.586587,0.033854,0.143195,0.724478,-0.017729,0.432074,0.42036,0.041025,0.533489,0.679066,0.005038,0.517593,0.803462,-0.014972,0.473108,0.88058,-0.027327,0.412723,0.404096,-0.044219,0.242422,0.753095,-0.071921,0.164202,0.657731,-0.062345,0.183128,0.562764,-0.059269,0.338468,0.392061,-0.124364,0.14351,0.690433,-0.124814,0.099071,0.567344,-0.086858,0.138554,0.463732,-0.075852,0.247893,0.391427,-0.201853,0.090987,0.599508,-0.168492,0.052461,0.492983,-0.121065,0.086751,0.387484,-0.098327,0.0,0.0,0.0,-0.148974,-0.119486,-0.00875,-0.235279,-0.236071,-0.054732,-0.290534,-0.314745,-0.114901,-0.284313,-0.385578,-0.175088,-0.096381,-0.545785,-0.036287,-0.152686,-0.727251,-0.096671,-0.18584,-0.85193,-0.139744,-0.210628,-0.961607,-0.175918,-0.036409,-0.528335,-0.074374,-0.222447,-0.495535,-0.150397,-0.224104,-0.350852,-0.155797,-0.169866,-0.305797,-0.152027,-0.006202,-0.469881,-0.117838,-0.193517,-0.430084,-0.177517,-0.188331,-0.308525,-0.133242,-0.135346,-0.270383,-0.098119,0.002214,-0.383422,-0.166906,-0.145609,-0.384659,-0.208225,-0.153796,-0.298552,-0.179179,-0.113398,-0.257607,-0.150373,K
0.0,0.0,0.0,0.10944,0.158982,0.05883,0.191749,0.38161,0.040556,0.185586,0.563241,-0.003856,0.162182,0.690354,-0.047627,0.419486,0.412789,0.010247,0.51267,0.65929,-0.035029,0.515694,0.779538,-0.064438,0.494845,0.864892,-0.084204,0.400194,0.395078,-0.05527,0.22654,0.732423,-0.098004,0.159847,0.640672,-0.097279,0.179733,0.548674,-0.097565,0.327773,0.381417,-0.118158,0.135765,0.674514,-0.133502,0.098987,0.558067,-0.100411,0.136848,0.460685,-0.087518,0.237727,0.375827,-0.181541,0.086264,0.584467,-0.163573,0.054123,0.485149,-0.12336,0.087841,0.386298,-0.101647,0.0,0.0,0.0,-0.148776,-0.121357,-0.009673,-0.235798,-0.2356,-0.058942,-0.294592,-0.31956,-0.123544,-0.283141,-0.387524,-0.188266,-0.094367,-0.552456,-0.031268,-0.146664,-0.731924,-0.089743,-0.178283,-0.858084,-0.130883,-0.200342,-0.965586,-0.165852,-0.033122,-0.536099,-0.069921,-0.219359,-0.503839,-0.143058,-0.223058,-0.357141,-0.1461,-0.169783,-0.313984,-0.140607,-2.5e-05,-0.477926,-0.114512,-0.188172,-0.43601,-0.17122,-0.183246,-0.315391,-0.126391,-0.130466,-0.277306,-0.091561,0.009188,-0.389923,-0.165142,-0.140085,-0.383568,-0.204471,-0.146507,-0.300976,-0.176161,-0.103443,-0.262995,-0.148243,K
0.0,0.0,0.0,0.094744,0.1819,0.05345,0.175631,0.402164,0.033881,0.169559,0.580796,-0.010974,0.152437,0.697887,-0.054126,0.429097,0.41787,0.011627,0.521232,0.667562,-0.036464,0.512475,0.791543,-0.069554,0.477409,0.874016,-0.090431,0.408627,0.395257,-0.050294,0.233604,0.723718,-0.09488,0.164103,0.637219,-0.098322,0.182705,0.548225,-0.100687,0.335701,0.378839,-0.110326,0.142596,0.658157,-0.126404,0.103057,0.545104,-0.096935,0.140858,0.449875,-0.085496,0.246241,0.37267,-0.171164,0.09352,0.570293,-0.1526,0.059052,0.475455,-0.113529,0.092749,0.383869,-0.091822,0.0,0.0,0.0,-0.150475,-0.120488,-0.011934,-0.236957,-0.234942,-0.057832,-0.293165,-0.316802,-0.117542,-0.284061,-0.387508,-0.176877,-0.094609,-0.54653,-0.030765,-0.148671,-0.729225,-0.089304,-0.179359,-0.855761,-0.131767,-0.202155,-0.964916,-0.167544,-0.033374,-0.534233,-0.066496,-0.221356,-0.49742,-0.141011,-0.222737,-0.355115,-0.148452,-0.16993,-0.311625,-0.146182,-0.001044,-0.479934,-0.108189,-0.191548,-0.431884,-0.16867,-0.18384,-0.312132,-0.129098,-0.132672,-0.274604,-0.096623,0.006798,-0.396746,-0.155693,-0.145777,-0.384725,-0.198523,-0.148622,-0.29759,-0.173118,-0.106542,-0.258349,-0.146487,K
0.0,0.0,0.0,0.102248,0.165826,0.042066,0.190911,0.377779,0.022172,0.195255,0.552058,-0.020243,0.187375,0.667289,-0.060395,0.41926,0.408991,0.001016,0.519162,0.649703,-0.052274,0.520582,0.775138,-0.086506,0.493396,0.863196,-0.107022,0.401588,0.38878,-0.054755,0.229507,0.714796,-0.106931,0.162434,0.631262,-0.110994,0.180847,0.549185,-0.11065,0.331746,0.375251,-0.109864,0.134107,0.649859,-0.132807,0.097705,0.5374,-0.10457,0.136891,0.450739,-0.090895,0.243682,0.370666,-0.166915,0.085689,0.562006,-0.154687,0.053896,0.464945,-0.119154,0.089812,0.378355,-0.097639,0.0,0.0,0.0,-0.153628,-0.118807,-0.015555,-0.241743,-0.234776,-0.062148,-0.299036,-0.323623,-0.122094,-0.281211,-0.391254,-0.181128,-0.100788,-0.543122,-0.029633,-0.15401,-0.728464,-0.089779,-0.184004,-0.855505,-0.133152,-0.205071,-0.964055,-0.168949,-0.038339,-0.533916,-0.06388,-0.221011,-0.497805,-0.142232,-0.224483,-0.3538,-0.150947,-0.173098,-0.310812,-0.147507,-0.00382,-0.481492,-0.104812,-0.18907,-0.431083,-0.16885,-0.18424,-0.310247,-0.130733,-0.13484,-0.27431,-0.097121,0.005729,-0.399379,-0.151869,-0.144047,-0.384967,-0.194853,-0.15,-0.296742,-0.169381,-0.110085,-0.258037,-0.141811,K
0.0,0.0,0.0,0.134116,0.153926,0.059224,0.231153,0.374519,0.042068,0.227017,0.560784,-0.001657,0.20584,0.692737,-0.042585,0.444313,0.426279,0.002987,0.54937,0.691335,-0.052199,0.515446,0.823878,-0.081718,0.441099,0.892485,-0.09435,0.414768,0.414101,-0.061595,0.2431,0.755819,-0.107746,0.173258,0.677029,-0.107775,0.18782,0.591043,-0.105923,0.334929,0.406381,-0.123746,0.136213,0.691474,-0.135328,0.10074,0.578389,-0.102918,0.140665,0.483767,-0.089635,0.239722,0.405109,-0.186974,0.080806,0.604054,-0.162693,0.049954,0.505864,-0.120236,0.087059,0.413094,-0.095268,0.0,0.0,0.0,-0.149021,-0.11736,-0.010166,-0.237945,-0.231417,-0.054893,-0.296405,-0.313682,-0.114319,-0.287805,-0.391888,-0.173217,-0.102143,-0.544627,-0.027535,-0.155132,-0.728823,-0.088604,-0.185353,-0.85482,-0.132658,-0.206844,-0.963698,-0.168825,-0.040104,-0.537105,-0.06525,-0.222177,-0.499348,-0.143591,-0.223084,-0.354354,-0.152384,-0.170487,-0.311605,-0.149472,-0.00565,-0.48503,-0.109312,-0.189812,-0.434679,-0.173185,-0.182906,-0.311769,-0.134292,-0.132381,-0.274513,-0.100587,0.005284,-0.403948,-0.159079,-0.142962,-0.390782,-0.203343,-0.149378,-0.304073,-0.178074,-0.110406,-0.265234,-0.150565,K
0.0,0.0,0.0,0.117296,0.160197,0.057612,0.19656,0.379868,0.033893,0.179439,0.571714,-0.016014,0.152482,0.707049,-0.063815,0.43317,0.405965,-0.004868,0.541992,0.670764,-0.056227,0.519959,0.801501,-0.084332,0.462616,0.881046,-0.098715,0.403122,0.393839,-0.069655,0.241153,0.732705,-0.111256,0.174319,0.653503,-0.107667,0.191845,0.571813,-0.105828,0.323646,0.388661,-0.131194,0.138043,0.671921,-0.138268,0.105038,0.56221,-0.10033,0.142771,0.468475,-0.085991,0.230757,0.390285,-0.193929,0.084351,0.583316,-0.166673,0.054405,0.489211,-0.120861,0.088667,0.399292,-0.095588,0.0,0.0,0.0,-0.152863,-0.118637,-0.011906,-0.241374,-0.233436,-0.057528,-0.297344,-0.319207,-0.117821,-0.28226,-0.389161,-0.177442,-0.103672,-0.544572,-0.026766,-0.157976,-0.72808,-0.087597,-0.188836,-0.854703,-0.130019,-0.210365,-0.963643,-0.164741,-0.041347,-0.535692,-0.063622,-0.221253,-0.497282,-0.14283,-0.222284,-0.350128,-0.149895,-0.168855,-0.311058,-0.14471,-0.005645,-0.484345,-0.107211,-0.187481,-0.433514,-0.17259,-0.180786,-0.309499,-0.132439,-0.129529,-0.277148,-0.096873,0.006757,-0.402843,-0.156623,-0.140816,-0.389032,-0.19952,-0.144684,-0.300512,-0.172239,-0.102705,-0.265099,-0.143253,K
0.0,0.0,0.0,0.141202,0.139933,0.084124,0.239654,0.354405,0.072587,0.247036,0.528813,0.030557,0.229731,0.653386,-0.012327,0.446066,0.402117,0.016428,0.545358,0.663354,-0.024219,0.538081,0.782245,-0.047273,0.507015,0.859705,-0.061997,0.416118,0.392999,-0.060797,0.248184,0.736156,-0.093058,0.183963,0.642327,-0.08317,0.20571,0.550977,-0.080707,0.334382,0.385512,-0.132739,0.146983,0.677153,-0.132933,0.115789,0.557213,-0.092977,0.157241,0.459538,-0.081947,0.238959,0.385625,-0.203525,0.091195,0.587954,-0.17255,0.064416,0.479651,-0.127022,0.102763,0.3755,-0.105719,0.0,0.0,0.0,-0.149328,-0.118008,-0.012794,-0.241284,-0.231779,-0.061752,-0.302575,-0.321283,-0.125408,-0.285653,-0.389668,-0.188582,-0.100621,-0.547143,-0.027833,-0.15799,-0.729567,-0.087169,-0.190634,-0.854927,-0.129098,-0.213531,-0.963035,-0.164221,-0.039996,-0.535552,-0.064705,-0.225186,-0.50383,-0.141748,-0.226706,-0.356172,-0.1476,-0.173415,-0.311447,-0.142288,-0.006561,-0.483275,-0.1082,-0.192239,-0.439235,-0.169936,-0.18559,-0.315774,-0.128186,-0.133673,-0.277249,-0.092904,0.004092,-0.401804,-0.157826,-0.143743,-0.395169,-0.199667,-0.14883,-0.306703,-0.172712,-0.106471,-0.265814,-0.144568,K
0.0,0.0,0.0,0.121848,0.142633,0.054817,0.203766,0.363171,0.034411,0.180738,0.556493,-0.01094,0.140102,0.6943,-0.056262,0.423345,0.393739,0.003837,0.526543,0.641232,-0.040059,0.534732,0.763086,-0.069045,0.51894,0.850181,-0.088845,0.396339,0.383506,-0.057772,0.236943,0.706972,-0.096843,0.172691,0.622249,-0.097102,0.191977,0.536908,-0.099431,0.318937,0.37674,-0.116048,0.14138,0.651251,-0.126082,0.10687,0.540749,-0.093173,0.143656,0.447519,-0.081459,0.228563,0.375937,-0.17513,0.089788,0.564159,-0.150847,0.060165,0.470239,-0.108597,0.092764,0.378737,-0.086278,0.0,0.0,0.0,-0.151924,-0.117126,-0.014346,-0.242651,-0.230697,-0.060955,-0.299587,-0.315091,-0.121303,-0.290846,-0.388968,-0.181101,-0.099778,-0.546096,-0.031683,-0.157571,-0.727023,-0.091603,-0.190577,-0.851874,-0.135636,-0.215539,-0.961171,-0.172315,-0.039652,-0.53777,-0.066636,-0.226437,-0.497911,-0.143603,-0.228766,-0.354058,-0.152527,-0.176738,-0.307731,-0.15033,-0.008549,-0.485738,-0.107956,-0.194579,-0.43386,-0.170386,-0.189426,-0.313209,-0.132111,-0.13928,-0.270985,-0.099319,-0.000806,-0.405556,-0.1555,-0.145899,-0.391951,-0.199872,-0.15347,-0.305308,-0.176282,-0.115175,-0.261849,-0.150173,K
0.0,0.0,0.0,0.118058,0.140661,0.061169,0.20058,0.347693,0.042012,0.188118,0.526092,-0.002586,0.157243,0.649924,-0.048274,0.413694,0.374554,0.004215,0.513943,0.612375,-0.035549,0.540991,0.735886,-0.061883,0.548425,0.832175,-0.081939,0.388334,0.364193,-0.061148,0.234618,0.688184,-0.099196,0.170649,0.605746,-0.095282,0.189813,0.522768,-0.094957,0.313218,0.35856,-0.122236,0.143212,0.635576,-0.131445,0.108011,0.529753,-0.094101,0.143014,0.439525,-0.080435,0.224195,0.361855,-0.183626,0.08968,0.552311,-0.160959,0.059007,0.458269,-0.118068,0.090572,0.365737,-0.096161,0.0,0.0,0.0,-0.153701,-0.123007,-0.004543,-0.243234,-0.236612,-0.051236,-0.299547,-0.32078,-0.114871,-0.290559,-0.390436,-0.178746,-0.101178,-0.546594,-0.0236,-0.156947,-0.729731,-0.084153,-0.186483,-0.856057,-0.127683,-0.209301,-0.963989,-0.164067,-0.041161,-0.536341,-0.066802,-0.225781,-0.504235,-0.146328,-0.227883,-0.354016,-0.153282,-0.17599,-0.307291,-0.148677,-0.008608,-0.485022,-0.116229,-0.195166,-0.439898,-0.179105,-0.1878,-0.314028,-0.136329,-0.136191,-0.274764,-0.100911,0.002451,-0.404603,-0.171229,-0.146495,-0.393669,-0.214022,-0.149785,-0.304458,-0.185909,-0.107044,-0.26641,-0.157257,K
0.0,0.0,0.0,0.11884,0.148895,0.061361,0.20564,0.367196,0.042884,0.195235,0.551593,-0.001876,0.166246,0.680465,-0.046806,0.434481,0.401446,0.008135,0.531536,0.646875,-0.034813,0.53951,0.765115,-0.06344,0.523,0.848241,-0.083413,0.406893,0.384294,-0.058329,0.237731,0.716525,-0.093833,0.174903,0.628297,-0.089995,0.19808,0.541915,-0.091628,0.326847,0.368861,-0.121593,0.141785,0.654285,-0.129846,0.11012,0.541404,-0.09417,0.15071,0.4465,-0.083144,0.233076,0.359499,-0.185338,0.089339,0.561736,-0.162437,0.060576,0.462659,-0.119815,0.095875,0.364259,-0.098682,0.0,0.0,0.0,-0.149193,-0.116618,-0.009119,-0.235691,-0.230931,-0.053502,-0.292513,-0.312563,-0.111643,-0.28699,-0.388884,-0.169612,-0.093908,-0.545162,-0.03066,-0.150992,-0.729727,-0.087796,-0.183926,-0.85346,-0.128804,-0.208342,-0.964214,-0.163968,-0.034961,-0.531724,-0.067707,-0.225086,-0.503996,-0.142231,-0.226991,-0.356311,-0.149063,-0.172859,-0.308863,-0.146345,-0.004539,-0.477073,-0.110165,-0.194543,-0.441185,-0.171162,-0.187875,-0.315415,-0.129919,-0.134795,-0.276005,-0.096175,0.003775,-0.392671,-0.157839,-0.148414,-0.39725,-0.201421,-0.154324,-0.307265,-0.174318,-0.111987,-0.264377,-0.146315,K
0.0,0.0,0.0,0.133209,0.136926,0.054098,0.226226,0.349044,0.034859,0.212814,0.535739,-0.008345,0.178388,0.665854,-0.051561,0.435806,0.386734,-0.003994,0.53974,0.641241,-0.050284,0.540805,0.764923,-0.080442,0.515049,0.851328,-0.099824,0.40424,0.378665,-0.064546,0.243863,0.710132,-0.101854,0.180463,0.629951,-0.099351,0.198651,0.549206,-0.100249,0.32257,0.372859,-0.121674,0.145444,0.650106,-0.127604,0.113465,0.542231,-0.092637,0.151117,0.4524,-0.080752,0.228585,0.371849,-0.179889,0.091545,0.560095,-0.153392,0.063091,0.467223,-0.109822,0.096592,0.378299,-0.086663,0.0,0.0,0.0,-0.155016,-0.122251,-0.013211,-0.243594,-0.237775,-0.059112,-0.298958,-0.325397,-0.118496,-0.286137,-0.393291,-0.177196,-0.10037,-0.543964,-0.03036,-0.154418,-0.726711,-0.089477,-0.186376,-0.852998,-0.132664,-0.210162,-0.962997,-0.168726,-0.039561,-0.532898,-0.065762,-0.22567,-0.501175,-0.142864,-0.227716,-0.359895,-0.15134,-0.176118,-0.313318,-0.148381,-0.008831,-0.479866,-0.10734,-0.196016,-0.431703,-0.168242,-0.189487,-0.31393,-0.130088,-0.138764,-0.275751,-0.097592,-0.003009,-0.399353,-0.155017,-0.152152,-0.386008,-0.196034,-0.155379,-0.302953,-0.171397,-0.114529,-0.26452,-0.145215,K
0.0,0.0,0.0,0.131128,0.14497,0.07084,0.222076,0.349205,0.053171,0.21884,0.522459,0.007386,0.194147,0.64703,-0.039685,0.433539,0.387955,0.008276,0.533597,0.628634,-0.033133,0.549141,0.750934,-0.059754,0.538876,0.838699,-0.078717,0.404639,0.375205,-0.063914,0.243523,0.706228,-0.097224,0.180584,0.62093,-0.088538,0.20057,0.539393,-0.086914,0.323643,0.365688,-0.131849,0.146039,0.646194,-0.13504,0.115465,0.535213,-0.094254,0.152698,0.44484,-0.081225,0.2288,0.363254,-0.199926,0.092942,0.554526,-0.173172,0.067877,0.456985,-0.127851,0.102098,0.36279,-0.105539,0.0,0.0,0.0,-0.156101,-0.119991,-0.006884,-0.24688,-0.238003,-0.050054,-0.303796,-0.324886,-0.10813,-0.293407,-0.39287,-0.165945,-0.104044,-0.548323,-0.023952,-0.160773,-0.72885,-0.079916,-0.193481,-0.853714,-0.120307,-0.218519,-0.963439,-0.155031,-0.04417,-0.538868,-0.062983,-0.232252,-0.503391,-0.138309,-0.234628,-0.356862,-0.145647,-0.181819,-0.30959,-0.142082,-0.013819,-0.486299,-0.107628,-0.201571,-0.437495,-0.168363,-0.195237,-0.313956,-0.128897,-0.14307,-0.27654,-0.095681,-0.007018,-0.405146,-0.157627,-0.156244,-0.393422,-0.199376,-0.159253,-0.30564,-0.17357,-0.116365,-0.267637,-0.146523,K
0.0,0.0,0.0,0.150095,0.125947,0.071146,0.249219,0.33179,0.053757,0.250311,0.512938,0.008305,0.225173,0.639832,-0.038297,0.44491,0.384027,-1e-05,0.550245,0.642403,-0.045367,0.544696,0.771157,-0.070257,0.507706,0.857294,-0.085333,0.411855,0.376268,-0.070504,0.244388,0.721026,-0.105275,0.178905,0.630113,-0.094327,0.199472,0.544601,-0.090202,0.327906,0.371307,-0.136471,0.141136,0.659657,-0.139549,0.110995,0.54282,-0.098758,0.152089,0.449476,-0.085365,0.231685,0.372625,-0.20236,0.086181,0.567946,-0.174009,0.061262,0.465435,-0.128108,0.098715,0.368274,-0.104707,0.0,0.0,0.0,-0.153365,-0.128754,-0.006503,-0.242415,-0.245616,-0.052387,-0.296086,-0.331823,-0.11437,-0.292082,-0.400979,-0.176076,-0.09792,-0.54991,-0.025123,-0.154612,-0.727655,-0.083418,-0.188003,-0.853919,-0.123727,-0.214392,-0.96385,-0.158208,-0.041133,-0.539248,-0.066907,-0.230587,-0.50754,-0.144992,-0.230865,-0.356032,-0.149507,-0.175936,-0.312935,-0.143341,-0.012407,-0.488013,-0.114979,-0.200265,-0.443348,-0.177979,-0.191138,-0.317435,-0.134387,-0.136042,-0.283873,-0.098547,-0.004091,-0.408021,-0.168704,-0.152695,-0.399973,-0.211294,-0.155373,-0.310469,-0.182964,-0.11134,-0.273303,-0.154523,K
0.0,0.0,0.0,0.158282,0.134194,0.074944,0.265037,0.344786,0.058526,0.271007,0.526058,0.014244,0.249595,0.665665,-0.029037,0.461856,0.393702,-0.01053,0.569462,0.680439,-0.056348,0.535104,0.807688,-0.075143,0.472391,0.877428,-0.083473,0.419488,0.38899,-0.082542,0.263043,0.746852,-0.113398,0.191619,0.662469,-0.098333,0.207987,0.57837,-0.092986,0.32755,0.388635,-0.148597,0.150656,0.683031,-0.141834,0.117049,0.564091,-0.095405,0.155893,0.465626,-0.081777,0.224419,0.39383,-0.214723,0.086912,0.589791,-0.178109,0.060065,0.486308,-0.127927,0.097886,0.388624,-0.103093,0.0,0.0,0.0,-0.15327,-0.120001,-0.004919,-0.239693,-0.235076,-0.04868,-0.291347,-0.316356,-0.108175,-0.292768,-0.397146,-0.167408,-0.102909,-0.545244,-0.026666,-0.156308,-0.727162,-0.086275,-0.185335,-0.854232,-0.127791,-0.208088,-0.964549,-0.162312,-0.044408,-0.534006,-0.067643,-0.230591,-0.498686,-0.146042,-0.232344,-0.348863,-0.151919,-0.17915,-0.307075,-0.14671,-0.013729,-0.48303,-0.114398,-0.20043,-0.436109,-0.177774,-0.191674,-0.309533,-0.134669,-0.13813,-0.276885,-0.098761,-0.003585,-0.403505,-0.166404,-0.153341,-0.393951,-0.209392,-0.154868,-0.304533,-0.1804,-0.110415,-0.27075,-0.150769,K
0.0,0.0,0.0,0.162383,0.129189,0.086721,0.272352,0.335235,0.071859,0.292458,0.512771,0.027005,0.287231,0.645763,-0.017119,0.476376,0.394557,-0.008926,0.577738,0.687766,-0.053901,0.532908,0.819714,-0.068586,0.457594,0.886161,-0.072988,0.437216,0.388435,-0.087977,0.269319,0.760173,-0.116973,0.196109,0.669331,-0.09721,0.212495,0.579142,-0.089122,0.345925,0.384791,-0.160067,0.154222,0.694438,-0.152826,0.119126,0.570376,-0.103517,0.158708,0.470074,-0.089047,0.241966,0.38751,-0.231089,0.093528,0.600946,-0.194318,0.064771,0.493163,-0.142139,0.102289,0.389966,-0.116302,0.0,0.0,0.0,-0.151293,-0.119894,-0.004722,-0.238222,-0.236897,-0.046807,-0.290431,-0.316271,-0.103941,-0.289536,-0.396781,-0.160947,-0.096375,-0.547569,-0.027597,-0.153212,-0.729357,-0.085796,-0.183056,-0.85465,-0.127035,-0.206172,-0.965072,-0.161647,-0.03925,-0.535005,-0.067528,-0.229235,-0.500932,-0.146121,-0.233583,-0.34975,-0.153692,-0.182548,-0.299692,-0.14933,-0.011147,-0.48315,-0.112674,-0.201243,-0.436579,-0.175778,-0.192747,-0.309797,-0.134683,-0.140221,-0.271504,-0.099826,-0.003262,-0.40226,-0.162758,-0.152556,-0.393114,-0.206798,-0.152905,-0.304242,-0.179489,-0.108519,-0.267938,-0.150578,K
0.0,0.0,0.0,0.158536,0.132761,0.076924,0.264194,0.341241,0.057706,0.271,0.532714,0.008187,0.256758,0.675805,-0.04003,0.476007,0.391952,-0.001342,0.585757,0.677136,-0.049359,0.545077,0.811767,-0.069379,0.46607,0.881416,-0.076711,0.438433,0.386835,-0.075922,0.282091,0.743414,-0.106518,0.205597,0.660546,-0.090665,0.216439,0.577269,-0.084111,0.349184,0.387581,-0.145866,0.167944,0.687268,-0.138706,0.128357,0.568625,-0.091389,0.161388,0.469486,-0.077151,0.247565,0.394302,-0.216458,0.103337,0.595809,-0.177903,0.071517,0.495287,-0.127383,0.104105,0.398443,-0.1023,0.0,0.0,0.0,-0.154374,-0.118908,-0.009771,-0.240428,-0.232786,-0.056592,-0.293122,-0.319056,-0.11887,-0.291209,-0.394942,-0.180224,-0.102639,-0.54504,-0.026177,-0.155673,-0.72764,-0.086742,-0.184571,-0.855203,-0.127516,-0.206028,-0.96523,-0.160881,-0.044508,-0.533859,-0.065262,-0.229259,-0.502086,-0.147202,-0.231184,-0.349042,-0.152951,-0.178324,-0.305023,-0.145374,-0.013909,-0.48544,-0.110903,-0.198496,-0.436076,-0.176893,-0.188873,-0.308066,-0.134138,-0.13584,-0.274684,-0.096748,-0.004863,-0.409121,-0.162354,-0.151387,-0.392721,-0.205621,-0.150383,-0.30264,-0.177351,-0.105066,-0.270406,-0.147468,K
0.0,0.0,0.0,0.155012,0.147696,0.091946,0.259424,0.353034,0.074766,0.272749,0.531305,0.024264,0.265013,0.667748,-0.02534,0.475837,0.396975,0.001598,0.585778,0.685001,-0.043171,0.545755,0.813773,-0.058615,0.470073,0.880338,-0.063534,0.437543,0.388951,-0.082377,0.278402,0.753739,-0.108011,0.203196,0.665744,-0.085663,0.216258,0.581006,-0.076261,0.346425,0.386342,-0.160044,0.160411,0.691448,-0.145061,0.122771,0.570193,-0.091005,0.156573,0.469107,-0.075565,0.242862,0.390395,-0.237613,0.098075,0.592361,-0.194211,0.068614,0.490713,-0.140161,0.10261,0.392447,-0.114543,0.0,0.0,0.0,-0.154339,-0.121952,-0.013557,-0.239408,-0.241257,-0.061362,-0.290304,-0.328308,-0.122873,-0.289033,-0.399543,-0.183149,-0.097958,-0.551167,-0.031015,-0.155471,-0.729871,-0.090973,-0.183605,-0.855506,-0.132585,-0.203257,-0.964766,-0.167071,-0.039688,-0.538522,-0.067907,-0.226485,-0.504367,-0.148737,-0.229026,-0.356579,-0.155743,-0.177308,-0.31487,-0.150183,-0.01172,-0.486565,-0.111316,-0.199013,-0.440411,-0.176624,-0.191442,-0.31815,-0.136198,-0.140313,-0.287637,-0.100995,-0.006515,-0.407751,-0.160544,-0.155848,-0.398054,-0.203725,-0.154846,-0.310183,-0.176683,-0.110737,-0.278623,-0.14814,K
0.0,0.0,0.0,0.157761,0.142267,0.081742,0.265589,0.355211,0.062313,0.276513,0.545266,0.010959,0.263062,0.68984,-0.038902,0.474627,0.398299,0.002035,0.583261,0.690566,-0.050236,0.534771,0.821852,-0.074374,0.450974,0.888558,-0.084181,0.433735,0.387621,-0.077873,0.287351,0.761135,-0.111749,0.214058,0.674205,-0.097379,0.225612,0.585534,-0.091819,0.343321,0.385396,-0.153287,0.171782,0.705442,-0.146861,0.131907,0.585392,-0.096833,0.164007,0.484127,-0.081188,0.239854,0.393494,-0.229393,0.10561,0.616491,-0.190358,0.073773,0.517076,-0.136739,0.106588,0.417537,-0.110172,0.0,0.0,0.0,-0.154714,-0.127745,-0.005442,-0.239806,-0.245805,-0.049287,-0.292664,-0.327142,-0.108976,-0.294416,-0.400162,-0.16761,-0.096934,-0.557819,-0.018517,-0.153376,-0.735305,-0.076296,-0.180378,-0.860636,-0.116698,-0.199384,-0.968315,-0.150372,-0.041552,-0.544224,-0.060731,-0.230875,-0.519199,-0.143619,-0.235897,-0.369626,-0.154,-0.184512,-0.32119,-0.149387,-0.014561,-0.493302,-0.109003,-0.204679,-0.449483,-0.175447,-0.19489,-0.323766,-0.13711,-0.14177,-0.292922,-0.102552,-0.009626,-0.413608,-0.162395,-0.16233,-0.401592,-0.204808,-0.158239,-0.312103,-0.177474,-0.110792,-0.284243,-0.148718,K
0.0,0.0,0.0,0.158847,0.137992,0.073766,0.262236,0.357711,0.053646,0.258474,0.554971,0.002472,0.230373,0.701297,-0.047126,0.467255,0.410576,0.002034,0.573202,0.703967,-0.0519,0.525318,0.831996,-0.078397,0.441066,0.893022,-0.089284,0.42606,0.402409,-0.072707,0.270034,0.756336,-0.106269,0.196605,0.672167,-0.095321,0.205456,0.589879,-0.092137,0.33376,0.399533,-0.14391,0.154625,0.6963,-0.138374,0.116813,0.577047,-0.092478,0.148194,0.478999,-0.078357,0.229594,0.403297,-0.216566,0.091216,0.609264,-0.176346,0.062248,0.51128,-0.124354,0.094533,0.416537,-0.098355,0.0,0.0,0.0,-0.156876,-0.126549,-0.005173,-0.243236,-0.247897,-0.04683,-0.297596,-0.332543,-0.103493,-0.292638,-0.404313,-0.15896,-0.100767,-0.557421,-0.020678,-0.155538,-0.736,-0.078197,-0.180099,-0.859721,-0.118669,-0.198993,-0.968032,-0.152697,-0.045086,-0.546713,-0.061885,-0.234232,-0.515602,-0.143683,-0.234481,-0.368128,-0.154004,-0.183582,-0.322487,-0.150226,-0.017673,-0.495935,-0.10873,-0.208862,-0.445544,-0.174758,-0.19506,-0.319558,-0.136949,-0.143223,-0.291595,-0.103107,-0.012301,-0.415024,-0.160454,-0.166065,-0.399263,-0.202378,-0.158961,-0.310957,-0.175197,-0.11186,-0.28732,-0.146756,K
0.0,0.0,0.0,0.154389,0.155318,0.082304,0.259653,0.365116,0.060955,0.270326,0.546521,0.007042,0.255321,0.674455,-0.04567,0.465696,0.407787,-0.001498,0.577252,0.67709,-0.052987,0.539703,0.806315,-0.075057,0.465193,0.881141,-0.084774,0.424986,0.389119,-0.083734,0.262319,0.749605,-0.120558,0.194247,0.652247,-0.103628,0.213083,0.562404,-0.095537,0.33484,0.378998,-0.161176,0.148152,0.688153,-0.159106,0.115845,0.561295,-0.106482,0.15348,0.460876,-0.088131,0.231679,0.377581,-0.239231,0.089442,0.597225,-0.204431,0.063453,0.4919,-0.150211,0.100041,0.390446,-0.122572,0.0,0.0,0.0,-0.153984,-0.12735,-0.005809,-0.239961,-0.249724,-0.046901,-0.293877,-0.333014,-0.102797,-0.291546,-0.406851,-0.157373,-0.098503,-0.55793,-0.020042,-0.153942,-0.73629,-0.077647,-0.178323,-0.859864,-0.118518,-0.196094,-0.968578,-0.152984,-0.042503,-0.54846,-0.060457,-0.231501,-0.517611,-0.141021,-0.232088,-0.371539,-0.151695,-0.18169,-0.327937,-0.148463,-0.014933,-0.497723,-0.106716,-0.205639,-0.447316,-0.172674,-0.192873,-0.323173,-0.136082,-0.141337,-0.297691,-0.102915,-0.009683,-0.416989,-0.157777,-0.161788,-0.405495,-0.2008,-0.155214,-0.317067,-0.174545,-0.109019,-0.29246,-0.146481,K
0.0,0.0,0.0,0.153511,0.137417,0.049809,0.250322,0.356559,0.019464,0.2362,0.557896,-0.036762,0.19253,0.687172,-0.091485,0.450508,0.40324,-0.022149,0.558313,0.679642,-0.081295,0.522376,0.808285,-0.113461,0.450999,0.883026,-0.129866,0.404346,0.392142,-0.087055,0.239223,0.735035,-0.129565,0.178252,0.645355,-0.122394,0.199824,0.562607,-0.120216,0.312585,0.385198,-0.149713,0.13252,0.671705,-0.153207,0.105981,0.551826,-0.108895,0.14528,0.455308,-0.093206,0.212362,0.383387,-0.215925,0.073939,0.581794,-0.185516,0.049357,0.479161,-0.136405,0.086123,0.384093,-0.110316,0.0,0.0,0.0,-0.159482,-0.126251,-0.007037,-0.242775,-0.253771,-0.045504,-0.293208,-0.333862,-0.098406,-0.291989,-0.404969,-0.150101,-0.103195,-0.562048,-0.020018,-0.155627,-0.738147,-0.07587,-0.18105,-0.858759,-0.115104,-0.198749,-0.968788,-0.148149,-0.045334,-0.551561,-0.058921,-0.234638,-0.519211,-0.137285,-0.237437,-0.369403,-0.147449,-0.185753,-0.321486,-0.143765,-0.016625,-0.498356,-0.103551,-0.206645,-0.447252,-0.167733,-0.197439,-0.321623,-0.131519,-0.145885,-0.29226,-0.098313,-0.011279,-0.415646,-0.153209,-0.159923,-0.411698,-0.194475,-0.15937,-0.325396,-0.167834,-0.116952,-0.296219,-0.139293,K
0.0,0.0,0.0,0.155809,0.132271,0.066144,0.253459,0.347499,0.041084,0.247181,0.536727,-0.012222,0.213228,0.660855,-0.066008,0.447286,0.394163,-0.015278,0.557933,0.670872,-0.067779,0.526678,0.798809,-0.096073,0.465227,0.878156,-0.111382,0.399227,0.385171,-0.087938,0.246079,0.723874,-0.123382,0.185243,0.63517,-0.112171,0.206676,0.553983,-0.10947,0.305509,0.378622,-0.156192,0.138391,0.664568,-0.153007,0.111679,0.548002,-0.103954,0.149072,0.452886,-0.087656,0.205356,0.376575,-0.226279,0.0794,0.579351,-0.190248,0.054762,0.48078,-0.136179,0.089461,0.385682,-0.108574,0.0,0.0,0.0,-0.161366,-0.122877,-0.011709,-0.246424,-0.247334,-0.05,-0.299074,-0.329786,-0.100973,-0.292918,-0.395804,-0.150909,-0.105473,-0.556062,-0.023843,-0.152011,-0.735743,-0.080531,-0.176351,-0.858041,-0.121293,-0.193376,-0.968809,-0.154968,-0.047705,-0.544122,-0.058807,-0.233494,-0.519107,-0.139163,-0.242586,-0.371789,-0.152213,-0.196774,-0.313687,-0.149676,-0.018323,-0.488484,-0.099461,-0.204934,-0.443279,-0.166195,-0.198963,-0.319086,-0.133484,-0.15125,-0.279022,-0.100888,-0.012236,-0.403177,-0.145046,-0.159148,-0.400988,-0.187697,-0.16032,-0.316683,-0.162824,-0.119883,-0.282235,-0.134565,K
0.0,0.0,0.0,0.147432,0.14167,0.059256,0.242899,0.354023,0.033547,0.233682,0.541329,-0.019275,0.198763,0.670296,-0.071792,0.444202,0.402844,-0.014617,0.547121,0.677719,-0.066399,0.526043,0.798121,-0.094549,0.475287,0.872876,-0.110411,0.402232,0.386601,-0.083066,0.233535,0.730139,-0.119859,0.174484,0.634334,-0.110462,0.198024,0.546669,-0.108413,0.311569,0.37458,-0.147746,0.131574,0.663361,-0.147929,0.105333,0.543822,-0.102109,0.144872,0.446471,-0.086903,0.212354,0.366218,-0.214612,0.077189,0.567219,-0.181429,0.053417,0.468469,-0.130243,0.08941,0.373337,-0.104063,0.0,0.0,0.0,-0.157974,-0.127313,-0.002575,-0.244685,-0.253332,-0.040189,-0.298471,-0.337183,-0.093575,-0.294321,-0.405387,-0.145814,-0.105283,-0.559159,-0.014102,-0.154414,-0.739119,-0.068453,-0.179034,-0.861592,-0.10678,-0.197994,-0.970207,-0.13963,-0.050201,-0.55218,-0.055731,-0.237337,-0.51257,-0.134708,-0.237125,-0.366753,-0.145652,-0.185275,-0.321467,-0.142752,-0.021906,-0.502552,-0.102822,-0.210366,-0.447477,-0.167656,-0.197112,-0.323869,-0.13219,-0.145344,-0.295762,-0.099778,-0.01553,-0.422364,-0.154579,-0.167525,-0.408573,-0.196348,-0.160894,-0.320442,-0.170337,-0.11403,-0.293576,-0.142477,K
0.0,0.0,0.0,0.152134,0.147939,0.073987,0.254587,0.357109,0.048751,0.257047,0.540524,-0.006138,0.230984,0.669978,-0.060488,0.451699,0.394925,-0.01669,0.56115,0.671494,-0.069658,0.527152,0.804083,-0.093812,0.458616,0.882378,-0.105265,0.407715,0.378367,-0.093684,0.254613,0.734947,-0.130704,0.189261,0.652089,-0.116053,0.205085,0.567466,-0.110376,0.316938,0.367918,-0.165336,0.144867,0.669505,-0.162502,0.1134,0.555114,-0.11169,0.148517,0.458802,-0.094545,0.21624,0.365573,-0.237955,0.083376,0.575649,-0.201188,0.057244,0.477695,-0.147241,0.092894,0.381377,-0.120288,0.0,0.0,0.0,-0.158919,-0.125255,-0.002746,-0.245605,-0.249065,-0.041742,-0.298181,-0.329727,-0.096455,-0.295836,-0.404036,-0.150386,-0.105746,-0.561275,-0.018191,-0.154884,-0.73885,-0.074334,-0.178133,-0.861291,-0.114997,-0.195195,-0.969343,-0.149242,-0.049202,-0.552776,-0.060434,-0.236667,-0.518781,-0.138885,-0.242059,-0.373277,-0.14998,-0.193024,-0.326928,-0.14751,-0.020426,-0.499736,-0.108081,-0.208608,-0.449862,-0.17127,-0.201153,-0.326936,-0.134968,-0.151177,-0.297828,-0.102548,-0.013429,-0.416404,-0.160491,-0.163775,-0.409378,-0.201203,-0.162372,-0.325245,-0.17452,-0.117725,-0.298396,-0.146368,K
0.0,0.0,0.0,0.153518,0.148096,0.056899,0.261176,0.361782,0.033248,0.264078,0.549707,-0.017319,0.237317,0.684611,-0.06552,0.458814,0.410718,-0.014514,0.567696,0.685202,-0.075479,0.52642,0.814022,-0.107606,0.44984,0.884617,-0.122871,0.415786,0.394864,-0.082205,0.255985,0.755319,-0.12836,0.188932,0.669774,-0.122973,0.203339,0.581223,-0.120382,0.323974,0.384869,-0.147366,0.139902,0.683666,-0.156003,0.107961,0.568304,-0.114544,0.144727,0.471173,-0.09839,0.21917,0.37961,-0.214691,0.07964,0.591002,-0.187687,0.054498,0.498071,-0.139463,0.090581,0.404052,-0.112504,0.0,0.0,0.0,-0.162392,-0.126722,-0.001696,-0.246907,-0.252893,-0.039124,-0.297451,-0.334848,-0.092036,-0.291093,-0.410123,-0.144297,-0.101291,-0.559828,-0.017133,-0.154176,-0.738901,-0.071793,-0.177279,-0.861,-0.112272,-0.194187,-0.969899,-0.146924,-0.045146,-0.551411,-0.059446,-0.234836,-0.518837,-0.13805,-0.238177,-0.374074,-0.151362,-0.187853,-0.320666,-0.150934,-0.018183,-0.498875,-0.106725,-0.211493,-0.452542,-0.171645,-0.202974,-0.327131,-0.137634,-0.152806,-0.289754,-0.106568,-0.013974,-0.415382,-0.158284,-0.168955,-0.41163,-0.202247,-0.166637,-0.324302,-0.177481,-0.122002,-0.290887,-0.150332,K
0.0,0.0,0.0,0.144202,0.15889,0.059139,0.242733,0.371717,0.032989,0.237726,0.558843,-0.021067,0.206487,0.692877,-0.072787,0.455669,0.409366,-0.013563,0.567918,0.669655,-0.073102,0.53297,0.803508,-0.103067,0.457674,0.881332,-0.117422,0.415802,0.390298,-0.084048,0.254746,0.747398,-0.128248,0.188062,0.66329,-0.119965,0.203529,0.579078,-0.116242,0.32679,0.378731,-0.151984,0.1432,0.677665,-0.159415,0.110703,0.563887,-0.114476,0.14713,0.470406,-0.097235,0.223267,0.37241,-0.222201,0.085115,0.582846,-0.194716,0.058655,0.489772,-0.14451,0.094166,0.396114,-0.117127,0.0,0.0,0.0,-0.160296,-0.126716,-0.007674,-0.247425,-0.258349,-0.046432,-0.297896,-0.344144,-0.099777,-0.290404,-0.411463,-0.151913,-0.105856,-0.564442,-0.015147,-0.153016,-0.737769,-0.07029,-0.176444,-0.86122,-0.109622,-0.192461,-0.97085,-0.142862,-0.048526,-0.554603,-0.054357,-0.233357,-0.52305,-0.13477,-0.241006,-0.374381,-0.146809,-0.19218,-0.326575,-0.143348,-0.019642,-0.502149,-0.099645,-0.20799,-0.453466,-0.166592,-0.201292,-0.329818,-0.132888,-0.150089,-0.302007,-0.10038,-0.014136,-0.420865,-0.149779,-0.168491,-0.412975,-0.192802,-0.165566,-0.322407,-0.167095,-0.118235,-0.294101,-0.138801,K
0.0,0.0,0.0,0.144314,0.15499,0.066917,0.242461,0.369337,0.039924,0.238564,0.557503,-0.016801,0.208635,0.692224,-0.07286,0.453718,0.402237,-0.009729,0.564182,0.675736,-0.064687,0.532948,0.803443,-0.092614,0.465078,0.878803,-0.106808,0.4121,0.383158,-0.084575,0.249291,0.740051,-0.124459,0.181782,0.655287,-0.113936,0.200621,0.572192,-0.110277,0.323027,0.370199,-0.155855,0.143415,0.668383,-0.156794,0.108383,0.551631,-0.108779,0.144594,0.455735,-0.092432,0.223937,0.364041,-0.228958,0.085036,0.565956,-0.195168,0.054475,0.466029,-0.142612,0.088962,0.370678,-0.115924,0.0,0.0,0.0,-0.159497,-0.12782,-0.005043,-0.244218,-0.254762,-0.043546,-0.293557,-0.33924,-0.097217,-0.288877,-0.411849,-0.149632,-0.102124,-0.561159,-0.014943,-0.150244,-0.738555,-0.068931,-0.173054,-0.863118,-0.10681,-0.18887,-0.972115,-0.138996,-0.045786,-0.551809,-0.055513,-0.234894,-0.517702,-0.135078,-0.238579,-0.37221,-0.14687,-0.188022,-0.322259,-0.143751,-0.018377,-0.499399,-0.101816,-0.208312,-0.447264,-0.167819,-0.200036,-0.325403,-0.134226,-0.150125,-0.294031,-0.10215,-0.014325,-0.419033,-0.152816,-0.166974,-0.407661,-0.195959,-0.163854,-0.320976,-0.171707,-0.119584,-0.29233,-0.144416,K
0.0,0.0,0.0,0.141237,0.148289,0.05639,0.22958,0.371165,0.025801,0.208887,0.574774,-0.032028,0.162464,0.713566,-0.088367,0.444706,0.406151,-0.017389,0.552888,0.678779,-0.07359,0.52068,0.808141,-0.103658,0.450754,0.884675,-0.119039,0.40112,0.388833,-0.086622,0.241501,0.741753,-0.127648,0.177289,0.657223,-0.120662,0.194031,0.574738,-0.119127,0.309993,0.376096,-0.152686,0.135479,0.673932,-0.155835,0.104577,0.558144,-0.111112,0.139685,0.460582,-0.095131,0.209083,0.369682,-0.221168,0.077347,0.577166,-0.188724,0.050909,0.483806,-0.137217,0.08462,0.390905,-0.110013,0.0,0.0,0.0,-0.158761,-0.128518,0.000993,-0.243311,-0.254621,-0.033819,-0.294809,-0.334658,-0.085087,-0.290639,-0.41829,-0.135699,-0.099003,-0.563238,-0.008946,-0.147906,-0.742847,-0.061347,-0.171117,-0.864568,-0.099591,-0.18808,-0.973179,-0.13247,-0.04502,-0.554663,-0.051999,-0.230812,-0.529738,-0.13005,-0.237784,-0.382931,-0.143449,-0.18956,-0.328379,-0.141978,-0.018987,-0.502805,-0.10012,-0.207632,-0.4615,-0.165084,-0.201691,-0.332908,-0.131103,-0.152705,-0.296392,-0.099264,-0.014704,-0.419212,-0.152195,-0.166173,-0.417178,-0.195466,-0.165211,-0.324434,-0.169741,-0.121105,-0.290165,-0.141556,K
0.0,0.0,0.0,0.131456,0.165171,0.054604,0.220094,0.385679,0.023846,0.202958,0.581163,-0.033497,0.157718,0.709957,-0.089552,0.438938,0.402674,-0.018086,0.554687,0.662033,-0.075091,0.52771,0.797621,-0.107328,0.457878,0.880301,-0.124168,0.397228,0.38166,-0.08614,0.234844,0.728631,-0.130358,0.168478,0.648145,-0.125707,0.186848,0.56548,-0.124113,0.309383,0.367683,-0.150976,0.133285,0.664023,-0.158195,0.10016,0.550796,-0.114465,0.135109,0.453418,-0.09703,0.211673,0.361488,-0.218049,0.079074,0.567597,-0.188022,0.048849,0.476256,-0.135731,0.080227,0.384299,-0.106661,0.0,0.0,0.0,-0.158016,-0.131607,-0.004777,-0.239745,-0.256611,-0.041215,-0.289515,-0.336569,-0.0925,-0.286887,-0.409411,-0.142972,-0.097445,-0.555193,-0.015016,-0.142278,-0.736418,-0.068502,-0.166993,-0.860774,-0.107394,-0.186218,-0.972392,-0.14063,-0.043113,-0.54591,-0.054939,-0.226044,-0.528021,-0.133402,-0.232508,-0.389389,-0.14802,-0.186351,-0.336092,-0.147748,-0.016067,-0.494423,-0.10019,-0.200532,-0.45749,-0.166423,-0.193345,-0.335894,-0.135729,-0.145645,-0.298591,-0.105617,-0.011406,-0.413471,-0.149665,-0.159391,-0.414742,-0.192627,-0.158145,-0.328543,-0.168913,-0.116412,-0.293624,-0.142398,K
0.0,0.0,0.0,0.141069,0.161055,0.073767,0.230906,0.37594,0.044945,0.220178,0.563185,-0.01469,0.181696,0.692241,-0.074377,0.44034,0.403254,-0.010276,0.554073,0.656906,-0.059415,0.531813,0.7918,-0.082934,0.46924,0.877904,-0.095383,0.401429,0.38275,-0.089043,0.238957,0.735453,-0.126389,0.174995,0.65006,-0.113865,0.194074,0.562778,-0.108466,0.315025,0.369125,-0.162678,0.13437,0.668702,-0.160294,0.104564,0.554158,-0.111722,0.141024,0.455878,-0.095162,0.217712,0.365682,-0.237445,0.078896,0.576374,-0.200418,0.053034,0.483482,-0.147306,0.0878,0.387881,-0.12056,0.0,0.0,0.0,-0.153132,-0.13128,-0.007014,-0.234605,-0.256972,-0.044695,-0.285294,-0.338775,-0.096512,-0.280046,-0.41108,-0.146993,-0.086831,-0.55506,-0.01824,-0.135277,-0.737731,-0.07423,-0.159538,-0.861236,-0.114653,-0.177135,-0.972889,-0.148693,-0.034199,-0.545104,-0.056978,-0.22193,-0.524571,-0.137066,-0.227696,-0.382385,-0.150727,-0.179915,-0.329643,-0.149359,-0.009503,-0.494283,-0.101488,-0.196873,-0.453271,-0.168403,-0.188552,-0.330397,-0.136404,-0.139269,-0.294073,-0.105138,-0.006418,-0.414518,-0.150712,-0.153251,-0.41214,-0.194878,-0.151758,-0.325479,-0.171675,-0.110049,-0.291102,-0.145089,K
0.0,0.0,0.0,0.127408,0.164795,0.043101,0.204835,0.387951,0.009199,0.17719,0.590477,-0.049222,0.120046,0.720386,-0.10593,0.421427,0.414256,-0.018561,0.530585,0.661767,-0.07223,0.512776,0.794263,-0.104856,0.455961,0.881252,-0.124473,0.380722,0.396212,-0.080402,0.224429,0.714349,-0.122968,0.163084,0.642987,-0.121168,0.183759,0.574384,-0.122451,0.296114,0.384864,-0.140083,0.125267,0.649211,-0.14556,0.097974,0.543314,-0.105292,0.133423,0.451124,-0.090659,0.202546,0.378824,-0.203519,0.072959,0.556507,-0.174449,0.047624,0.468371,-0.126935,0.078709,0.381496,-0.101397,0.0,0.0,0.0,-0.153664,-0.126731,-0.009626,-0.236156,-0.251494,-0.048541,-0.285414,-0.331314,-0.100628,-0.282394,-0.414619,-0.151637,-0.097673,-0.557501,-0.024111,-0.143083,-0.737307,-0.082158,-0.164142,-0.859636,-0.124317,-0.179518,-0.97087,-0.158696,-0.041242,-0.545396,-0.06066,-0.222943,-0.532209,-0.140023,-0.233339,-0.389929,-0.153945,-0.190944,-0.333871,-0.152894,-0.013701,-0.491687,-0.102811,-0.196241,-0.458488,-0.168818,-0.193016,-0.334417,-0.136034,-0.148541,-0.295106,-0.104419,-0.009276,-0.409503,-0.14958,-0.152694,-0.413917,-0.192558,-0.154227,-0.32601,-0.167433,-0.115327,-0.289385,-0.139442,K
0.0,0.0,0.0,0.12187,0.169448,0.045911,0.204331,0.38039,0.01294,0.184736,0.570854,-0.043802,0.141716,0.700302,-0.098351,0.429883,0.404482,-0.024666,0.543498,0.647645,-0.079205,0.522496,0.788309,-0.110436,0.459658,0.878829,-0.127963,0.39414,0.378611,-0.086357,0.23766,0.703404,-0.134947,0.169689,0.632405,-0.134947,0.184437,0.553618,-0.134356,0.312167,0.364318,-0.144443,0.136827,0.641136,-0.156243,0.103602,0.538294,-0.117299,0.137593,0.444114,-0.100454,0.21724,0.357896,-0.204881,0.079848,0.54768,-0.180092,0.049573,0.46509,-0.133079,0.080881,0.381283,-0.105601,0.0,0.0,0.0,-0.155505,-0.128553,-0.004718,-0.236167,-0.24921,-0.041827,-0.288727,-0.328279,-0.093994,-0.286014,-0.415477,-0.145297,-0.103218,-0.552823,-0.015075,-0.140766,-0.736788,-0.070717,-0.164781,-0.860367,-0.110034,-0.184114,-0.97252,-0.142503,-0.047795,-0.541072,-0.05521,-0.223611,-0.523105,-0.13805,-0.230129,-0.380244,-0.154214,-0.185703,-0.325551,-0.152965,-0.016516,-0.48895,-0.10063,-0.193183,-0.446119,-0.170498,-0.185141,-0.318904,-0.139408,-0.138456,-0.283181,-0.107033,-0.00465,-0.410213,-0.15004,-0.148216,-0.403984,-0.19357,-0.148685,-0.312408,-0.167742,-0.108677,-0.278506,-0.138502,K
0.0,0.0,0.0,0.127605,0.176468,0.062649,0.217645,0.393134,0.035472,0.20727,0.580769,-0.019816,0.175759,0.713193,-0.073129,0.44534,0.414009,-0.005893,0.554129,0.662426,-0.054392,0.53803,0.794115,-0.079285,0.480745,0.871938,-0.092783,0.411746,0.390732,-0.077665,0.253646,0.731776,-0.119334,0.18477,0.656002,-0.113964,0.202264,0.572818,-0.111616,0.329108,0.378074,-0.145482,0.149554,0.673588,-0.151257,0.113039,0.56447,-0.10978,0.148532,0.465666,-0.09451,0.231273,0.372697,-0.214671,0.090894,0.578656,-0.186049,0.059646,0.489545,-0.138165,0.091518,0.395856,-0.112592,0.0,0.0,0.0,-0.153926,-0.128059,-0.000333,-0.235195,-0.247181,-0.039219,-0.286242,-0.324937,-0.094138,-0.276329,-0.401933,-0.149099,-0.09164,-0.545428,-0.017877,-0.140512,-0.731058,-0.075706,-0.167656,-0.858527,-0.117187,-0.188839,-0.970212,-0.151751,-0.036026,-0.534904,-0.060388,-0.218025,-0.511789,-0.140808,-0.221707,-0.363262,-0.152218,-0.172322,-0.311314,-0.149538,-0.008189,-0.484705,-0.108024,-0.192584,-0.446151,-0.174091,-0.184852,-0.318101,-0.13679,-0.135464,-0.281441,-0.10271,-0.001472,-0.403892,-0.159634,-0.15038,-0.402169,-0.202168,-0.150082,-0.311657,-0.17383,-0.107088,-0.277002,-0.14406,K
0.0,0.0,0.0,0.099006,0.195056,0.063082,0.179678,0.410481,0.036933,0.178137,0.58365,-0.016568,0.169594,0.699751,-0.069178,0.436931,0.396249,0.000864,0.538146,0.632109,-0.042767,0.551709,0.753221,-0.066798,0.537115,0.839407,-0.083088,0.416763,0.371502,-0.070406,0.246521,0.706839,-0.11131,0.174113,0.622776,-0.103616,0.191886,0.538412,-0.0994,0.343157,0.35465,-0.137788,0.154222,0.643807,-0.146429,0.112597,0.529597,-0.104758,0.147126,0.434151,-0.089158,0.252818,0.348514,-0.206033,0.102128,0.540843,-0.182484,0.067323,0.446028,-0.138164,0.100387,0.352566,-0.115391,0.0,0.0,0.0,-0.152196,-0.127553,0.002115,-0.23706,-0.237848,-0.043287,-0.288242,-0.314932,-0.10702,-0.286501,-0.396261,-0.171387,-0.093672,-0.545639,-0.022323,-0.145717,-0.726289,-0.083416,-0.176895,-0.854567,-0.126448,-0.202768,-0.965675,-0.162352,-0.036451,-0.531569,-0.069285,-0.225624,-0.507411,-0.148701,-0.230163,-0.355524,-0.154388,-0.17754,-0.310148,-0.149188,-0.007857,-0.480661,-0.12185,-0.198788,-0.444986,-0.184189,-0.191666,-0.31592,-0.138049,-0.137683,-0.27972,-0.101146,0.000513,-0.401679,-0.179311,-0.151753,-0.399628,-0.221266,-0.154373,-0.306756,-0.18976,-0.109163,-0.26948,-0.15913,K
0.0,0.0,0.0,0.10767,0.195741,0.071923,0.193489,0.411561,0.049729,0.195694,0.582418,-0.002088,0.188415,0.707133,-0.053091,0.451138,0.405203,0.008452,0.550902,0.656363,-0.035017,0.542069,0.77774,-0.058852,0.506936,0.858796,-0.07407,0.430811,0.381425,-0.066043,0.263066,0.728519,-0.102114,0.183132,0.649821,-0.094289,0.195316,0.565734,-0.091577,0.354905,0.364702,-0.136269,0.16322,0.660721,-0.13979,0.116338,0.548544,-0.100917,0.147861,0.450166,-0.088747,0.26165,0.359497,-0.20655,0.107445,0.557528,-0.178307,0.067807,0.464654,-0.134692,0.098004,0.3703,-0.113272,0.0,0.0,0.0,-0.149627,-0.120367,-0.00678,-0.234879,-0.238299,-0.052345,-0.285825,-0.321493,-0.113365,-0.279326,-0.390631,-0.174099,-0.094738,-0.546095,-0.030358,-0.144086,-0.73022,-0.090043,-0.173532,-0.858765,-0.130979,-0.196607,-0.966503,-0.164979,-0.035806,-0.532158,-0.070406,-0.216454,-0.49991,-0.148457,-0.218754,-0.352779,-0.153431,-0.167754,-0.309756,-0.147203,-0.004986,-0.479134,-0.116194,-0.189604,-0.433584,-0.177459,-0.180144,-0.311553,-0.134378,-0.128311,-0.278458,-0.098776,0.004228,-0.398077,-0.167503,-0.142981,-0.388023,-0.207968,-0.143321,-0.303115,-0.179093,-0.09971,-0.270986,-0.149921,K
0.0,0.0,0.0,0.121061,0.165963,0.062104,0.210002,0.380184,0.03934,0.201469,0.56173,-0.010301,0.177222,0.693883,-0.060094,0.43976,0.394904,0.00268,0.542985,0.633249,-0.04158,0.552082,0.753283,-0.070236,0.535968,0.839414,-0.090125,0.412601,0.374924,-0.06622,0.254484,0.716152,-0.103165,0.183605,0.638262,-0.097212,0.196681,0.554213,-0.096473,0.334348,0.361265,-0.131623,0.158992,0.651997,-0.135987,0.120964,0.544436,-0.095425,0.153501,0.44982,-0.08203,0.241545,0.357421,-0.19817,0.104928,0.553163,-0.170496,0.072434,0.462148,-0.124479,0.102558,0.369814,-0.101505,0.0,0.0,0.0,-0.146262,-0.121115,-0.006621,-0.231675,-0.236429,-0.05204,-0.28693,-0.314839,-0.112495,-0.288448,-0.3931,-0.17282,-0.090631,-0.551131,-0.028756,-0.145041,-0.730292,-0.085599,-0.177415,-0.856399,-0.126754,-0.202374,-0.965848,-0.161812,-0.036212,-0.535676,-0.068485,-0.225036,-0.507309,-0.14287,-0.227555,-0.365197,-0.149874,-0.173961,-0.317246,-0.14699,-0.010303,-0.480456,-0.113477,-0.199351,-0.441938,-0.171651,-0.193439,-0.320244,-0.129321,-0.141284,-0.281731,-0.095957,-0.004467,-0.396894,-0.163972,-0.15366,-0.392126,-0.204517,-0.157541,-0.30454,-0.176381,-0.114768,-0.265081,-0.148373,K
0.0,0.0,0.0,0.129414,0.149167,0.08088,0.22063,0.350597,0.065381,0.217196,0.522816,0.020117,0.193388,0.657734,-0.027887,0.42433,0.368405,0.012836,0.529776,0.60455,-0.021274,0.555697,0.732338,-0.042413,0.558834,0.827178,-0.059004,0.396386,0.355962,-0.062796,0.250743,0.69022,-0.091113,0.182333,0.614318,-0.079699,0.197945,0.528925,-0.076822,0.318961,0.349916,-0.132361,0.157989,0.631385,-0.129694,0.120808,0.528372,-0.085941,0.153081,0.433722,-0.072499,0.229376,0.35264,-0.200963,0.103438,0.542945,-0.168742,0.072298,0.45531,-0.120924,0.100925,0.361744,-0.09834,0.0,0.0,0.0,-0.149867,-0.124787,-0.003807,-0.236337,-0.242144,-0.045725,-0.28839,-0.321328,-0.10278,-0.289471,-0.397443,-0.160047,-0.096639,-0.54869,-0.02807,-0.147506,-0.729735,-0.084338,-0.177379,-0.855679,-0.125649,-0.202169,-0.966021,-0.16103,-0.037693,-0.531922,-0.068504,-0.224043,-0.498919,-0.143953,-0.227248,-0.360166,-0.152889,-0.176012,-0.31235,-0.151687,-0.008765,-0.474925,-0.113712,-0.198239,-0.434672,-0.172996,-0.19175,-0.316578,-0.133232,-0.140221,-0.277922,-0.101292,-0.00134,-0.39109,-0.163846,-0.153905,-0.386296,-0.204446,-0.155961,-0.30305,-0.177217,-0.112619,-0.265563,-0.149925,K
0.0,0.0,0.0,0.140183,0.131057,0.064519,0.242709,0.336405,0.050208,0.25045,0.515342,0.009452,0.23416,0.646771,-0.031931,0.436441,0.389734,0.00623,0.549706,0.631387,-0.037538,0.564386,0.752609,-0.063905,0.549135,0.831895,-0.080007,0.407253,0.374685,-0.059435,0.250178,0.719383,-0.095182,0.187375,0.63329,-0.088334,0.209325,0.541138,-0.085722,0.327466,0.365398,-0.121547,0.150938,0.659865,-0.128707,0.118835,0.548419,-0.09198,0.15937,0.452715,-0.07916,0.233997,0.364303,-0.183698,0.095579,0.571878,-0.159578,0.065921,0.475156,-0.116156,0.100807,0.378618,-0.093088,0.0,0.0,0.0,-0.148645,-0.121222,-0.007682,-0.234449,-0.241948,-0.049652,-0.285928,-0.324809,-0.105005,-0.282025,-0.393143,-0.160424,-0.093657,-0.543337,-0.035506,-0.143134,-0.72712,-0.092699,-0.173362,-0.853221,-0.134213,-0.197675,-0.965415,-0.169994,-0.034369,-0.527421,-0.072229,-0.221844,-0.490814,-0.145839,-0.223039,-0.348859,-0.151596,-0.169903,-0.304437,-0.148997,-0.006058,-0.469434,-0.113796,-0.194287,-0.426235,-0.171721,-0.187435,-0.308229,-0.130186,-0.134928,-0.272408,-0.097588,-6e-05,-0.384925,-0.160708,-0.149817,-0.3822,-0.202034,-0.154153,-0.298489,-0.175662,-0.112208,-0.259653,-0.14905,K
0.0,0.0,0.0,0.127329,0.148694,0.064461,0.230058,0.360383,0.051845,0.238296,0.539464,0.012897,0.224466,0.6709,-0.025709,0.444527,0.396576,0.010599,0.555182,0.641871,-0.033499,0.548485,0.768504,-0.063771,0.511906,0.855022,-0.083003,0.415446,0.380795,-0.055375,0.261351,0.721191,-0.091738,0.193749,0.644415,-0.090984,0.205544,0.553488,-0.093285,0.336485,0.369915,-0.117719,0.164909,0.660231,-0.122599,0.126465,0.555953,-0.087397,0.158507,0.460502,-0.075988,0.24411,0.367468,-0.18047,0.11005,0.576141,-0.152989,0.076246,0.488902,-0.108137,0.104547,0.396623,-0.084475,0.0,0.0,0.0,-0.148163,-0.118415,-0.015019,-0.23016,-0.231981,-0.059867,-0.280028,-0.310926,-0.116686,-0.286912,-0.382412,-0.172991,-0.092112,-0.540692,-0.03848,-0.143041,-0.725353,-0.097205,-0.171752,-0.853306,-0.141138,-0.194199,-0.964713,-0.17781,-0.03259,-0.52526,-0.071978,-0.222005,-0.49528,-0.148572,-0.227506,-0.358392,-0.158832,-0.177762,-0.308143,-0.15841,-0.004688,-0.466316,-0.110964,-0.191576,-0.427395,-0.171854,-0.188731,-0.313916,-0.134958,-0.140241,-0.272772,-0.104159,0.000187,-0.381845,-0.155803,-0.145227,-0.379714,-0.198463,-0.152457,-0.299816,-0.174419,-0.11504,-0.25837,-0.14873,K
0.0,0.0,0.0,0.129207,0.144467,0.055004,0.23613,0.360199,0.043318,0.245646,0.540547,0.007144,0.234456,0.66976,-0.02749,0.449037,0.405419,0.012945,0.553865,0.649092,-0.03207,0.551869,0.768788,-0.063858,0.523895,0.847621,-0.0841,0.419583,0.390351,-0.047217,0.257578,0.726078,-0.086155,0.195953,0.645074,-0.089004,0.212674,0.551759,-0.092885,0.340646,0.378718,-0.105162,0.163188,0.665491,-0.115514,0.129352,0.559964,-0.085496,0.165272,0.466048,-0.07548,0.247788,0.374754,-0.164192,0.108519,0.586972,-0.142731,0.077541,0.496399,-0.102591,0.108812,0.402778,-0.080692,0.0,0.0,0.0,-0.146903,-0.120049,-0.008252,-0.229753,-0.238416,-0.048237,-0.278589,-0.317128,-0.101038,-0.284705,-0.387399,-0.153712,-0.094434,-0.547139,-0.033913,-0.144471,-0.729569,-0.089497,-0.171011,-0.856214,-0.130967,-0.191652,-0.967239,-0.166486,-0.035765,-0.531062,-0.069809,-0.226152,-0.494352,-0.14291,-0.227767,-0.357679,-0.152057,-0.176434,-0.308635,-0.151944,-0.006865,-0.470976,-0.11036,-0.195356,-0.426244,-0.168031,-0.187567,-0.314074,-0.131327,-0.13743,-0.27612,-0.101859,0.000471,-0.384262,-0.156062,-0.148378,-0.382696,-0.196718,-0.15156,-0.304698,-0.17245,-0.111403,-0.267521,-0.147324,K
0.0,0.0,0.0,0.138501,0.145063,0.054849,0.250807,0.364965,0.042147,0.262961,0.547959,0.00494,0.253729,0.679411,-0.029675,0.463335,0.41433,0.009154,0.571639,0.67002,-0.042926,0.549409,0.790857,-0.078223,0.494727,0.863507,-0.097984,0.429547,0.39864,-0.051278,0.264049,0.743753,-0.091065,0.201583,0.66094,-0.093316,0.218079,0.570612,-0.096897,0.347154,0.385693,-0.110136,0.164055,0.679602,-0.118328,0.132576,0.569728,-0.086322,0.170811,0.475665,-0.075779,0.250707,0.380344,-0.170437,0.109032,0.594194,-0.146675,0.079476,0.499402,-0.104391,0.113876,0.404454,-0.080876,0.0,0.0,0.0,-0.147811,-0.120815,-0.009814,-0.229848,-0.239179,-0.050114,-0.278706,-0.3174,-0.103032,-0.288194,-0.384848,-0.155663,-0.091677,-0.544643,-0.034143,-0.143698,-0.72897,-0.090234,-0.171722,-0.855446,-0.131748,-0.193668,-0.966778,-0.166832,-0.033541,-0.528039,-0.069409,-0.226152,-0.498102,-0.143616,-0.230289,-0.361903,-0.152829,-0.179537,-0.312138,-0.152069,-0.007038,-0.467829,-0.109579,-0.195267,-0.430038,-0.168391,-0.191578,-0.318335,-0.131671,-0.143304,-0.278581,-0.101361,-0.002946,-0.382666,-0.15514,-0.147651,-0.38372,-0.195892,-0.154805,-0.306626,-0.171713,-0.118592,-0.266334,-0.146361,K
0.0,0.0,0.0,0.146139,0.127516,0.0442,0.260437,0.343925,0.030423,0.271232,0.531288,-0.005044,0.2569,0.668624,-0.038254,0.452601,0.40797,-0.002446,0.561888,0.665062,-0.056911,0.540591,0.787689,-0.094162,0.488029,0.865202,-0.115125,0.414784,0.397703,-0.055985,0.260134,0.739801,-0.100172,0.202266,0.662441,-0.105728,0.216447,0.572127,-0.110349,0.331492,0.388556,-0.1082,0.159181,0.679682,-0.120007,0.131367,0.574938,-0.091398,0.16872,0.481987,-0.081209,0.236372,0.384479,-0.162524,0.102361,0.598498,-0.14178,0.075714,0.507459,-0.102267,0.108563,0.413979,-0.079352,0.0,0.0,0.0,-0.152232,-0.122532,-0.011902,-0.235778,-0.242488,-0.052236,-0.286603,-0.326272,-0.105078,-0.289258,-0.389839,-0.156967,-0.096761,-0.54679,-0.02949,-0.146527,-0.730353,-0.084443,-0.174693,-0.857048,-0.124575,-0.197218,-0.967476,-0.158417,-0.039791,-0.532929,-0.063288,-0.226479,-0.495722,-0.138206,-0.229958,-0.358344,-0.147653,-0.17977,-0.309384,-0.146028,-0.012821,-0.47595,-0.102535,-0.196803,-0.428388,-0.162231,-0.191965,-0.315869,-0.126551,-0.14362,-0.279657,-0.096062,-0.008453,-0.392893,-0.147452,-0.152631,-0.38347,-0.185607,-0.156824,-0.304349,-0.160616,-0.11783,-0.268313,-0.134767,K
0.0,0.0,0.0,0.136927,0.132385,0.051227,0.239488,0.34758,0.035746,0.238195,0.533597,-0.002078,0.210437,0.668339,-0.039155,0.438196,0.391547,-0.004045,0.546871,0.637048,-0.048253,0.55196,0.757275,-0.078117,0.533677,0.839983,-0.098073,0.400931,0.384003,-0.062633,0.254763,0.714466,-0.10107,0.195419,0.636463,-0.100945,0.209751,0.546949,-0.103163,0.317732,0.378183,-0.117783,0.158404,0.659354,-0.125177,0.128051,0.557701,-0.090022,0.160789,0.466123,-0.0773,0.224363,0.378349,-0.174354,0.09996,0.580851,-0.149326,0.07239,0.490075,-0.105192,0.101531,0.397491,-0.081369,0.0,0.0,0.0,-0.153795,-0.119708,-0.008552,-0.239209,-0.239532,-0.047449,-0.290105,-0.320581,-0.099379,-0.294453,-0.39538,-0.150995,-0.097482,-0.548559,-0.029204,-0.149689,-0.732402,-0.084191,-0.176679,-0.857085,-0.125033,-0.197431,-0.967301,-0.159213,-0.037603,-0.531974,-0.064582,-0.228481,-0.504564,-0.13944,-0.23368,-0.363839,-0.150024,-0.183417,-0.304882,-0.149366,-0.01016,-0.472834,-0.104795,-0.198566,-0.438637,-0.16439,-0.19605,-0.320572,-0.128099,-0.14797,-0.27195,-0.097019,-0.00566,-0.387852,-0.150062,-0.152365,-0.394198,-0.190247,-0.161271,-0.313323,-0.164931,-0.124773,-0.267131,-0.13818,K
0.0,0.0,0.0,0.143582,0.133855,0.041395,0.251387,0.350625,0.022736,0.247664,0.544609,-0.017444,0.210612,0.680738,-0.055087,0.446651,0.407662,-0.008681,0.552404,0.672944,-0.061934,0.535185,0.792913,-0.097121,0.488097,0.864852,-0.117441,0.404391,0.399448,-0.061871,0.249646,0.731492,-0.101681,0.192668,0.654931,-0.103035,0.20946,0.569894,-0.106494,0.316781,0.391576,-0.11359,0.147825,0.667763,-0.121269,0.122811,0.565812,-0.088796,0.160245,0.474372,-0.077575,0.218778,0.387059,-0.167847,0.089229,0.581317,-0.143831,0.064671,0.492506,-0.101928,0.097486,0.403669,-0.078419,0.0,0.0,0.0,-0.152868,-0.125361,-0.003461,-0.239673,-0.252041,-0.040509,-0.291618,-0.335212,-0.091565,-0.289912,-0.392725,-0.142827,-0.097923,-0.557088,-0.026888,-0.147765,-0.73726,-0.079448,-0.173506,-0.860163,-0.118595,-0.193313,-0.969197,-0.152599,-0.03731,-0.538827,-0.064968,-0.22656,-0.5016,-0.134985,-0.230421,-0.364027,-0.142112,-0.178884,-0.313185,-0.140991,-0.008632,-0.475484,-0.107418,-0.196667,-0.437399,-0.162781,-0.193592,-0.323332,-0.12436,-0.143306,-0.281389,-0.093556,-0.003286,-0.386238,-0.15477,-0.152149,-0.394335,-0.192283,-0.160678,-0.317328,-0.165975,-0.122346,-0.275328,-0.139654,K
0.0,0.0,0.0,0.145849,0.122984,0.041326,0.257412,0.336552,0.021568,0.26399,0.529744,-0.019042,0.239298,0.668649,-0.056982,0.448077,0.393897,-0.018008,0.557886,0.668357,-0.076213,0.540134,0.788462,-0.112246,0.491909,0.860519,-0.132409,0.407152,0.387499,-0.072561,0.251908,0.740919,-0.120141,0.192877,0.657868,-0.120983,0.210521,0.565876,-0.122168,0.321116,0.383879,-0.125501,0.148916,0.675125,-0.13845,0.122165,0.5633,-0.103621,0.162943,0.468828,-0.090173,0.222593,0.386382,-0.180795,0.08785,0.592266,-0.160096,0.062108,0.491599,-0.117487,0.09947,0.395953,-0.093349,0.0,0.0,0.0,-0.150726,-0.12414,-0.006039,-0.23367,-0.244017,-0.045872,-0.286629,-0.322745,-0.099414,-0.286706,-0.394148,-0.152741,-0.091965,-0.551099,-0.028465,-0.142785,-0.734973,-0.084443,-0.167997,-0.859352,-0.12581,-0.186662,-0.969245,-0.160382,-0.031553,-0.534271,-0.065771,-0.221822,-0.499773,-0.139781,-0.224602,-0.360544,-0.149177,-0.171709,-0.306287,-0.148433,-0.003417,-0.473968,-0.107768,-0.192872,-0.437585,-0.16569,-0.188231,-0.320662,-0.127058,-0.13718,-0.276313,-0.09539,0.000944,-0.387212,-0.154826,-0.149326,-0.39269,-0.194199,-0.155887,-0.311442,-0.167324,-0.116345,-0.268006,-0.139789,K
0.0,0.0,0.0,0.141962,0.11789,0.03961,0.245714,0.320857,0.019358,0.247441,0.502644,-0.020659,0.21815,0.629972,-0.06006,0.423318,0.385408,-0.021875,0.531174,0.631563,-0.073214,0.535798,0.758122,-0.105866,0.515396,0.847574,-0.126433,0.381272,0.375873,-0.074732,0.236114,0.702652,-0.119807,0.181154,0.623057,-0.119271,0.20152,0.536442,-0.119712,0.296216,0.368895,-0.124976,0.136758,0.639962,-0.13883,0.112642,0.536466,-0.104367,0.152125,0.446539,-0.090035,0.201357,0.366074,-0.177184,0.080085,0.559651,-0.159322,0.055409,0.46853,-0.117757,0.089072,0.379214,-0.093428,0.0,0.0,0.0,-0.148844,-0.123272,-0.002638,-0.231812,-0.245106,-0.040993,-0.282751,-0.324929,-0.093613,-0.287632,-0.392462,-0.146241,-0.090684,-0.551268,-0.03119,-0.14229,-0.734597,-0.086467,-0.168956,-0.858486,-0.126179,-0.188756,-0.968893,-0.160053,-0.029677,-0.532012,-0.070176,-0.223513,-0.496819,-0.141902,-0.227164,-0.355216,-0.147621,-0.174275,-0.304089,-0.145171,-0.001533,-0.468152,-0.11344,-0.193582,-0.429447,-0.169616,-0.189902,-0.312204,-0.129093,-0.137898,-0.271801,-0.097002,0.003304,-0.37956,-0.161532,-0.146837,-0.387997,-0.200356,-0.157904,-0.310125,-0.173828,-0.120657,-0.269249,-0.147187,K
0.0,0.0,0.0,0.134846,0.13669,0.04844,0.233841,0.343339,0.02674,0.230975,0.524344,-0.017033,0.201776,0.653618,-0.060446,0.427192,0.390909,-0.018205,0.530712,0.640874,-0.06939,0.53754,0.762248,-0.101946,0.520296,0.845113,-0.122782,0.392158,0.378265,-0.076963,0.235591,0.714205,-0.119983,0.177977,0.630894,-0.116999,0.19936,0.540179,-0.116871,0.309949,0.369433,-0.132445,0.138573,0.646588,-0.142508,0.112054,0.537605,-0.104908,0.152532,0.443086,-0.09099,0.215562,0.366812,-0.189515,0.083964,0.557466,-0.167848,0.057553,0.462436,-0.124241,0.09248,0.369845,-0.100518,0.0,0.0,0.0,-0.153017,-0.123386,-0.00562,-0.233881,-0.2421,-0.046135,-0.28715,-0.320303,-0.100583,-0.291837,-0.386519,-0.155188,-0.093742,-0.547449,-0.031746,-0.144028,-0.732969,-0.08838,-0.17125,-0.856904,-0.129951,-0.191479,-0.967583,-0.164681,-0.032301,-0.530727,-0.069152,-0.225375,-0.48749,-0.143414,-0.231575,-0.34381,-0.151478,-0.180792,-0.287652,-0.149835,-0.003499,-0.468835,-0.111008,-0.194801,-0.420313,-0.169156,-0.192257,-0.299157,-0.129657,-0.142696,-0.250485,-0.097311,0.001233,-0.381606,-0.158022,-0.14807,-0.378931,-0.197779,-0.158413,-0.294936,-0.171343,-0.12156,-0.248251,-0.143971,K
0.0,0.0,0.0,0.13918,0.131319,0.045097,0.237711,0.347724,0.027323,0.228509,0.534733,-0.011856,0.192437,0.668777,-0.049948,0.431458,0.40592,-0.004946,0.521781,0.653348,-0.05158,0.525641,0.773276,-0.0834,0.508981,0.854339,-0.10509,0.395332,0.394859,-0.060609,0.230128,0.719478,-0.100836,0.177789,0.634248,-0.102195,0.201134,0.544672,-0.106186,0.312051,0.382544,-0.113997,0.137224,0.652115,-0.124977,0.114252,0.544673,-0.093474,0.15577,0.453794,-0.083086,0.217122,0.374543,-0.169244,0.083164,0.567374,-0.148416,0.061502,0.474172,-0.108914,0.098792,0.383168,-0.088207,0.0,0.0,0.0,-0.148568,-0.123833,-0.007924,-0.232362,-0.241828,-0.051062,-0.287018,-0.324915,-0.107934,-0.28699,-0.392334,-0.164635,-0.090668,-0.551764,-0.03238,-0.139926,-0.732089,-0.088884,-0.168167,-0.857335,-0.1297,-0.189053,-0.968094,-0.164478,-0.029542,-0.53395,-0.069235,-0.223606,-0.493785,-0.140855,-0.226773,-0.352745,-0.146023,-0.173876,-0.305779,-0.14336,-0.000566,-0.47218,-0.111139,-0.194267,-0.427451,-0.167688,-0.189522,-0.310367,-0.126303,-0.13769,-0.270976,-0.093786,0.004424,-0.384642,-0.158542,-0.150448,-0.385262,-0.19893,-0.158018,-0.302538,-0.172466,-0.117706,-0.259967,-0.145512,K
0.0,0.0,0.0,0.105145,0.180878,0.052385,0.193095,0.404089,0.032104,0.185461,0.584084,-0.013476,0.164368,0.698416,-0.056956,0.439565,0.429112,0.002044,0.542173,0.68573,-0.054563,0.523653,0.805191,-0.09214,0.474557,0.872929,-0.113096,0.412901,0.401408,-0.059907,0.236629,0.731119,-0.106544,0.16863,0.64777,-0.110512,0.185104,0.559009,-0.113583,0.334503,0.379768,-0.12016,0.13947,0.656698,-0.135603,0.103059,0.549653,-0.104257,0.140611,0.45994,-0.091871,0.241011,0.369672,-0.181584,0.08963,0.568561,-0.160869,0.055807,0.478827,-0.118025,0.088532,0.394224,-0.093251,0.0,0.0,0.0,-0.150957,-0.122334,-0.012163,-0.232223,-0.241,-0.058795,-0.283269,-0.329703,-0.118731,-0.277429,-0.394426,-0.178063,-0.09075,-0.545717,-0.03475,-0.138731,-0.729768,-0.094864,-0.166973,-0.857781,-0.1375,-0.188358,-0.966747,-0.17298,-0.028733,-0.52867,-0.07021,-0.213371,-0.503498,-0.145066,-0.217528,-0.359685,-0.149014,-0.166621,-0.315938,-0.14388,0.0019,-0.471125,-0.111683,-0.186657,-0.433308,-0.170361,-0.182221,-0.313725,-0.12716,-0.131441,-0.276898,-0.092594,0.007127,-0.38597,-0.159141,-0.144182,-0.382951,-0.199242,-0.149112,-0.299363,-0.171953,-0.106604,-0.262739,-0.144472,K
0.0,0.0,0.0,0.117481,0.163089,0.04332,0.212651,0.373857,0.023486,0.216057,0.546477,-0.018413,0.210699,0.662872,-0.057777,0.425329,0.41603,-0.008301,0.519278,0.666454,-0.064508,0.513537,0.790937,-0.099014,0.480571,0.868862,-0.118871,0.402215,0.393989,-0.06512,0.224456,0.718315,-0.11748,0.157769,0.638675,-0.121329,0.177155,0.555791,-0.122423,0.328397,0.377919,-0.120546,0.129585,0.650208,-0.141526,0.093973,0.538527,-0.111209,0.135354,0.4483,-0.097982,0.237532,0.370919,-0.177994,0.081953,0.558662,-0.16595,0.050976,0.463472,-0.129544,0.089584,0.376523,-0.107766,0.0,0.0,0.0,-0.148535,-0.125811,-0.01044,-0.230379,-0.24433,-0.055277,-0.281949,-0.328792,-0.113808,-0.283892,-0.396532,-0.17166,-0.090762,-0.547327,-0.033934,-0.14127,-0.729416,-0.093488,-0.169843,-0.856117,-0.135508,-0.192678,-0.966278,-0.170829,-0.032411,-0.532187,-0.070492,-0.222431,-0.496599,-0.146439,-0.2221,-0.349616,-0.151343,-0.168142,-0.30723,-0.146686,-0.00293,-0.476404,-0.112944,-0.192119,-0.43009,-0.173006,-0.183536,-0.308528,-0.130513,-0.131385,-0.274719,-0.09616,0.005196,-0.392769,-0.161213,-0.144045,-0.38481,-0.20207,-0.148298,-0.299703,-0.174785,-0.107599,-0.264748,-0.147123,K
0.0,0.0,0.0,0.087283,0.214704,0.055151,0.16421,0.431873,0.029657,0.157182,0.599533,-0.022272,0.150158,0.709587,-0.071487,0.425376,0.4258,-0.002197,0.52655,0.673945,-0.056513,0.513352,0.804265,-0.087285,0.464659,0.879389,-0.103766,0.408943,0.390479,-0.067848,0.236787,0.719701,-0.116772,0.161506,0.644772,-0.116817,0.178025,0.561672,-0.115916,0.339591,0.369218,-0.131006,0.141116,0.653647,-0.147839,0.097236,0.545702,-0.112308,0.134587,0.45036,-0.097286,0.251571,0.36081,-0.195377,0.091994,0.558956,-0.177802,0.054298,0.468962,-0.135954,0.089099,0.379286,-0.111943,0.0,0.0,0.0,-0.151971,-0.122699,-0.012709,-0.238962,-0.243246,-0.058729,-0.29195,-0.333262,-0.118394,-0.281066,-0.409727,-0.177109,-0.095952,-0.546477,-0.033192,-0.143537,-0.729288,-0.09419,-0.170891,-0.85546,-0.135451,-0.192269,-0.966588,-0.169528,-0.036629,-0.535354,-0.068871,-0.223062,-0.505559,-0.149156,-0.226805,-0.354249,-0.154512,-0.176028,-0.313232,-0.147769,-0.004571,-0.485517,-0.110763,-0.191585,-0.442627,-0.176547,-0.184514,-0.314605,-0.133977,-0.133695,-0.283691,-0.096818,0.005624,-0.406773,-0.158316,-0.143201,-0.399391,-0.201715,-0.145468,-0.309406,-0.173292,-0.102521,-0.276786,-0.143288,K
0.0,0.0,0.0,0.10961,0.2193,0.08509,0.199255,0.450498,0.062124,0.206989,0.625194,0.005201,0.20902,0.733852,-0.048748,0.459868,0.456243,0.006489,0.549897,0.746665,-0.048218,0.494148,0.865426,-0.06836,0.410205,0.909045,-0.073272,0.439459,0.425199,-0.076508,0.252667,0.789135,-0.114531,0.169649,0.691194,-0.096583,0.190716,0.596239,-0.085662,0.361764,0.405021,-0.155827,0.140545,0.713196,-0.156732,0.09765,0.582731,-0.110959,0.141484,0.478051,-0.096199,0.264385,0.399451,-0.234932,0.08437,0.6105,-0.202752,0.050171,0.496953,-0.156119,0.093098,0.392081,-0.133782,0.0,0.0,0.0,-0.148998,-0.127097,-0.007741,-0.230633,-0.247198,-0.05151,-0.282818,-0.331265,-0.109992,-0.280613,-0.409535,-0.167893,-0.089889,-0.549024,-0.025588,-0.138641,-0.729865,-0.085367,-0.165535,-0.857083,-0.127416,-0.185661,-0.969074,-0.162561,-0.030713,-0.538097,-0.064422,-0.217403,-0.514534,-0.141608,-0.221313,-0.363022,-0.14684,-0.169489,-0.322103,-0.140977,0.000491,-0.488053,-0.109458,-0.186983,-0.448191,-0.171015,-0.181046,-0.320661,-0.127228,-0.129382,-0.292355,-0.091064,0.009602,-0.407523,-0.159982,-0.140259,-0.401417,-0.200831,-0.142316,-0.309707,-0.170873,-0.098296,-0.277179,-0.140935,K
0.0,0.0,0.0,0.111447,0.220757,0.117924,0.196407,0.448838,0.097852,0.206482,0.620824,0.036288,0.209972,0.737439,-0.025396,0.458484,0.446773,0.019179,0.549279,0.749096,-0.024569,0.491045,0.870511,-0.032934,0.403284,0.912478,-0.030633,0.437583,0.413893,-0.081003,0.252445,0.781974,-0.103769,0.168213,0.679884,-0.072964,0.193141,0.584891,-0.057221,0.35806,0.392973,-0.173995,0.141717,0.70795,-0.155771,0.098956,0.573219,-0.100465,0.14457,0.463902,-0.087085,0.26275,0.39069,-0.264533,0.087289,0.599882,-0.217564,0.05359,0.48532,-0.165413,0.097127,0.37569,-0.144509,0.0,0.0,0.0,-0.150807,-0.124949,-0.013912,-0.237042,-0.245967,-0.058819,-0.290337,-0.332043,-0.117371,-0.287478,-0.412964,-0.174529,-0.094778,-0.553125,-0.029292,-0.140193,-0.733799,-0.090509,-0.163416,-0.859477,-0.132942,-0.181718,-0.969,-0.167383,-0.037208,-0.542819,-0.064824,-0.220988,-0.512106,-0.147504,-0.223977,-0.362833,-0.157137,-0.175868,-0.315532,-0.152158,-0.005794,-0.49405,-0.106776,-0.190353,-0.440378,-0.173088,-0.180225,-0.314939,-0.134587,-0.131671,-0.282062,-0.099612,0.004232,-0.416972,-0.154664,-0.142311,-0.397136,-0.197583,-0.140335,-0.309306,-0.171241,-0.097601,-0.280368,-0.142491,K
0.0,0.0,0.0,0.089563,0.239909,0.129654,0.161925,0.469664,0.109636,0.164598,0.643324,0.043349,0.158449,0.763967,-0.024827,0.444743,0.459117,0.036366,0.539665,0.763709,-0.008855,0.47224,0.881195,-0.022029,0.376251,0.917961,-0.022048,0.426273,0.423189,-0.071593,0.239443,0.775817,-0.09116,0.151371,0.668337,-0.064388,0.177081,0.573253,-0.052236,0.347164,0.398,-0.172203,0.130094,0.707381,-0.150937,0.081436,0.566943,-0.09798,0.124897,0.458657,-0.087088,0.253095,0.396033,-0.269393,0.077382,0.603553,-0.217764,0.038475,0.488388,-0.162921,0.07715,0.381664,-0.140827,0.0,0.0,0.0,-0.147657,-0.119076,-0.017035,-0.233891,-0.241191,-0.064381,-0.287769,-0.330634,-0.124302,-0.282716,-0.415585,-0.182781,-0.089156,-0.552203,-0.035629,-0.135898,-0.731301,-0.097368,-0.161869,-0.857092,-0.139677,-0.181599,-0.967777,-0.174438,-0.030962,-0.540104,-0.069418,-0.217203,-0.513689,-0.148855,-0.220874,-0.365137,-0.15417,-0.17044,-0.322514,-0.147765,-0.000494,-0.488734,-0.109925,-0.187265,-0.448098,-0.173872,-0.179403,-0.323945,-0.131229,-0.128421,-0.292474,-0.094965,0.009068,-0.408981,-0.15668,-0.137201,-0.399754,-0.200676,-0.137796,-0.312837,-0.173867,-0.094155,-0.281062,-0.145188,K
0.0,0.0,0.0,0.087862,0.219833,0.055193,0.154322,0.455767,0.023528,0.129376,0.643165,-0.038172,0.096315,0.76481,-0.096355,0.431536,0.456636,-0.000412,0.528346,0.744263,-0.064837,0.473477,0.86644,-0.100128,0.383635,0.916303,-0.114949,0.408525,0.419151,-0.069738,0.221989,0.757907,-0.117172,0.144808,0.666292,-0.116229,0.167628,0.581887,-0.115528,0.330601,0.395949,-0.138354,0.118522,0.691149,-0.152839,0.076016,0.565533,-0.117239,0.116774,0.464257,-0.103051,0.234823,0.386836,-0.208865,0.068433,0.588642,-0.184909,0.030032,0.489651,-0.138726,0.064172,0.396662,-0.112437,0.0,0.0,0.0,-0.148391,-0.125233,-0.016371,-0.23396,-0.247106,-0.06358,-0.28709,-0.337647,-0.123321,-0.277241,-0.407367,-0.181257,-0.08574,-0.55194,-0.034557,-0.136421,-0.734686,-0.096127,-0.160478,-0.860261,-0.137976,-0.177584,-0.968973,-0.171915,-0.028163,-0.537448,-0.069327,-0.217577,-0.512747,-0.152696,-0.220994,-0.368508,-0.161292,-0.17175,-0.321985,-0.155514,0.001184,-0.484797,-0.110543,-0.188705,-0.437321,-0.177368,-0.178835,-0.317078,-0.13939,-0.129105,-0.286948,-0.104515,0.008547,-0.404461,-0.157642,-0.142638,-0.39487,-0.199897,-0.140557,-0.310241,-0.173537,-0.097336,-0.281757,-0.144953,K
0.0,0.0,0.0,0.08233,0.203764,0.044469,0.148632,0.423233,0.011276,0.124794,0.600064,-0.048598,0.082725,0.705206,-0.107764,0.399658,0.424334,-0.011624,0.501367,0.674312,-0.070572,0.503481,0.792389,-0.106036,0.480156,0.867886,-0.127372,0.375418,0.389799,-0.075778,0.203521,0.712381,-0.127626,0.134794,0.629109,-0.126103,0.156755,0.549561,-0.124119,0.30076,0.368042,-0.138984,0.109958,0.641344,-0.15841,0.073906,0.531395,-0.122086,0.112286,0.440287,-0.106063,0.210072,0.361228,-0.205068,0.062952,0.551809,-0.187023,0.029615,0.461411,-0.144387,0.061458,0.376269,-0.120872,0.0,0.0,0.0,-0.145513,-0.122748,-0.018709,-0.228871,-0.250401,-0.063465,-0.281469,-0.336957,-0.119892,-0.271328,-0.408884,-0.174546,-0.082423,-0.554208,-0.034798,-0.130607,-0.735961,-0.096366,-0.152015,-0.860428,-0.137886,-0.165708,-0.971213,-0.171131,-0.02415,-0.537959,-0.067569,-0.207699,-0.513104,-0.15188,-0.210905,-0.365627,-0.16269,-0.161724,-0.316544,-0.1576,0.007941,-0.484245,-0.106736,-0.176827,-0.439307,-0.176726,-0.166416,-0.316392,-0.140543,-0.116693,-0.286519,-0.105104,0.018147,-0.401954,-0.151521,-0.130541,-0.399607,-0.195458,-0.128298,-0.311988,-0.168124,-0.085482,-0.280829,-0.137709,K
0.0,0.0,0.0,0.112861,0.144547,0.016272,0.184411,0.348624,-0.018494,0.158368,0.522998,-0.068109,0.107553,0.626995,-0.117763,0.357108,0.369226,-0.056519,0.449986,0.593666,-0.116688,0.502755,0.716659,-0.155675,0.547059,0.816619,-0.18401,0.310403,0.349774,-0.103699,0.187924,0.656874,-0.168282,0.147598,0.592292,-0.172783,0.171144,0.515628,-0.172694,0.227564,0.33869,-0.148773,0.090828,0.59317,-0.182527,0.078461,0.508136,-0.149962,0.115365,0.42797,-0.130737,0.135315,0.335946,-0.197406,0.034234,0.523854,-0.194348,0.020797,0.445723,-0.157316,0.053372,0.365157,-0.134525,0.0,0.0,0.0,-0.151296,-0.117043,-0.019492,-0.234098,-0.244256,-0.060014,-0.284405,-0.327115,-0.111419,-0.274283,-0.395469,-0.161596,-0.097269,-0.548385,-0.033535,-0.135469,-0.736692,-0.09324,-0.156921,-0.860152,-0.135331,-0.171349,-0.970678,-0.168591,-0.036259,-0.531748,-0.062661,-0.210619,-0.505157,-0.147582,-0.218796,-0.359579,-0.162531,-0.173553,-0.298363,-0.159693,-0.001995,-0.475662,-0.097611,-0.177307,-0.436888,-0.166149,-0.172362,-0.314726,-0.133084,-0.127465,-0.272329,-0.098871,0.011589,-0.391774,-0.138142,-0.127426,-0.38896,-0.179332,-0.13169,-0.304446,-0.153074,-0.095352,-0.268737,-0.123082,K
0.0,0.0,0.0,0.093381,0.171738,0.032046,0.162356,0.377876,-0.001831,0.153572,0.548806,-0.055044,0.119149,0.652184,-0.10829,0.367524,0.374654,-0.042757,0.47235,0.604035,-0.104192,0.501931,0.734789,-0.142546,0.515016,0.840539,-0.168085,0.325726,0.347177,-0.100602,0.198859,0.667534,-0.163814,0.143202,0.61293,-0.166885,0.162164,0.548546,-0.165821,0.245017,0.332745,-0.156067,0.102759,0.597495,-0.189337,0.078595,0.515722,-0.154882,0.11143,0.438101,-0.134891,0.153968,0.334824,-0.213526,0.049917,0.525373,-0.207465,0.023601,0.449885,-0.166185,0.051146,0.372068,-0.141047,0.0,0.0,0.0,-0.157724,-0.117795,-0.017414,-0.245491,-0.250374,-0.054339,-0.296682,-0.33401,-0.10226,-0.28494,-0.395684,-0.148951,-0.106183,-0.555562,-0.026936,-0.145082,-0.737638,-0.083675,-0.168617,-0.859731,-0.124522,-0.18495,-0.97011,-0.157097,-0.046007,-0.538748,-0.056501,-0.218192,-0.51343,-0.137931,-0.224682,-0.3736,-0.152454,-0.17563,-0.319648,-0.150143,-0.012035,-0.480364,-0.092031,-0.184923,-0.451741,-0.158993,-0.182198,-0.336738,-0.127246,-0.13531,-0.300966,-0.09427,0.000615,-0.393426,-0.132864,-0.137347,-0.396736,-0.172837,-0.143622,-0.315316,-0.146772,-0.105576,-0.279461,-0.117435,K
0.0,0.0,0.0,0.104067,0.162763,0.033574,0.18941,0.358459,0.002335,0.204248,0.509708,-0.04764,0.190444,0.598871,-0.098086,0.380723,0.383525,-0.044809,0.47594,0.600438,-0.103192,0.517285,0.721196,-0.138731,0.537597,0.827009,-0.164453,0.342178,0.356242,-0.102383,0.176713,0.662306,-0.162117,0.122736,0.582729,-0.160056,0.146868,0.508902,-0.158134,0.259092,0.335962,-0.157123,0.089701,0.591644,-0.187034,0.068427,0.495703,-0.147938,0.108283,0.414076,-0.129164,0.165311,0.325859,-0.214401,0.039211,0.507999,-0.211206,0.016599,0.421456,-0.172225,0.052699,0.338639,-0.150123,0.0,0.0,0.0,-0.161505,-0.121149,-0.015471,-0.24301,-0.251248,-0.052597,-0.290113,-0.334404,-0.101615,-0.288561,-0.398157,-0.149346,-0.105509,-0.55447,-0.023779,-0.14996,-0.733573,-0.082548,-0.175331,-0.856131,-0.125236,-0.193045,-0.968206,-0.159096,-0.045866,-0.542887,-0.054695,-0.223187,-0.507594,-0.136966,-0.225776,-0.362647,-0.150457,-0.174004,-0.312275,-0.14773,-0.01359,-0.490402,-0.092055,-0.190613,-0.449189,-0.159231,-0.182836,-0.329771,-0.125468,-0.133209,-0.294618,-0.091729,-0.00267,-0.40942,-0.135055,-0.142885,-0.408221,-0.176053,-0.144729,-0.323613,-0.149646,-0.104688,-0.288655,-0.120226,K
0.0,0.0,0.0,0.073196,0.197065,0.025131,0.144387,0.398291,-0.00737,0.157279,0.541199,-0.058174,0.146952,0.6111,-0.108949,0.383443,0.39347,-0.040542,0.475714,0.591845,-0.095824,0.530029,0.705167,-0.13239,0.567839,0.80736,-0.160399,0.357934,0.351821,-0.093725,0.180929,0.640847,-0.155092,0.121277,0.570365,-0.159235,0.137503,0.50127,-0.160869,0.282276,0.318195,-0.1446,0.098605,0.561741,-0.177318,0.071939,0.474463,-0.145043,0.105142,0.400643,-0.129275,0.192089,0.299193,-0.198867,0.055355,0.47448,-0.195893,0.031602,0.394222,-0.160493,0.062128,0.319705,-0.140796,0.0,0.0,0.0,-0.152882,-0.115458,-0.01598,-0.23267,-0.241491,-0.054739,-0.2786,-0.32353,-0.105188,-0.286436,-0.37709,-0.154371,-0.105271,-0.549354,-0.025487,-0.15605,-0.731227,-0.081887,-0.181428,-0.858148,-0.122061,-0.19786,-0.968104,-0.153708,-0.049496,-0.536857,-0.056802,-0.229678,-0.498839,-0.138356,-0.235158,-0.359757,-0.151995,-0.185544,-0.306533,-0.148857,-0.02096,-0.483602,-0.094008,-0.201291,-0.438446,-0.158859,-0.19437,-0.323841,-0.126225,-0.146057,-0.288361,-0.093908,-0.01204,-0.4047,-0.137005,-0.157297,-0.397133,-0.176692,-0.158004,-0.311584,-0.150584,-0.117542,-0.277352,-0.121442,K
0.0,0.0,0.0,0.104119,0.1868,0.0383,0.194845,0.398229,0.006154,0.221882,0.556327,-0.04881,0.224447,0.634673,-0.101644,0.417689,0.430498,-0.035428,0.511101,0.684853,-0.105451,0.481481,0.81018,-0.145886,0.419677,0.892051,-0.167678,0.385963,0.386794,-0.095833,0.19413,0.723458,-0.156878,0.133929,0.632808,-0.158931,0.158787,0.543989,-0.159727,0.301669,0.353162,-0.154702,0.099548,0.644222,-0.182137,0.071928,0.538414,-0.146941,0.114863,0.449622,-0.131777,0.200186,0.332174,-0.216305,0.046326,0.546134,-0.208747,0.023308,0.453563,-0.168915,0.066055,0.364674,-0.145594,0.0,0.0,0.0,-0.147141,-0.115381,-0.018523,-0.231982,-0.245576,-0.058405,-0.277139,-0.330139,-0.109538,-0.28731,-0.388943,-0.159817,-0.100174,-0.555667,-0.031325,-0.150161,-0.733201,-0.087348,-0.173388,-0.860482,-0.128105,-0.188894,-0.968852,-0.160138,-0.04862,-0.536559,-0.062201,-0.231662,-0.501087,-0.140866,-0.237794,-0.376824,-0.155269,-0.18803,-0.330766,-0.154706,-0.025142,-0.477179,-0.098943,-0.208579,-0.438174,-0.162061,-0.205547,-0.333986,-0.13101,-0.157952,-0.301009,-0.101345,-0.019298,-0.395963,-0.141935,-0.169331,-0.390186,-0.183312,-0.175303,-0.305922,-0.15945,-0.137804,-0.264684,-0.132316,K
0.0,0.0,0.0,0.111141,0.200485,0.041736,0.217875,0.420991,0.015387,0.257322,0.590968,-0.03516,0.267621,0.68403,-0.08268,0.439914,0.442374,-0.016863,0.516947,0.687809,-0.087826,0.48287,0.816396,-0.131167,0.420618,0.893872,-0.155153,0.409459,0.399319,-0.079462,0.211713,0.738833,-0.147735,0.153742,0.650489,-0.155577,0.182138,0.550887,-0.157273,0.326537,0.367163,-0.14164,0.11411,0.658164,-0.180874,0.085326,0.549118,-0.1522,0.13299,0.457482,-0.136743,0.225753,0.344694,-0.205754,0.059989,0.567885,-0.208528,0.037672,0.469694,-0.173617,0.084015,0.37306,-0.15068,0.0,0.0,0.0,-0.141349,-0.108448,-0.018015,-0.229447,-0.249683,-0.052097,-0.272761,-0.346835,-0.096233,-0.263707,-0.400462,-0.139696,-0.110596,-0.550011,-0.02635,-0.142259,-0.738081,-0.080937,-0.157316,-0.865046,-0.120757,-0.164694,-0.974646,-0.151462,-0.055062,-0.53279,-0.055824,-0.212479,-0.500948,-0.138949,-0.229324,-0.373369,-0.157572,-0.187952,-0.311631,-0.156634,-0.024836,-0.474046,-0.090651,-0.182192,-0.437458,-0.159226,-0.19056,-0.327928,-0.13179,-0.150334,-0.285687,-0.100215,-0.009805,-0.392712,-0.130832,-0.142615,-0.385233,-0.17187,-0.156806,-0.293896,-0.14658,-0.125223,-0.247278,-0.116518,K
0.0,0.0,0.0,0.145361,0.160736,0.071496,0.244843,0.37643,0.059859,0.244071,0.574624,0.022513,0.199849,0.733719,-0.017083,0.405317,0.406036,-0.010186,0.485818,0.658359,-0.053238,0.457838,0.807558,-0.079925,0.417391,0.903484,-0.097473,0.35647,0.401147,-0.079801,0.25053,0.736309,-0.119618,0.180679,0.69034,-0.118396,0.174719,0.590748,-0.119475,0.264391,0.400173,-0.142697,0.154694,0.702343,-0.156323,0.110817,0.645341,-0.118742,0.121569,0.552058,-0.100858,0.159407,0.39855,-0.203751,0.081992,0.65276,-0.187167,0.047705,0.617121,-0.140213,0.0547,0.543295,-0.111378,0.0,0.0,0.0,-0.129091,-0.125019,-0.024351,-0.211514,-0.260193,-0.064701,-0.246621,-0.350391,-0.112576,-0.240672,-0.377675,-0.161482,-0.064944,-0.555867,-0.042298,-0.104782,-0.740702,-0.09314,-0.125516,-0.866953,-0.132559,-0.134535,-0.977205,-0.164227,-0.005983,-0.522585,-0.068629,-0.140056,-0.542849,-0.144829,-0.182229,-0.423592,-0.162884,-0.161608,-0.338276,-0.162999,0.018658,-0.446391,-0.099151,-0.124297,-0.443053,-0.161006,-0.159073,-0.344086,-0.13827,-0.135642,-0.279068,-0.111045,0.023101,-0.353451,-0.134496,-0.098953,-0.361145,-0.166633,-0.132228,-0.28378,-0.142244,-0.116962,-0.231099,-0.115804,K
