0.0,0.0,0.0,0.179329,-0.085314,0.031006,0.290651,-0.197006,0.005364,0.347213,-0.266058,-0.038909,0.381042,-0.318026,-0.077517,0.241121,-0.48587,-0.024671,0.273887,-0.684231,-0.087026,0.27001,-0.830103,-0.129073,0.259065,-0.953165,-0.156082,0.222801,-0.465196,-0.078445,0.439646,-0.506994,-0.143802,0.591,-0.51372,-0.17642,0.708136,-0.513488,-0.194613,0.206088,-0.378664,-0.128715,0.390079,-0.205002,-0.173078,0.3385,-0.133117,-0.153712,0.27772,-0.128328,-0.133131,0.206582,-0.257769,-0.180517,0.352885,-0.118885,-0.195793,0.314364,-0.061921,-0.16378,0.262254,-0.07233,-0.136141,0.0,0.0,0.0,-0.146534,-0.144397,3.3e-05,-0.219972,-0.290484,-0.036017,-0.256456,-0.392902,-0.087437,-0.268855,-0.449285,-0.139412,-0.070616,-0.552922,-0.02851,-0.120206,-0.732242,-0.079274,-0.143992,-0.860123,-0.114265,-0.164046,-0.975302,-0.1479,-0.024019,-0.530476,-0.070694,-0.236307,-0.467238,-0.143303,-0.226419,-0.31616,-0.146565,-0.167181,-0.278091,-0.143747,-0.00822,-0.462795,-0.116636,-0.213434,-0.386869,-0.174189,-0.189945,-0.265604,-0.133006,-0.131026,-0.241915,-0.104332,-0.013345,-0.37017,-0.167543,-0.168153,-0.326265,-0.211992,-0.153871,-0.239197,-0.190255,-0.102967,-0.217384,-0.169587,H
0.0,0.0,0.0,0.161461,-0.087268,0.032078,0.277123,-0.199091,0.003549,0.347727,-0.26828,-0.04455,0.39613,-0.313324,-0.087682,0.240035,-0.477297,-0.026233,0.273944,-0.679136,-0.093146,0.273154,-0.823705,-0.13761,0.262752,-0.950634,-0.165096,0.222726,-0.452198,-0.082383,0.451722,-0.501224,-0.150849,0.604661,-0.512506,-0.185034,0.720947,-0.522068,-0.203305,0.20959,-0.364002,-0.135159,0.401204,-0.201946,-0.184525,0.350792,-0.128061,-0.16628,0.28864,-0.123189,-0.144485,0.21547,-0.245546,-0.18882,0.365202,-0.117732,-0.204324,0.326703,-0.060212,-0.170027,0.276642,-0.068353,-0.140435,0.0,0.0,0.0,-0.146069,-0.150185,-0.000391,-0.224293,-0.3009,-0.034555,-0.264895,-0.406458,-0.083108,-0.273001,-0.461933,-0.131903,-0.069505,-0.55815,-0.031347,-0.120878,-0.740053,-0.079403,-0.14699,-0.864727,-0.111009,-0.166777,-0.975718,-0.141986,-0.020163,-0.529977,-0.07162,-0.232903,-0.465206,-0.143271,-0.225453,-0.320665,-0.147474,-0.168196,-0.278322,-0.145711,-0.00251,-0.455325,-0.115018,-0.208396,-0.383316,-0.172749,-0.187675,-0.268558,-0.134879,-0.1305,-0.242076,-0.107773,-0.005927,-0.358757,-0.16295,-0.160886,-0.325495,-0.208016,-0.152455,-0.24353,-0.188766,-0.105829,-0.218462,-0.169469,H
0.0,0.0,0.0,0.186528,-0.056118,0.036545,0.311683,-0.128934,0.005815,0.3927,-0.134879,-0.046506,0.447955,-0.146025,-0.093669,0.251058,-0.474856,-0.019508,0.28327,-0.67943,-0.086242,0.276689,-0.826273,-0.133501,0.261467,-0.951408,-0.162659,0.234538,-0.461011,-0.080179,0.466539,-0.518227,-0.150567,0.621233,-0.536964,-0.189791,0.736617,-0.545431,-0.211439,0.218039,-0.379382,-0.13644,0.416369,-0.207739,-0.18206,0.371102,-0.125163,-0.158949,0.309581,-0.108931,-0.133691,0.217868,-0.261805,-0.193983,0.367498,-0.128634,-0.202394,0.334264,-0.05912,-0.158786,0.285429,-0.052521,-0.122372,0.0,0.0,0.0,-0.147841,-0.150855,-0.004184,-0.224666,-0.304277,-0.034888,-0.266079,-0.407636,-0.07872,-0.282294,-0.459729,-0.122632,-0.072948,-0.567122,-0.023,-0.11732,-0.745133,-0.067282,-0.14298,-0.869315,-0.10013,-0.165526,-0.97727,-0.132459,-0.025725,-0.542805,-0.060092,-0.237305,-0.482942,-0.133954,-0.232228,-0.339709,-0.14704,-0.179498,-0.283259,-0.149624,-0.00828,-0.471593,-0.10015,-0.216432,-0.404329,-0.163402,-0.194946,-0.284726,-0.134554,-0.14028,-0.245853,-0.109974,-0.011527,-0.37759,-0.144269,-0.17139,-0.346391,-0.191634,-0.160449,-0.257382,-0.173903,-0.113802,-0.223638,-0.153701,H
0.0,0.0,0.0,0.185544,-0.048043,0.027912,0.304434,-0.117871,-0.005017,0.376507,-0.134354,-0.05706,0.424629,-0.1544,-0.102755,0.245966,-0.467588,-0.024419,0.286132,-0.66927,-0.09118,0.280877,-0.821006,-0.137288,0.264427,-0.950248,-0.164642,0.227637,-0.456327,-0.07877,0.458809,-0.516449,-0.151498,0.611251,-0.531416,-0.189669,0.726359,-0.536832,-0.208757,0.212689,-0.380475,-0.129324,0.410078,-0.20517,-0.179217,0.354933,-0.12544,-0.156937,0.288284,-0.110285,-0.129541,0.216331,-0.265349,-0.181392,0.367402,-0.132209,-0.192201,0.330881,-0.059998,-0.149888,0.281332,-0.049314,-0.112766,0.0,0.0,0.0,-0.144,-0.154135,-0.001594,-0.215268,-0.305595,-0.031053,-0.255664,-0.405283,-0.073602,-0.268436,-0.470161,-0.116176,-0.066266,-0.557452,-0.023138,-0.10842,-0.736442,-0.071324,-0.127718,-0.867283,-0.107599,-0.141028,-0.979955,-0.140711,-0.021315,-0.532862,-0.060915,-0.229649,-0.480205,-0.134071,-0.225154,-0.34503,-0.147928,-0.173014,-0.290296,-0.151117,-0.005328,-0.462105,-0.101554,-0.208125,-0.396149,-0.162466,-0.186835,-0.285998,-0.132748,-0.134145,-0.249492,-0.107582,-0.008245,-0.368879,-0.146315,-0.164025,-0.340216,-0.18982,-0.155899,-0.256719,-0.16984,-0.114012,-0.222631,-0.148193,H
0.0,0.0,0.0,0.189759,-0.049864,0.029441,0.316271,-0.122634,-0.001435,0.391611,-0.137064,-0.050969,0.441839,-0.151678,-0.094203,0.254005,-0.468451,-0.02469,0.28941,-0.669553,-0.089908,0.281597,-0.822261,-0.135257,0.264222,-0.950586,-0.163012,0.231271,-0.455631,-0.079371,0.459404,-0.515901,-0.149077,0.611187,-0.528877,-0.185162,0.72707,-0.5323,-0.203974,0.213839,-0.375785,-0.130166,0.413481,-0.200368,-0.175818,0.365234,-0.124379,-0.153219,0.304017,-0.114012,-0.127759,0.21572,-0.256944,-0.182675,0.368635,-0.12308,-0.191078,0.333547,-0.059107,-0.149925,0.28509,-0.058174,-0.115194,0.0,0.0,0.0,-0.14634,-0.156289,0.002249,-0.222631,-0.315022,-0.025685,-0.265413,-0.415852,-0.067731,-0.278052,-0.475133,-0.110327,-0.07214,-0.56244,-0.019277,-0.116458,-0.737069,-0.063403,-0.137268,-0.867389,-0.096935,-0.15185,-0.979849,-0.129759,-0.026834,-0.538347,-0.059767,-0.237835,-0.480335,-0.130125,-0.229095,-0.344754,-0.142991,-0.174034,-0.293224,-0.14678,-0.008947,-0.463935,-0.102705,-0.217195,-0.397411,-0.162472,-0.19283,-0.287218,-0.134181,-0.136763,-0.255365,-0.111427,-0.009514,-0.365967,-0.149225,-0.173175,-0.338708,-0.193476,-0.161629,-0.255732,-0.175174,-0.115235,-0.225161,-0.155838,H
0.0,0.0,0.0,0.194779,-0.043428,0.029144,0.319471,-0.1133,-0.002737,0.392978,-0.127846,-0.053531,0.440734,-0.143619,-0.098605,0.254763,-0.469087,-0.023098,0.289305,-0.668507,-0.088636,0.283304,-0.820199,-0.13544,0.266497,-0.949754,-0.164155,0.234685,-0.456881,-0.077574,0.465195,-0.520078,-0.142493,0.616368,-0.535187,-0.177887,0.731074,-0.541378,-0.197171,0.216501,-0.378348,-0.128405,0.411837,-0.205316,-0.170588,0.360625,-0.129444,-0.148409,0.297266,-0.116787,-0.123918,0.215416,-0.261858,-0.181071,0.36181,-0.127863,-0.188023,0.329156,-0.062795,-0.146788,0.283518,-0.058555,-0.112118,0.0,0.0,0.0,-0.14563,-0.148816,0.000125,-0.219252,-0.302397,-0.029072,-0.260023,-0.402887,-0.071645,-0.271694,-0.467466,-0.114308,-0.070428,-0.559633,-0.023685,-0.109699,-0.736117,-0.069497,-0.127747,-0.867752,-0.103759,-0.138522,-0.980866,-0.136799,-0.022338,-0.536069,-0.062846,-0.229896,-0.480322,-0.129398,-0.22068,-0.350648,-0.139058,-0.16386,-0.308116,-0.142506,-0.004338,-0.461421,-0.105012,-0.208441,-0.394066,-0.161381,-0.185501,-0.289476,-0.130242,-0.129956,-0.264248,-0.107465,-0.007596,-0.363711,-0.151367,-0.165678,-0.332714,-0.194445,-0.155393,-0.253889,-0.176389,-0.110891,-0.227699,-0.158156,H
0.0,0.0,0.0,0.185498,-0.056692,0.034399,0.304088,-0.138515,0.004465,0.380174,-0.162378,-0.045494,0.435985,-0.178484,-0.089296,0.249012,-0.469251,-0.020773,0.284049,-0.670989,-0.08841,0.279222,-0.820344,-0.134241,0.264247,-0.950742,-0.162062,0.230563,-0.457912,-0.077756,0.456767,-0.523236,-0.150554,0.604908,-0.539188,-0.188635,0.717245,-0.54951,-0.208078,0.215964,-0.379813,-0.130391,0.412197,-0.197551,-0.179206,0.362864,-0.118536,-0.15747,0.300159,-0.11036,-0.131377,0.218646,-0.264672,-0.184042,0.36641,-0.122438,-0.195083,0.329245,-0.055103,-0.154818,0.277853,-0.059555,-0.119844,0.0,0.0,0.0,-0.150446,-0.147832,-0.005832,-0.223764,-0.301223,-0.038889,-0.26182,-0.406722,-0.085071,-0.275904,-0.468184,-0.131199,-0.068443,-0.558169,-0.026478,-0.105357,-0.736109,-0.076771,-0.123689,-0.866194,-0.113039,-0.13768,-0.979491,-0.147113,-0.021509,-0.533388,-0.063903,-0.23388,-0.483334,-0.137652,-0.225265,-0.341672,-0.14645,-0.167428,-0.297726,-0.146667,-0.005805,-0.461816,-0.10549,-0.217222,-0.404116,-0.168225,-0.192794,-0.286988,-0.133722,-0.134042,-0.256786,-0.106612,-0.011013,-0.365664,-0.151798,-0.174111,-0.334038,-0.20069,-0.158097,-0.248074,-0.182289,-0.106294,-0.22184,-0.162114,H
0.0,0.0,0.0,0.202503,-0.030832,0.030107,0.321325,-0.097556,-0.000468,0.396014,-0.111556,-0.051641,0.449513,-0.115956,-0.096823,0.258909,-0.463341,-0.017134,0.292147,-0.664799,-0.084205,0.286909,-0.816036,-0.131678,0.270061,-0.949222,-0.161381,0.233893,-0.456956,-0.07373,0.458424,-0.522298,-0.148728,0.607738,-0.539504,-0.189772,0.719014,-0.550843,-0.210681,0.213296,-0.380809,-0.126951,0.414485,-0.194902,-0.180741,0.366593,-0.105252,-0.160155,0.301584,-0.090468,-0.132554,0.210808,-0.264579,-0.181572,0.365267,-0.126844,-0.19566,0.33397,-0.053014,-0.154411,0.284694,-0.046836,-0.117551,0.0,0.0,0.0,-0.148113,-0.147122,-0.005269,-0.220849,-0.305509,-0.035703,-0.259713,-0.411915,-0.078331,-0.27928,-0.466865,-0.121644,-0.064694,-0.555011,-0.031126,-0.10461,-0.736654,-0.080028,-0.123386,-0.865263,-0.115253,-0.136836,-0.979447,-0.148187,-0.02024,-0.526986,-0.066206,-0.233091,-0.472437,-0.140182,-0.22701,-0.333171,-0.151214,-0.172457,-0.277712,-0.15319,-0.00785,-0.451374,-0.104259,-0.215529,-0.392153,-0.165871,-0.193099,-0.277893,-0.134689,-0.137696,-0.237121,-0.109555,-0.014508,-0.354484,-0.14663,-0.170458,-0.326303,-0.194113,-0.158956,-0.242545,-0.177571,-0.112994,-0.208049,-0.158656,H
0.0,0.0,0.0,0.204193,-0.030459,0.02848,0.320248,-0.10058,-0.000237,0.390586,-0.114038,-0.049183,0.431488,-0.110109,-0.094081,0.25628,-0.466664,-0.015726,0.293822,-0.661211,-0.08186,0.295247,-0.810793,-0.130349,0.284066,-0.945019,-0.162004,0.234662,-0.455046,-0.070703,0.460422,-0.515281,-0.14051,0.611979,-0.523069,-0.180474,0.725302,-0.530829,-0.202672,0.217385,-0.374302,-0.12316,0.416176,-0.196751,-0.174626,0.371365,-0.112002,-0.159429,0.309668,-0.104417,-0.137761,0.217461,-0.255669,-0.176988,0.369427,-0.116221,-0.192144,0.337468,-0.048397,-0.156783,0.289555,-0.050137,-0.125817,0.0,0.0,0.0,-0.147092,-0.147585,-0.005016,-0.220878,-0.303569,-0.036778,-0.261302,-0.41197,-0.081059,-0.284531,-0.463863,-0.126059,-0.069046,-0.554715,-0.029407,-0.107041,-0.736146,-0.077065,-0.126141,-0.865697,-0.11106,-0.141465,-0.979489,-0.143492,-0.024302,-0.525969,-0.065427,-0.239211,-0.474655,-0.139051,-0.233933,-0.335775,-0.14978,-0.18054,-0.284293,-0.151261,-0.011582,-0.450811,-0.104282,-0.222038,-0.39155,-0.166422,-0.197581,-0.276683,-0.13492,-0.140296,-0.242129,-0.109311,-0.019256,-0.355091,-0.147295,-0.17983,-0.324797,-0.1951,-0.16506,-0.240266,-0.177678,-0.115522,-0.210791,-0.157999,H
0.0,0.0,0.0,0.207504,-0.013278,0.023201,0.322761,-0.073778,-0.005781,0.391941,-0.097598,-0.054146,0.436815,-0.106999,-0.097044,0.265591,-0.464846,-0.012921,0.300423,-0.663473,-0.077471,0.300601,-0.812813,-0.124303,0.289263,-0.944751,-0.154181,0.241236,-0.460446,-0.065557,0.463854,-0.518382,-0.13399,0.615391,-0.526528,-0.171397,0.728716,-0.53468,-0.190422,0.220045,-0.385999,-0.117046,0.417623,-0.191184,-0.169843,0.366793,-0.099431,-0.154285,0.301696,-0.084671,-0.130407,0.213615,-0.272283,-0.17044,0.357724,-0.127859,-0.186203,0.324279,-0.056473,-0.150894,0.278725,-0.051072,-0.118732,0.0,0.0,0.0,-0.146309,-0.146143,-0.002978,-0.222576,-0.299834,-0.033762,-0.266408,-0.406106,-0.077451,-0.289978,-0.459916,-0.121847,-0.069309,-0.552648,-0.028188,-0.109575,-0.736361,-0.076612,-0.128064,-0.865874,-0.110872,-0.142032,-0.979509,-0.142791,-0.026371,-0.523784,-0.064056,-0.243077,-0.466553,-0.137868,-0.235975,-0.328752,-0.148616,-0.181305,-0.277509,-0.150167,-0.014281,-0.449242,-0.102583,-0.224583,-0.387924,-0.163975,-0.197989,-0.274788,-0.13253,-0.140264,-0.23923,-0.107001,-0.021085,-0.354153,-0.145142,-0.1807,-0.322522,-0.192529,-0.165604,-0.238601,-0.175445,-0.116541,-0.208329,-0.155805,H
0.0,0.0,0.0,0.213589,-0.017364,0.021657,0.333654,-0.07516,-0.008792,0.40447,-0.09717,-0.058783,0.438437,-0.109842,-0.103399,0.268195,-0.460508,-0.012171,0.30643,-0.657974,-0.076561,0.309894,-0.808119,-0.124238,0.30191,-0.940544,-0.155652,0.24575,-0.452566,-0.064792,0.467416,-0.50414,-0.134798,0.620105,-0.507808,-0.174702,0.735387,-0.512709,-0.196295,0.223786,-0.378212,-0.116517,0.418883,-0.187903,-0.16958,0.3661,-0.101957,-0.154906,0.302564,-0.094907,-0.133046,0.217515,-0.263404,-0.170565,0.360982,-0.11956,-0.186699,0.326801,-0.050398,-0.153011,0.2831,-0.046977,-0.123004,0.0,0.0,0.0,-0.140899,-0.147164,-0.003968,-0.213466,-0.304223,-0.032958,-0.25508,-0.408912,-0.074209,-0.276109,-0.462228,-0.116121,-0.067189,-0.553187,-0.028694,-0.108577,-0.736283,-0.078101,-0.125901,-0.86632,-0.113421,-0.137267,-0.979779,-0.145569,-0.024819,-0.525528,-0.063449,-0.235726,-0.464342,-0.13828,-0.22812,-0.325324,-0.150344,-0.173863,-0.270425,-0.151904,-0.012085,-0.451346,-0.100948,-0.216829,-0.384279,-0.162945,-0.191304,-0.269977,-0.133305,-0.135377,-0.231627,-0.108,-0.016932,-0.355788,-0.14251,-0.173029,-0.320064,-0.189174,-0.160474,-0.235098,-0.172434,-0.114932,-0.203043,-0.152676,H
0.0,0.0,0.0,0.209405,-0.017958,0.01663,0.333538,-0.069578,-0.018603,0.404011,-0.080321,-0.0723,0.439501,-0.082572,-0.120413,0.275157,-0.456875,-0.022593,0.316729,-0.652494,-0.086556,0.317642,-0.803968,-0.134847,0.308099,-0.936546,-0.167201,0.25033,-0.446379,-0.074594,0.474584,-0.496378,-0.142912,0.629492,-0.499611,-0.181945,0.747598,-0.499552,-0.204498,0.227912,-0.370277,-0.125337,0.428428,-0.189646,-0.174694,0.378746,-0.107136,-0.155423,0.315924,-0.095393,-0.132446,0.221652,-0.252623,-0.179294,0.370048,-0.122379,-0.192956,0.339392,-0.055442,-0.155376,0.29823,-0.047066,-0.123504,0.0,0.0,0.0,-0.142404,-0.151345,-0.004119,-0.216767,-0.307205,-0.032611,-0.258615,-0.407841,-0.074259,-0.284299,-0.470688,-0.115909,-0.0781,-0.55795,-0.020082,-0.118441,-0.736752,-0.069056,-0.135851,-0.867237,-0.10462,-0.148474,-0.979478,-0.136304,-0.037021,-0.535661,-0.055063,-0.244633,-0.474029,-0.133138,-0.240727,-0.336654,-0.149427,-0.190058,-0.281952,-0.151417,-0.022185,-0.469363,-0.093152,-0.224671,-0.388809,-0.156757,-0.198953,-0.275724,-0.129424,-0.143246,-0.243963,-0.104069,-0.025312,-0.380135,-0.135551,-0.179038,-0.327148,-0.179464,-0.162898,-0.238764,-0.161098,-0.113822,-0.213548,-0.139547,H
0.0,0.0,0.0,0.201913,-0.010282,0.022873,0.322238,-0.060291,-0.009115,0.3931,-0.074294,-0.06015,0.432466,-0.080122,-0.105444,0.262611,-0.454619,-0.020249,0.301873,-0.655526,-0.08561,0.305476,-0.809466,-0.13528,0.295382,-0.940596,-0.167418,0.242877,-0.446811,-0.072915,0.475807,-0.485507,-0.142342,0.631859,-0.485576,-0.182613,0.745306,-0.484677,-0.205148,0.224567,-0.374175,-0.123478,0.424629,-0.189055,-0.17306,0.375166,-0.102284,-0.153701,0.311995,-0.089267,-0.129471,0.224072,-0.261631,-0.176245,0.371142,-0.124708,-0.18803,0.339361,-0.054971,-0.148622,0.297239,-0.044117,-0.114603,0.0,0.0,0.0,-0.146235,-0.142833,-0.003805,-0.222116,-0.287547,-0.035809,-0.265713,-0.388068,-0.080534,-0.279382,-0.453342,-0.124874,-0.078948,-0.550769,-0.025402,-0.119958,-0.732979,-0.078135,-0.139114,-0.865892,-0.115868,-0.153062,-0.977047,-0.148159,-0.033451,-0.527105,-0.061244,-0.238318,-0.474971,-0.137677,-0.233695,-0.341921,-0.149744,-0.182915,-0.289808,-0.14968,-0.016249,-0.458469,-0.100581,-0.21632,-0.384402,-0.161989,-0.192304,-0.27958,-0.129916,-0.139569,-0.250702,-0.101926,-0.019378,-0.366446,-0.144205,-0.17386,-0.326986,-0.185118,-0.159967,-0.246234,-0.1628,-0.114656,-0.222101,-0.138941,H
0.0,0.0,0.0,0.203773,-0.004331,0.020378,0.324822,-0.054415,-0.012386,0.396752,-0.06679,-0.064401,0.438219,-0.069828,-0.11145,0.269208,-0.450464,-0.0206,0.305158,-0.650922,-0.088058,0.30737,-0.805394,-0.138394,0.299041,-0.938705,-0.171487,0.248328,-0.445412,-0.073831,0.475415,-0.486977,-0.146385,0.630359,-0.484304,-0.187744,0.747734,-0.484665,-0.210137,0.228432,-0.37495,-0.125485,0.429236,-0.18116,-0.180707,0.37381,-0.091375,-0.163375,0.308251,-0.083976,-0.139294,0.226751,-0.260747,-0.179387,0.377025,-0.11274,-0.197743,0.339276,-0.039295,-0.160777,0.290788,-0.034636,-0.127401,0.0,0.0,0.0,-0.153494,-0.138425,-0.006917,-0.231497,-0.278981,-0.042206,-0.275535,-0.382102,-0.089858,-0.286637,-0.443849,-0.136932,-0.090629,-0.551714,-0.027855,-0.133127,-0.731924,-0.080813,-0.155006,-0.860596,-0.117831,-0.172077,-0.973441,-0.151004,-0.03833,-0.529624,-0.064245,-0.243616,-0.470493,-0.139032,-0.238098,-0.32807,-0.14658,-0.184133,-0.287687,-0.144732,-0.01586,-0.460787,-0.105043,-0.219566,-0.378319,-0.166589,-0.19945,-0.263404,-0.129714,-0.145117,-0.243244,-0.099968,-0.015535,-0.367838,-0.150771,-0.174799,-0.316942,-0.191959,-0.163781,-0.229946,-0.167857,-0.117184,-0.211177,-0.143931,H
0.0,0.0,0.0,0.206734,-0.01038,0.026525,0.321383,-0.066462,-0.00083,0.387994,-0.090923,-0.048749,0.422327,-0.101162,-0.092111,0.264124,-0.465258,-0.00735,0.290558,-0.66348,-0.069589,0.292685,-0.813609,-0.117757,0.284915,-0.946746,-0.149984,0.246868,-0.456663,-0.062311,0.475322,-0.497202,-0.127758,0.629969,-0.497277,-0.167824,0.746639,-0.504522,-0.191027,0.22747,-0.382376,-0.115851,0.424961,-0.190265,-0.167041,0.366285,-0.104319,-0.1523,0.297993,-0.099957,-0.130946,0.224014,-0.266166,-0.171011,0.367705,-0.122347,-0.186601,0.329916,-0.052977,-0.151582,0.28203,-0.048693,-0.120674,0.0,0.0,0.0,-0.154362,-0.136759,-0.004832,-0.228957,-0.274208,-0.039899,-0.268745,-0.374421,-0.088621,-0.274273,-0.443622,-0.137209,-0.082286,-0.549361,-0.030537,-0.130361,-0.733076,-0.083988,-0.156272,-0.859734,-0.121711,-0.17637,-0.971966,-0.155483,-0.031018,-0.527378,-0.069095,-0.237003,-0.473099,-0.148586,-0.234466,-0.323457,-0.158669,-0.179645,-0.266816,-0.157041,-0.01112,-0.46,-0.111607,-0.214572,-0.386073,-0.175573,-0.196754,-0.267562,-0.139581,-0.141713,-0.229329,-0.109239,-0.013371,-0.36808,-0.158955,-0.170174,-0.332683,-0.204375,-0.162903,-0.249433,-0.182993,-0.1173,-0.218134,-0.159687,H
0.0,0.0,0.0,0.19911,-0.015023,0.028482,0.313248,-0.071755,0.002501,0.381612,-0.089538,-0.043372,0.41513,-0.090154,-0.085415,0.261954,-0.463647,-0.009119,0.287816,-0.661635,-0.066103,0.291366,-0.81259,-0.110275,0.28761,-0.947283,-0.141195,0.246032,-0.452089,-0.063412,0.468832,-0.496417,-0.122773,0.619804,-0.494909,-0.15747,0.733666,-0.499143,-0.178423,0.228788,-0.373069,-0.115621,0.421143,-0.191963,-0.160544,0.367734,-0.112688,-0.145713,0.302862,-0.108308,-0.126633,0.225525,-0.256843,-0.169399,0.367249,-0.124709,-0.181494,0.331202,-0.060764,-0.147515,0.283964,-0.057157,-0.118861,0.0,0.0,0.0,-0.153389,-0.140856,-0.002524,-0.231716,-0.281551,-0.038113,-0.275053,-0.376935,-0.087668,-0.294977,-0.43175,-0.137682,-0.079772,-0.557378,-0.032314,-0.12569,-0.736567,-0.083071,-0.147085,-0.865116,-0.117178,-0.162224,-0.975594,-0.147986,-0.028508,-0.531916,-0.070449,-0.238673,-0.468797,-0.143066,-0.237471,-0.325833,-0.148191,-0.183757,-0.278796,-0.145357,-0.009038,-0.460207,-0.112048,-0.218738,-0.382419,-0.168063,-0.200795,-0.274697,-0.130631,-0.14606,-0.246845,-0.102542,-0.014185,-0.364757,-0.158365,-0.181952,-0.328847,-0.198252,-0.173188,-0.250079,-0.175944,-0.125676,-0.225803,-0.153698,H
0.0,0.0,0.0,0.205713,-0.033283,0.026421,0.324699,-0.106453,-0.000855,0.395024,-0.127558,-0.048403,0.433878,-0.124233,-0.091938,0.26451,-0.472222,-0.01003,0.287568,-0.666464,-0.071211,0.289702,-0.815979,-0.117296,0.2824,-0.947806,-0.148033,0.250182,-0.456797,-0.063955,0.472612,-0.496348,-0.125865,0.625349,-0.495722,-0.161403,0.741679,-0.498614,-0.18207,0.234136,-0.378539,-0.116653,0.419778,-0.190432,-0.165011,0.362574,-0.111557,-0.152705,0.298622,-0.105228,-0.134457,0.231273,-0.261745,-0.171053,0.370252,-0.117083,-0.185006,0.330797,-0.055091,-0.153289,0.283992,-0.053133,-0.125897,0.0,0.0,0.0,-0.149273,-0.148113,0.000626,-0.227541,-0.289137,-0.034086,-0.271035,-0.380863,-0.0832,-0.292214,-0.442211,-0.132596,-0.073809,-0.566449,-0.030657,-0.116033,-0.741124,-0.079729,-0.134852,-0.866843,-0.112911,-0.149795,-0.978149,-0.144175,-0.022379,-0.537338,-0.070599,-0.234691,-0.474486,-0.138044,-0.226448,-0.336988,-0.141582,-0.169545,-0.298129,-0.140932,-0.003114,-0.463293,-0.113783,-0.215372,-0.39197,-0.167095,-0.192854,-0.284499,-0.128104,-0.136639,-0.26072,-0.101616,-0.009045,-0.365485,-0.161329,-0.181,-0.33604,-0.202929,-0.168158,-0.257186,-0.181134,-0.117444,-0.235441,-0.160315,H
0.0,0.0,0.0,0.205844,-0.019073,0.035597,0.322377,-0.087646,0.013491,0.3885,-0.110924,-0.029481,0.422733,-0.110367,-0.068442,0.264154,-0.467882,-0.006267,0.285303,-0.668565,-0.061599,0.285453,-0.819731,-0.104314,0.277538,-0.951382,-0.133584,0.247903,-0.455719,-0.062541,0.47255,-0.49733,-0.119681,0.628901,-0.493471,-0.152239,0.745464,-0.492183,-0.171557,0.231723,-0.377777,-0.115896,0.421017,-0.194592,-0.157453,0.367836,-0.116925,-0.1417,0.303759,-0.11138,-0.122575,0.230368,-0.261512,-0.17022,0.371686,-0.124838,-0.177777,0.334677,-0.06151,-0.14164,0.288764,-0.054162,-0.111968,0.0,0.0,0.0,-0.150539,-0.148252,0.002756,-0.228882,-0.291114,-0.032341,-0.271372,-0.382305,-0.083106,-0.289754,-0.446419,-0.134273,-0.07548,-0.568278,-0.026656,-0.118835,-0.743659,-0.074606,-0.139016,-0.870051,-0.106651,-0.153538,-0.97865,-0.136641,-0.025697,-0.54301,-0.068006,-0.236041,-0.478127,-0.134799,-0.23225,-0.336383,-0.137651,-0.177133,-0.292726,-0.135627,-0.005977,-0.472257,-0.112683,-0.214679,-0.395671,-0.163087,-0.195324,-0.286245,-0.123265,-0.14025,-0.260168,-0.096733,-0.009885,-0.377346,-0.162088,-0.175242,-0.341604,-0.199437,-0.165285,-0.259545,-0.176102,-0.116587,-0.235666,-0.154833,H
0.0,0.0,0.0,0.203846,-0.013311,0.033554,0.319825,-0.076141,0.011003,0.385085,-0.098916,-0.031467,0.416622,-0.106641,-0.06937,0.261128,-0.46814,-0.009465,0.278712,-0.66766,-0.0677,0.276827,-0.819081,-0.113216,0.266451,-0.953028,-0.14402,0.245374,-0.458071,-0.064899,0.473906,-0.505473,-0.123655,0.630641,-0.504662,-0.15784,0.746646,-0.506376,-0.177808,0.230676,-0.381605,-0.117339,0.425511,-0.204566,-0.159559,0.372351,-0.126306,-0.143077,0.308114,-0.120998,-0.123181,0.231112,-0.267288,-0.170963,0.372489,-0.133211,-0.179108,0.334,-0.069489,-0.141816,0.288338,-0.062076,-0.110784,0.0,0.0,0.0,-0.150429,-0.143776,-0.000496,-0.224739,-0.283661,-0.033808,-0.266131,-0.375427,-0.081549,-0.282737,-0.440104,-0.12953,-0.071343,-0.5679,-0.028144,-0.1167,-0.744286,-0.075763,-0.13727,-0.86855,-0.109468,-0.151226,-0.978458,-0.140533,-0.022082,-0.54665,-0.066311,-0.233313,-0.479676,-0.135785,-0.2313,-0.33944,-0.144018,-0.178093,-0.284978,-0.144862,-0.004102,-0.477812,-0.107515,-0.210831,-0.399957,-0.160647,-0.193973,-0.289803,-0.126346,-0.142517,-0.252336,-0.101529,-0.01,-0.384435,-0.153468,-0.171764,-0.348916,-0.193079,-0.165089,-0.268887,-0.173659,-0.12084,-0.238451,-0.153669,H
0.0,0.0,0.0,0.196798,-0.028943,0.021206,0.319508,-0.096681,-0.007584,0.388447,-0.116658,-0.054754,0.42054,-0.121612,-0.097989,0.253701,-0.478155,-0.016326,0.271869,-0.67481,-0.079223,0.267754,-0.8261,-0.127122,0.254343,-0.954161,-0.157757,0.244188,-0.464351,-0.066606,0.470589,-0.511647,-0.122811,0.622769,-0.510933,-0.15482,0.736527,-0.508265,-0.173252,0.233644,-0.386723,-0.116068,0.42309,-0.20729,-0.158346,0.365941,-0.135072,-0.1466,0.302438,-0.13137,-0.130334,0.236853,-0.269745,-0.167767,0.37413,-0.127036,-0.178522,0.331863,-0.069583,-0.147288,0.284641,-0.069397,-0.120713,0.0,0.0,0.0,-0.155687,-0.139552,-0.00152,-0.231868,-0.276228,-0.039333,-0.275436,-0.367974,-0.091398,-0.287976,-0.435821,-0.143551,-0.079875,-0.563107,-0.033654,-0.117741,-0.741361,-0.084167,-0.14153,-0.869126,-0.115913,-0.158813,-0.976685,-0.144448,-0.025917,-0.537938,-0.072233,-0.236587,-0.487949,-0.141606,-0.237629,-0.34563,-0.142243,-0.183967,-0.299099,-0.136547,-0.003831,-0.465458,-0.114461,-0.214575,-0.401649,-0.166959,-0.200646,-0.292986,-0.125554,-0.147868,-0.265645,-0.095756,-0.008482,-0.368514,-0.161431,-0.176619,-0.345616,-0.19916,-0.17178,-0.267391,-0.174734,-0.125014,-0.243442,-0.15109,H
0.0,0.0,0.0,0.196133,-0.047421,0.029058,0.31884,-0.120421,0.004049,0.392933,-0.144087,-0.040868,0.426992,-0.155027,-0.081407,0.251061,-0.488274,-0.007137,0.271978,-0.680971,-0.068747,0.266115,-0.829944,-0.115578,0.249657,-0.957397,-0.145131,0.244108,-0.468894,-0.061523,0.465731,-0.520943,-0.121396,0.616097,-0.524362,-0.156083,0.729015,-0.525562,-0.17562,0.236465,-0.387707,-0.114332,0.428846,-0.215899,-0.160051,0.370273,-0.13937,-0.145852,0.304499,-0.13219,-0.126327,0.243422,-0.267576,-0.168463,0.388626,-0.133755,-0.179352,0.345915,-0.070834,-0.144078,0.295217,-0.06584,-0.113788,0.0,0.0,0.0,-0.151209,-0.140015,-0.004856,-0.223197,-0.269076,-0.043553,-0.265098,-0.358116,-0.096064,-0.27206,-0.423438,-0.148197,-0.081511,-0.553899,-0.032439,-0.115789,-0.736836,-0.08808,-0.137643,-0.866641,-0.124203,-0.153159,-0.976012,-0.154733,-0.025068,-0.533154,-0.07023,-0.22555,-0.483863,-0.145202,-0.229466,-0.336507,-0.149039,-0.178637,-0.288867,-0.142967,7.9e-05,-0.464817,-0.112578,-0.198955,-0.391855,-0.170387,-0.189975,-0.277133,-0.130192,-0.141161,-0.249535,-0.09768,-0.000999,-0.371263,-0.160067,-0.159981,-0.341101,-0.19814,-0.161636,-0.261074,-0.172415,-0.121693,-0.237718,-0.146133,H
0.0,0.0,0.0,0.18171,-0.056532,0.036953,0.299534,-0.127492,0.012471,0.377008,-0.151343,-0.032716,0.421884,-0.164759,-0.072786,0.232504,-0.487855,-0.005836,0.254579,-0.685149,-0.065105,0.248752,-0.835233,-0.108735,0.234457,-0.962421,-0.137023,0.230892,-0.474124,-0.063221,0.455008,-0.525703,-0.12669,0.602632,-0.530838,-0.162313,0.712071,-0.532445,-0.181506,0.228221,-0.397565,-0.117194,0.420902,-0.227857,-0.160603,0.358605,-0.15062,-0.141031,0.291619,-0.147221,-0.118315,0.242027,-0.28195,-0.171911,0.38421,-0.147641,-0.179355,0.336781,-0.082468,-0.140058,0.283677,-0.080866,-0.106853,0.0,0.0,0.0,-0.154695,-0.138055,0.000315,-0.230559,-0.263026,-0.036646,-0.273819,-0.349936,-0.088853,-0.27672,-0.426119,-0.141017,-0.084032,-0.549672,-0.028169,-0.126049,-0.732717,-0.083376,-0.151591,-0.860542,-0.122179,-0.172273,-0.972608,-0.156063,-0.029683,-0.534578,-0.06952,-0.229117,-0.480748,-0.146261,-0.230329,-0.329128,-0.154219,-0.179153,-0.271968,-0.152017,-0.007138,-0.472683,-0.114891,-0.205461,-0.394884,-0.174001,-0.192577,-0.272328,-0.134923,-0.142966,-0.232633,-0.10433,-0.009555,-0.384484,-0.165102,-0.164223,-0.344035,-0.206279,-0.160559,-0.257966,-0.182398,-0.118671,-0.228145,-0.15803,H
0.0,0.0,0.0,0.164636,-0.072676,0.02685,0.274418,-0.156386,0.001694,0.349704,-0.191576,-0.0417,0.397763,-0.216197,-0.080525,0.212619,-0.491138,-0.009431,0.23026,-0.689061,-0.067693,0.228036,-0.838788,-0.110126,0.219017,-0.966014,-0.137294,0.215413,-0.475749,-0.060134,0.430421,-0.536316,-0.119159,0.576398,-0.54421,-0.151305,0.68765,-0.548469,-0.168039,0.217096,-0.399785,-0.109032,0.403505,-0.235617,-0.154092,0.343076,-0.160151,-0.140545,0.277949,-0.15419,-0.121274,0.232379,-0.289167,-0.159256,0.37405,-0.149588,-0.17331,0.326734,-0.086911,-0.141928,0.271934,-0.08926,-0.113429,0.0,0.0,0.0,-0.155886,-0.130705,-0.008125,-0.233979,-0.255779,-0.046991,-0.277584,-0.342743,-0.098234,-0.278658,-0.420207,-0.148679,-0.088526,-0.544271,-0.036629,-0.132405,-0.729355,-0.0932,-0.157985,-0.857243,-0.132622,-0.178959,-0.969639,-0.166654,-0.033405,-0.530759,-0.07242,-0.231557,-0.476208,-0.149471,-0.230849,-0.325881,-0.157573,-0.179211,-0.27547,-0.155114,-0.010465,-0.470464,-0.112584,-0.207834,-0.391147,-0.172259,-0.192928,-0.271718,-0.133561,-0.142649,-0.241434,-0.102747,-0.012964,-0.383226,-0.157963,-0.167937,-0.343686,-0.198918,-0.15995,-0.258312,-0.174078,-0.115538,-0.234512,-0.148601,H
0.0,0.0,0.0,0.158551,-0.087738,0.033926,0.274695,-0.182059,0.006955,0.354941,-0.213934,-0.039285,0.406272,-0.230813,-0.081546,0.214783,-0.492179,-0.016925,0.237344,-0.68824,-0.078939,0.229764,-0.837083,-0.123737,0.21557,-0.964438,-0.152936,0.215907,-0.470917,-0.072477,0.438997,-0.536706,-0.13552,0.587692,-0.548074,-0.16958,0.702413,-0.557995,-0.188683,0.218638,-0.387888,-0.124307,0.413326,-0.238131,-0.167482,0.354062,-0.164164,-0.148409,0.289026,-0.160625,-0.127429,0.236255,-0.272953,-0.177083,0.383066,-0.147611,-0.188213,0.3369,-0.08686,-0.152063,0.2814,-0.090577,-0.121373,0.0,0.0,0.0,-0.161513,-0.127701,-0.010836,-0.243414,-0.255239,-0.049984,-0.289323,-0.346202,-0.101417,-0.291684,-0.412775,-0.152034,-0.095527,-0.547804,-0.037267,-0.137062,-0.730347,-0.090799,-0.165202,-0.859085,-0.126062,-0.187811,-0.96955,-0.15716,-0.03734,-0.533438,-0.071802,-0.238491,-0.47232,-0.146821,-0.238594,-0.326238,-0.152305,-0.186784,-0.279228,-0.148291,-0.010865,-0.469967,-0.11097,-0.212243,-0.386641,-0.169684,-0.198754,-0.272751,-0.131781,-0.14916,-0.243743,-0.101668,-0.011396,-0.379154,-0.155582,-0.171036,-0.336868,-0.195451,-0.16408,-0.258671,-0.172179,-0.119385,-0.237898,-0.148175,H
0.0,0.0,0.0,0.180661,-0.058705,0.023262,0.295311,-0.133502,-0.008138,0.362864,-0.148977,-0.057139,0.406093,-0.15821,-0.101767,0.215027,-0.483671,-0.028219,0.230348,-0.684599,-0.087648,0.221778,-0.835294,-0.131724,0.206922,-0.965088,-0.16059,0.212104,-0.46488,-0.078372,0.438264,-0.53316,-0.135755,0.597238,-0.549142,-0.167242,0.716928,-0.558079,-0.185765,0.211096,-0.384011,-0.125263,0.404456,-0.251317,-0.163661,0.35149,-0.17866,-0.145307,0.290338,-0.164944,-0.125856,0.226407,-0.27022,-0.174113,0.367629,-0.164321,-0.180466,0.328166,-0.105454,-0.143203,0.282739,-0.096349,-0.112708,0.0,0.0,0.0,-0.156736,-0.132534,-0.006639,-0.23426,-0.262722,-0.041941,-0.276354,-0.349614,-0.090783,-0.285134,-0.415494,-0.139421,-0.085332,-0.556372,-0.024575,-0.129041,-0.734882,-0.075658,-0.151199,-0.86405,-0.11202,-0.166053,-0.975642,-0.143347,-0.032389,-0.538762,-0.060005,-0.234814,-0.466875,-0.134574,-0.235892,-0.328599,-0.145666,-0.18407,-0.277811,-0.145397,-0.009088,-0.472869,-0.099687,-0.207627,-0.379096,-0.157662,-0.193097,-0.269349,-0.125377,-0.142748,-0.239736,-0.098851,-0.008533,-0.38034,-0.144539,-0.162503,-0.322872,-0.182633,-0.156068,-0.237486,-0.160904,-0.11307,-0.213675,-0.138052,H
0.0,0.0,0.0,0.173244,-0.046895,0.02347,0.284817,-0.1096,-0.004889,0.356016,-0.128046,-0.04984,0.403388,-0.140176,-0.090105,0.211194,-0.479254,-0.022879,0.224405,-0.684996,-0.075225,0.219367,-0.835976,-0.115447,0.208718,-0.967477,-0.142913,0.210807,-0.466333,-0.071878,0.427648,-0.530618,-0.125053,0.590322,-0.542883,-0.155627,0.708323,-0.548919,-0.173622,0.209076,-0.388217,-0.117324,0.389607,-0.248556,-0.154108,0.342246,-0.174603,-0.138463,0.280578,-0.163387,-0.120492,0.221879,-0.276006,-0.164375,0.358269,-0.171505,-0.169899,0.324888,-0.109191,-0.132754,0.27827,-0.093308,-0.101924,0.0,0.0,0.0,-0.153518,-0.139855,-0.001989,-0.236837,-0.277251,-0.037779,-0.283487,-0.361297,-0.088766,-0.291099,-0.425844,-0.140127,-0.096765,-0.564619,-0.022571,-0.135273,-0.739333,-0.070067,-0.156275,-0.867925,-0.102837,-0.171378,-0.976276,-0.132342,-0.041824,-0.543431,-0.062464,-0.239498,-0.464882,-0.130746,-0.239686,-0.33117,-0.138337,-0.186118,-0.293234,-0.138235,-0.015247,-0.469749,-0.106053,-0.211378,-0.382036,-0.160665,-0.198524,-0.271718,-0.124595,-0.147327,-0.250763,-0.097839,-0.010082,-0.371595,-0.154434,-0.167476,-0.325207,-0.190462,-0.16255,-0.238582,-0.164031,-0.118086,-0.216004,-0.139223,H
0.0,0.0,0.0,0.16542,-0.05903,0.029287,0.277785,-0.124779,0.001756,0.354921,-0.141944,-0.043611,0.406449,-0.153734,-0.084913,0.209244,-0.482059,-0.019178,0.225046,-0.686358,-0.072429,0.220303,-0.836111,-0.112366,0.211531,-0.967348,-0.139615,0.210537,-0.469169,-0.070744,0.428004,-0.529295,-0.125643,0.584156,-0.53399,-0.153899,0.698638,-0.534048,-0.16962,0.212055,-0.390135,-0.118532,0.399468,-0.244917,-0.152529,0.349584,-0.173042,-0.133165,0.287319,-0.163755,-0.113708,0.228247,-0.278529,-0.168007,0.366027,-0.162422,-0.170643,0.327212,-0.10435,-0.133188,0.279272,-0.098424,-0.102847,0.0,0.0,0.0,-0.149403,-0.135547,-0.001878,-0.231055,-0.273916,-0.038568,-0.272957,-0.360622,-0.088888,-0.278395,-0.42077,-0.139712,-0.08376,-0.56267,-0.038843,-0.123661,-0.740653,-0.086457,-0.1466,-0.866368,-0.117808,-0.161551,-0.975772,-0.147548,-0.02629,-0.537985,-0.077756,-0.229496,-0.459021,-0.140506,-0.226797,-0.320641,-0.141004,-0.170645,-0.281871,-0.139498,-0.001402,-0.458154,-0.119619,-0.202389,-0.375804,-0.16845,-0.188766,-0.270549,-0.12738,-0.135566,-0.244096,-0.100794,-0.000618,-0.353988,-0.1663,-0.160247,-0.324666,-0.203894,-0.159208,-0.247699,-0.179726,-0.116997,-0.219376,-0.157848,H
0.0,0.0,0.0,0.165149,-0.082872,0.026663,0.284425,-0.172275,-0.001002,0.364173,-0.19172,-0.046445,0.411201,-0.192664,-0.088782,0.217526,-0.493047,-0.021637,0.235762,-0.690083,-0.082814,0.229491,-0.838016,-0.126776,0.21599,-0.964034,-0.154877,0.216162,-0.471499,-0.072787,0.443,-0.536615,-0.13173,0.59343,-0.541632,-0.163245,0.70679,-0.547241,-0.180111,0.217682,-0.386493,-0.121067,0.408005,-0.232003,-0.16548,0.349048,-0.15821,-0.15239,0.283626,-0.155161,-0.134069,0.232807,-0.2693,-0.170282,0.373255,-0.145882,-0.182334,0.327227,-0.08841,-0.14918,0.273807,-0.090474,-0.120219,0.0,0.0,0.0,-0.154509,-0.133279,-0.000894,-0.2349,-0.263906,-0.043562,-0.278762,-0.350148,-0.100843,-0.28291,-0.416327,-0.158229,-0.087617,-0.550931,-0.043267,-0.12562,-0.736433,-0.098467,-0.153052,-0.86426,-0.132327,-0.174051,-0.971245,-0.162451,-0.026381,-0.529116,-0.084435,-0.230676,-0.469766,-0.15374,-0.231195,-0.323159,-0.149506,-0.176394,-0.282976,-0.141821,-7e-06,-0.456035,-0.129553,-0.205727,-0.379674,-0.178718,-0.192925,-0.271637,-0.130672,-0.139552,-0.249533,-0.099012,-0.001264,-0.358357,-0.179937,-0.165392,-0.325694,-0.215027,-0.163352,-0.249585,-0.187716,-0.118738,-0.230186,-0.163611,H
0.0,0.0,0.0,0.113539,-0.138455,0.025705,0.233971,-0.250033,-0.004148,0.32543,-0.284584,-0.051261,0.381188,-0.300728,-0.094757,0.201721,-0.488792,-0.033084,0.232016,-0.688688,-0.100598,0.224388,-0.838157,-0.145553,0.208262,-0.962815,-0.17209,0.212326,-0.454459,-0.083898,0.429852,-0.51951,-0.146169,0.575289,-0.537803,-0.177851,0.687506,-0.550662,-0.194743,0.220784,-0.367041,-0.131767,0.404179,-0.231131,-0.177046,0.345452,-0.16095,-0.160195,0.282638,-0.15481,-0.139271,0.24063,-0.250726,-0.180789,0.381786,-0.143517,-0.194495,0.334026,-0.088338,-0.161104,0.279734,-0.09014,-0.131171,0.0,0.0,0.0,-0.150373,-0.134899,-0.003709,-0.2283,-0.260688,-0.044267,-0.276993,-0.340168,-0.097885,-0.282297,-0.413798,-0.151817,-0.091988,-0.541301,-0.043656,-0.135276,-0.726083,-0.105062,-0.160808,-0.85375,-0.148067,-0.180544,-0.966289,-0.183547,-0.034499,-0.524146,-0.081848,-0.226073,-0.46703,-0.159107,-0.229768,-0.31986,-0.165453,-0.18105,-0.268991,-0.162567,-0.008143,-0.455989,-0.123669,-0.199029,-0.382553,-0.180792,-0.190106,-0.268424,-0.138421,-0.142969,-0.236467,-0.105816,-0.006201,-0.360172,-0.170433,-0.156744,-0.333752,-0.208529,-0.158041,-0.25283,-0.179856,-0.119231,-0.225266,-0.15197,H
0.0,0.0,0.0,0.112033,-0.135853,0.024743,0.23523,-0.227255,-0.011998,0.334742,-0.223082,-0.064868,0.386941,-0.202397,-0.114319,0.193297,-0.48019,-0.045333,0.231514,-0.681887,-0.109805,0.224399,-0.83648,-0.156375,0.20962,-0.95995,-0.185893,0.206406,-0.438885,-0.097364,0.4291,-0.493622,-0.152629,0.576216,-0.508615,-0.180019,0.685013,-0.511733,-0.197806,0.216671,-0.344108,-0.145488,0.40185,-0.233266,-0.17628,0.341138,-0.174834,-0.152246,0.274866,-0.169725,-0.133486,0.241498,-0.222858,-0.195868,0.385091,-0.131524,-0.19834,0.333691,-0.085431,-0.158249,0.277163,-0.084669,-0.127955,0.0,0.0,0.0,-0.154642,-0.129305,-0.004906,-0.231346,-0.248196,-0.045749,-0.274703,-0.335337,-0.100059,-0.280782,-0.410872,-0.153713,-0.101312,-0.543191,-0.034531,-0.142878,-0.72505,-0.09282,-0.170529,-0.854762,-0.133104,-0.194124,-0.966577,-0.167468,-0.042835,-0.532526,-0.072449,-0.231239,-0.460501,-0.1493,-0.228377,-0.310924,-0.154399,-0.176782,-0.268062,-0.150011,-0.014663,-0.470849,-0.114761,-0.200712,-0.371774,-0.171296,-0.185723,-0.254018,-0.127068,-0.137605,-0.230628,-0.093741,-0.012154,-0.379305,-0.162715,-0.157315,-0.316095,-0.199959,-0.151041,-0.230777,-0.171923,-0.10974,-0.216137,-0.144934,H
0.0,0.0,0.0,0.155368,-0.069255,0.023766,0.269886,-0.142086,-0.008298,0.350367,-0.161883,-0.057422,0.402366,-0.175308,-0.101577,0.20418,-0.481866,-0.023421,0.231273,-0.675672,-0.086541,0.227038,-0.832477,-0.133959,0.213748,-0.962792,-0.165358,0.210199,-0.470391,-0.07446,0.434885,-0.508985,-0.139763,0.583372,-0.514233,-0.176482,0.692414,-0.516231,-0.196723,0.213532,-0.396612,-0.122512,0.40435,-0.227754,-0.166508,0.339999,-0.147015,-0.148054,0.270167,-0.137174,-0.126936,0.232172,-0.2877,-0.172435,0.374568,-0.143459,-0.184177,0.323532,-0.076215,-0.148047,0.265133,-0.073227,-0.116527,0.0,0.0,0.0,-0.156032,-0.127997,-0.011514,-0.235966,-0.244256,-0.056133,-0.281158,-0.329929,-0.113032,-0.282093,-0.40524,-0.168992,-0.09334,-0.54507,-0.042829,-0.143074,-0.725613,-0.102079,-0.177211,-0.85324,-0.141729,-0.207172,-0.962371,-0.175848,-0.036414,-0.528448,-0.079128,-0.229905,-0.462675,-0.158341,-0.227171,-0.30866,-0.162065,-0.174948,-0.269797,-0.156002,-0.010918,-0.463227,-0.120483,-0.202476,-0.370216,-0.181385,-0.189221,-0.250321,-0.138151,-0.140176,-0.229904,-0.104591,-0.009962,-0.370946,-0.167586,-0.157227,-0.313051,-0.208904,-0.150971,-0.227292,-0.18241,-0.108202,-0.212438,-0.156187,H
0.0,0.0,0.0,0.155192,-0.052963,0.014311,0.267267,-0.117501,-0.025103,0.347873,-0.124696,-0.080567,0.407128,-0.123416,-0.131129,0.197726,-0.470887,-0.032201,0.221293,-0.673279,-0.094252,0.2204,-0.830058,-0.140811,0.2143,-0.9615,-0.172028,0.199129,-0.468927,-0.078589,0.424471,-0.515422,-0.142327,0.578698,-0.52505,-0.176613,0.69288,-0.528654,-0.194699,0.202392,-0.400397,-0.122521,0.392833,-0.235209,-0.164857,0.331133,-0.153323,-0.147244,0.262176,-0.138681,-0.12654,0.222196,-0.29899,-0.169382,0.366025,-0.14878,-0.180043,0.32087,-0.078307,-0.145608,0.26727,-0.07065,-0.115322,0.0,0.0,0.0,-0.158012,-0.121039,-0.013899,-0.240849,-0.237162,-0.061227,-0.284613,-0.32561,-0.121466,-0.287656,-0.399703,-0.180636,-0.098465,-0.537423,-0.047476,-0.152037,-0.722052,-0.10495,-0.185307,-0.851612,-0.139716,-0.211116,-0.96247,-0.170536,-0.039434,-0.523504,-0.083862,-0.239382,-0.447437,-0.160588,-0.234457,-0.293741,-0.159933,-0.177881,-0.262855,-0.152043,-0.011951,-0.462765,-0.12561,-0.211503,-0.360122,-0.187029,-0.195108,-0.239715,-0.141857,-0.140566,-0.225238,-0.10821,-0.00939,-0.37569,-0.173464,-0.163941,-0.312047,-0.215716,-0.156081,-0.223579,-0.189389,-0.1093,-0.210708,-0.164249,H
0.0,0.0,0.0,0.150243,-0.076609,0.015526,0.268266,-0.147921,-0.019702,0.355761,-0.150725,-0.070717,0.412252,-0.147967,-0.116574,0.198302,-0.473716,-0.0281,0.230118,-0.674822,-0.084667,0.228436,-0.831115,-0.128142,0.220972,-0.962406,-0.157943,0.205927,-0.462574,-0.073785,0.427139,-0.505927,-0.131477,0.580523,-0.518844,-0.163196,0.694355,-0.524539,-0.181153,0.212739,-0.386993,-0.11705,0.397891,-0.235639,-0.15333,0.337908,-0.162537,-0.136084,0.269359,-0.15047,-0.118098,0.234338,-0.280734,-0.163542,0.378631,-0.144185,-0.171318,0.330797,-0.080415,-0.138057,0.274235,-0.075159,-0.110162,0.0,0.0,0.0,-0.15239,-0.130443,-0.0115,-0.236769,-0.2563,-0.05185,-0.281753,-0.348469,-0.103929,-0.27895,-0.413454,-0.15518,-0.092427,-0.546563,-0.042269,-0.141243,-0.730134,-0.095212,-0.175361,-0.85575,-0.130758,-0.205346,-0.964934,-0.163512,-0.034555,-0.529782,-0.076682,-0.235354,-0.456486,-0.148788,-0.22913,-0.312656,-0.152402,-0.174237,-0.274727,-0.149633,-0.009385,-0.464312,-0.115529,-0.207833,-0.36815,-0.173005,-0.19023,-0.25668,-0.133026,-0.137303,-0.234023,-0.103768,-0.009021,-0.373716,-0.160108,-0.159392,-0.318685,-0.201204,-0.153627,-0.23351,-0.177852,-0.111542,-0.210376,-0.155316,H
0.0,0.0,0.0,0.140638,-0.098316,0.017925,0.26338,-0.182603,-0.016912,0.353885,-0.186024,-0.067569,0.413267,-0.177476,-0.113079,0.203559,-0.475012,-0.03121,0.240012,-0.674151,-0.090938,0.240504,-0.828546,-0.135277,0.233975,-0.958114,-0.165147,0.210462,-0.459564,-0.078047,0.434821,-0.504327,-0.13761,0.589559,-0.512881,-0.17107,0.706411,-0.514845,-0.190113,0.21919,-0.38027,-0.121904,0.404454,-0.221391,-0.158563,0.346095,-0.152227,-0.143191,0.280062,-0.146232,-0.126686,0.243133,-0.272716,-0.168715,0.384772,-0.125764,-0.176393,0.337913,-0.066222,-0.144953,0.282694,-0.068887,-0.118806,0.0,0.0,0.0,-0.150295,-0.129085,-0.002578,-0.237175,-0.256246,-0.044329,-0.283938,-0.350318,-0.100477,-0.272131,-0.417852,-0.156337,-0.094499,-0.553246,-0.041618,-0.140349,-0.73549,-0.092581,-0.173574,-0.859536,-0.125193,-0.199044,-0.967358,-0.156842,-0.031544,-0.534529,-0.082665,-0.234864,-0.456494,-0.149971,-0.228817,-0.310763,-0.148054,-0.170797,-0.273186,-0.143475,-0.003024,-0.462005,-0.127466,-0.206021,-0.372822,-0.1792,-0.190304,-0.261895,-0.134038,-0.133643,-0.23785,-0.103986,-0.001213,-0.364514,-0.177695,-0.16,-0.327148,-0.218139,-0.162018,-0.248059,-0.194837,-0.120175,-0.221438,-0.173367,H
0.0,0.0,0.0,0.081736,-0.174606,0.025425,0.201511,-0.288132,-0.005512,0.301846,-0.275724,-0.053594,0.360668,-0.234657,-0.100697,0.196365,-0.471971,-0.031915,0.229961,-0.677583,-0.092488,0.230865,-0.830923,-0.135056,0.22684,-0.960175,-0.163121,0.224884,-0.426392,-0.081765,0.434948,-0.489107,-0.132899,0.57678,-0.499362,-0.160445,0.685418,-0.501561,-0.176547,0.24266,-0.329887,-0.12838,0.398251,-0.213382,-0.159774,0.332384,-0.162306,-0.144477,0.268294,-0.165507,-0.129279,0.265709,-0.212227,-0.176915,0.380821,-0.115041,-0.181446,0.327514,-0.071254,-0.148832,0.275936,-0.080225,-0.12292,0.0,0.0,0.0,-0.152675,-0.122456,-0.008877,-0.239313,-0.255653,-0.047406,-0.286451,-0.349231,-0.098008,-0.276418,-0.412051,-0.148211,-0.108433,-0.539363,-0.039605,-0.148226,-0.728072,-0.096124,-0.175219,-0.853479,-0.135762,-0.198129,-0.965381,-0.169657,-0.050276,-0.525099,-0.075138,-0.231207,-0.451907,-0.1528,-0.230312,-0.312476,-0.161839,-0.18054,-0.263241,-0.160584,-0.02305,-0.456229,-0.114545,-0.203187,-0.375152,-0.1739,-0.190999,-0.260817,-0.135861,-0.141844,-0.230057,-0.10567,-0.020256,-0.36152,-0.159318,-0.163384,-0.311583,-0.198906,-0.161857,-0.22553,-0.174553,-0.121038,-0.198861,-0.149978,H
0.0,0.0,0.0,0.092291,-0.161498,0.030127,0.211,-0.277609,-0.003384,0.309538,-0.266325,-0.055054,0.368135,-0.224964,-0.105317,0.195315,-0.477663,-0.035129,0.227552,-0.681142,-0.101336,0.227542,-0.83125,-0.148502,0.220385,-0.958913,-0.178652,0.216471,-0.438126,-0.08898,0.443806,-0.491017,-0.145825,0.598143,-0.49636,-0.17865,0.715388,-0.497327,-0.197875,0.230951,-0.345032,-0.138215,0.39529,-0.209884,-0.172111,0.337594,-0.157905,-0.155431,0.278552,-0.16491,-0.138712,0.254267,-0.227813,-0.188987,0.376343,-0.110549,-0.193116,0.326006,-0.061577,-0.156293,0.276299,-0.068912,-0.126706,0.0,0.0,0.0,-0.149316,-0.131899,-0.006997,-0.235313,-0.260844,-0.046386,-0.284651,-0.349222,-0.098372,-0.280354,-0.409389,-0.149885,-0.095773,-0.554083,-0.044837,-0.139071,-0.739905,-0.098384,-0.16882,-0.862435,-0.132977,-0.194295,-0.967363,-0.162657,-0.037142,-0.528516,-0.081826,-0.230042,-0.461186,-0.152942,-0.224985,-0.336077,-0.158279,-0.173501,-0.295577,-0.156968,-0.011587,-0.450073,-0.122082,-0.204795,-0.377908,-0.179185,-0.189659,-0.275713,-0.142926,-0.140233,-0.246127,-0.11482,-0.011292,-0.350801,-0.167087,-0.163588,-0.322047,-0.207719,-0.163656,-0.249867,-0.185599,-0.126468,-0.222857,-0.162789,H
0.0,0.0,0.0,0.111028,-0.128639,0.027142,0.23388,-0.226875,-0.007327,0.328009,-0.215343,-0.058527,0.382404,-0.191841,-0.10789,0.196269,-0.470911,-0.036951,0.229212,-0.679501,-0.098244,0.224454,-0.832481,-0.14411,0.210985,-0.961823,-0.174302,0.213381,-0.440443,-0.088786,0.445238,-0.501836,-0.139619,0.596613,-0.505439,-0.168757,0.705954,-0.502582,-0.18695,0.225096,-0.349237,-0.135917,0.399669,-0.230685,-0.161783,0.342933,-0.17388,-0.139441,0.280682,-0.171822,-0.12188,0.248058,-0.234344,-0.18516,0.376005,-0.127713,-0.18449,0.330204,-0.07392,-0.144234,0.282001,-0.071484,-0.113745,0.0,0.0,0.0,-0.149854,-0.133912,-0.006598,-0.228425,-0.265648,-0.040882,-0.273011,-0.351081,-0.088149,-0.285237,-0.41917,-0.134555,-0.099509,-0.552433,-0.030032,-0.140994,-0.734834,-0.080264,-0.168372,-0.864119,-0.114799,-0.191805,-0.97067,-0.144951,-0.042143,-0.531456,-0.066814,-0.238211,-0.456963,-0.136523,-0.237541,-0.326423,-0.144769,-0.183864,-0.288101,-0.145127,-0.013316,-0.456609,-0.107662,-0.208862,-0.37193,-0.166194,-0.196415,-0.26821,-0.13233,-0.144331,-0.247515,-0.105627,-0.007177,-0.358558,-0.153388,-0.163382,-0.319982,-0.192796,-0.160206,-0.240848,-0.167866,-0.117189,-0.217644,-0.143401,H
0.0,0.0,0.0,0.12657,-0.113836,0.027257,0.249945,-0.193646,-0.00556,0.337735,-0.182061,-0.055676,0.386193,-0.164383,-0.103686,0.194669,-0.483394,-0.026877,0.232842,-0.686866,-0.081157,0.229591,-0.837315,-0.122739,0.219339,-0.963997,-0.150337,0.218453,-0.455787,-0.077717,0.446993,-0.516148,-0.122711,0.596532,-0.526152,-0.150893,0.705295,-0.528535,-0.169194,0.231782,-0.366438,-0.124092,0.393981,-0.246875,-0.14535,0.329322,-0.191421,-0.125743,0.263597,-0.185955,-0.110908,0.254315,-0.252451,-0.172654,0.372511,-0.144676,-0.167163,0.327509,-0.091052,-0.128171,0.282048,-0.084171,-0.099636,0.0,0.0,0.0,-0.147369,-0.140062,-0.002654,-0.224696,-0.270642,-0.037572,-0.269622,-0.355122,-0.086519,-0.290034,-0.422912,-0.134656,-0.090344,-0.55592,-0.023352,-0.136061,-0.733526,-0.074082,-0.163743,-0.865087,-0.110593,-0.187201,-0.972029,-0.141831,-0.039891,-0.535701,-0.061783,-0.237351,-0.465303,-0.130055,-0.233974,-0.342136,-0.139032,-0.182282,-0.305536,-0.140054,-0.016983,-0.467623,-0.104308,-0.213141,-0.379014,-0.157444,-0.195027,-0.284446,-0.12299,-0.14372,-0.268505,-0.097425,-0.01543,-0.37649,-0.152003,-0.169853,-0.325282,-0.185607,-0.160945,-0.247368,-0.159623,-0.117819,-0.228786,-0.135655,H
0.0,0.0,0.0,0.120689,-0.117309,0.027572,0.244844,-0.191077,-0.006252,0.339399,-0.172317,-0.058247,0.397867,-0.15506,-0.107675,0.193472,-0.482877,-0.025549,0.234775,-0.683613,-0.07888,0.234546,-0.835072,-0.120529,0.228844,-0.961956,-0.149234,0.218205,-0.455902,-0.077528,0.445992,-0.508291,-0.124096,0.59961,-0.519665,-0.153318,0.712358,-0.520469,-0.173351,0.231228,-0.36801,-0.125301,0.394145,-0.250852,-0.146674,0.325746,-0.193143,-0.125591,0.258562,-0.184293,-0.110868,0.25418,-0.254073,-0.175646,0.373198,-0.150373,-0.171813,0.323664,-0.095527,-0.133645,0.276168,-0.087886,-0.106293,0.0,0.0,0.0,-0.15137,-0.136831,-0.00378,-0.235031,-0.269118,-0.038138,-0.280966,-0.359647,-0.087014,-0.287808,-0.426347,-0.135178,-0.103677,-0.556052,-0.020038,-0.145445,-0.733503,-0.069319,-0.171943,-0.864476,-0.10504,-0.192869,-0.971699,-0.136389,-0.049323,-0.54257,-0.057913,-0.239092,-0.45856,-0.127187,-0.23163,-0.335382,-0.138687,-0.178937,-0.297514,-0.140652,-0.020428,-0.476961,-0.099969,-0.210848,-0.374931,-0.15415,-0.190271,-0.280967,-0.124114,-0.139251,-0.265304,-0.10108,-0.01273,-0.387461,-0.147258,-0.163835,-0.321073,-0.182011,-0.152107,-0.245167,-0.159952,-0.107743,-0.229322,-0.138507,H
0.0,0.0,0.0,0.123691,-0.109529,0.018888,0.246335,-0.183196,-0.013835,0.334158,-0.178115,-0.062234,0.386716,-0.176488,-0.106725,0.183261,-0.475924,-0.026017,0.219762,-0.677466,-0.080367,0.221595,-0.833715,-0.122676,0.217424,-0.964237,-0.151569,0.214469,-0.455534,-0.072866,0.436534,-0.514226,-0.121371,0.589338,-0.531306,-0.151836,0.70079,-0.536388,-0.171381,0.234061,-0.374215,-0.116774,0.387959,-0.262886,-0.143626,0.319831,-0.206468,-0.126789,0.25458,-0.197321,-0.113241,0.261327,-0.266357,-0.163647,0.372021,-0.158662,-0.165581,0.318399,-0.104643,-0.131834,0.269131,-0.096915,-0.106599,0.0,0.0,0.0,-0.15391,-0.135343,-0.00184,-0.240252,-0.263393,-0.036683,-0.293718,-0.352816,-0.086696,-0.299791,-0.427152,-0.136077,-0.110486,-0.550576,-0.015243,-0.157293,-0.730342,-0.068047,-0.186383,-0.860177,-0.10546,-0.207179,-0.968627,-0.137255,-0.057673,-0.538427,-0.054123,-0.246252,-0.464027,-0.129785,-0.238532,-0.333142,-0.14248,-0.184288,-0.289235,-0.143176,-0.029102,-0.47652,-0.097641,-0.221023,-0.384828,-0.158363,-0.20012,-0.281713,-0.127664,-0.147653,-0.257732,-0.101712,-0.021415,-0.388299,-0.14578,-0.178544,-0.331122,-0.185186,-0.166999,-0.248408,-0.163015,-0.120557,-0.227487,-0.140033,H
0.0,0.0,0.0,0.127629,-0.107383,0.016356,0.247299,-0.177677,-0.018598,0.331546,-0.174627,-0.06925,0.381155,-0.171942,-0.115659,0.165482,-0.483428,-0.025388,0.19962,-0.684049,-0.082866,0.197248,-0.839813,-0.127802,0.189138,-0.969244,-0.157456,0.197735,-0.465141,-0.070594,0.418788,-0.534676,-0.120074,0.570072,-0.554924,-0.150339,0.680597,-0.561774,-0.16916,0.222225,-0.384139,-0.113372,0.380114,-0.288197,-0.140827,0.316931,-0.227868,-0.122612,0.254031,-0.210296,-0.10737,0.256721,-0.276645,-0.159496,0.367438,-0.178848,-0.159918,0.316428,-0.12534,-0.124266,0.269757,-0.113572,-0.09749,0.0,0.0,0.0,-0.160077,-0.132275,0.002813,-0.248269,-0.260875,-0.028856,-0.301689,-0.354478,-0.077547,-0.310874,-0.424187,-0.125937,-0.121331,-0.552506,-0.007486,-0.166058,-0.730873,-0.059268,-0.199696,-0.858331,-0.095422,-0.227655,-0.965531,-0.126186,-0.066076,-0.544316,-0.048645,-0.25644,-0.459116,-0.123073,-0.248775,-0.322385,-0.13371,-0.193898,-0.281359,-0.132541,-0.035171,-0.483881,-0.094638,-0.228223,-0.380193,-0.155857,-0.206163,-0.272929,-0.124837,-0.152096,-0.25008,-0.09788,-0.026234,-0.396292,-0.144938,-0.18436,-0.331798,-0.185514,-0.171114,-0.24825,-0.16383,-0.121796,-0.22862,-0.1405,H
0.0,0.0,0.0,0.094033,-0.147488,0.025698,0.212594,-0.239596,-0.004596,0.313435,-0.236392,-0.051493,0.372252,-0.225516,-0.095928,0.155872,-0.490678,-0.022291,0.188857,-0.690137,-0.076027,0.187795,-0.84447,-0.117093,0.180852,-0.972773,-0.14493,0.191786,-0.468645,-0.071582,0.412251,-0.535251,-0.120906,0.560995,-0.561249,-0.150822,0.669705,-0.574963,-0.168861,0.217705,-0.384857,-0.117224,0.37885,-0.275653,-0.144653,0.317797,-0.210332,-0.127106,0.256614,-0.197854,-0.111598,0.250486,-0.276543,-0.165173,0.372673,-0.172712,-0.16632,0.3228,-0.11192,-0.130916,0.274694,-0.102517,-0.103554,0.0,0.0,0.0,-0.154688,-0.128351,0.002987,-0.243264,-0.256949,-0.029388,-0.294778,-0.34985,-0.078334,-0.296553,-0.42316,-0.127315,-0.112826,-0.552473,-0.011246,-0.161649,-0.731621,-0.063461,-0.197338,-0.858278,-0.101112,-0.225183,-0.965101,-0.13369,-0.054036,-0.546068,-0.053029,-0.247916,-0.463541,-0.125289,-0.239491,-0.322365,-0.133996,-0.182902,-0.280845,-0.132993,-0.022587,-0.486027,-0.099593,-0.21846,-0.386685,-0.158218,-0.199327,-0.276971,-0.12348,-0.145319,-0.249614,-0.095375,-0.014746,-0.397819,-0.150703,-0.176147,-0.343343,-0.191467,-0.169094,-0.258389,-0.168543,-0.123139,-0.229707,-0.144741,H
0.0,0.0,0.0,0.046024,-0.194056,0.0297,0.145614,-0.317688,0.001405,0.248887,-0.331459,-0.043624,0.324868,-0.314644,-0.08715,0.141393,-0.49301,-0.031102,0.17328,-0.694809,-0.086781,0.171423,-0.848946,-0.125241,0.163542,-0.97488,-0.151206,0.185659,-0.461274,-0.082288,0.398573,-0.529455,-0.13771,0.542019,-0.555843,-0.168558,0.648042,-0.571447,-0.185751,0.217664,-0.371752,-0.128497,0.371254,-0.24934,-0.159995,0.311979,-0.179503,-0.142047,0.251206,-0.170614,-0.125195,0.25267,-0.26065,-0.176432,0.369442,-0.146209,-0.181988,0.318961,-0.084265,-0.148485,0.267575,-0.084453,-0.121191,0.0,0.0,0.0,-0.162127,-0.121179,-0.010515,-0.250908,-0.244576,-0.056739,-0.300362,-0.342188,-0.116837,-0.288153,-0.415888,-0.175732,-0.109467,-0.556755,-0.032136,-0.162118,-0.73258,-0.089042,-0.204954,-0.855468,-0.124923,-0.242932,-0.957289,-0.156788,-0.04683,-0.545245,-0.069595,-0.247763,-0.469371,-0.141849,-0.236492,-0.317729,-0.140646,-0.178436,-0.291035,-0.133053,-0.01667,-0.484309,-0.113326,-0.220965,-0.387121,-0.172361,-0.198825,-0.268421,-0.129115,-0.141979,-0.254713,-0.097024,-0.014298,-0.394373,-0.162942,-0.179586,-0.332135,-0.206688,-0.162956,-0.245261,-0.18347,-0.108091,-0.231707,-0.160329,H
0.0,0.0,0.0,0.051982,-0.182196,0.019067,0.154649,-0.311063,-0.015403,0.254596,-0.316439,-0.064855,0.325636,-0.274268,-0.112399,0.14736,-0.471251,-0.043492,0.172799,-0.684422,-0.100572,0.168947,-0.842508,-0.138848,0.166238,-0.97198,-0.16619,0.186231,-0.431437,-0.091278,0.382734,-0.514692,-0.14328,0.518028,-0.542672,-0.169778,0.623228,-0.558213,-0.186359,0.214609,-0.343411,-0.135527,0.368812,-0.249832,-0.166017,0.309064,-0.189891,-0.147697,0.247105,-0.183388,-0.132954,0.24841,-0.237015,-0.182502,0.367304,-0.154224,-0.189583,0.318573,-0.101136,-0.158752,0.266021,-0.103396,-0.135396,0.0,0.0,0.0,-0.153277,-0.100755,-0.014527,-0.241889,-0.221583,-0.058254,-0.291995,-0.311638,-0.113229,-0.28667,-0.398716,-0.166754,-0.121424,-0.525203,-0.046741,-0.170867,-0.720768,-0.112885,-0.205052,-0.844008,-0.154452,-0.230559,-0.954876,-0.187229,-0.056138,-0.511701,-0.080206,-0.234418,-0.456021,-0.164701,-0.230256,-0.305255,-0.168798,-0.175261,-0.261657,-0.161484,-0.023158,-0.450524,-0.119432,-0.204328,-0.379242,-0.185749,-0.193342,-0.251513,-0.139167,-0.141916,-0.22571,-0.100701,-0.013257,-0.361374,-0.164545,-0.159618,-0.321402,-0.206863,-0.163492,-0.225774,-0.176789,-0.124785,-0.198289,-0.146771,H
0.0,0.0,0.0,0.047513,-0.190032,0.016634,0.152383,-0.313416,-0.019614,0.255343,-0.316225,-0.070574,0.324014,-0.272493,-0.120077,0.146487,-0.469993,-0.047789,0.17367,-0.681435,-0.109841,0.17186,-0.836855,-0.152712,0.168353,-0.968832,-0.18172,0.190247,-0.422545,-0.094305,0.384747,-0.503134,-0.149594,0.523711,-0.524811,-0.179566,0.62834,-0.534651,-0.196853,0.222448,-0.329575,-0.137182,0.358317,-0.254587,-0.17029,0.306133,-0.196088,-0.15394,0.250949,-0.181648,-0.13796,0.258195,-0.220407,-0.182701,0.36561,-0.158122,-0.187515,0.32312,-0.107417,-0.153358,0.280085,-0.09638,-0.126165,0.0,0.0,0.0,-0.145917,-0.10941,-0.01053,-0.232072,-0.232631,-0.051239,-0.280957,-0.314527,-0.103811,-0.276393,-0.408888,-0.155604,-0.105384,-0.530771,-0.045465,-0.155676,-0.724043,-0.109995,-0.188483,-0.849933,-0.153211,-0.211923,-0.959066,-0.187835,-0.043833,-0.519129,-0.080686,-0.221475,-0.465762,-0.16355,-0.2189,-0.325584,-0.171499,-0.167821,-0.27706,-0.167764,-0.01377,-0.454325,-0.120834,-0.192987,-0.380434,-0.18502,-0.180819,-0.266117,-0.145343,-0.130909,-0.237036,-0.11223,-0.009055,-0.362025,-0.166263,-0.151226,-0.322519,-0.211734,-0.153364,-0.237683,-0.188598,-0.115938,-0.210838,-0.163313,H
0.0,0.0,0.0,0.045292,-0.185223,0.022981,0.152549,-0.314324,-0.006508,0.258587,-0.326755,-0.05026,0.327816,-0.29517,-0.092774,0.154458,-0.47603,-0.039092,0.189955,-0.687459,-0.103899,0.19425,-0.839861,-0.14543,0.190087,-0.96663,-0.171735,0.199665,-0.44138,-0.088587,0.411601,-0.522863,-0.148383,0.55052,-0.550539,-0.179867,0.654939,-0.576057,-0.195538,0.230886,-0.352615,-0.134418,0.386102,-0.231449,-0.175293,0.331087,-0.172898,-0.163591,0.274679,-0.175974,-0.147262,0.262437,-0.241516,-0.181498,0.372401,-0.126268,-0.193125,0.321355,-0.075404,-0.163333,0.271873,-0.084355,-0.136832,0.0,0.0,0.0,-0.15383,-0.124843,-0.012929,-0.239151,-0.238633,-0.067035,-0.287031,-0.326792,-0.13579,-0.286519,-0.408967,-0.204569,-0.102972,-0.546024,-0.051036,-0.15335,-0.724082,-0.115534,-0.1899,-0.850084,-0.155201,-0.2202,-0.95708,-0.188441,-0.037262,-0.525248,-0.09093,-0.22864,-0.457054,-0.168945,-0.226396,-0.304711,-0.166332,-0.174204,-0.274763,-0.157571,-0.004574,-0.454473,-0.136705,-0.200093,-0.369856,-0.196613,-0.186717,-0.248913,-0.145886,-0.133078,-0.228704,-0.109455,0.00246,-0.358087,-0.188878,-0.154406,-0.30921,-0.231372,-0.152055,-0.222286,-0.202782,-0.105579,-0.202012,-0.17624,H
0.0,0.0,0.0,0.043619,-0.195057,0.030288,0.142909,-0.327212,0.005166,0.245641,-0.349839,-0.036228,0.325992,-0.325401,-0.076965,0.159395,-0.482292,-0.031569,0.192896,-0.69103,-0.089,0.198091,-0.843134,-0.126919,0.198664,-0.968184,-0.152158,0.202592,-0.446105,-0.082129,0.410891,-0.517823,-0.135581,0.549779,-0.544531,-0.164952,0.655494,-0.565486,-0.18137,0.231573,-0.354216,-0.127806,0.383343,-0.235744,-0.159154,0.326707,-0.172524,-0.140653,0.268049,-0.168688,-0.1227,0.258763,-0.242715,-0.174931,0.369825,-0.133848,-0.181632,0.319145,-0.081395,-0.148178,0.266417,-0.087101,-0.119795,0.0,0.0,0.0,-0.155857,-0.126668,-0.007158,-0.239056,-0.244597,-0.056856,-0.282969,-0.33527,-0.122333,-0.284057,-0.413306,-0.187029,-0.096008,-0.549463,-0.043956,-0.142335,-0.732449,-0.104001,-0.174202,-0.859075,-0.137828,-0.197916,-0.965846,-0.167244,-0.030418,-0.529303,-0.085416,-0.226386,-0.460733,-0.158688,-0.223519,-0.305134,-0.150427,-0.167647,-0.281369,-0.138645,0.002063,-0.46319,-0.132763,-0.197152,-0.371765,-0.18908,-0.18415,-0.250769,-0.134816,-0.129718,-0.238328,-0.09763,0.008167,-0.370824,-0.186422,-0.148284,-0.316168,-0.225188,-0.145271,-0.229618,-0.194727,-0.098958,-0.217193,-0.168181,H
0.0,0.0,0.0,0.048338,-0.191445,0.033477,0.155146,-0.309682,0.007259,0.265807,-0.318761,-0.035727,0.350964,-0.276041,-0.078585,0.173159,-0.481516,-0.030704,0.21234,-0.686515,-0.084399,0.219403,-0.838028,-0.12225,0.220119,-0.964083,-0.148631,0.212995,-0.44664,-0.082686,0.425291,-0.508882,-0.129275,0.563529,-0.523919,-0.155744,0.6653,-0.532988,-0.171698,0.239562,-0.351149,-0.12919,0.394691,-0.228821,-0.152134,0.338987,-0.169267,-0.131641,0.2777,-0.168541,-0.115029,0.264884,-0.23739,-0.177281,0.38106,-0.126094,-0.178208,0.331058,-0.075585,-0.143081,0.275904,-0.081835,-0.114871,0.0,0.0,0.0,-0.149382,-0.121298,-0.010943,-0.236854,-0.243457,-0.058229,-0.285899,-0.336593,-0.119213,-0.275214,-0.409348,-0.179707,-0.099327,-0.539557,-0.049537,-0.136923,-0.730281,-0.11313,-0.167101,-0.856673,-0.151034,-0.191435,-0.964437,-0.182247,-0.034844,-0.520136,-0.085983,-0.226699,-0.453577,-0.163726,-0.227351,-0.302434,-0.160609,-0.175044,-0.267976,-0.150911,-0.002764,-0.452877,-0.127892,-0.194663,-0.362555,-0.186599,-0.185036,-0.241715,-0.137059,-0.135097,-0.219653,-0.100408,0.004964,-0.361454,-0.176108,-0.146248,-0.305423,-0.215289,-0.147965,-0.217458,-0.187085,-0.106894,-0.197476,-0.16044,H
0.0,0.0,0.0,0.057738,-0.19505,0.021594,0.161956,-0.318515,-0.00734,0.261674,-0.328565,-0.050645,0.335636,-0.295365,-0.092236,0.185703,-0.475305,-0.040868,0.220689,-0.680493,-0.097961,0.229308,-0.833894,-0.134925,0.233829,-0.958973,-0.160293,0.227041,-0.432122,-0.088556,0.421593,-0.49024,-0.142219,0.557407,-0.496818,-0.168805,0.66204,-0.496553,-0.183105,0.252181,-0.334721,-0.132228,0.385589,-0.204138,-0.165125,0.327544,-0.150482,-0.149593,0.270011,-0.153252,-0.134147,0.271686,-0.218805,-0.178223,0.372972,-0.103189,-0.186704,0.322339,-0.060045,-0.157201,0.270187,-0.070911,-0.132282,0.0,0.0,0.0,-0.146317,-0.121869,-0.006893,-0.226896,-0.252718,-0.047139,-0.271595,-0.341923,-0.10116,-0.269832,-0.418027,-0.154688,-0.09353,-0.543943,-0.039269,-0.136371,-0.73121,-0.101156,-0.164507,-0.856482,-0.14047,-0.185245,-0.967366,-0.172877,-0.035393,-0.52496,-0.078127,-0.225419,-0.463249,-0.161087,-0.223304,-0.313902,-0.166674,-0.170717,-0.271135,-0.161123,-0.007381,-0.45663,-0.121725,-0.196257,-0.372881,-0.185402,-0.183192,-0.2497,-0.142571,-0.132369,-0.227129,-0.108326,-0.00145,-0.363275,-0.170689,-0.149845,-0.310159,-0.211692,-0.14655,-0.220472,-0.184719,-0.10329,-0.202876,-0.158135,H
0.0,0.0,0.0,0.05986,-0.182474,0.016764,0.17384,-0.304117,-0.016034,0.277757,-0.314498,-0.062379,0.351713,-0.282382,-0.106954,0.191849,-0.45352,-0.04662,0.236331,-0.660873,-0.10836,0.248303,-0.818638,-0.150394,0.255463,-0.950117,-0.178931,0.227628,-0.402181,-0.091734,0.427388,-0.454344,-0.148133,0.5654,-0.447987,-0.175091,0.668128,-0.435293,-0.189996,0.249777,-0.303549,-0.133509,0.387644,-0.203119,-0.167661,0.329377,-0.154735,-0.148593,0.26882,-0.156409,-0.131379,0.272697,-0.186793,-0.17805,0.381122,-0.105069,-0.186473,0.334081,-0.063688,-0.153932,0.286722,-0.072165,-0.127891,0.0,0.0,0.0,-0.152107,-0.131936,-0.008006,-0.22936,-0.263119,-0.048633,-0.275075,-0.355602,-0.10171,-0.25866,-0.411597,-0.154972,-0.086045,-0.537253,-0.041681,-0.125492,-0.731301,-0.103959,-0.152658,-0.857752,-0.145753,-0.171032,-0.968766,-0.179556,-0.027314,-0.516048,-0.076915,-0.20875,-0.481314,-0.15639,-0.216612,-0.342884,-0.163045,-0.172805,-0.290241,-0.159024,-0.00228,-0.448078,-0.116403,-0.189047,-0.384143,-0.175527,-0.184052,-0.272529,-0.135602,-0.138728,-0.238396,-0.102892,-0.005757,-0.355179,-0.161096,-0.153955,-0.320952,-0.196454,-0.153179,-0.238816,-0.169482,-0.11116,-0.211905,-0.143245,H
0.0,0.0,0.0,0.062299,-0.182118,0.024972,0.18156,-0.293837,-0.003248,0.286241,-0.298433,-0.047233,0.358954,-0.264218,-0.089609,0.202287,-0.456851,-0.03062,0.256123,-0.66091,-0.086928,0.276515,-0.814055,-0.124385,0.289287,-0.945408,-0.150058,0.240496,-0.412667,-0.080876,0.453684,-0.451962,-0.133431,0.595251,-0.445341,-0.159719,0.700339,-0.439745,-0.1734,0.260396,-0.3187,-0.127944,0.399719,-0.188754,-0.161239,0.342266,-0.134099,-0.144964,0.285755,-0.136824,-0.128297,0.278229,-0.204162,-0.177116,0.382566,-0.090644,-0.183758,0.33278,-0.044523,-0.15193,0.286007,-0.053112,-0.12584,0.0,0.0,0.0,-0.134332,-0.135452,-0.004558,-0.213638,-0.269631,-0.043244,-0.259087,-0.360577,-0.095176,-0.250475,-0.422778,-0.147559,-0.068264,-0.543557,-0.042608,-0.105299,-0.735738,-0.102059,-0.13004,-0.862691,-0.141805,-0.147025,-0.97358,-0.174713,-0.010422,-0.519547,-0.080885,-0.199304,-0.468897,-0.158644,-0.205608,-0.332509,-0.165328,-0.159075,-0.284362,-0.162448,0.014083,-0.445698,-0.122786,-0.177468,-0.375876,-0.181236,-0.172119,-0.266877,-0.141763,-0.125521,-0.235613,-0.110318,0.014522,-0.350873,-0.169653,-0.138778,-0.321011,-0.206575,-0.1439,-0.242345,-0.179984,-0.106979,-0.214941,-0.153902,H
0.0,0.0,0.0,0.064369,-0.1843,0.018859,0.181513,-0.290866,-0.01394,0.285898,-0.286294,-0.061414,0.358236,-0.244555,-0.107536,0.210875,-0.455335,-0.043645,0.274327,-0.658127,-0.103524,0.300033,-0.80776,-0.143149,0.31541,-0.933575,-0.170159,0.250208,-0.40827,-0.09227,0.46538,-0.44345,-0.147303,0.610839,-0.427117,-0.175047,0.718998,-0.414158,-0.190077,0.270509,-0.308097,-0.137282,0.396049,-0.178977,-0.171095,0.333352,-0.129271,-0.15517,0.275101,-0.135809,-0.139285,0.285883,-0.187968,-0.184979,0.3783,-0.075269,-0.192795,0.325988,-0.035665,-0.161271,0.276809,-0.04617,-0.135115,0.0,0.0,0.0,-0.138898,-0.136319,-0.012407,-0.216319,-0.270056,-0.055015,-0.259499,-0.365031,-0.110186,-0.251154,-0.417943,-0.164997,-0.062346,-0.546528,-0.039481,-0.091863,-0.737958,-0.098746,-0.114335,-0.868467,-0.136458,-0.130476,-0.977247,-0.167228,-0.002246,-0.519273,-0.074412,-0.189256,-0.472935,-0.154667,-0.202165,-0.33154,-0.158786,-0.156021,-0.283057,-0.151571,0.024339,-0.446638,-0.114499,-0.166234,-0.37968,-0.17595,-0.164288,-0.266575,-0.134583,-0.116846,-0.237307,-0.100187,0.025311,-0.35151,-0.160379,-0.128026,-0.311545,-0.197139,-0.127717,-0.229925,-0.169256,-0.082901,-0.209413,-0.141719,H
0.0,0.0,0.0,0.070688,-0.187169,0.016882,0.188202,-0.301561,-0.014562,0.289786,-0.304925,-0.059344,0.360064,-0.275259,-0.102279,0.219463,-0.456708,-0.04954,0.280074,-0.658178,-0.110722,0.304643,-0.807565,-0.15072,0.319194,-0.930934,-0.177419,0.253996,-0.404196,-0.095064,0.462843,-0.427947,-0.154205,0.609758,-0.398161,-0.184074,0.71885,-0.370001,-0.199845,0.272599,-0.299918,-0.136407,0.396778,-0.160848,-0.171873,0.339609,-0.11119,-0.155707,0.284457,-0.119153,-0.139211,0.287416,-0.178029,-0.180393,0.379633,-0.057979,-0.188895,0.330215,-0.019297,-0.157376,0.282423,-0.03233,-0.130422,0.0,0.0,0.0,-0.140355,-0.144529,-0.012292,-0.219338,-0.284257,-0.056536,-0.264855,-0.382955,-0.113686,-0.251774,-0.426004,-0.170552,-0.057433,-0.55292,-0.044274,-0.091217,-0.740983,-0.102511,-0.115666,-0.868203,-0.139118,-0.132147,-0.976535,-0.170046,0.001673,-0.5214,-0.079958,-0.193734,-0.474963,-0.156211,-0.203665,-0.333533,-0.157599,-0.153387,-0.290757,-0.151143,0.026473,-0.445294,-0.120558,-0.171039,-0.386666,-0.179474,-0.167813,-0.273383,-0.135951,-0.117753,-0.244064,-0.10222,0.026221,-0.348754,-0.167206,-0.130452,-0.33008,-0.204509,-0.136711,-0.250121,-0.176376,-0.096022,-0.221933,-0.149595,H
0.0,0.0,0.0,0.070238,-0.184538,0.018249,0.188947,-0.304772,-0.012857,0.289415,-0.320201,-0.057489,0.359,-0.302273,-0.09967,0.222507,-0.456936,-0.051065,0.282354,-0.659306,-0.113668,0.305707,-0.807701,-0.154144,0.318646,-0.930562,-0.180333,0.252159,-0.404227,-0.09692,0.463754,-0.424156,-0.157475,0.612398,-0.391321,-0.186668,0.722846,-0.360886,-0.201663,0.268139,-0.301764,-0.138536,0.395577,-0.16323,-0.175117,0.340628,-0.113414,-0.157983,0.28543,-0.122233,-0.140547,0.282689,-0.180748,-0.18269,0.381301,-0.061927,-0.191839,0.335109,-0.021891,-0.160092,0.287824,-0.035023,-0.132652,0.0,0.0,0.0,-0.147114,-0.144626,-0.004182,-0.220882,-0.288137,-0.042548,-0.259698,-0.383341,-0.095133,-0.260641,-0.442919,-0.147338,-0.059359,-0.557075,-0.035334,-0.094196,-0.743146,-0.090002,-0.116847,-0.87078,-0.124019,-0.131581,-0.979372,-0.153353,-2.8e-05,-0.53004,-0.072507,-0.202373,-0.489531,-0.138379,-0.211396,-0.344302,-0.133441,-0.155283,-0.309353,-0.125278,0.024542,-0.458177,-0.11453,-0.178246,-0.402876,-0.163771,-0.173834,-0.291238,-0.115009,-0.118874,-0.268071,-0.081402,0.021658,-0.363388,-0.162395,-0.136336,-0.350969,-0.195945,-0.14042,-0.273402,-0.166097,-0.095511,-0.24672,-0.139621,H
0.0,0.0,0.0,0.075549,-0.18537,0.017992,0.19746,-0.30535,-0.012538,0.297131,-0.318761,-0.056879,0.361594,-0.300057,-0.098648,0.228457,-0.458788,-0.046064,0.292325,-0.654874,-0.108154,0.314965,-0.803841,-0.148782,0.327882,-0.928312,-0.175299,0.25539,-0.404132,-0.091677,0.465271,-0.42916,-0.150609,0.615875,-0.401488,-0.18072,0.730897,-0.374661,-0.197068,0.269683,-0.30036,-0.133557,0.399503,-0.167101,-0.169307,0.345346,-0.120562,-0.154115,0.289846,-0.132035,-0.138165,0.28407,-0.179902,-0.178188,0.384193,-0.065858,-0.187192,0.338536,-0.02859,-0.157803,0.290836,-0.044623,-0.132373,0.0,0.0,0.0,-0.144903,-0.137367,-0.003265,-0.219551,-0.28163,-0.034732,-0.259728,-0.374562,-0.07897,-0.263971,-0.441952,-0.122107,-0.069742,-0.56146,-0.026759,-0.098485,-0.747736,-0.075926,-0.120012,-0.874242,-0.107675,-0.136136,-0.981434,-0.135108,-0.008315,-0.537255,-0.061463,-0.207769,-0.498223,-0.130166,-0.218589,-0.366794,-0.135004,-0.169941,-0.318883,-0.131733,0.018048,-0.466287,-0.100161,-0.181379,-0.414974,-0.152702,-0.174948,-0.310404,-0.115267,-0.12625,-0.282881,-0.086095,0.017995,-0.372743,-0.143604,-0.139229,-0.363619,-0.177234,-0.143648,-0.289463,-0.151922,-0.10474,-0.264736,-0.126905,H
0.0,0.0,0.0,0.069919,-0.194587,0.023654,0.191212,-0.319891,-0.004691,0.291245,-0.33777,-0.047403,0.35586,-0.311984,-0.087644,0.21782,-0.469884,-0.041843,0.283821,-0.666001,-0.100999,0.305378,-0.812374,-0.138507,0.31345,-0.935708,-0.16186,0.249765,-0.41247,-0.088639,0.467454,-0.44141,-0.14245,0.612407,-0.424083,-0.168971,0.718991,-0.409984,-0.182916,0.266522,-0.307576,-0.131068,0.401531,-0.178279,-0.16292,0.34559,-0.128159,-0.144081,0.286337,-0.135707,-0.125354,0.284019,-0.18522,-0.175515,0.386122,-0.07696,-0.180889,0.33947,-0.037442,-0.147794,0.288531,-0.05076,-0.119471,0.0,0.0,0.0,-0.147111,-0.138429,-0.008936,-0.222224,-0.277425,-0.050501,-0.265905,-0.375226,-0.10399,-0.253875,-0.444689,-0.15594,-0.06859,-0.561992,-0.035424,-0.101712,-0.744003,-0.092106,-0.126068,-0.867912,-0.1292,-0.144886,-0.976381,-0.160275,-0.007401,-0.538926,-0.071242,-0.207217,-0.500424,-0.147067,-0.211887,-0.358492,-0.151301,-0.161886,-0.309624,-0.145695,0.018315,-0.469384,-0.111818,-0.183593,-0.413398,-0.168729,-0.174966,-0.29956,-0.1262,-0.128123,-0.271223,-0.092483,0.016596,-0.374273,-0.15779,-0.144307,-0.357259,-0.194352,-0.147216,-0.27523,-0.166127,-0.110164,-0.247578,-0.138197,H
0.0,0.0,0.0,0.068403,-0.197449,0.024042,0.190416,-0.313462,-0.005837,0.290785,-0.315809,-0.050535,0.353495,-0.273149,-0.093083,0.215617,-0.471968,-0.043034,0.276938,-0.666501,-0.105218,0.296488,-0.812187,-0.145995,0.301891,-0.937671,-0.172148,0.248739,-0.420026,-0.090892,0.465431,-0.44152,-0.146239,0.609541,-0.424121,-0.174222,0.714832,-0.413464,-0.189387,0.266631,-0.316946,-0.134497,0.400416,-0.166253,-0.166645,0.344193,-0.115113,-0.14974,0.286043,-0.125888,-0.132559,0.283602,-0.195661,-0.180343,0.385638,-0.067009,-0.185792,0.337826,-0.026291,-0.153622,0.286651,-0.041218,-0.125987,0.0,0.0,0.0,-0.148333,-0.142561,-0.009237,-0.222019,-0.267828,-0.05265,-0.267195,-0.356367,-0.109169,-0.26173,-0.431141,-0.164216,-0.067552,-0.547781,-0.036852,-0.106202,-0.734985,-0.098836,-0.134002,-0.862156,-0.138503,-0.157204,-0.972632,-0.171099,-0.007327,-0.528938,-0.073321,-0.20086,-0.500202,-0.152325,-0.205469,-0.351139,-0.154304,-0.152945,-0.312345,-0.146119,0.019028,-0.467675,-0.115577,-0.179847,-0.405451,-0.175417,-0.169584,-0.286437,-0.130483,-0.117002,-0.266147,-0.09483,0.015709,-0.380479,-0.16364,-0.143672,-0.349487,-0.202255,-0.139191,-0.26742,-0.173952,-0.091748,-0.250359,-0.14601,H
0.0,0.0,0.0,0.056233,-0.186157,0.016744,0.16864,-0.304539,-0.015341,0.268831,-0.316471,-0.060495,0.339217,-0.293366,-0.103593,0.203713,-0.463104,-0.052184,0.263462,-0.661317,-0.119399,0.284883,-0.811159,-0.162251,0.293804,-0.936751,-0.190201,0.241242,-0.414972,-0.098624,0.455336,-0.444003,-0.16249,0.598763,-0.429032,-0.194129,0.706669,-0.415632,-0.210377,0.262496,-0.312304,-0.141184,0.394807,-0.160532,-0.179731,0.334535,-0.108945,-0.162392,0.278519,-0.1209,-0.144252,0.280067,-0.192097,-0.18644,0.370914,-0.057013,-0.197834,0.315791,-0.019774,-0.16714,0.265073,-0.041993,-0.140086,0.0,0.0,0.0,-0.145723,-0.133982,-0.009699,-0.219596,-0.257347,-0.057563,-0.262056,-0.349889,-0.119843,-0.255468,-0.425733,-0.180524,-0.066355,-0.542542,-0.037116,-0.112337,-0.732156,-0.095492,-0.141748,-0.863006,-0.129889,-0.163558,-0.973546,-0.159552,-0.007175,-0.525274,-0.075264,-0.19972,-0.488237,-0.147115,-0.201435,-0.338149,-0.140485,-0.145964,-0.312216,-0.128274,0.018069,-0.46719,-0.119829,-0.178055,-0.397487,-0.172928,-0.167854,-0.280529,-0.122035,-0.114016,-0.268445,-0.086193,0.012819,-0.385253,-0.171036,-0.142164,-0.34307,-0.20707,-0.136227,-0.258982,-0.178496,-0.086768,-0.246689,-0.152701,H
0.0,0.0,0.0,0.058571,-0.188457,0.022198,0.172642,-0.303971,-0.005192,0.275456,-0.307077,-0.047267,0.347764,-0.271894,-0.087498,0.206841,-0.464387,-0.035235,0.26392,-0.668148,-0.091455,0.288419,-0.817422,-0.127411,0.304636,-0.940292,-0.151815,0.248491,-0.416691,-0.083117,0.456881,-0.449306,-0.139008,0.599022,-0.441155,-0.169045,0.708465,-0.434956,-0.184527,0.270251,-0.317225,-0.127126,0.393318,-0.170756,-0.164634,0.326656,-0.116814,-0.152973,0.268112,-0.12534,-0.137696,0.287224,-0.198265,-0.172729,0.377056,-0.067938,-0.183704,0.320086,-0.028297,-0.155491,0.268275,-0.045695,-0.130159,0.0,0.0,0.0,-0.146609,-0.125135,-0.017409,-0.224736,-0.24515,-0.06763,-0.265547,-0.336328,-0.130003,-0.266904,-0.411331,-0.190488,-0.074434,-0.538926,-0.048151,-0.120744,-0.730312,-0.108335,-0.15029,-0.861157,-0.14348,-0.172128,-0.969761,-0.173019,-0.012184,-0.520662,-0.081988,-0.206261,-0.481602,-0.155616,-0.206473,-0.332637,-0.1503,-0.150993,-0.30554,-0.139063,0.016338,-0.461881,-0.12235,-0.180918,-0.386391,-0.178027,-0.170424,-0.268455,-0.128162,-0.117982,-0.254374,-0.092649,0.015614,-0.379477,-0.169761,-0.1406,-0.331547,-0.207523,-0.135621,-0.244062,-0.179058,-0.089373,-0.229725,-0.153131,H
0.0,0.0,0.0,0.060604,-0.188972,0.022679,0.17805,-0.303642,-0.003646,0.283273,-0.310278,-0.043816,0.356899,-0.278795,-0.082096,0.209791,-0.459035,-0.039023,0.2717,-0.660877,-0.094759,0.299411,-0.810634,-0.130645,0.316918,-0.9357,-0.155009,0.249926,-0.410307,-0.084859,0.456774,-0.448351,-0.13753,0.599534,-0.441601,-0.165907,0.70795,-0.435273,-0.181298,0.271979,-0.311235,-0.126201,0.397324,-0.173553,-0.157287,0.340815,-0.120441,-0.142166,0.286597,-0.126828,-0.126232,0.289518,-0.193184,-0.169477,0.380355,-0.073191,-0.174982,0.329577,-0.033983,-0.144541,0.279585,-0.049346,-0.118487,0.0,0.0,0.0,-0.143868,-0.127253,-0.013416,-0.223385,-0.251271,-0.05955,-0.267967,-0.347205,-0.118917,-0.26036,-0.40497,-0.177345,-0.071538,-0.544762,-0.041127,-0.111208,-0.735502,-0.101475,-0.141458,-0.865414,-0.137219,-0.163558,-0.972413,-0.166317,-0.008513,-0.524228,-0.075694,-0.200193,-0.471137,-0.151505,-0.207151,-0.325149,-0.148633,-0.15657,-0.290773,-0.13791,0.022363,-0.459325,-0.116397,-0.171843,-0.373536,-0.173446,-0.165906,-0.25676,-0.125744,-0.117591,-0.235282,-0.089658,0.026569,-0.368231,-0.163787,-0.1273,-0.310303,-0.198494,-0.127305,-0.223049,-0.169237,-0.083957,-0.205654,-0.142018,H
0.0,0.0,0.0,0.066401,-0.190153,0.022221,0.183885,-0.307142,-0.006823,0.287698,-0.314725,-0.050633,0.359311,-0.286302,-0.092289,0.216779,-0.46184,-0.040716,0.281492,-0.659933,-0.097366,0.309043,-0.807438,-0.133904,0.327018,-0.931583,-0.158781,0.25031,-0.411853,-0.087851,0.459792,-0.440454,-0.143157,0.606385,-0.432589,-0.173334,0.719335,-0.42561,-0.190358,0.267654,-0.310523,-0.130426,0.393447,-0.172347,-0.163301,0.334104,-0.122084,-0.14788,0.278633,-0.130793,-0.132031,0.283573,-0.188841,-0.175228,0.378669,-0.069872,-0.181886,0.326353,-0.030183,-0.151546,0.276687,-0.045257,-0.125706,0.0,0.0,0.0,-0.143862,-0.128816,-0.011302,-0.221153,-0.253249,-0.060358,-0.264709,-0.346233,-0.124037,-0.255403,-0.413768,-0.186922,-0.06991,-0.547365,-0.043256,-0.109146,-0.735559,-0.105739,-0.138975,-0.865956,-0.141923,-0.158743,-0.97235,-0.171278,-0.006049,-0.525953,-0.081046,-0.195633,-0.46728,-0.157494,-0.200761,-0.311308,-0.151833,-0.146614,-0.277865,-0.139179,0.02498,-0.457911,-0.124996,-0.167847,-0.374212,-0.181319,-0.161772,-0.250736,-0.12841,-0.110883,-0.230385,-0.08978,0.029282,-0.363602,-0.175874,-0.12274,-0.312673,-0.211124,-0.124774,-0.225017,-0.179406,-0.081741,-0.207337,-0.150712,H
0.0,0.0,0.0,0.076022,-0.184612,0.018559,0.198621,-0.301896,-0.011007,0.299858,-0.304706,-0.054671,0.364167,-0.274144,-0.095913,0.231031,-0.458874,-0.046939,0.297806,-0.656378,-0.10797,0.323635,-0.80158,-0.145771,0.337058,-0.925933,-0.170413,0.26046,-0.404403,-0.093536,0.474428,-0.433422,-0.153319,0.621835,-0.419252,-0.184235,0.734647,-0.407744,-0.200496,0.275099,-0.299243,-0.136023,0.40635,-0.149051,-0.17358,0.34885,-0.10049,-0.159274,0.293516,-0.113878,-0.142453,0.287419,-0.176744,-0.180963,0.384521,-0.048277,-0.190589,0.334458,-0.011188,-0.161289,0.283683,-0.031039,-0.135159,0.0,0.0,0.0,-0.145519,-0.129516,-0.01482,-0.222261,-0.254439,-0.064641,-0.264833,-0.348224,-0.127521,-0.259454,-0.4127,-0.189107,-0.069511,-0.543146,-0.048524,-0.108223,-0.73369,-0.10974,-0.13731,-0.864107,-0.144368,-0.157908,-0.972206,-0.17286,-0.005317,-0.521093,-0.083273,-0.197799,-0.474368,-0.155543,-0.202978,-0.324703,-0.147274,-0.149024,-0.297041,-0.134016,0.024383,-0.455533,-0.124336,-0.171093,-0.379252,-0.176977,-0.165265,-0.262172,-0.123709,-0.114522,-0.24647,-0.086114,0.025476,-0.364935,-0.172548,-0.126864,-0.321544,-0.20617,-0.127701,-0.238946,-0.175295,-0.083835,-0.223863,-0.14786,H
0.0,0.0,0.0,0.070632,-0.178673,0.017631,0.193521,-0.282868,-0.015657,0.298432,-0.268427,-0.062995,0.360141,-0.220563,-0.10809,0.224809,-0.458103,-0.046451,0.292175,-0.655027,-0.112095,0.318573,-0.801409,-0.154409,0.33077,-0.92617,-0.181107,0.257118,-0.40719,-0.094511,0.479565,-0.436913,-0.15532,0.62455,-0.425916,-0.187338,0.734568,-0.41919,-0.20358,0.273305,-0.305069,-0.138974,0.408441,-0.153092,-0.177819,0.345534,-0.106455,-0.163078,0.287098,-0.121747,-0.144789,0.287901,-0.184072,-0.185936,0.381622,-0.051828,-0.194427,0.326515,-0.014678,-0.1624,0.275647,-0.035788,-0.134048,0.0,0.0,0.0,-0.143173,-0.123032,-0.01288,-0.219735,-0.252243,-0.05759,-0.263764,-0.341902,-0.114267,-0.267191,-0.411044,-0.169765,-0.072511,-0.540261,-0.048465,-0.114137,-0.732406,-0.109345,-0.143253,-0.861324,-0.146867,-0.163235,-0.970405,-0.177959,-0.009412,-0.521565,-0.082344,-0.206465,-0.476975,-0.156034,-0.212684,-0.327239,-0.152792,-0.159035,-0.288672,-0.143451,0.018791,-0.456836,-0.121768,-0.179376,-0.384084,-0.175874,-0.171929,-0.268198,-0.127604,-0.119942,-0.245541,-0.092874,0.018594,-0.367141,-0.167704,-0.134725,-0.332112,-0.203874,-0.138214,-0.249566,-0.175699,-0.09652,-0.227536,-0.149533,H
0.0,0.0,0.0,0.07367,-0.191735,0.022402,0.19935,-0.307055,-0.006739,0.303187,-0.306004,-0.050194,0.362237,-0.261918,-0.091856,0.229163,-0.461631,-0.04485,0.297378,-0.655205,-0.104395,0.32338,-0.801509,-0.142084,0.335603,-0.927238,-0.166135,0.257514,-0.403641,-0.091501,0.469398,-0.437241,-0.145047,0.609965,-0.426707,-0.17174,0.715363,-0.418625,-0.186084,0.271683,-0.298488,-0.133772,0.405793,-0.166291,-0.165132,0.350781,-0.119493,-0.146418,0.293763,-0.128876,-0.127501,0.28495,-0.175396,-0.178298,0.386812,-0.064831,-0.182124,0.339735,-0.028032,-0.14898,0.289643,-0.041662,-0.120623,0.0,0.0,0.0,-0.14059,-0.121567,-0.009563,-0.218113,-0.255055,-0.050165,-0.264125,-0.347296,-0.101476,-0.260361,-0.422643,-0.152278,-0.070692,-0.534974,-0.04959,-0.112584,-0.729776,-0.114499,-0.137878,-0.856682,-0.15831,-0.153705,-0.968966,-0.193595,-0.008159,-0.510539,-0.083703,-0.201949,-0.501095,-0.161879,-0.214669,-0.358341,-0.165078,-0.166797,-0.30683,-0.159153,0.017579,-0.439341,-0.122473,-0.173689,-0.404041,-0.180526,-0.171974,-0.291745,-0.136098,-0.124133,-0.259568,-0.100901,0.015285,-0.344689,-0.166564,-0.131542,-0.345568,-0.206506,-0.143219,-0.271172,-0.179941,-0.109784,-0.243646,-0.152968,H
0.0,0.0,0.0,0.073919,-0.198022,0.030222,0.198538,-0.318343,0.004879,0.297754,-0.327848,-0.036133,0.35765,-0.300421,-0.075199,0.229914,-0.467197,-0.037076,0.300827,-0.661779,-0.096953,0.323387,-0.806409,-0.135434,0.330665,-0.930206,-0.1593,0.259397,-0.411225,-0.0878,0.481506,-0.439532,-0.142516,0.623228,-0.436826,-0.172864,0.72862,-0.437407,-0.189698,0.272412,-0.305817,-0.133266,0.413772,-0.158395,-0.164943,0.356839,-0.11266,-0.147523,0.299402,-0.126653,-0.129487,0.284067,-0.18399,-0.180115,0.390393,-0.058679,-0.185282,0.340941,-0.020591,-0.151806,0.288731,-0.038811,-0.122693,0.0,0.0,0.0,-0.146019,-0.131361,-0.006862,-0.224163,-0.260736,-0.050182,-0.269588,-0.357686,-0.107051,-0.262278,-0.417565,-0.1631,-0.078667,-0.546492,-0.040863,-0.108768,-0.736444,-0.101798,-0.135782,-0.863497,-0.139965,-0.157549,-0.972455,-0.171784,-0.013685,-0.526601,-0.078547,-0.206997,-0.478559,-0.15733,-0.210776,-0.330174,-0.157416,-0.15905,-0.287233,-0.148551,0.016775,-0.457241,-0.121427,-0.178887,-0.393149,-0.179539,-0.168665,-0.278273,-0.133803,-0.118569,-0.251205,-0.097943,0.018892,-0.362672,-0.170039,-0.138508,-0.340766,-0.209336,-0.143502,-0.267137,-0.183375,-0.105177,-0.245182,-0.156829,H
0.0,0.0,0.0,0.06288,-0.18383,0.024931,0.177435,-0.29866,-0.00473,0.280107,-0.30549,-0.049286,0.349543,-0.279433,-0.091503,0.21349,-0.466585,-0.041826,0.27534,-0.666139,-0.106533,0.297942,-0.812191,-0.147011,0.306734,-0.936066,-0.172321,0.245313,-0.423,-0.09195,0.46773,-0.459398,-0.154117,0.612705,-0.454283,-0.18629,0.7217,-0.452494,-0.203032,0.260756,-0.324951,-0.137573,0.404564,-0.168143,-0.176654,0.345539,-0.116299,-0.160224,0.287626,-0.13252,-0.141679,0.275661,-0.204889,-0.184755,0.379383,-0.069319,-0.195376,0.325379,-0.028164,-0.163125,0.271243,-0.052393,-0.134584,0.0,0.0,0.0,-0.14758,-0.130486,-0.00736,-0.223318,-0.258789,-0.050585,-0.268292,-0.35315,-0.108485,-0.270195,-0.425533,-0.164898,-0.067682,-0.546167,-0.030573,-0.108039,-0.735612,-0.085593,-0.139773,-0.865164,-0.11822,-0.16519,-0.975279,-0.146778,-0.011752,-0.533474,-0.068815,-0.212149,-0.484658,-0.140995,-0.214646,-0.329847,-0.136841,-0.159178,-0.293408,-0.125821,0.010907,-0.477346,-0.113046,-0.189283,-0.396169,-0.167251,-0.176763,-0.275251,-0.119945,-0.122821,-0.254349,-0.085689,0.005184,-0.396448,-0.163598,-0.149677,-0.346599,-0.20057,-0.142434,-0.259266,-0.173687,-0.094352,-0.239496,-0.148335,H
0.0,0.0,0.0,0.065766,-0.183665,0.021725,0.183634,-0.290411,-0.009091,0.29819,-0.277403,-0.05493,0.377818,-0.226149,-0.098246,0.202502,-0.469496,-0.034457,0.259163,-0.667425,-0.093708,0.281344,-0.813947,-0.131201,0.294834,-0.942645,-0.156502,0.240495,-0.431783,-0.083743,0.454956,-0.484706,-0.142288,0.600102,-0.485919,-0.173119,0.713127,-0.484374,-0.188865,0.25976,-0.33887,-0.129312,0.398269,-0.189418,-0.169268,0.335761,-0.135685,-0.156961,0.279556,-0.144998,-0.140096,0.276942,-0.223256,-0.176566,0.378099,-0.092078,-0.187125,0.323987,-0.051273,-0.157627,0.273378,-0.069923,-0.131424,0.0,0.0,0.0,-0.152261,-0.132057,-0.007811,-0.229461,-0.259703,-0.05253,-0.271657,-0.355436,-0.112133,-0.275836,-0.43122,-0.170098,-0.072019,-0.550364,-0.030949,-0.117939,-0.735071,-0.086118,-0.149478,-0.864588,-0.118964,-0.175672,-0.973286,-0.147831,-0.01816,-0.534791,-0.069366,-0.223996,-0.490458,-0.140869,-0.223193,-0.3362,-0.135592,-0.166169,-0.303561,-0.124303,0.002595,-0.479342,-0.113903,-0.200943,-0.400882,-0.167401,-0.185832,-0.278602,-0.118325,-0.130711,-0.260868,-0.083774,-0.004932,-0.399514,-0.164998,-0.15995,-0.346417,-0.201809,-0.149834,-0.257367,-0.174724,-0.099879,-0.241481,-0.149901,H
0.0,0.0,0.0,0.062097,-0.186723,0.026001,0.178547,-0.297757,-0.005253,0.292328,-0.29352,-0.052065,0.369474,-0.243263,-0.096582,0.195563,-0.47519,-0.035073,0.24479,-0.672447,-0.096802,0.262448,-0.822534,-0.136922,0.271321,-0.948437,-0.163869,0.230421,-0.439155,-0.086847,0.444589,-0.498469,-0.146976,0.586299,-0.50323,-0.1785,0.694331,-0.50213,-0.194888,0.249625,-0.346805,-0.134232,0.396448,-0.196484,-0.172554,0.337756,-0.143324,-0.157202,0.279924,-0.152567,-0.139099,0.266969,-0.232705,-0.183231,0.37405,-0.099916,-0.192237,0.323021,-0.056231,-0.16079,0.270914,-0.074305,-0.133454,0.0,0.0,0.0,-0.150845,-0.127616,-0.012067,-0.229553,-0.257797,-0.05494,-0.269928,-0.349213,-0.11037,-0.275452,-0.425478,-0.164088,-0.076212,-0.551971,-0.04208,-0.129168,-0.733818,-0.09656,-0.16222,-0.858963,-0.130229,-0.190602,-0.96842,-0.160725,-0.023602,-0.533469,-0.077442,-0.232374,-0.475171,-0.149441,-0.226622,-0.324236,-0.148063,-0.169273,-0.288971,-0.141134,-0.003419,-0.471993,-0.118129,-0.207952,-0.389481,-0.175135,-0.189346,-0.268413,-0.130198,-0.133685,-0.248582,-0.098183,-0.008101,-0.386503,-0.165029,-0.160172,-0.341636,-0.206384,-0.154184,-0.252837,-0.181654,-0.110184,-0.232178,-0.15821,H
0.0,0.0,0.0,0.069153,-0.194708,0.03528,0.183719,-0.321346,0.009365,0.284088,-0.333966,-0.033748,0.353765,-0.30712,-0.076016,0.197825,-0.485443,-0.028638,0.24104,-0.685688,-0.086527,0.252518,-0.830361,-0.125998,0.253708,-0.955362,-0.15138,0.227532,-0.439568,-0.083266,0.441944,-0.50952,-0.134156,0.587515,-0.517317,-0.161766,0.696184,-0.519394,-0.176231,0.246392,-0.339597,-0.132661,0.39382,-0.218057,-0.162287,0.338093,-0.166456,-0.14352,0.278231,-0.170626,-0.124623,0.26673,-0.220258,-0.183027,0.374815,-0.116911,-0.185212,0.32976,-0.071537,-0.148337,0.281088,-0.077968,-0.117639,0.0,0.0,0.0,-0.138707,-0.127145,0.003099,-0.226725,-0.265716,-0.029426,-0.273205,-0.359802,-0.07636,-0.27009,-0.413304,-0.123558,-0.094575,-0.553527,-0.04172,-0.137854,-0.742371,-0.091329,-0.175004,-0.864095,-0.122767,-0.205827,-0.966658,-0.152338,-0.029512,-0.524684,-0.083166,-0.222526,-0.460256,-0.148616,-0.219728,-0.331734,-0.150643,-0.166209,-0.289057,-0.149654,0.000129,-0.43766,-0.12717,-0.19284,-0.372032,-0.180284,-0.182684,-0.267956,-0.142325,-0.132272,-0.234722,-0.115231,0.003258,-0.329505,-0.175427,-0.151374,-0.3222,-0.216608,-0.172206,-0.262912,-0.197484,-0.148142,-0.235377,-0.178269,H
0.0,0.0,0.0,0.059908,-0.185221,0.013289,0.172408,-0.319177,-0.021271,0.278629,-0.33182,-0.069682,0.34059,-0.297695,-0.115054,0.181473,-0.490298,-0.045382,0.225881,-0.685715,-0.109133,0.236715,-0.828617,-0.151576,0.240529,-0.953957,-0.179199,0.206971,-0.434939,-0.090061,0.409236,-0.504784,-0.148031,0.547846,-0.516513,-0.178038,0.65591,-0.523269,-0.194338,0.224426,-0.33581,-0.132203,0.369967,-0.227885,-0.170198,0.322627,-0.174088,-0.15367,0.26822,-0.175405,-0.135151,0.246131,-0.221415,-0.177206,0.358695,-0.133503,-0.183827,0.317905,-0.088735,-0.150731,0.272447,-0.09425,-0.123113,0.0,0.0,0.0,-0.132751,-0.106326,-0.007014,-0.22172,-0.242944,-0.041557,-0.270979,-0.333747,-0.086392,-0.287587,-0.40366,-0.131172,-0.099229,-0.530428,-0.052979,-0.154365,-0.722655,-0.117112,-0.186552,-0.847096,-0.160972,-0.213156,-0.957123,-0.196164,-0.042611,-0.506287,-0.088913,-0.238031,-0.450036,-0.17369,-0.241675,-0.310041,-0.183333,-0.193616,-0.262519,-0.180728,-0.018061,-0.427314,-0.127977,-0.210724,-0.358488,-0.193063,-0.193577,-0.247338,-0.155077,-0.139216,-0.22386,-0.123307,-0.014169,-0.325668,-0.171548,-0.167704,-0.292531,-0.218643,-0.165977,-0.207024,-0.194755,-0.123811,-0.184539,-0.168469,H
0.0,0.0,0.0,0.05879,-0.163886,0.003447,0.170052,-0.251558,-0.02543,0.28822,-0.215513,-0.062965,0.364788,-0.172375,-0.096316,0.161508,-0.454056,-0.050291,0.210588,-0.679701,-0.097779,0.222852,-0.83734,-0.124449,0.228816,-0.963227,-0.140841,0.20755,-0.388569,-0.082651,0.382218,-0.497431,-0.135527,0.511674,-0.521207,-0.157411,0.609973,-0.520894,-0.164617,0.234639,-0.289105,-0.112155,0.340979,-0.246595,-0.148371,0.284341,-0.20393,-0.131349,0.231452,-0.188923,-0.108558,0.258608,-0.180571,-0.14374,0.345967,-0.162577,-0.15091,0.303487,-0.136512,-0.116984,0.263672,-0.126039,-0.086246,0.0,0.0,0.0,-0.13291,-0.119108,-0.010279,-0.212035,-0.244358,-0.051916,-0.264555,-0.329744,-0.10413,-0.268075,-0.412486,-0.156399,-0.081373,-0.526728,-0.048744,-0.138315,-0.723004,-0.114986,-0.172561,-0.849351,-0.162822,-0.196679,-0.959749,-0.200499,-0.027407,-0.504192,-0.084246,-0.20928,-0.470109,-0.169729,-0.221809,-0.328086,-0.181521,-0.181112,-0.268663,-0.180074,-0.006173,-0.430829,-0.123593,-0.187965,-0.392686,-0.188557,-0.187137,-0.275566,-0.148113,-0.14352,-0.233799,-0.113893,-0.009302,-0.330328,-0.167686,-0.156203,-0.318719,-0.212432,-0.163295,-0.229175,-0.184923,-0.126387,-0.191791,-0.155952,H
0.0,0.0,0.0,0.078024,-0.123341,0.008569,0.173863,-0.214437,-0.002522,0.264774,-0.205971,-0.021499,0.32743,-0.183414,-0.034733,0.14436,-0.450189,-0.028137,0.181575,-0.676418,-0.069239,0.207774,-0.842789,-0.094969,0.226142,-0.967392,-0.11407,0.177447,-0.400848,-0.061036,0.333626,-0.482899,-0.102975,0.460984,-0.5129,-0.121459,0.557578,-0.528449,-0.132574,0.190973,-0.322564,-0.094991,0.317488,-0.341612,-0.134014,0.333527,-0.310032,-0.135373,0.339516,-0.298059,-0.131521,0.206341,-0.222354,-0.129741,0.290987,-0.207073,-0.15829,0.276493,-0.183907,-0.152557,0.250466,-0.169356,-0.14373,0.0,0.0,0.0,-0.111304,-0.129396,-0.014154,-0.203178,-0.274101,-0.055683,-0.261573,-0.365488,-0.102631,-0.277508,-0.393472,-0.150577,-0.080664,-0.545713,-0.062197,-0.141992,-0.724856,-0.117823,-0.173088,-0.850477,-0.159784,-0.190565,-0.96183,-0.196388,-0.023976,-0.505415,-0.0925,-0.197069,-0.490622,-0.160812,-0.231419,-0.375044,-0.169578,-0.208217,-0.313049,-0.172274,-0.002207,-0.413244,-0.124808,-0.182136,-0.387219,-0.179216,-0.190905,-0.294897,-0.147098,-0.148877,-0.261469,-0.122944,0.001094,-0.30548,-0.160172,-0.153154,-0.311768,-0.195026,-0.159625,-0.2386,-0.168496,-0.121892,-0.212368,-0.144963,H
