0.0,0.0,0.0,0.108642,-0.079288,-0.070052,0.164418,-0.22412,-0.100918,0.090293,-0.329419,-0.130376,0.005268,-0.392794,-0.155104,0.157294,-0.482492,-0.04197,0.228066,-0.66606,-0.089284,0.268986,-0.783333,-0.117722,0.296711,-0.878347,-0.131408,0.061274,-0.490936,-0.045278,0.036014,-0.725183,-0.105647,0.017449,-0.870501,-0.143648,-0.001896,-0.987686,-0.156435,-0.020243,-0.442534,-0.056651,-0.026016,-0.500428,-0.151583,0.010812,-0.367281,-0.171132,0.028054,-0.277355,-0.150443,-0.09123,-0.368406,-0.071668,-0.084145,-0.437859,-0.137608,-0.048755,-0.34108,-0.129524,-0.02911,-0.263494,-0.102211,0.0,0.0,0.0,0.0,0.0,0.0,0.0,0.0,0.0,0.0,0.0,0.0,0.0,0.0,0.0,0.0,0.0,0.0,0.0,0.0,0.0,0.0,0.0,0.0,0.0,0.0,0.0,0.0,0.0,0.0,0.0,0.0,0.0,0.0,0.0,0.0,0.0,0.0,0.0,0.0,0.0,0.0,0.0,0.0,0.0,0.0,0.0,0.0,0.0,0.0,0.0,0.0,0.0,0.0,0.0,0.0,0.0,0.0,0.0,0.0,0.0,0.0,0.0,V
0.0,0.0,0.0,0.108923,-0.079075,-0.06952,0.168538,-0.229378,-0.099599,0.091332,-0.341769,-0.128563,0.003005,-0.41106,-0.152974,0.159156,-0.484411,-0.039419,0.231819,-0.667339,-0.084448,0.274245,-0.78233,-0.111793,0.302044,-0.876514,-0.1256,0.06077,-0.493293,-0.043602,0.035204,-0.726563,-0.101862,0.01971,-0.870997,-0.138995,0.001346,-0.988322,-0.152377,-0.022471,-0.443135,-0.055992,-0.025232,-0.516118,-0.150118,0.016243,-0.382608,-0.168369,0.034041,-0.291189,-0.147681,-0.094961,-0.365763,-0.071837,-0.08356,-0.450483,-0.138198,-0.04495,-0.357048,-0.12899,-0.025449,-0.278264,-0.101403,0.0,0.0,0.0,0.0,0.0,0.0,0.0,0.0,0.0,0.0,0.0,0.0,0.0,0.0,0.0,0.0,0.0,0.0,0.0,0.0,0.0,0.0,0.0,0.0,0.0,0.0,0.0,0.0,0.0,0.0,0.0,0.0,0.0,0.0,0.0,0.0,0.0,0.0,0.0,0.0,0.0,0.0,0.0,0.0,0.0,0.0,0.0,0.0,0.0,0.0,0.0,0.0,0.0,0.0,0.0,0.0,0.0,0.0,0.0,0.0,0.0,0.0,0.0,V
0.0,0.0,0.0,0.112324,-0.082223,-0.066395,0.172984,-0.228251,-0.095582,0.094524,-0.340974,-0.123889,0.009729,-0.407082,-0.14797,0.162893,-0.481334,-0.040563,0.237846,-0.659867,-0.088905,0.282802,-0.775333,-0.118592,0.311743,-0.869935,-0.133227,0.065068,-0.497042,-0.044537,0.042064,-0.729876,-0.104092,0.027504,-0.872373,-0.141807,0.009783,-0.987859,-0.155048,-0.018187,-0.453338,-0.056038,-0.02696,-0.510509,-0.147696,0.009965,-0.3834,-0.1672,0.026618,-0.295271,-0.147782,-0.091199,-0.382334,-0.070914,-0.083023,-0.4477,-0.133566,-0.049207,-0.354488,-0.124795,-0.031685,-0.27808,-0.097748,0.0,0.0,0.0,0.0,0.0,0.0,0.0,0.0,0.0,0.0,0.0,0.0,0.0,0.0,0.0,0.0,0.0,0.0,0.0,0.0,0.0,0.0,0.0,0.0,0.0,0.0,0.0,0.0,0.0,0.0,0.0,0.0,0.0,0.0,0.0,0.0,0.0,0.0,0.0,0.0,0.0,0.0,0.0,0.0,0.0,0.0,0.0,0.0,0.0,0.0,0.0,0.0,0.0,0.0,0.0,0.0,0.0,0.0,0.0,0.0,0.0,0.0,0.0,V
0.0,0.0,0.0,0.110531,-0.081909,-0.065389,0.170547,-0.227177,-0.094151,0.094899,-0.337518,-0.122074,0.010254,-0.397534,-0.14576,0.161832,-0.476471,-0.040149,0.237273,-0.653341,-0.089332,0.283917,-0.766986,-0.119613,0.313653,-0.859745,-0.13419,0.064121,-0.492725,-0.044768,0.038754,-0.72779,-0.105394,0.022102,-0.87066,-0.143295,0.002771,-0.987824,-0.155549,-0.018468,-0.448128,-0.056787,-0.02705,-0.502353,-0.148885,0.008089,-0.374401,-0.167825,0.023968,-0.288178,-0.147094,-0.088288,-0.376162,-0.072056,-0.080451,-0.438487,-0.132619,-0.049849,-0.347448,-0.121938,-0.034459,-0.276382,-0.093458,0.0,0.0,0.0,0.0,0.0,0.0,0.0,0.0,0.0,0.0,0.0,0.0,0.0,0.0,0.0,0.0,0.0,0.0,0.0,0.0,0.0,0.0,0.0,0.0,0.0,0.0,0.0,0.0,0.0,0.0,0.0,0.0,0.0,0.0,0.0,0.0,0.0,0.0,0.0,0.0,0.0,0.0,0.0,0.0,0.0,0.0,0.0,0.0,0.0,0.0,0.0,0.0,0.0,0.0,0.0,0.0,0.0,0.0,0.0,0.0,0.0,0.0,0.0,V
0.0,0.0,0.0,0.106632,-0.08818,-0.064675,0.163798,-0.237255,-0.091843,0.087403,-0.348389,-0.11845,0.001495,-0.408482,-0.140863,0.154616,-0.486301,-0.037137,0.229333,-0.665982,-0.083025,0.275254,-0.779388,-0.111849,0.303741,-0.8718,-0.125508,0.057669,-0.501815,-0.041148,0.0318,-0.735195,-0.098099,0.014555,-0.875243,-0.135672,-0.005621,-0.988949,-0.148151,-0.024318,-0.457373,-0.052533,-0.030722,-0.506156,-0.140308,0.001281,-0.382654,-0.160762,0.014397,-0.29875,-0.141906,-0.09218,-0.386556,-0.0673,-0.086365,-0.455553,-0.124077,-0.055176,-0.370611,-0.113752,-0.036708,-0.298005,-0.08599,0.0,0.0,0.0,0.0,0.0,0.0,0.0,0.0,0.0,0.0,0.0,0.0,0.0,0.0,0.0,0.0,0.0,0.0,0.0,0.0,0.0,0.0,0.0,0.0,0.0,0.0,0.0,0.0,0.0,0.0,0.0,0.0,0.0,0.0,0.0,0.0,0.0,0.0,0.0,0.0,0.0,0.0,0.0,0.0,0.0,0.0,0.0,0.0,0.0,0.0,0.0,0.0,0.0,0.0,0.0,0.0,0.0,0.0,0.0,0.0,0.0,0.0,0.0,V
0.0,0.0,0.0,0.103043,-0.085988,-0.065652,0.154685,-0.229725,-0.095518,0.076178,-0.330011,-0.124641,-0.010195,-0.384781,-0.149392,0.146606,-0.478329,-0.042303,0.218739,-0.659587,-0.090983,0.264164,-0.777626,-0.121373,0.293549,-0.872565,-0.136014,0.050996,-0.494016,-0.046215,0.023333,-0.727181,-0.104885,0.004955,-0.872311,-0.142717,-0.014992,-0.987705,-0.155609,-0.030053,-0.449752,-0.057513,-0.035988,-0.491422,-0.144671,-0.001533,-0.369706,-0.164805,0.013485,-0.286318,-0.146654,-0.096956,-0.378557,-0.072783,-0.090769,-0.432884,-0.128677,-0.057183,-0.34776,-0.119729,-0.035792,-0.276877,-0.093751,0.0,0.0,0.0,0.0,0.0,0.0,0.0,0.0,0.0,0.0,0.0,0.0,0.0,0.0,0.0,0.0,0.0,0.0,0.0,0.0,0.0,0.0,0.0,0.0,0.0,0.0,0.0,0.0,0.0,0.0,0.0,0.0,0.0,0.0,0.0,0.0,0.0,0.0,0.0,0.0,0.0,0.0,0.0,0.0,0.0,0.0,0.0,0.0,0.0,0.0,0.0,0.0,0.0,0.0,0.0,0.0,0.0,0.0,0.0,0.0,0.0,0.0,0.0,V
0.0,0.0,0.0,0.100346,-0.080625,-0.068712,0.151064,-0.219658,-0.100154,0.06966,-0.314486,-0.130515,-0.020002,-0.361686,-0.156433,0.141716,-0.474713,-0.044986,0.207633,-0.659091,-0.096981,0.248864,-0.779531,-0.128622,0.275169,-0.876312,-0.143776,0.045301,-0.487915,-0.049099,0.01375,-0.722561,-0.111012,-0.007441,-0.869563,-0.149491,-0.02902,-0.98643,-0.161598,-0.035249,-0.440407,-0.061385,-0.041741,-0.474319,-0.151655,-0.005517,-0.355212,-0.17317,0.011341,-0.277797,-0.154844,-0.101511,-0.366121,-0.07795,-0.093845,-0.400603,-0.134856,-0.061904,-0.318976,-0.127341,-0.043431,-0.258894,-0.10221,0.0,0.0,0.0,0.0,0.0,0.0,0.0,0.0,0.0,0.0,0.0,0.0,0.0,0.0,0.0,0.0,0.0,0.0,0.0,0.0,0.0,0.0,0.0,0.0,0.0,0.0,0.0,0.0,0.0,0.0,0.0,0.0,0.0,0.0,0.0,0.0,0.0,0.0,0.0,0.0,0.0,0.0,0.0,0.0,0.0,0.0,0.0,0.0,0.0,0.0,0.0,0.0,0.0,0.0,0.0,0.0,0.0,0.0,0.0,0.0,0.0,0.0,0.0,V
0.0,0.0,0.0,0.097002,-0.082073,-0.06717,0.147961,-0.224901,-0.09672,0.065798,-0.313302,-0.125481,-0.024817,-0.354522,-0.150072,0.132302,-0.481319,-0.040689,0.19508,-0.668084,-0.089501,0.234239,-0.790546,-0.119753,0.259088,-0.887963,-0.134471,0.035209,-0.489571,-0.046267,0.001159,-0.725648,-0.105562,-0.019766,-0.870765,-0.143956,-0.040625,-0.986807,-0.156724,-0.044479,-0.43649,-0.059868,-0.042555,-0.47849,-0.149558,-0.00526,-0.358281,-0.1702,0.011068,-0.280517,-0.151412,-0.108886,-0.356723,-0.077512,-0.098754,-0.409207,-0.134115,-0.065226,-0.330942,-0.124275,-0.04536,-0.269238,-0.097666,0.0,0.0,0.0,0.0,0.0,0.0,0.0,0.0,0.0,0.0,0.0,0.0,0.0,0.0,0.0,0.0,0.0,0.0,0.0,0.0,0.0,0.0,0.0,0.0,0.0,0.0,0.0,0.0,0.0,0.0,0.0,0.0,0.0,0.0,0.0,0.0,0.0,0.0,0.0,0.0,0.0,0.0,0.0,0.0,0.0,0.0,0.0,0.0,0.0,0.0,0.0,0.0,0.0,0.0,0.0,0.0,0.0,0.0,0.0,0.0,0.0,0.0,0.0,V
0.0,0.0,0.0,0.100111,-0.079513,-0.07071,0.150726,-0.217504,-0.104375,0.064543,-0.3,-0.13671,-0.024975,-0.343035,-0.165117,0.134297,-0.475602,-0.048426,0.195655,-0.661172,-0.101229,0.23353,-0.785541,-0.13434,0.259007,-0.887051,-0.151089,0.038414,-0.483329,-0.053527,0.006001,-0.715693,-0.117483,-0.017401,-0.862969,-0.158465,-0.038943,-0.984122,-0.173167,-0.040529,-0.432586,-0.066562,-0.042201,-0.478135,-0.163222,-0.005313,-0.3473,-0.184484,0.012171,-0.262571,-0.164895,-0.106188,-0.355127,-0.083592,-0.100265,-0.414776,-0.148327,-0.06446,-0.322432,-0.139681,-0.040618,-0.249755,-0.112445,0.0,0.0,0.0,0.0,0.0,0.0,0.0,0.0,0.0,0.0,0.0,0.0,0.0,0.0,0.0,0.0,0.0,0.0,0.0,0.0,0.0,0.0,0.0,0.0,0.0,0.0,0.0,0.0,0.0,0.0,0.0,0.0,0.0,0.0,0.0,0.0,0.0,0.0,0.0,0.0,0.0,0.0,0.0,0.0,0.0,0.0,0.0,0.0,0.0,0.0,0.0,0.0,0.0,0.0,0.0,0.0,0.0,0.0,0.0,0.0,0.0,0.0,0.0,V
0.0,0.0,0.0,0.101791,-0.076329,-0.075736,0.149779,-0.218317,-0.110308,0.056258,-0.305741,-0.1422,-0.035868,-0.354787,-0.169452,0.131112,-0.479875,-0.052396,0.194637,-0.66961,-0.104204,0.232686,-0.792629,-0.134405,0.255397,-0.893641,-0.149254,0.034745,-0.488632,-0.054217,0.00042,-0.72137,-0.119062,-0.022297,-0.865601,-0.158646,-0.044725,-0.98417,-0.171493,-0.043609,-0.439528,-0.064356,-0.055508,-0.483194,-0.163009,-0.01653,-0.348974,-0.184674,0.002383,-0.263614,-0.164149,-0.109074,-0.364694,-0.078695,-0.108563,-0.414677,-0.146218,-0.071509,-0.319234,-0.1404,-0.047791,-0.248184,-0.114297,0.0,0.0,0.0,0.0,0.0,0.0,0.0,0.0,0.0,0.0,0.0,0.0,0.0,0.0,0.0,0.0,0.0,0.0,0.0,0.0,0.0,0.0,0.0,0.0,0.0,0.0,0.0,0.0,0.0,0.0,0.0,0.0,0.0,0.0,0.0,0.0,0.0,0.0,0.0,0.0,0.0,0.0,0.0,0.0,0.0,0.0,0.0,0.0,0.0,0.0,0.0,0.0,0.0,0.0,0.0,0.0,0.0,0.0,0.0,0.0,0.0,0.0,0.0,V
0.0,0.0,0.0,0.102386,-0.077963,-0.077237,0.14699,-0.218763,-0.113318,0.05472,-0.308411,-0.146659,-0.039557,-0.360669,-0.174877,0.12382,-0.486563,-0.052738,0.182841,-0.679671,-0.105251,0.217534,-0.802056,-0.136148,0.238736,-0.903135,-0.151799,0.026726,-0.493222,-0.053896,-0.010539,-0.723465,-0.119201,-0.035199,-0.865709,-0.15902,-0.058666,-0.983252,-0.172551,-0.050248,-0.440826,-0.063752,-0.060447,-0.489603,-0.161504,-0.019532,-0.360955,-0.183335,0.000854,-0.277467,-0.163919,-0.112364,-0.360279,-0.078097,-0.111525,-0.412121,-0.145451,-0.07287,-0.324857,-0.141073,-0.047241,-0.256194,-0.116501,0.0,0.0,0.0,0.0,0.0,0.0,0.0,0.0,0.0,0.0,0.0,0.0,0.0,0.0,0.0,0.0,0.0,0.0,0.0,0.0,0.0,0.0,0.0,0.0,0.0,0.0,0.0,0.0,0.0,0.0,0.0,0.0,0.0,0.0,0.0,0.0,0.0,0.0,0.0,0.0,0.0,0.0,0.0,0.0,0.0,0.0,0.0,0.0,0.0,0.0,0.0,0.0,0.0,0.0,0.0,0.0,0.0,0.0,0.0,0.0,0.0,0.0,0.0,V
0.0,0.0,0.0,0.100113,-0.083129,-0.077465,0.141625,-0.228342,-0.11324,0.042909,-0.320721,-0.145747,-0.053323,-0.371611,-0.172996,0.11729,-0.494108,-0.051825,0.17442,-0.689612,-0.102441,0.208242,-0.813514,-0.132774,0.228917,-0.914427,-0.148255,0.021369,-0.498641,-0.051543,-0.01911,-0.728557,-0.11427,-0.043572,-0.86901,-0.153667,-0.067036,-0.983612,-0.16737,-0.053595,-0.44544,-0.0597,-0.063269,-0.495049,-0.153577,-0.021949,-0.373722,-0.174819,-0.003007,-0.292827,-0.156047,-0.112447,-0.365201,-0.072416,-0.114026,-0.422521,-0.135938,-0.076294,-0.340065,-0.129941,-0.051964,-0.272075,-0.104763,0.0,0.0,0.0,0.0,0.0,0.0,0.0,0.0,0.0,0.0,0.0,0.0,0.0,0.0,0.0,0.0,0.0,0.0,0.0,0.0,0.0,0.0,0.0,0.0,0.0,0.0,0.0,0.0,0.0,0.0,0.0,0.0,0.0,0.0,0.0,0.0,0.0,0.0,0.0,0.0,0.0,0.0,0.0,0.0,0.0,0.0,0.0,0.0,0.0,0.0,0.0,0.0,0.0,0.0,0.0,0.0,0.0,0.0,0.0,0.0,0.0,0.0,0.0,V
0.0,0.0,0.0,0.098885,-0.081693,-0.082821,0.140937,-0.225135,-0.121144,0.039381,-0.314441,-0.155441,-0.058631,-0.366715,-0.184393,0.118037,-0.496556,-0.05624,0.171628,-0.692892,-0.109849,0.202318,-0.819969,-0.141812,0.220515,-0.923435,-0.157947,0.021012,-0.500836,-0.053967,-0.021086,-0.728347,-0.12095,-0.04792,-0.867364,-0.16188,-0.071995,-0.981864,-0.175386,-0.055277,-0.44842,-0.06078,-0.066277,-0.493824,-0.159164,-0.025997,-0.366242,-0.181853,-0.005895,-0.286118,-0.162658,-0.11577,-0.371098,-0.0725,-0.119005,-0.420597,-0.138972,-0.08427,-0.333736,-0.134731,-0.06019,-0.26886,-0.110106,0.0,0.0,0.0,0.0,0.0,0.0,0.0,0.0,0.0,0.0,0.0,0.0,0.0,0.0,0.0,0.0,0.0,0.0,0.0,0.0,0.0,0.0,0.0,0.0,0.0,0.0,0.0,0.0,0.0,0.0,0.0,0.0,0.0,0.0,0.0,0.0,0.0,0.0,0.0,0.0,0.0,0.0,0.0,0.0,0.0,0.0,0.0,0.0,0.0,0.0,0.0,0.0,0.0,0.0,0.0,0.0,0.0,0.0,0.0,0.0,0.0,0.0,0.0,V
0.0,0.0,0.0,0.098797,-0.078916,-0.085953,0.141359,-0.221197,-0.124795,0.042053,-0.307113,-0.158882,-0.055702,-0.357282,-0.187176,0.116806,-0.491844,-0.058252,0.171471,-0.689232,-0.112381,0.20399,-0.814406,-0.143538,0.223462,-0.917544,-0.158803,0.019588,-0.49992,-0.05454,-0.0231,-0.7287,-0.121534,-0.050491,-0.867349,-0.161463,-0.075751,-0.981907,-0.173552,-0.056364,-0.451293,-0.060522,-0.07046,-0.48619,-0.160045,-0.029158,-0.355559,-0.183885,-0.007483,-0.275909,-0.164547,-0.116465,-0.377937,-0.071833,-0.120108,-0.413641,-0.140058,-0.082767,-0.323768,-0.138208,-0.056178,-0.26,-0.11474,0.0,0.0,0.0,0.0,0.0,0.0,0.0,0.0,0.0,0.0,0.0,0.0,0.0,0.0,0.0,0.0,0.0,0.0,0.0,0.0,0.0,0.0,0.0,0.0,0.0,0.0,0.0,0.0,0.0,0.0,0.0,0.0,0.0,0.0,0.0,0.0,0.0,0.0,0.0,0.0,0.0,0.0,0.0,0.0,0.0,0.0,0.0,0.0,0.0,0.0,0.0,0.0,0.0,0.0,0.0,0.0,0.0,0.0,0.0,0.0,0.0,0.0,0.0,V
0.0,0.0,0.0,0.102959,-0.080331,-0.084814,0.144761,-0.223066,-0.122243,0.046367,-0.310549,-0.154979,-0.051015,-0.357359,-0.182153,0.125814,-0.490238,-0.056904,0.185121,-0.686574,-0.109507,0.219305,-0.812889,-0.139708,0.239411,-0.917022,-0.15435,0.029649,-0.500126,-0.05276,-0.009066,-0.727862,-0.117613,-0.034245,-0.868858,-0.156245,-0.057664,-0.984077,-0.16813,-0.045658,-0.452902,-0.058135,-0.058955,-0.49039,-0.154741,-0.021751,-0.362147,-0.177922,-0.003251,-0.280003,-0.15888,-0.105394,-0.381722,-0.068863,-0.108229,-0.420995,-0.134483,-0.072817,-0.333501,-0.132034,-0.048448,-0.268761,-0.108761,0.0,0.0,0.0,0.0,0.0,0.0,0.0,0.0,0.0,0.0,0.0,0.0,0.0,0.0,0.0,0.0,0.0,0.0,0.0,0.0,0.0,0.0,0.0,0.0,0.0,0.0,0.0,0.0,0.0,0.0,0.0,0.0,0.0,0.0,0.0,0.0,0.0,0.0,0.0,0.0,0.0,0.0,0.0,0.0,0.0,0.0,0.0,0.0,0.0,0.0,0.0,0.0,0.0,0.0,0.0,0.0,0.0,0.0,0.0,0.0,0.0,0.0,0.0,V
0.0,0.0,0.0,0.098467,-0.080618,-0.077306,0.135905,-0.221715,-0.112602,0.042926,-0.306216,-0.145027,-0.049501,-0.357083,-0.172153,0.125608,-0.486898,-0.0527,0.188321,-0.682759,-0.105431,0.225769,-0.806605,-0.135389,0.248743,-0.908783,-0.149772,0.032001,-0.497543,-0.051751,-0.002205,-0.72584,-0.117284,-0.024439,-0.866867,-0.15662,-0.045086,-0.984547,-0.169217,-0.043696,-0.451588,-0.05968,-0.057445,-0.489119,-0.155488,-0.020566,-0.362384,-0.179192,-0.001487,-0.282578,-0.161115,-0.102987,-0.380742,-0.072372,-0.102217,-0.417246,-0.137903,-0.066183,-0.329082,-0.13667,-0.041608,-0.264552,-0.114377,0.0,0.0,0.0,0.0,0.0,0.0,0.0,0.0,0.0,0.0,0.0,0.0,0.0,0.0,0.0,0.0,0.0,0.0,0.0,0.0,0.0,0.0,0.0,0.0,0.0,0.0,0.0,0.0,0.0,0.0,0.0,0.0,0.0,0.0,0.0,0.0,0.0,0.0,0.0,0.0,0.0,0.0,0.0,0.0,0.0,0.0,0.0,0.0,0.0,0.0,0.0,0.0,0.0,0.0,0.0,0.0,0.0,0.0,0.0,0.0,0.0,0.0,0.0,V
0.0,0.0,0.0,0.097239,-0.083673,-0.073292,0.134462,-0.227944,-0.103911,0.048517,-0.314326,-0.132405,-0.041425,-0.359472,-0.156147,0.135302,-0.491243,-0.044439,0.200141,-0.686754,-0.095661,0.237463,-0.809881,-0.124487,0.260426,-0.909539,-0.137228,0.041602,-0.506032,-0.043177,0.010053,-0.732941,-0.106321,-0.011312,-0.872246,-0.144447,-0.030354,-0.9874,-0.155309,-0.034147,-0.462905,-0.050957,-0.047011,-0.485705,-0.141236,-0.015332,-0.364936,-0.167233,0.001815,-0.289335,-0.151469,-0.093293,-0.394343,-0.063622,-0.093474,-0.409506,-0.123536,-0.062709,-0.325417,-0.124369,-0.03997,-0.26688,-0.104235,0.0,0.0,0.0,0.0,0.0,0.0,0.0,0.0,0.0,0.0,0.0,0.0,0.0,0.0,0.0,0.0,0.0,0.0,0.0,0.0,0.0,0.0,0.0,0.0,0.0,0.0,0.0,0.0,0.0,0.0,0.0,0.0,0.0,0.0,0.0,0.0,0.0,0.0,0.0,0.0,0.0,0.0,0.0,0.0,0.0,0.0,0.0,0.0,0.0,0.0,0.0,0.0,0.0,0.0,0.0,0.0,0.0,0.0,0.0,0.0,0.0,0.0,0.0,V
0.0,0.0,0.0,0.098794,-0.081929,-0.072771,0.14087,-0.223689,-0.103674,0.058233,-0.307433,-0.13314,-0.033858,-0.351816,-0.15827,0.145522,-0.487974,-0.044084,0.2104,-0.68296,-0.09576,0.247808,-0.80459,-0.125094,0.271404,-0.905439,-0.138189,0.05193,-0.506017,-0.043396,0.021138,-0.732344,-0.107777,-0.000736,-0.871549,-0.147013,-0.020053,-0.987171,-0.1584,-0.025049,-0.46525,-0.051638,-0.040154,-0.483521,-0.142718,-0.012326,-0.359333,-0.168901,0.003486,-0.283249,-0.15289,-0.086379,-0.398984,-0.064718,-0.089091,-0.409931,-0.123382,-0.0623,-0.324292,-0.123064,-0.041565,-0.264865,-0.102244,0.0,0.0,0.0,0.0,0.0,0.0,0.0,0.0,0.0,0.0,0.0,0.0,0.0,0.0,0.0,0.0,0.0,0.0,0.0,0.0,0.0,0.0,0.0,0.0,0.0,0.0,0.0,0.0,0.0,0.0,0.0,0.0,0.0,0.0,0.0,0.0,0.0,0.0,0.0,0.0,0.0,0.0,0.0,0.0,0.0,0.0,0.0,0.0,0.0,0.0,0.0,0.0,0.0,0.0,0.0,0.0,0.0,0.0,0.0,0.0,0.0,0.0,0.0,V
0.0,0.0,0.0,0.096523,-0.082811,-0.066334,0.1366,-0.220203,-0.095997,0.055764,-0.305335,-0.125473,-0.033603,-0.350726,-0.151091,0.147452,-0.480624,-0.04395,0.217721,-0.673966,-0.095706,0.25913,-0.796346,-0.124857,0.286469,-0.895954,-0.137334,0.055455,-0.500942,-0.045962,0.028259,-0.731658,-0.108389,0.008448,-0.87366,-0.14608,-0.008044,-0.98756,-0.157037,-0.020244,-0.460941,-0.055799,-0.038332,-0.483543,-0.141755,-0.013619,-0.363839,-0.165102,0.001274,-0.284538,-0.148822,-0.080795,-0.392756,-0.070177,-0.08613,-0.405088,-0.123581,-0.062226,-0.321355,-0.120002,-0.04391,-0.258689,-0.097756,0.0,0.0,0.0,0.0,0.0,0.0,0.0,0.0,0.0,0.0,0.0,0.0,0.0,0.0,0.0,0.0,0.0,0.0,0.0,0.0,0.0,0.0,0.0,0.0,0.0,0.0,0.0,0.0,0.0,0.0,0.0,0.0,0.0,0.0,0.0,0.0,0.0,0.0,0.0,0.0,0.0,0.0,0.0,0.0,0.0,0.0,0.0,0.0,0.0,0.0,0.0,0.0,0.0,0.0,0.0,0.0,0.0,0.0,0.0,0.0,0.0,0.0,0.0,V
0.0,0.0,0.0,0.096613,-0.079057,-0.065541,0.138022,-0.213223,-0.094497,0.060607,-0.300886,-0.123248,-0.027243,-0.353277,-0.147994,0.150605,-0.477845,-0.041163,0.220298,-0.669703,-0.09332,0.262575,-0.790473,-0.12313,0.290127,-0.890187,-0.136278,0.059833,-0.500595,-0.042891,0.035723,-0.728436,-0.105489,0.015876,-0.872363,-0.144134,-0.00108,-0.987765,-0.155948,-0.01477,-0.463615,-0.052654,-0.033344,-0.485573,-0.137194,-0.012086,-0.375216,-0.162915,0.000965,-0.300338,-0.149282,-0.073179,-0.397386,-0.067167,-0.07724,-0.394211,-0.122219,-0.053092,-0.313141,-0.123654,-0.032686,-0.253682,-0.104999,0.0,0.0,0.0,0.0,0.0,0.0,0.0,0.0,0.0,0.0,0.0,0.0,0.0,0.0,0.0,0.0,0.0,0.0,0.0,0.0,0.0,0.0,0.0,0.0,0.0,0.0,0.0,0.0,0.0,0.0,0.0,0.0,0.0,0.0,0.0,0.0,0.0,0.0,0.0,0.0,0.0,0.0,0.0,0.0,0.0,0.0,0.0,0.0,0.0,0.0,0.0,0.0,0.0,0.0,0.0,0.0,0.0,0.0,0.0,0.0,0.0,0.0,0.0,V
0.0,0.0,0.0,0.096815,-0.078875,-0.070266,0.136129,-0.216859,-0.099932,0.055012,-0.306268,-0.128223,-0.031578,-0.358941,-0.152591,0.150421,-0.476931,-0.044462,0.221659,-0.666271,-0.097,0.262796,-0.787877,-0.12712,0.290135,-0.890233,-0.140539,0.060344,-0.499405,-0.043729,0.039031,-0.72531,-0.107601,0.02046,-0.869113,-0.146589,0.005947,-0.987421,-0.158003,-0.01431,-0.463146,-0.051448,-0.038515,-0.484202,-0.139748,-0.018843,-0.365237,-0.165589,-0.004591,-0.287786,-0.150356,-0.073541,-0.399181,-0.064013,-0.084438,-0.403283,-0.121536,-0.063391,-0.316823,-0.122003,-0.042898,-0.255354,-0.101871,0.0,0.0,0.0,0.0,0.0,0.0,0.0,0.0,0.0,0.0,0.0,0.0,0.0,0.0,0.0,0.0,0.0,0.0,0.0,0.0,0.0,0.0,0.0,0.0,0.0,0.0,0.0,0.0,0.0,0.0,0.0,0.0,0.0,0.0,0.0,0.0,0.0,0.0,0.0,0.0,0.0,0.0,0.0,0.0,0.0,0.0,0.0,0.0,0.0,0.0,0.0,0.0,0.0,0.0,0.0,0.0,0.0,0.0,0.0,0.0,0.0,0.0,0.0,V
0.0,0.0,0.0,0.099228,-0.075027,-0.073114,0.143253,-0.21186,-0.10409,0.063107,-0.302395,-0.133501,-0.024549,-0.354835,-0.158375,0.156289,-0.4804,-0.04191,0.22558,-0.673031,-0.093277,0.265976,-0.793714,-0.123209,0.292753,-0.893196,-0.136892,0.063819,-0.501009,-0.040907,0.039597,-0.730379,-0.104053,0.021752,-0.872511,-0.143742,0.00772,-0.987732,-0.155966,-0.013624,-0.46141,-0.049097,-0.032586,-0.486218,-0.139868,-0.010755,-0.36595,-0.167454,0.003433,-0.28739,-0.152769,-0.075691,-0.395423,-0.062143,-0.083676,-0.408857,-0.122998,-0.061252,-0.322258,-0.124853,-0.04145,-0.259417,-0.105327,0.0,0.0,0.0,0.0,0.0,0.0,0.0,0.0,0.0,0.0,0.0,0.0,0.0,0.0,0.0,0.0,0.0,0.0,0.0,0.0,0.0,0.0,0.0,0.0,0.0,0.0,0.0,0.0,0.0,0.0,0.0,0.0,0.0,0.0,0.0,0.0,0.0,0.0,0.0,0.0,0.0,0.0,0.0,0.0,0.0,0.0,0.0,0.0,0.0,0.0,0.0,0.0,0.0,0.0,0.0,0.0,0.0,0.0,0.0,0.0,0.0,0.0,0.0,V
0.0,0.0,0.0,0.100765,-0.073133,-0.078044,0.149634,-0.210124,-0.110519,0.069315,-0.30445,-0.140245,-0.018053,-0.358233,-0.165083,0.167595,-0.483752,-0.045403,0.235342,-0.671959,-0.097175,0.27604,-0.794287,-0.129017,0.30331,-0.8947,-0.144636,0.073236,-0.506578,-0.042679,0.050153,-0.729223,-0.105289,0.032498,-0.871305,-0.14527,0.018047,-0.987206,-0.158424,-0.006624,-0.467434,-0.049719,-0.02187,-0.496564,-0.137449,-0.00061,-0.3806,-0.163973,0.011586,-0.308089,-0.149922,-0.07215,-0.401546,-0.062394,-0.076543,-0.41926,-0.119173,-0.055535,-0.339427,-0.119819,-0.038604,-0.284498,-0.100752,0.0,0.0,0.0,0.0,0.0,0.0,0.0,0.0,0.0,0.0,0.0,0.0,0.0,0.0,0.0,0.0,0.0,0.0,0.0,0.0,0.0,0.0,0.0,0.0,0.0,0.0,0.0,0.0,0.0,0.0,0.0,0.0,0.0,0.0,0.0,0.0,0.0,0.0,0.0,0.0,0.0,0.0,0.0,0.0,0.0,0.0,0.0,0.0,0.0,0.0,0.0,0.0,0.0,0.0,0.0,0.0,0.0,0.0,0.0,0.0,0.0,0.0,0.0,V
0.0,0.0,0.0,0.099988,-0.071146,-0.074204,0.151444,-0.205001,-0.105727,0.071914,-0.298396,-0.135742,-0.017211,-0.350838,-0.16105,0.172916,-0.478258,-0.042366,0.246871,-0.668019,-0.094692,0.290402,-0.788242,-0.124697,0.319293,-0.886255,-0.138013,0.079308,-0.503431,-0.041539,0.058505,-0.73102,-0.10545,0.043611,-0.872096,-0.14478,0.030732,-0.987264,-0.156092,-0.00111,-0.468561,-0.050309,-0.014236,-0.482518,-0.14078,0.00699,-0.360074,-0.168585,0.018623,-0.284909,-0.153723,-0.0664,-0.406031,-0.064244,-0.069225,-0.407267,-0.12289,-0.048592,-0.31979,-0.124597,-0.033437,-0.260979,-0.105086,0.0,0.0,0.0,0.0,0.0,0.0,0.0,0.0,0.0,0.0,0.0,0.0,0.0,0.0,0.0,0.0,0.0,0.0,0.0,0.0,0.0,0.0,0.0,0.0,0.0,0.0,0.0,0.0,0.0,0.0,0.0,0.0,0.0,0.0,0.0,0.0,0.0,0.0,0.0,0.0,0.0,0.0,0.0,0.0,0.0,0.0,0.0,0.0,0.0,0.0,0.0,0.0,0.0,0.0,0.0,0.0,0.0,0.0,0.0,0.0,0.0,0.0,0.0,V
0.0,0.0,0.0,0.102817,-0.070933,-0.064385,0.156259,-0.202117,-0.091407,0.075377,-0.291343,-0.118213,-0.012164,-0.346354,-0.140931,0.171926,-0.467135,-0.036545,0.2492,-0.655041,-0.086389,0.296859,-0.773438,-0.115301,0.327486,-0.870695,-0.127876,0.081482,-0.49201,-0.03822,0.066515,-0.723374,-0.098876,0.053679,-0.86924,-0.137428,0.041198,-0.987916,-0.149416,0.003785,-0.459656,-0.048119,-0.006629,-0.480261,-0.132158,0.016254,-0.367661,-0.157486,0.027966,-0.29407,-0.14341,-0.060311,-0.39979,-0.062495,-0.057308,-0.400487,-0.115657,-0.032966,-0.31662,-0.114942,-0.014441,-0.257258,-0.095171,0.0,0.0,0.0,0.0,0.0,0.0,0.0,0.0,0.0,0.0,0.0,0.0,0.0,0.0,0.0,0.0,0.0,0.0,0.0,0.0,0.0,0.0,0.0,0.0,0.0,0.0,0.0,0.0,0.0,0.0,0.0,0.0,0.0,0.0,0.0,0.0,0.0,0.0,0.0,0.0,0.0,0.0,0.0,0.0,0.0,0.0,0.0,0.0,0.0,0.0,0.0,0.0,0.0,0.0,0.0,0.0,0.0,0.0,0.0,0.0,0.0,0.0,0.0,V
0.0,0.0,0.0,0.098759,-0.071611,-0.068997,0.147469,-0.207423,-0.09691,0.063038,-0.295536,-0.123618,-0.021916,-0.347687,-0.14537,0.17063,-0.466932,-0.036378,0.246573,-0.65322,-0.086665,0.292398,-0.770834,-0.114226,0.320857,-0.869197,-0.125926,0.079837,-0.495044,-0.036488,0.062031,-0.724792,-0.098708,0.046875,-0.868162,-0.135138,0.033728,-0.988977,-0.144178,0.001361,-0.46308,-0.046076,-0.012646,-0.472483,-0.132575,0.01504,-0.356132,-0.157722,0.031279,-0.28454,-0.141789,-0.063738,-0.404296,-0.060654,-0.061888,-0.392133,-0.114009,-0.036069,-0.304251,-0.113393,-0.01667,-0.248463,-0.093333,0.0,0.0,0.0,0.0,0.0,0.0,0.0,0.0,0.0,0.0,0.0,0.0,0.0,0.0,0.0,0.0,0.0,0.0,0.0,0.0,0.0,0.0,0.0,0.0,0.0,0.0,0.0,0.0,0.0,0.0,0.0,0.0,0.0,0.0,0.0,0.0,0.0,0.0,0.0,0.0,0.0,0.0,0.0,0.0,0.0,0.0,0.0,0.0,0.0,0.0,0.0,0.0,0.0,0.0,0.0,0.0,0.0,0.0,0.0,0.0,0.0,0.0,0.0,V
0.0,0.0,0.0,0.103064,-0.062045,-0.077613,0.152054,-0.194243,-0.111341,0.066985,-0.286383,-0.142541,-0.021993,-0.347912,-0.16912,0.170688,-0.463294,-0.048939,0.24785,-0.650065,-0.102613,0.292542,-0.769621,-0.132137,0.322114,-0.868029,-0.145099,0.07948,-0.491568,-0.046469,0.063475,-0.718629,-0.113546,0.049538,-0.862941,-0.153726,0.040093,-0.985471,-0.165041,0.002438,-0.461647,-0.053494,-0.019442,-0.482056,-0.148394,-0.002372,-0.352004,-0.1747,0.01189,-0.274837,-0.157603,-0.059581,-0.404084,-0.065575,-0.069629,-0.413152,-0.128076,-0.047821,-0.318856,-0.128638,-0.025285,-0.256523,-0.107335,0.0,0.0,0.0,0.0,0.0,0.0,0.0,0.0,0.0,0.0,0.0,0.0,0.0,0.0,0.0,0.0,0.0,0.0,0.0,0.0,0.0,0.0,0.0,0.0,0.0,0.0,0.0,0.0,0.0,0.0,0.0,0.0,0.0,0.0,0.0,0.0,0.0,0.0,0.0,0.0,0.0,0.0,0.0,0.0,0.0,0.0,0.0,0.0,0.0,0.0,0.0,0.0,0.0,0.0,0.0,0.0,0.0,0.0,0.0,0.0,0.0,0.0,0.0,V
0.0,0.0,0.0,0.105328,-0.063133,-0.078589,0.155989,-0.200044,-0.11107,0.076214,-0.295375,-0.140782,-0.010038,-0.354948,-0.16514,0.17342,-0.474625,-0.042199,0.245348,-0.659224,-0.093601,0.28811,-0.776758,-0.12401,0.315754,-0.87446,-0.138845,0.080204,-0.499347,-0.04009,0.062642,-0.724702,-0.104805,0.050785,-0.866431,-0.145399,0.040589,-0.986586,-0.158118,0.000618,-0.463811,-0.048142,-0.011761,-0.493603,-0.14202,0.00836,-0.363296,-0.168597,0.020024,-0.284882,-0.152524,-0.064226,-0.400289,-0.061534,-0.068267,-0.415525,-0.124663,-0.047773,-0.323902,-0.126263,-0.03081,-0.263777,-0.106471,0.0,0.0,0.0,0.0,0.0,0.0,0.0,0.0,0.0,0.0,0.0,0.0,0.0,0.0,0.0,0.0,0.0,0.0,0.0,0.0,0.0,0.0,0.0,0.0,0.0,0.0,0.0,0.0,0.0,0.0,0.0,0.0,0.0,0.0,0.0,0.0,0.0,0.0,0.0,0.0,0.0,0.0,0.0,0.0,0.0,0.0,0.0,0.0,0.0,0.0,0.0,0.0,0.0,0.0,0.0,0.0,0.0,0.0,0.0,0.0,0.0,0.0,0.0,V
0.0,0.0,0.0,0.102542,-0.064297,-0.080658,0.153791,-0.199926,-0.114949,0.069276,-0.29466,-0.146312,-0.018361,-0.354155,-0.172091,0.16823,-0.476916,-0.04866,0.237845,-0.66678,-0.101122,0.280415,-0.785344,-0.130859,0.307782,-0.883863,-0.145018,0.073686,-0.500496,-0.045886,0.051625,-0.726178,-0.112067,0.036537,-0.867011,-0.151759,0.022224,-0.986295,-0.16349,-0.006602,-0.464373,-0.05332,-0.019986,-0.491497,-0.147928,0.005182,-0.3582,-0.17426,0.019343,-0.282862,-0.157904,-0.072939,-0.401787,-0.066256,-0.073451,-0.416754,-0.128775,-0.050418,-0.323584,-0.130434,-0.033079,-0.264897,-0.110912,0.0,0.0,0.0,0.0,0.0,0.0,0.0,0.0,0.0,0.0,0.0,0.0,0.0,0.0,0.0,0.0,0.0,0.0,0.0,0.0,0.0,0.0,0.0,0.0,0.0,0.0,0.0,0.0,0.0,0.0,0.0,0.0,0.0,0.0,0.0,0.0,0.0,0.0,0.0,0.0,0.0,0.0,0.0,0.0,0.0,0.0,0.0,0.0,0.0,0.0,0.0,0.0,0.0,0.0,0.0,0.0,0.0,0.0,0.0,0.0,0.0,0.0,0.0,V
0.0,0.0,0.0,0.102691,-0.066231,-0.077628,0.152101,-0.205734,-0.109756,0.064149,-0.296325,-0.139033,-0.02591,-0.355249,-0.162758,0.160148,-0.476583,-0.044048,0.229865,-0.663934,-0.094206,0.271604,-0.782611,-0.12257,0.298415,-0.880499,-0.135972,0.067154,-0.500047,-0.04217,0.044021,-0.726808,-0.10606,0.029116,-0.867129,-0.145089,0.016503,-0.987517,-0.156648,-0.011312,-0.463587,-0.050085,-0.022569,-0.493508,-0.143669,0.004188,-0.35979,-0.168503,0.019776,-0.283055,-0.151153,-0.075316,-0.400499,-0.06308,-0.077327,-0.420426,-0.125611,-0.050214,-0.328552,-0.125689,-0.027959,-0.269922,-0.104799,0.0,0.0,0.0,0.0,0.0,0.0,0.0,0.0,0.0,0.0,0.0,0.0,0.0,0.0,0.0,0.0,0.0,0.0,0.0,0.0,0.0,0.0,0.0,0.0,0.0,0.0,0.0,0.0,0.0,0.0,0.0,0.0,0.0,0.0,0.0,0.0,0.0,0.0,0.0,0.0,0.0,0.0,0.0,0.0,0.0,0.0,0.0,0.0,0.0,0.0,0.0,0.0,0.0,0.0,0.0,0.0,0.0,0.0,0.0,0.0,0.0,0.0,0.0,V
0.0,0.0,0.0,0.103785,-0.064526,-0.083143,0.152737,-0.193809,-0.118735,0.068086,-0.291001,-0.150229,-0.021006,-0.357688,-0.175979,0.169217,-0.468688,-0.052311,0.244881,-0.655441,-0.105127,0.289892,-0.776464,-0.134603,0.319665,-0.878723,-0.148103,0.076659,-0.498354,-0.047102,0.060272,-0.726808,-0.111131,0.04653,-0.868692,-0.148036,0.035308,-0.986842,-0.157788,-0.001138,-0.468129,-0.052144,-0.023762,-0.495859,-0.145321,-0.002173,-0.366086,-0.170606,0.013878,-0.286846,-0.153555,-0.063461,-0.411577,-0.062917,-0.073027,-0.425469,-0.125952,-0.047871,-0.334403,-0.12797,-0.023116,-0.274335,-0.108246,0.0,0.0,0.0,0.0,0.0,0.0,0.0,0.0,0.0,0.0,0.0,0.0,0.0,0.0,0.0,0.0,0.0,0.0,0.0,0.0,0.0,0.0,0.0,0.0,0.0,0.0,0.0,0.0,0.0,0.0,0.0,0.0,0.0,0.0,0.0,0.0,0.0,0.0,0.0,0.0,0.0,0.0,0.0,0.0,0.0,0.0,0.0,0.0,0.0,0.0,0.0,0.0,0.0,0.0,0.0,0.0,0.0,0.0,0.0,0.0,0.0,0.0,0.0,V
0.0,0.0,0.0,0.104539,-0.063123,-0.080792,0.154562,-0.20329,-0.112941,0.071364,-0.30994,-0.140965,-0.016337,-0.376207,-0.162792,0.180852,-0.471932,-0.043253,0.257893,-0.652835,-0.09232,0.30454,-0.77015,-0.121833,0.333421,-0.868154,-0.136738,0.087735,-0.503286,-0.038244,0.074253,-0.726604,-0.097898,0.064753,-0.869232,-0.134471,0.054223,-0.987816,-0.145874,0.009097,-0.472851,-0.043751,-0.006169,-0.511665,-0.131084,0.018921,-0.386413,-0.154916,0.030811,-0.305474,-0.139302,-0.055849,-0.414543,-0.055329,-0.053808,-0.436179,-0.115972,-0.028961,-0.345918,-0.118046,-0.010942,-0.281552,-0.099489,0.0,0.0,0.0,0.0,0.0,0.0,0.0,0.0,0.0,0.0,0.0,0.0,0.0,0.0,0.0,0.0,0.0,0.0,0.0,0.0,0.0,0.0,0.0,0.0,0.0,0.0,0.0,0.0,0.0,0.0,0.0,0.0,0.0,0.0,0.0,0.0,0.0,0.0,0.0,0.0,0.0,0.0,0.0,0.0,0.0,0.0,0.0,0.0,0.0,0.0,0.0,0.0,0.0,0.0,0.0,0.0,0.0,0.0,0.0,0.0,0.0,0.0,0.0,V
0.0,0.0,0.0,0.104717,-0.066046,-0.079194,0.154549,-0.207039,-0.11035,0.074646,-0.312003,-0.137823,-0.008863,-0.379606,-0.158536,0.182584,-0.476763,-0.038741,0.259182,-0.657662,-0.086927,0.306442,-0.77287,-0.116027,0.335892,-0.868179,-0.130479,0.087151,-0.506003,-0.034461,0.069145,-0.729836,-0.093125,0.060113,-0.871251,-0.129068,0.05171,-0.988781,-0.14014,0.006924,-0.47415,-0.041063,-0.0091,-0.512813,-0.126631,0.015868,-0.389973,-0.150528,0.028916,-0.312314,-0.135255,-0.058938,-0.415564,-0.053745,-0.057037,-0.43697,-0.111567,-0.032822,-0.349655,-0.113173,-0.014795,-0.288893,-0.094809,0.0,0.0,0.0,0.0,0.0,0.0,0.0,0.0,0.0,0.0,0.0,0.0,0.0,0.0,0.0,0.0,0.0,0.0,0.0,0.0,0.0,0.0,0.0,0.0,0.0,0.0,0.0,0.0,0.0,0.0,0.0,0.0,0.0,0.0,0.0,0.0,0.0,0.0,0.0,0.0,0.0,0.0,0.0,0.0,0.0,0.0,0.0,0.0,0.0,0.0,0.0,0.0,0.0,0.0,0.0,0.0,0.0,0.0,0.0,0.0,0.0,0.0,0.0,V
0.0,0.0,0.0,0.107769,-0.068463,-0.07244,0.162132,-0.212186,-0.100885,0.080324,-0.320801,-0.126701,-0.006206,-0.38449,-0.146231,0.185075,-0.477124,-0.034958,0.25905,-0.65923,-0.082213,0.304534,-0.77495,-0.11075,0.331501,-0.86876,-0.12476,0.087099,-0.507157,-0.034003,0.068299,-0.73581,-0.090171,0.058361,-0.875999,-0.125041,0.048343,-0.989573,-0.135676,0.005428,-0.473891,-0.04305,-0.005907,-0.514007,-0.124305,0.019004,-0.399568,-0.14772,0.029951,-0.324994,-0.133496,-0.061221,-0.411199,-0.057672,-0.052675,-0.425415,-0.112356,-0.027384,-0.341848,-0.113296,-0.011879,-0.283886,-0.095134,0.0,0.0,0.0,0.0,0.0,0.0,0.0,0.0,0.0,0.0,0.0,0.0,0.0,0.0,0.0,0.0,0.0,0.0,0.0,0.0,0.0,0.0,0.0,0.0,0.0,0.0,0.0,0.0,0.0,0.0,0.0,0.0,0.0,0.0,0.0,0.0,0.0,0.0,0.0,0.0,0.0,0.0,0.0,0.0,0.0,0.0,0.0,0.0,0.0,0.0,0.0,0.0,0.0,0.0,0.0,0.0,0.0,0.0,0.0,0.0,0.0,0.0,0.0,V
0.0,0.0,0.0,0.10863,-0.072766,-0.076547,0.159074,-0.216679,-0.107709,0.072408,-0.324062,-0.135822,-0.015026,-0.391599,-0.157448,0.180081,-0.47907,-0.038157,0.255639,-0.661052,-0.086107,0.300936,-0.777073,-0.115312,0.328208,-0.872973,-0.130339,0.082484,-0.506235,-0.035275,0.0637,-0.731642,-0.093928,0.053691,-0.873104,-0.130054,0.043057,-0.988936,-0.141956,0.001958,-0.472878,-0.042846,-0.013598,-0.515721,-0.127919,0.013243,-0.397112,-0.152561,0.026964,-0.320409,-0.138738,-0.064983,-0.411826,-0.05613,-0.060951,-0.433792,-0.114667,-0.035232,-0.347919,-0.117372,-0.016673,-0.286459,-0.100254,0.0,0.0,0.0,0.0,0.0,0.0,0.0,0.0,0.0,0.0,0.0,0.0,0.0,0.0,0.0,0.0,0.0,0.0,0.0,0.0,0.0,0.0,0.0,0.0,0.0,0.0,0.0,0.0,0.0,0.0,0.0,0.0,0.0,0.0,0.0,0.0,0.0,0.0,0.0,0.0,0.0,0.0,0.0,0.0,0.0,0.0,0.0,0.0,0.0,0.0,0.0,0.0,0.0,0.0,0.0,0.0,0.0,0.0,0.0,0.0,0.0,0.0,0.0,V
0.0,0.0,0.0,0.104412,-0.080684,-0.071906,0.151651,-0.224407,-0.102155,0.069401,-0.332213,-0.130007,-0.014394,-0.399865,-0.151631,0.172947,-0.480776,-0.039616,0.247039,-0.66824,-0.086837,0.291369,-0.786601,-0.115712,0.316897,-0.883747,-0.130368,0.075995,-0.506416,-0.038687,0.05474,-0.732822,-0.095619,0.041186,-0.872867,-0.131699,0.026764,-0.989205,-0.144071,-0.004888,-0.47277,-0.047067,-0.019076,-0.515519,-0.128345,0.008808,-0.402667,-0.150783,0.023459,-0.331441,-0.13674,-0.071137,-0.411677,-0.060937,-0.065478,-0.44096,-0.115288,-0.036454,-0.360903,-0.114845,-0.014539,-0.303333,-0.096117,0.0,0.0,0.0,0.0,0.0,0.0,0.0,0.0,0.0,0.0,0.0,0.0,0.0,0.0,0.0,0.0,0.0,0.0,0.0,0.0,0.0,0.0,0.0,0.0,0.0,0.0,0.0,0.0,0.0,0.0,0.0,0.0,0.0,0.0,0.0,0.0,0.0,0.0,0.0,0.0,0.0,0.0,0.0,0.0,0.0,0.0,0.0,0.0,0.0,0.0,0.0,0.0,0.0,0.0,0.0,0.0,0.0,0.0,0.0,0.0,0.0,0.0,0.0,V
0.0,0.0,0.0,0.097178,-0.088944,-0.06528,0.140974,-0.236867,-0.093751,0.059397,-0.346345,-0.121029,-0.026303,-0.405681,-0.142923,0.157887,-0.48965,-0.037286,0.227575,-0.676351,-0.083039,0.270053,-0.793968,-0.111113,0.293483,-0.889813,-0.125079,0.061883,-0.512474,-0.039061,0.035693,-0.738399,-0.093937,0.018674,-0.875279,-0.129004,-0.000396,-0.990075,-0.14054,-0.0177,-0.474922,-0.048895,-0.028321,-0.510302,-0.126847,0.001807,-0.40175,-0.148017,0.015271,-0.333436,-0.133759,-0.08144,-0.408321,-0.063682,-0.073585,-0.439734,-0.113698,-0.043352,-0.364343,-0.110157,-0.022501,-0.30823,-0.089675,0.0,0.0,0.0,0.0,0.0,0.0,0.0,0.0,0.0,0.0,0.0,0.0,0.0,0.0,0.0,0.0,0.0,0.0,0.0,0.0,0.0,0.0,0.0,0.0,0.0,0.0,0.0,0.0,0.0,0.0,0.0,0.0,0.0,0.0,0.0,0.0,0.0,0.0,0.0,0.0,0.0,0.0,0.0,0.0,0.0,0.0,0.0,0.0,0.0,0.0,0.0,0.0,0.0,0.0,0.0,0.0,0.0,0.0,0.0,0.0,0.0,0.0,0.0,V
0.0,0.0,0.0,0.097128,-0.089913,-0.062239,0.142632,-0.241137,-0.087529,0.058711,-0.34539,-0.111932,-0.028769,-0.396514,-0.130906,0.153336,-0.490292,-0.031743,0.218361,-0.676034,-0.076914,0.258183,-0.793502,-0.103777,0.278986,-0.888801,-0.116508,0.056994,-0.512059,-0.03463,0.030149,-0.7403,-0.088748,0.010248,-0.87765,-0.12225,-0.012921,-0.991203,-0.131721,-0.022161,-0.473263,-0.045847,-0.029482,-0.502092,-0.123706,0.003662,-0.396347,-0.145499,0.018067,-0.3301,-0.13093,-0.086054,-0.406617,-0.061799,-0.071251,-0.423424,-0.111011,-0.039651,-0.349216,-0.108574,-0.020324,-0.298846,-0.089044,0.0,0.0,0.0,0.0,0.0,0.0,0.0,0.0,0.0,0.0,0.0,0.0,0.0,0.0,0.0,0.0,0.0,0.0,0.0,0.0,0.0,0.0,0.0,0.0,0.0,0.0,0.0,0.0,0.0,0.0,0.0,0.0,0.0,0.0,0.0,0.0,0.0,0.0,0.0,0.0,0.0,0.0,0.0,0.0,0.0,0.0,0.0,0.0,0.0,0.0,0.0,0.0,0.0,0.0,0.0,0.0,0.0,0.0,0.0,0.0,0.0,0.0,0.0,V
0.0,0.0,0.0,0.09674,-0.084863,-0.06947,0.140766,-0.230277,-0.098826,0.053544,-0.338806,-0.125914,-0.034281,-0.398079,-0.147216,0.147004,-0.487623,-0.04169,0.212541,-0.675841,-0.087703,0.252137,-0.793787,-0.115057,0.274321,-0.890119,-0.128281,0.051327,-0.508247,-0.041754,0.024076,-0.735189,-0.097371,0.005881,-0.874956,-0.132756,-0.014479,-0.989424,-0.144325,-0.027068,-0.469152,-0.050133,-0.040409,-0.499138,-0.130872,-0.010185,-0.386903,-0.152832,0.003605,-0.312082,-0.138108,-0.089487,-0.402828,-0.063618,-0.084357,-0.435924,-0.11578,-0.05071,-0.357814,-0.112613,-0.026992,-0.297695,-0.092074,0.0,0.0,0.0,0.0,0.0,0.0,0.0,0.0,0.0,0.0,0.0,0.0,0.0,0.0,0.0,0.0,0.0,0.0,0.0,0.0,0.0,0.0,0.0,0.0,0.0,0.0,0.0,0.0,0.0,0.0,0.0,0.0,0.0,0.0,0.0,0.0,0.0,0.0,0.0,0.0,0.0,0.0,0.0,0.0,0.0,0.0,0.0,0.0,0.0,0.0,0.0,0.0,0.0,0.0,0.0,0.0,0.0,0.0,0.0,0.0,0.0,0.0,0.0,V
0.0,0.0,0.0,0.096985,-0.086039,-0.067313,0.139234,-0.23432,-0.09511,0.054887,-0.342924,-0.120829,-0.033642,-0.398537,-0.14089,0.145236,-0.490918,-0.039571,0.208852,-0.679776,-0.084377,0.246361,-0.798575,-0.111092,0.266261,-0.895136,-0.124054,0.049773,-0.512139,-0.040052,0.020034,-0.73814,-0.094649,-0.000131,-0.877005,-0.129081,-0.022542,-0.98991,-0.139894,-0.028463,-0.472946,-0.048605,-0.039532,-0.505486,-0.127919,-0.006616,-0.393756,-0.14907,0.008018,-0.317728,-0.133997,-0.090697,-0.405863,-0.062184,-0.083707,-0.43995,-0.113735,-0.048346,-0.362653,-0.110589,-0.023697,-0.301675,-0.089986,0.0,0.0,0.0,0.0,0.0,0.0,0.0,0.0,0.0,0.0,0.0,0.0,0.0,0.0,0.0,0.0,0.0,0.0,0.0,0.0,0.0,0.0,0.0,0.0,0.0,0.0,0.0,0.0,0.0,0.0,0.0,0.0,0.0,0.0,0.0,0.0,0.0,0.0,0.0,0.0,0.0,0.0,0.0,0.0,0.0,0.0,0.0,0.0,0.0,0.0,0.0,0.0,0.0,0.0,0.0,0.0,0.0,0.0,0.0,0.0,0.0,0.0,0.0,V
0.0,0.0,0.0,0.093749,-0.091166,-0.066777,0.135369,-0.236971,-0.096113,0.050867,-0.340811,-0.123936,-0.036651,-0.39621,-0.14605,0.143479,-0.492167,-0.039572,0.205096,-0.682266,-0.086047,0.240842,-0.801506,-0.114249,0.259565,-0.898002,-0.128423,0.04666,-0.509639,-0.041388,0.016187,-0.73599,-0.096934,-0.004904,-0.8739,-0.132412,-0.027264,-0.989102,-0.144685,-0.03143,-0.468148,-0.05154,-0.041363,-0.505162,-0.131035,-0.008622,-0.399461,-0.152705,0.007057,-0.330844,-0.138992,-0.092992,-0.400081,-0.066843,-0.084626,-0.436271,-0.118818,-0.049092,-0.365386,-0.116562,-0.023626,-0.312791,-0.097387,0.0,0.0,0.0,0.0,0.0,0.0,0.0,0.0,0.0,0.0,0.0,0.0,0.0,0.0,0.0,0.0,0.0,0.0,0.0,0.0,0.0,0.0,0.0,0.0,0.0,0.0,0.0,0.0,0.0,0.0,0.0,0.0,0.0,0.0,0.0,0.0,0.0,0.0,0.0,0.0,0.0,0.0,0.0,0.0,0.0,0.0,0.0,0.0,0.0,0.0,0.0,0.0,0.0,0.0,0.0,0.0,0.0,0.0,0.0,0.0,0.0,0.0,0.0,V
0.0,0.0,0.0,0.094797,-0.095856,-0.059805,0.136714,-0.239884,-0.085344,0.064599,-0.351379,-0.111168,-0.016093,-0.410203,-0.13164,0.14434,-0.492834,-0.03014,0.204913,-0.68697,-0.073418,0.240742,-0.807907,-0.099778,0.260478,-0.902401,-0.111844,0.051829,-0.509413,-0.03326,0.017747,-0.741086,-0.084699,-0.005445,-0.879964,-0.119859,-0.030445,-0.990744,-0.132287,-0.023868,-0.469316,-0.04418,-0.035664,-0.511609,-0.118633,-0.004526,-0.419209,-0.14254,0.010012,-0.353574,-0.131556,-0.085237,-0.403818,-0.0597,-0.077764,-0.448807,-0.106092,-0.041978,-0.395249,-0.104307,-0.016264,-0.34975,-0.086669,0.0,0.0,0.0,0.0,0.0,0.0,0.0,0.0,0.0,0.0,0.0,0.0,0.0,0.0,0.0,0.0,0.0,0.0,0.0,0.0,0.0,0.0,0.0,0.0,0.0,0.0,0.0,0.0,0.0,0.0,0.0,0.0,0.0,0.0,0.0,0.0,0.0,0.0,0.0,0.0,0.0,0.0,0.0,0.0,0.0,0.0,0.0,0.0,0.0,0.0,0.0,0.0,0.0,0.0,0.0,0.0,0.0,0.0,0.0,0.0,0.0,0.0,0.0,V
0.0,0.0,0.0,0.096978,-0.095371,-0.056927,0.146274,-0.245163,-0.079849,0.072926,-0.359532,-0.10375,-0.015754,-0.408571,-0.122498,0.146626,-0.493041,-0.024502,0.209498,-0.686323,-0.066218,0.247509,-0.80537,-0.090755,0.269466,-0.897536,-0.101451,0.054026,-0.510041,-0.028799,0.021395,-0.743429,-0.078709,0.001865,-0.883565,-0.112,-0.020051,-0.992261,-0.122541,-0.022754,-0.47057,-0.040953,-0.026511,-0.506003,-0.113592,0.005536,-0.413211,-0.136594,0.017892,-0.344993,-0.124522,-0.084857,-0.406354,-0.057589,-0.071628,-0.433234,-0.101486,-0.036911,-0.374616,-0.098934,-0.016865,-0.323918,-0.080634,0.0,0.0,0.0,0.0,0.0,0.0,0.0,0.0,0.0,0.0,0.0,0.0,0.0,0.0,0.0,0.0,0.0,0.0,0.0,0.0,0.0,0.0,0.0,0.0,0.0,0.0,0.0,0.0,0.0,0.0,0.0,0.0,0.0,0.0,0.0,0.0,0.0,0.0,0.0,0.0,0.0,0.0,0.0,0.0,0.0,0.0,0.0,0.0,0.0,0.0,0.0,0.0,0.0,0.0,0.0,0.0,0.0,0.0,0.0,0.0,0.0,0.0,0.0,V
0.0,0.0,0.0,0.102378,-0.0881,-0.066077,0.156616,-0.235776,-0.092779,0.077174,-0.354102,-0.118493,-0.011601,-0.410686,-0.138818,0.155768,-0.489419,-0.034063,0.215305,-0.683651,-0.077177,0.250684,-0.803398,-0.103135,0.271005,-0.898898,-0.11578,0.061651,-0.508214,-0.035576,0.029042,-0.738447,-0.088366,0.009047,-0.878156,-0.123989,-0.013099,-0.99055,-0.136527,-0.015209,-0.467746,-0.04528,-0.017822,-0.503258,-0.123162,0.015813,-0.400918,-0.146495,0.02944,-0.331014,-0.133927,-0.077836,-0.401461,-0.05986,-0.069649,-0.440434,-0.107992,-0.038322,-0.376168,-0.104775,-0.020964,-0.321246,-0.085639,0.0,0.0,0.0,0.0,0.0,0.0,0.0,0.0,0.0,0.0,0.0,0.0,0.0,0.0,0.0,0.0,0.0,0.0,0.0,0.0,0.0,0.0,0.0,0.0,0.0,0.0,0.0,0.0,0.0,0.0,0.0,0.0,0.0,0.0,0.0,0.0,0.0,0.0,0.0,0.0,0.0,0.0,0.0,0.0,0.0,0.0,0.0,0.0,0.0,0.0,0.0,0.0,0.0,0.0,0.0,0.0,0.0,0.0,0.0,0.0,0.0,0.0,0.0,V
0.0,0.0,0.0,0.102602,-0.091526,-0.063442,0.1564,-0.238775,-0.090912,0.074286,-0.347937,-0.118398,-0.01475,-0.396074,-0.141491,0.149102,-0.487913,-0.039162,0.209739,-0.679532,-0.085152,0.245861,-0.800777,-0.112674,0.267489,-0.898732,-0.126333,0.054723,-0.501869,-0.043944,0.021741,-0.731922,-0.100138,0.002762,-0.872742,-0.136264,-0.016433,-0.988707,-0.148959,-0.023075,-0.456909,-0.056297,-0.023727,-0.492806,-0.137713,0.010035,-0.382167,-0.158446,0.023534,-0.310307,-0.143179,-0.086098,-0.386045,-0.073136,-0.078495,-0.431347,-0.121863,-0.047593,-0.361162,-0.114397,-0.030858,-0.303186,-0.092077,0.0,0.0,0.0,0.0,0.0,0.0,0.0,0.0,0.0,0.0,0.0,0.0,0.0,0.0,0.0,0.0,0.0,0.0,0.0,0.0,0.0,0.0,0.0,0.0,0.0,0.0,0.0,0.0,0.0,0.0,0.0,0.0,0.0,0.0,0.0,0.0,0.0,0.0,0.0,0.0,0.0,0.0,0.0,0.0,0.0,0.0,0.0,0.0,0.0,0.0,0.0,0.0,0.0,0.0,0.0,0.0,0.0,0.0,0.0,0.0,0.0,0.0,0.0,V
0.0,0.0,0.0,0.10366,-0.083209,-0.071442,0.157626,-0.223211,-0.10245,0.079238,-0.328269,-0.131652,-0.006154,-0.385533,-0.155913,0.145336,-0.485297,-0.047526,0.204885,-0.676696,-0.097349,0.240997,-0.801047,-0.126442,0.262286,-0.900719,-0.140148,0.050454,-0.497191,-0.048858,0.016396,-0.728643,-0.109057,-0.005572,-0.87195,-0.14543,-0.027534,-0.987261,-0.156706,-0.027834,-0.451492,-0.058569,-0.032401,-0.48531,-0.145584,0.002217,-0.36852,-0.165888,0.019057,-0.294892,-0.148224,-0.09173,-0.38061,-0.073123,-0.08835,-0.421907,-0.126618,-0.058197,-0.342294,-0.119207,-0.039577,-0.282941,-0.095365,0.0,0.0,0.0,0.0,0.0,0.0,0.0,0.0,0.0,0.0,0.0,0.0,0.0,0.0,0.0,0.0,0.0,0.0,0.0,0.0,0.0,0.0,0.0,0.0,0.0,0.0,0.0,0.0,0.0,0.0,0.0,0.0,0.0,0.0,0.0,0.0,0.0,0.0,0.0,0.0,0.0,0.0,0.0,0.0,0.0,0.0,0.0,0.0,0.0,0.0,0.0,0.0,0.0,0.0,0.0,0.0,0.0,0.0,0.0,0.0,0.0,0.0,0.0,V
0.0,0.0,0.0,0.101347,-0.082686,-0.074582,0.150607,-0.222909,-0.107987,0.072793,-0.329201,-0.139026,-0.011559,-0.395697,-0.165072,0.14406,-0.486384,-0.052207,0.201081,-0.680152,-0.103465,0.235929,-0.804574,-0.134341,0.256544,-0.906428,-0.149591,0.049373,-0.497614,-0.052638,0.013236,-0.729651,-0.114079,-0.009565,-0.870715,-0.15174,-0.030924,-0.985941,-0.164209,-0.02855,-0.45115,-0.061383,-0.037229,-0.489784,-0.150119,-0.004902,-0.369445,-0.169882,0.011092,-0.293241,-0.151794,-0.091232,-0.379118,-0.075172,-0.091801,-0.429182,-0.131869,-0.061443,-0.345032,-0.124237,-0.040488,-0.279773,-0.099524,0.0,0.0,0.0,0.0,0.0,0.0,0.0,0.0,0.0,0.0,0.0,0.0,0.0,0.0,0.0,0.0,0.0,0.0,0.0,0.0,0.0,0.0,0.0,0.0,0.0,0.0,0.0,0.0,0.0,0.0,0.0,0.0,0.0,0.0,0.0,0.0,0.0,0.0,0.0,0.0,0.0,0.0,0.0,0.0,0.0,0.0,0.0,0.0,0.0,0.0,0.0,0.0,0.0,0.0,0.0,0.0,0.0,0.0,0.0,0.0,0.0,0.0,0.0,V
0.0,0.0,0.0,0.102859,-0.082208,-0.077125,0.149137,-0.226655,-0.11079,0.06544,-0.334959,-0.141315,-0.022277,-0.398927,-0.166474,0.143801,-0.487221,-0.05084,0.202643,-0.678846,-0.101829,0.236802,-0.803575,-0.132176,0.255837,-0.904994,-0.147148,0.048655,-0.499988,-0.04928,0.013335,-0.727848,-0.11166,-0.009526,-0.869187,-0.14928,-0.031792,-0.98641,-0.161195,-0.028538,-0.455346,-0.056587,-0.038828,-0.49296,-0.145992,-0.004768,-0.373536,-0.166263,0.012766,-0.300058,-0.148126,-0.090773,-0.385941,-0.069141,-0.09217,-0.432862,-0.126522,-0.061979,-0.349278,-0.120104,-0.040926,-0.287441,-0.096128,0.0,0.0,0.0,0.0,0.0,0.0,0.0,0.0,0.0,0.0,0.0,0.0,0.0,0.0,0.0,0.0,0.0,0.0,0.0,0.0,0.0,0.0,0.0,0.0,0.0,0.0,0.0,0.0,0.0,0.0,0.0,0.0,0.0,0.0,0.0,0.0,0.0,0.0,0.0,0.0,0.0,0.0,0.0,0.0,0.0,0.0,0.0,0.0,0.0,0.0,0.0,0.0,0.0,0.0,0.0,0.0,0.0,0.0,0.0,0.0,0.0,0.0,0.0,V
0.0,0.0,0.0,0.108613,-0.079685,-0.07719,0.155936,-0.225882,-0.109314,0.071072,-0.332713,-0.138299,-0.016197,-0.396695,-0.162115,0.148504,-0.489144,-0.050802,0.206963,-0.68135,-0.101274,0.240754,-0.80579,-0.131091,0.259218,-0.906287,-0.146146,0.05079,-0.499417,-0.049684,0.013809,-0.728986,-0.112038,-0.008437,-0.870877,-0.149088,-0.030506,-0.986458,-0.161149,-0.027776,-0.449876,-0.057594,-0.042122,-0.499395,-0.148702,-0.005231,-0.376478,-0.168692,0.014281,-0.299194,-0.150309,-0.092455,-0.374062,-0.070492,-0.092874,-0.428789,-0.131111,-0.0614,-0.343715,-0.125725,-0.040795,-0.281431,-0.102434,0.0,0.0,0.0,0.0,0.0,0.0,0.0,0.0,0.0,0.0,0.0,0.0,0.0,0.0,0.0,0.0,0.0,0.0,0.0,0.0,0.0,0.0,0.0,0.0,0.0,0.0,0.0,0.0,0.0,0.0,0.0,0.0,0.0,0.0,0.0,0.0,0.0,0.0,0.0,0.0,0.0,0.0,0.0,0.0,0.0,0.0,0.0,0.0,0.0,0.0,0.0,0.0,0.0,0.0,0.0,0.0,0.0,0.0,0.0,0.0,0.0,0.0,0.0,V
0.0,0.0,0.0,0.105948,-0.075193,-0.081278,0.150538,-0.220901,-0.116143,0.066576,-0.326196,-0.147462,-0.020754,-0.394702,-0.173134,0.142638,-0.483115,-0.054929,0.201443,-0.678319,-0.10675,0.235661,-0.802436,-0.136632,0.254158,-0.904244,-0.15154,0.045961,-0.492208,-0.052797,0.008589,-0.72297,-0.118072,-0.013342,-0.867463,-0.156347,-0.035147,-0.985052,-0.168632,-0.032214,-0.444134,-0.060069,-0.051852,-0.495384,-0.155306,-0.011427,-0.368602,-0.175991,0.011302,-0.287124,-0.156745,-0.09618,-0.371039,-0.072574,-0.097877,-0.420711,-0.137983,-0.063924,-0.33156,-0.13445,-0.041698,-0.266475,-0.111256,0.0,0.0,0.0,0.0,0.0,0.0,0.0,0.0,0.0,0.0,0.0,0.0,0.0,0.0,0.0,0.0,0.0,0.0,0.0,0.0,0.0,0.0,0.0,0.0,0.0,0.0,0.0,0.0,0.0,0.0,0.0,0.0,0.0,0.0,0.0,0.0,0.0,0.0,0.0,0.0,0.0,0.0,0.0,0.0,0.0,0.0,0.0,0.0,0.0,0.0,0.0,0.0,0.0,0.0,0.0,0.0,0.0,0.0,0.0,0.0,0.0,0.0,0.0,V
0.0,0.0,0.0,0.104503,-0.075293,-0.075913,0.14905,-0.218152,-0.110246,0.06585,-0.319092,-0.141869,-0.021856,-0.380594,-0.168579,0.136108,-0.48162,-0.054766,0.195518,-0.678609,-0.106137,0.228087,-0.802835,-0.135617,0.247337,-0.904943,-0.149955,0.041418,-0.489251,-0.055037,0.006291,-0.719736,-0.119508,-0.017333,-0.863909,-0.159016,-0.040442,-0.98416,-0.172609,-0.035295,-0.44012,-0.063413,-0.051872,-0.486112,-0.157626,-0.013859,-0.360027,-0.178614,0.006668,-0.276211,-0.159841,-0.098531,-0.364195,-0.076301,-0.103157,-0.418458,-0.139378,-0.068378,-0.332377,-0.133813,-0.045062,-0.264778,-0.109358,0.0,0.0,0.0,0.0,0.0,0.0,0.0,0.0,0.0,0.0,0.0,0.0,0.0,0.0,0.0,0.0,0.0,0.0,0.0,0.0,0.0,0.0,0.0,0.0,0.0,0.0,0.0,0.0,0.0,0.0,0.0,0.0,0.0,0.0,0.0,0.0,0.0,0.0,0.0,0.0,0.0,0.0,0.0,0.0,0.0,0.0,0.0,0.0,0.0,0.0,0.0,0.0,0.0,0.0,0.0,0.0,0.0,0.0,0.0,0.0,0.0,0.0,0.0,V
0.0,0.0,0.0,0.103245,-0.085745,-0.065531,0.144313,-0.225563,-0.094889,0.073063,-0.321072,-0.123774,-0.010287,-0.371038,-0.148046,0.14269,-0.494594,-0.044874,0.198626,-0.694752,-0.093413,0.229187,-0.81811,-0.122034,0.245369,-0.918532,-0.135618,0.047816,-0.504895,-0.048037,0.011052,-0.732503,-0.106509,-0.015537,-0.872509,-0.14375,-0.041243,-0.986875,-0.156132,-0.03092,-0.456112,-0.058629,-0.040088,-0.48465,-0.14008,-0.006567,-0.375354,-0.162346,0.010202,-0.303373,-0.147817,-0.093561,-0.379277,-0.073991,-0.088933,-0.399825,-0.125137,-0.058389,-0.329264,-0.121968,-0.038287,-0.276014,-0.101625,0.0,0.0,0.0,0.0,0.0,0.0,0.0,0.0,0.0,0.0,0.0,0.0,0.0,0.0,0.0,0.0,0.0,0.0,0.0,0.0,0.0,0.0,0.0,0.0,0.0,0.0,0.0,0.0,0.0,0.0,0.0,0.0,0.0,0.0,0.0,0.0,0.0,0.0,0.0,0.0,0.0,0.0,0.0,0.0,0.0,0.0,0.0,0.0,0.0,0.0,0.0,0.0,0.0,0.0,0.0,0.0,0.0,0.0,0.0,0.0,0.0,0.0,0.0,V
0.0,0.0,0.0,0.099716,-0.094211,-0.061442,0.138125,-0.234201,-0.08975,0.063824,-0.328419,-0.118723,-0.02265,-0.375509,-0.143686,0.138525,-0.493691,-0.043633,0.194229,-0.695094,-0.093349,0.225133,-0.819244,-0.122199,0.240947,-0.922908,-0.135782,0.044334,-0.504547,-0.048842,0.006352,-0.734168,-0.108235,-0.024782,-0.872909,-0.14498,-0.055778,-0.98606,-0.156765,-0.035354,-0.453778,-0.061019,-0.039973,-0.476545,-0.142455,-0.007091,-0.372518,-0.163973,0.008242,-0.305994,-0.148774,-0.099279,-0.375126,-0.07766,-0.090802,-0.395131,-0.126152,-0.060088,-0.329443,-0.121004,-0.040902,-0.279126,-0.099616,0.0,0.0,0.0,0.0,0.0,0.0,0.0,0.0,0.0,0.0,0.0,0.0,0.0,0.0,0.0,0.0,0.0,0.0,0.0,0.0,0.0,0.0,0.0,0.0,0.0,0.0,0.0,0.0,0.0,0.0,0.0,0.0,0.0,0.0,0.0,0.0,0.0,0.0,0.0,0.0,0.0,0.0,0.0,0.0,0.0,0.0,0.0,0.0,0.0,0.0,0.0,0.0,0.0,0.0,0.0,0.0,0.0,0.0,0.0,0.0,0.0,0.0,0.0,V
0.0,0.0,0.0,0.101025,-0.086724,-0.067705,0.140831,-0.221916,-0.098484,0.071105,-0.323416,-0.128821,-0.013125,-0.374823,-0.154941,0.14346,-0.490957,-0.047476,0.200389,-0.692927,-0.096908,0.231121,-0.819573,-0.126469,0.247489,-0.923682,-0.140465,0.050236,-0.501599,-0.049034,0.012373,-0.727611,-0.108768,-0.017969,-0.871101,-0.146204,-0.047697,-0.98617,-0.158724,-0.028079,-0.453168,-0.058133,-0.035928,-0.47787,-0.139769,-0.004752,-0.376359,-0.162137,0.010781,-0.308203,-0.147458,-0.091071,-0.378904,-0.072282,-0.086256,-0.408869,-0.121391,-0.056712,-0.346719,-0.117219,-0.035355,-0.294671,-0.096335,0.0,0.0,0.0,0.0,0.0,0.0,0.0,0.0,0.0,0.0,0.0,0.0,0.0,0.0,0.0,0.0,0.0,0.0,0.0,0.0,0.0,0.0,0.0,0.0,0.0,0.0,0.0,0.0,0.0,0.0,0.0,0.0,0.0,0.0,0.0,0.0,0.0,0.0,0.0,0.0,0.0,0.0,0.0,0.0,0.0,0.0,0.0,0.0,0.0,0.0,0.0,0.0,0.0,0.0,0.0,0.0,0.0,0.0,0.0,0.0,0.0,0.0,0.0,V
0.0,0.0,0.0,0.100893,-0.084006,-0.067075,0.139608,-0.215603,-0.098108,0.07151,-0.312536,-0.128953,-0.011898,-0.363844,-0.155582,0.151417,-0.484183,-0.046417,0.210179,-0.684159,-0.097379,0.243184,-0.809877,-0.127932,0.26117,-0.913561,-0.142568,0.05765,-0.498686,-0.049193,0.023411,-0.728479,-0.110009,-0.005021,-0.872035,-0.148432,-0.032745,-0.986374,-0.161226,-0.023042,-0.451312,-0.059647,-0.027031,-0.472297,-0.142862,0.001882,-0.372304,-0.167053,0.015134,-0.306114,-0.153191,-0.088263,-0.376971,-0.075045,-0.079742,-0.395496,-0.126677,-0.052288,-0.329772,-0.124372,-0.035089,-0.276668,-0.104321,0.0,0.0,0.0,0.0,0.0,0.0,0.0,0.0,0.0,0.0,0.0,0.0,0.0,0.0,0.0,0.0,0.0,0.0,0.0,0.0,0.0,0.0,0.0,0.0,0.0,0.0,0.0,0.0,0.0,0.0,0.0,0.0,0.0,0.0,0.0,0.0,0.0,0.0,0.0,0.0,0.0,0.0,0.0,0.0,0.0,0.0,0.0,0.0,0.0,0.0,0.0,0.0,0.0,0.0,0.0,0.0,0.0,0.0,0.0,0.0,0.0,0.0,0.0,V
0.0,0.0,0.0,0.101589,-0.081719,-0.065167,0.148353,-0.211306,-0.094801,0.082237,-0.307432,-0.12537,-0.009657,-0.356342,-0.152458,0.15887,-0.475752,-0.043842,0.218766,-0.677344,-0.096995,0.256328,-0.803424,-0.128469,0.27884,-0.90928,-0.1431,0.064534,-0.495278,-0.047306,0.033465,-0.720925,-0.109683,0.006707,-0.867698,-0.148547,-0.018612,-0.986723,-0.161342,-0.015428,-0.452836,-0.058756,-0.027903,-0.459512,-0.142595,-0.003604,-0.355398,-0.167502,0.011257,-0.289408,-0.153581,-0.080587,-0.381041,-0.075183,-0.077936,-0.380884,-0.125861,-0.052531,-0.311774,-0.124168,-0.033199,-0.258158,-0.104567,0.0,0.0,0.0,0.0,0.0,0.0,0.0,0.0,0.0,0.0,0.0,0.0,0.0,0.0,0.0,0.0,0.0,0.0,0.0,0.0,0.0,0.0,0.0,0.0,0.0,0.0,0.0,0.0,0.0,0.0,0.0,0.0,0.0,0.0,0.0,0.0,0.0,0.0,0.0,0.0,0.0,0.0,0.0,0.0,0.0,0.0,0.0,0.0,0.0,0.0,0.0,0.0,0.0,0.0,0.0,0.0,0.0,0.0,0.0,0.0,0.0,0.0,0.0,V
0.0,0.0,0.0,0.101725,-0.084407,-0.060788,0.141684,-0.219977,-0.085899,0.075265,-0.309847,-0.112498,-0.013089,-0.35521,-0.135831,0.15715,-0.480509,-0.036382,0.216142,-0.683279,-0.084197,0.256451,-0.811124,-0.112578,0.280001,-0.914738,-0.125458,0.063873,-0.498415,-0.040249,0.02836,-0.729095,-0.097935,0.002814,-0.874612,-0.135591,-0.02191,-0.988735,-0.148065,-0.01467,-0.455391,-0.051943,-0.024381,-0.461772,-0.132771,0.001502,-0.357914,-0.160097,0.016224,-0.292703,-0.148402,-0.07631,-0.383654,-0.068089,-0.068823,-0.38506,-0.118355,-0.038563,-0.311513,-0.118579,-0.015548,-0.252481,-0.100438,0.0,0.0,0.0,0.0,0.0,0.0,0.0,0.0,0.0,0.0,0.0,0.0,0.0,0.0,0.0,0.0,0.0,0.0,0.0,0.0,0.0,0.0,0.0,0.0,0.0,0.0,0.0,0.0,0.0,0.0,0.0,0.0,0.0,0.0,0.0,0.0,0.0,0.0,0.0,0.0,0.0,0.0,0.0,0.0,0.0,0.0,0.0,0.0,0.0,0.0,0.0,0.0,0.0,0.0,0.0,0.0,0.0,0.0,0.0,0.0,0.0,0.0,0.0,V
0.0,0.0,0.0,0.099289,-0.090278,-0.061262,0.131257,-0.237536,-0.085209,0.060014,-0.327058,-0.110338,-0.028102,-0.373895,-0.132288,0.153328,-0.484847,-0.033291,0.212285,-0.687272,-0.079279,0.254184,-0.813552,-0.107541,0.278639,-0.914115,-0.120451,0.062006,-0.499482,-0.035958,0.027279,-0.727416,-0.092293,0.005283,-0.873115,-0.131274,-0.018578,-0.989246,-0.145078,-0.01607,-0.455106,-0.046537,-0.026295,-0.47163,-0.125878,0.004293,-0.370265,-0.152928,0.020251,-0.307029,-0.141305,-0.078939,-0.385023,-0.061464,-0.072299,-0.40422,-0.109951,-0.040784,-0.333207,-0.108048,-0.018289,-0.27484,-0.088674,0.0,0.0,0.0,0.0,0.0,0.0,0.0,0.0,0.0,0.0,0.0,0.0,0.0,0.0,0.0,0.0,0.0,0.0,0.0,0.0,0.0,0.0,0.0,0.0,0.0,0.0,0.0,0.0,0.0,0.0,0.0,0.0,0.0,0.0,0.0,0.0,0.0,0.0,0.0,0.0,0.0,0.0,0.0,0.0,0.0,0.0,0.0,0.0,0.0,0.0,0.0,0.0,0.0,0.0,0.0,0.0,0.0,0.0,0.0,0.0,0.0,0.0,0.0,V
0.0,0.0,0.0,0.10295,-0.080785,-0.067065,0.13741,-0.223795,-0.092872,0.070798,-0.319109,-0.117975,-0.017054,-0.367348,-0.139364,0.159552,-0.477639,-0.04094,0.216249,-0.685096,-0.087619,0.257313,-0.811775,-0.114754,0.281057,-0.913785,-0.126691,0.066662,-0.496561,-0.039614,0.026256,-0.729149,-0.097708,0.00345,-0.875017,-0.135393,-0.020562,-0.988929,-0.146959,-0.011537,-0.456119,-0.046429,-0.022434,-0.462039,-0.127053,0.007035,-0.359486,-0.155073,0.021632,-0.295634,-0.143086,-0.072292,-0.389232,-0.058092,-0.062181,-0.388007,-0.10891,-0.031443,-0.313604,-0.110655,-0.011322,-0.255854,-0.092935,0.0,0.0,0.0,0.0,0.0,0.0,0.0,0.0,0.0,0.0,0.0,0.0,0.0,0.0,0.0,0.0,0.0,0.0,0.0,0.0,0.0,0.0,0.0,0.0,0.0,0.0,0.0,0.0,0.0,0.0,0.0,0.0,0.0,0.0,0.0,0.0,0.0,0.0,0.0,0.0,0.0,0.0,0.0,0.0,0.0,0.0,0.0,0.0,0.0,0.0,0.0,0.0,0.0,0.0,0.0,0.0,0.0,0.0,0.0,0.0,0.0,0.0,0.0,V
0.0,0.0,0.0,0.103203,-0.079057,-0.072977,0.137991,-0.215785,-0.102919,0.071741,-0.310649,-0.131196,-0.012978,-0.363932,-0.155016,0.159463,-0.479361,-0.047595,0.214263,-0.686898,-0.097304,0.255136,-0.815119,-0.126024,0.277912,-0.917993,-0.138646,0.068169,-0.497933,-0.044,0.027516,-0.724835,-0.104237,0.002197,-0.87182,-0.140856,-0.025672,-0.988159,-0.151269,-0.010203,-0.457189,-0.049529,-0.019152,-0.459365,-0.130605,0.013106,-0.35998,-0.157475,0.031151,-0.301684,-0.145021,-0.071888,-0.390991,-0.060705,-0.0587,-0.382347,-0.111405,-0.026884,-0.309868,-0.113826,-0.004617,-0.261122,-0.096887,0.0,0.0,0.0,0.0,0.0,0.0,0.0,0.0,0.0,0.0,0.0,0.0,0.0,0.0,0.0,0.0,0.0,0.0,0.0,0.0,0.0,0.0,0.0,0.0,0.0,0.0,0.0,0.0,0.0,0.0,0.0,0.0,0.0,0.0,0.0,0.0,0.0,0.0,0.0,0.0,0.0,0.0,0.0,0.0,0.0,0.0,0.0,0.0,0.0,0.0,0.0,0.0,0.0,0.0,0.0,0.0,0.0,0.0,0.0,0.0,0.0,0.0,0.0,V
0.0,0.0,0.0,0.1037,-0.075578,-0.07305,0.147925,-0.211197,-0.103597,0.07258,-0.308541,-0.132639,-0.018928,-0.358942,-0.158306,0.166741,-0.46753,-0.050492,0.222564,-0.673293,-0.101421,0.260067,-0.804328,-0.131916,0.281888,-0.911817,-0.146434,0.0725,-0.487725,-0.048827,0.034218,-0.717254,-0.109333,0.007756,-0.866805,-0.147826,-0.016492,-0.98684,-0.160856,-0.005984,-0.447059,-0.055504,-0.029592,-0.467601,-0.138261,-0.00776,-0.363515,-0.16295,0.006781,-0.295674,-0.149226,-0.069491,-0.378936,-0.067581,-0.071649,-0.395059,-0.119491,-0.043326,-0.322008,-0.117279,-0.019401,-0.26526,-0.096954,0.0,0.0,0.0,0.0,0.0,0.0,0.0,0.0,0.0,0.0,0.0,0.0,0.0,0.0,0.0,0.0,0.0,0.0,0.0,0.0,0.0,0.0,0.0,0.0,0.0,0.0,0.0,0.0,0.0,0.0,0.0,0.0,0.0,0.0,0.0,0.0,0.0,0.0,0.0,0.0,0.0,0.0,0.0,0.0,0.0,0.0,0.0,0.0,0.0,0.0,0.0,0.0,0.0,0.0,0.0,0.0,0.0,0.0,0.0,0.0,0.0,0.0,0.0,V
0.0,0.0,0.0,0.104201,-0.070529,-0.075802,0.152051,-0.203794,-0.107405,0.074756,-0.304059,-0.137007,-0.015378,-0.36157,-0.162601,0.164052,-0.472653,-0.051023,0.222929,-0.674189,-0.102962,0.262929,-0.801642,-0.133429,0.284722,-0.907092,-0.147646,0.06802,-0.490309,-0.048438,0.031156,-0.714343,-0.111949,0.006447,-0.862508,-0.152521,-0.018536,-0.985951,-0.166003,-0.011659,-0.445697,-0.054616,-0.028785,-0.459906,-0.142155,-0.003424,-0.350655,-0.168979,0.012892,-0.283883,-0.155013,-0.07623,-0.372918,-0.065937,-0.0711,-0.387698,-0.121775,-0.039919,-0.30981,-0.120868,-0.01483,-0.25042,-0.100167,0.0,0.0,0.0,0.0,0.0,0.0,0.0,0.0,0.0,0.0,0.0,0.0,0.0,0.0,0.0,0.0,0.0,0.0,0.0,0.0,0.0,0.0,0.0,0.0,0.0,0.0,0.0,0.0,0.0,0.0,0.0,0.0,0.0,0.0,0.0,0.0,0.0,0.0,0.0,0.0,0.0,0.0,0.0,0.0,0.0,0.0,0.0,0.0,0.0,0.0,0.0,0.0,0.0,0.0,0.0,0.0,0.0,0.0,0.0,0.0,0.0,0.0,0.0,V
0.0,0.0,0.0,0.103408,-0.07491,-0.069369,0.151053,-0.210955,-0.099784,0.072893,-0.306141,-0.128822,-0.017387,-0.359333,-0.153906,0.160625,-0.471242,-0.05136,0.225101,-0.674803,-0.103546,0.264727,-0.803213,-0.133092,0.287353,-0.910381,-0.146613,0.064525,-0.491768,-0.052211,0.034154,-0.720725,-0.115956,0.009561,-0.866041,-0.154908,-0.013088,-0.985899,-0.16683,-0.016571,-0.451802,-0.060672,-0.032285,-0.462774,-0.147183,-0.009649,-0.347553,-0.169957,0.002876,-0.275034,-0.153401,-0.081754,-0.383353,-0.073923,-0.081664,-0.392866,-0.127663,-0.054032,-0.311046,-0.123558,-0.033253,-0.250236,-0.10092,0.0,0.0,0.0,0.0,0.0,0.0,0.0,0.0,0.0,0.0,0.0,0.0,0.0,0.0,0.0,0.0,0.0,0.0,0.0,0.0,0.0,0.0,0.0,0.0,0.0,0.0,0.0,0.0,0.0,0.0,0.0,0.0,0.0,0.0,0.0,0.0,0.0,0.0,0.0,0.0,0.0,0.0,0.0,0.0,0.0,0.0,0.0,0.0,0.0,0.0,0.0,0.0,0.0,0.0,0.0,0.0,0.0,0.0,0.0,0.0,0.0,0.0,0.0,V
0.0,0.0,0.0,0.103655,-0.077058,-0.067921,0.148517,-0.21662,-0.097419,0.069633,-0.309164,-0.125663,-0.017516,-0.361019,-0.14999,0.166088,-0.468919,-0.046584,0.233928,-0.66621,-0.097122,0.273109,-0.791172,-0.125669,0.296163,-0.894804,-0.138655,0.072333,-0.490546,-0.047456,0.043294,-0.720491,-0.109568,0.020922,-0.865405,-0.147449,0.002237,-0.98734,-0.158601,-0.007102,-0.450634,-0.055984,-0.026775,-0.465158,-0.140808,-0.001274,-0.349197,-0.162773,0.014191,-0.276004,-0.145971,-0.071533,-0.384591,-0.06922,-0.077545,-0.387778,-0.121886,-0.053528,-0.304311,-0.117333,-0.034907,-0.246725,-0.09468,0.0,0.0,0.0,0.0,0.0,0.0,0.0,0.0,0.0,0.0,0.0,0.0,0.0,0.0,0.0,0.0,0.0,0.0,0.0,0.0,0.0,0.0,0.0,0.0,0.0,0.0,0.0,0.0,0.0,0.0,0.0,0.0,0.0,0.0,0.0,0.0,0.0,0.0,0.0,0.0,0.0,0.0,0.0,0.0,0.0,0.0,0.0,0.0,0.0,0.0,0.0,0.0,0.0,0.0,0.0,0.0,0.0,0.0,0.0,0.0,0.0,0.0,0.0,V
0.0,0.0,0.0,0.108955,-0.074004,-0.067339,0.160064,-0.215569,-0.095577,0.082463,-0.314095,-0.12253,-0.003504,-0.368521,-0.145731,0.17637,-0.471982,-0.044347,0.244844,-0.666968,-0.093734,0.284131,-0.788777,-0.122405,0.308628,-0.889084,-0.13575,0.080549,-0.493923,-0.045332,0.05659,-0.722567,-0.105232,0.035586,-0.867392,-0.143535,0.017282,-0.98764,-0.155786,-3.1e-05,-0.453936,-0.053986,-0.018016,-0.480425,-0.137986,0.002848,-0.363182,-0.161059,0.014515,-0.285846,-0.145498,-0.065984,-0.384496,-0.067179,-0.071465,-0.396753,-0.1207,-0.051395,-0.316366,-0.117509,-0.036893,-0.259452,-0.095902,0.0,0.0,0.0,0.0,0.0,0.0,0.0,0.0,0.0,0.0,0.0,0.0,0.0,0.0,0.0,0.0,0.0,0.0,0.0,0.0,0.0,0.0,0.0,0.0,0.0,0.0,0.0,0.0,0.0,0.0,0.0,0.0,0.0,0.0,0.0,0.0,0.0,0.0,0.0,0.0,0.0,0.0,0.0,0.0,0.0,0.0,0.0,0.0,0.0,0.0,0.0,0.0,0.0,0.0,0.0,0.0,0.0,0.0,0.0,0.0,0.0,0.0,0.0,V
0.0,0.0,0.0,0.109009,-0.073474,-0.067634,0.162993,-0.21563,-0.095372,0.081411,-0.309362,-0.122165,-0.002973,-0.365695,-0.144623,0.172079,-0.479242,-0.042069,0.238119,-0.673848,-0.090104,0.275779,-0.794432,-0.117143,0.297697,-0.893927,-0.129821,0.075158,-0.497084,-0.044826,0.049198,-0.725947,-0.105566,0.025957,-0.868096,-0.144291,0.002609,-0.987651,-0.15665,-0.008208,-0.454682,-0.055654,-0.019693,-0.482285,-0.142694,0.006572,-0.356853,-0.165819,0.020883,-0.28249,-0.149797,-0.078288,-0.384667,-0.070938,-0.078776,-0.40514,-0.126459,-0.055414,-0.317979,-0.12264,-0.039683,-0.261078,-0.100775,0.0,0.0,0.0,0.0,0.0,0.0,0.0,0.0,0.0,0.0,0.0,0.0,0.0,0.0,0.0,0.0,0.0,0.0,0.0,0.0,0.0,0.0,0.0,0.0,0.0,0.0,0.0,0.0,0.0,0.0,0.0,0.0,0.0,0.0,0.0,0.0,0.0,0.0,0.0,0.0,0.0,0.0,0.0,0.0,0.0,0.0,0.0,0.0,0.0,0.0,0.0,0.0,0.0,0.0,0.0,0.0,0.0,0.0,0.0,0.0,0.0,0.0,0.0,V
0.0,0.0,0.0,0.11265,-0.06844,-0.075817,0.167062,-0.208747,-0.108438,0.082605,-0.306159,-0.138482,-0.005299,-0.364008,-0.163991,0.167811,-0.475746,-0.049469,0.234856,-0.665387,-0.100746,0.272935,-0.787834,-0.130684,0.295958,-0.888746,-0.145464,0.071254,-0.493195,-0.049607,0.045826,-0.7202,-0.114303,0.025812,-0.863609,-0.15511,0.006422,-0.985602,-0.168961,-0.010837,-0.451186,-0.058341,-0.021713,-0.489347,-0.152684,0.006214,-0.358767,-0.176062,0.021168,-0.280871,-0.15859,-0.081301,-0.381062,-0.071644,-0.081212,-0.418366,-0.134163,-0.054412,-0.327681,-0.130222,-0.036188,-0.264786,-0.106971,0.0,0.0,0.0,0.0,0.0,0.0,0.0,0.0,0.0,0.0,0.0,0.0,0.0,0.0,0.0,0.0,0.0,0.0,0.0,0.0,0.0,0.0,0.0,0.0,0.0,0.0,0.0,0.0,0.0,0.0,0.0,0.0,0.0,0.0,0.0,0.0,0.0,0.0,0.0,0.0,0.0,0.0,0.0,0.0,0.0,0.0,0.0,0.0,0.0,0.0,0.0,0.0,0.0,0.0,0.0,0.0,0.0,0.0,0.0,0.0,0.0,0.0,0.0,V
0.0,0.0,0.0,0.114783,-0.065507,-0.077482,0.169772,-0.205571,-0.111048,0.085389,-0.306242,-0.141681,-0.002958,-0.365738,-0.167583,0.168641,-0.473716,-0.051102,0.236862,-0.663752,-0.100683,0.27506,-0.786152,-0.129642,0.297768,-0.885573,-0.144259,0.070986,-0.489149,-0.051024,0.046553,-0.719429,-0.115145,0.028511,-0.864831,-0.155468,0.0099,-0.985519,-0.169276,-0.011136,-0.445333,-0.059568,-0.023317,-0.494281,-0.156263,0.008001,-0.359567,-0.179115,0.023796,-0.274637,-0.160568,-0.081229,-0.373763,-0.072535,-0.079749,-0.424584,-0.139001,-0.050282,-0.331409,-0.135126,-0.031566,-0.263401,-0.111175,0.0,0.0,0.0,0.0,0.0,0.0,0.0,0.0,0.0,0.0,0.0,0.0,0.0,0.0,0.0,0.0,0.0,0.0,0.0,0.0,0.0,0.0,0.0,0.0,0.0,0.0,0.0,0.0,0.0,0.0,0.0,0.0,0.0,0.0,0.0,0.0,0.0,0.0,0.0,0.0,0.0,0.0,0.0,0.0,0.0,0.0,0.0,0.0,0.0,0.0,0.0,0.0,0.0,0.0,0.0,0.0,0.0,0.0,0.0,0.0,0.0,0.0,0.0,V
0.0,0.0,0.0,0.111615,-0.065113,-0.079546,0.17012,-0.204503,-0.113018,0.084787,-0.306425,-0.142998,-0.003326,-0.369559,-0.167766,0.172107,-0.473566,-0.0519,0.242561,-0.664164,-0.102427,0.283336,-0.786941,-0.130965,0.307109,-0.887142,-0.144631,0.074198,-0.49275,-0.050108,0.048963,-0.724104,-0.114089,0.032025,-0.86789,-0.15276,0.015357,-0.986252,-0.164536,-0.008905,-0.453139,-0.057426,-0.020179,-0.487594,-0.153432,0.008497,-0.353959,-0.176731,0.023496,-0.272945,-0.158068,-0.079821,-0.3871,-0.069565,-0.077378,-0.418842,-0.135449,-0.04951,-0.322835,-0.132952,-0.030531,-0.256883,-0.109567,0.0,0.0,0.0,0.0,0.0,0.0,0.0,0.0,0.0,0.0,0.0,0.0,0.0,0.0,0.0,0.0,0.0,0.0,0.0,0.0,0.0,0.0,0.0,0.0,0.0,0.0,0.0,0.0,0.0,0.0,0.0,0.0,0.0,0.0,0.0,0.0,0.0,0.0,0.0,0.0,0.0,0.0,0.0,0.0,0.0,0.0,0.0,0.0,0.0,0.0,0.0,0.0,0.0,0.0,0.0,0.0,0.0,0.0,0.0,0.0,0.0,0.0,0.0,V
0.0,0.0,0.0,0.112922,-0.065567,-0.076953,0.173357,-0.203478,-0.110293,0.088527,-0.305914,-0.140897,-0.001465,-0.367516,-0.166844,0.17474,-0.475735,-0.048729,0.244181,-0.660934,-0.099757,0.284506,-0.782519,-0.130495,0.308812,-0.882494,-0.146417,0.076483,-0.494346,-0.048879,0.053881,-0.721112,-0.113142,0.038478,-0.865196,-0.154019,0.023474,-0.985417,-0.168533,-0.006324,-0.453298,-0.057892,-0.01636,-0.496899,-0.153773,0.013033,-0.364763,-0.177112,0.027939,-0.28144,-0.15938,-0.077438,-0.384302,-0.071511,-0.076301,-0.427184,-0.138022,-0.047501,-0.333128,-0.135058,-0.027635,-0.264877,-0.11172,0.0,0.0,0.0,0.0,0.0,0.0,0.0,0.0,0.0,0.0,0.0,0.0,0.0,0.0,0.0,0.0,0.0,0.0,0.0,0.0,0.0,0.0,0.0,0.0,0.0,0.0,0.0,0.0,0.0,0.0,0.0,0.0,0.0,0.0,0.0,0.0,0.0,0.0,0.0,0.0,0.0,0.0,0.0,0.0,0.0,0.0,0.0,0.0,0.0,0.0,0.0,0.0,0.0,0.0,0.0,0.0,0.0,0.0,0.0,0.0,0.0,0.0,0.0,V
