0.0,0.0,0.0,0.149045,-0.037889,0.007834,0.267062,-0.105266,-0.003762,0.366897,-0.154817,-0.031319,0.431195,-0.24974,-0.05123,0.20739,-0.420748,0.049576,0.346921,-0.448273,-0.020161,0.386923,-0.343893,-0.081758,0.382288,-0.248345,-0.107034,0.17732,-0.499807,0.009118,0.246902,-0.709582,-0.015165,0.309065,-0.832613,-0.044487,0.338933,-0.938612,-0.064277,0.135488,-0.517002,-0.044276,0.109949,-0.724752,-0.068907,0.10111,-0.857284,-0.086715,0.084853,-0.970727,-0.095679,0.101768,-0.490978,-0.100973,0.076939,-0.688849,-0.114,0.071839,-0.805586,-0.107082,0.068195,-0.903816,-0.099956,0.0,0.0,0.0,0.0,0.0,0.0,0.0,0.0,0.0,0.0,0.0,0.0,0.0,0.0,0.0,0.0,0.0,0.0,0.0,0.0,0.0,0.0,0.0,0.0,0.0,0.0,0.0,0.0,0.0,0.0,0.0,0.0,0.0,0.0,0.0,0.0,0.0,0.0,0.0,0.0,0.0,0.0,0.0,0.0,0.0,0.0,0.0,0.0,0.0,0.0,0.0,0.0,0.0,0.0,0.0,0.0,0.0,0.0,0.0,0.0,0.0,0.0,0.0,O
0.0,0.0,0.0,0.14572,-0.042459,0.014229,0.256613,-0.109609,0.002068,0.35223,-0.162847,-0.029079,0.418899,-0.255601,-0.05337,0.194261,-0.420689,0.058721,0.325858,-0.453825,-0.00866,0.370745,-0.357183,-0.06577,0.370559,-0.26307,-0.087724,0.168766,-0.497816,0.013498,0.238723,-0.70569,-0.005627,0.295433,-0.833856,-0.0259,0.319387,-0.946841,-0.038518,0.129031,-0.518153,-0.045158,0.102767,-0.726863,-0.064581,0.094098,-0.862419,-0.072743,0.076834,-0.974718,-0.075056,0.093858,-0.498235,-0.107619,0.062931,-0.691678,-0.119566,0.056809,-0.809696,-0.109036,0.051423,-0.905638,-0.09828,0.0,0.0,0.0,0.0,0.0,0.0,0.0,0.0,0.0,0.0,0.0,0.0,0.0,0.0,0.0,0.0,0.0,0.0,0.0,0.0,0.0,0.0,0.0,0.0,0.0,0.0,0.0,0.0,0.0,0.0,0.0,0.0,0.0,0.0,0.0,0.0,0.0,0.0,0.0,0.0,0.0,0.0,0.0,0.0,0.0,0.0,0.0,0.0,0.0,0.0,0.0,0.0,0.0,0.0,0.0,0.0,0.0,0.0,0.0,0.0,0.0,0.0,0.0,O
0.0,0.0,0.0,0.148159,-0.044004,0.016782,0.254935,-0.108438,0.004355,0.348488,-0.161156,-0.028203,0.415281,-0.259468,-0.05421,0.18854,-0.422962,0.060347,0.322645,-0.466343,-0.012346,0.368488,-0.365216,-0.074894,0.368866,-0.266309,-0.099921,0.164148,-0.49817,0.011737,0.232022,-0.708921,-0.012986,0.292685,-0.838645,-0.041065,0.321011,-0.945172,-0.06002,0.123073,-0.513398,-0.05041,0.092085,-0.727833,-0.075871,0.079967,-0.863122,-0.092257,0.063238,-0.974079,-0.100158,0.089178,-0.487737,-0.115625,0.059809,-0.686495,-0.12998,0.054632,-0.805805,-0.122971,0.050861,-0.90305,-0.115823,0.0,0.0,0.0,0.0,0.0,0.0,0.0,0.0,0.0,0.0,0.0,0.0,0.0,0.0,0.0,0.0,0.0,0.0,0.0,0.0,0.0,0.0,0.0,0.0,0.0,0.0,0.0,0.0,0.0,0.0,0.0,0.0,0.0,0.0,0.0,0.0,0.0,0.0,0.0,0.0,0.0,0.0,0.0,0.0,0.0,0.0,0.0,0.0,0.0,0.0,0.0,0.0,0.0,0.0,0.0,0.0,0.0,0.0,0.0,0.0,0.0,0.0,0.0,O
0.0,0.0,0.0,0.145955,-0.045891,0.00842,0.255139,-0.111543,-0.007689,0.352925,-0.168522,-0.04148,0.417752,-0.271575,-0.067961,0.193095,-0.420283,0.049321,0.325137,-0.46723,-0.020522,0.36804,-0.368439,-0.079459,0.366702,-0.27179,-0.103165,0.167173,-0.495237,0.005014,0.228889,-0.707871,-0.020204,0.28577,-0.838054,-0.048287,0.312624,-0.947467,-0.067615,0.126314,-0.511013,-0.052515,0.091797,-0.722702,-0.079286,0.077017,-0.856248,-0.095926,0.059054,-0.966737,-0.1043,0.09387,-0.48555,-0.113502,0.060681,-0.684653,-0.129932,0.054632,-0.803896,-0.124272,0.051352,-0.901896,-0.118098,0.0,0.0,0.0,0.0,0.0,0.0,0.0,0.0,0.0,0.0,0.0,0.0,0.0,0.0,0.0,0.0,0.0,0.0,0.0,0.0,0.0,0.0,0.0,0.0,0.0,0.0,0.0,0.0,0.0,0.0,0.0,0.0,0.0,0.0,0.0,0.0,0.0,0.0,0.0,0.0,0.0,0.0,0.0,0.0,0.0,0.0,0.0,0.0,0.0,0.0,0.0,0.0,0.0,0.0,0.0,0.0,0.0,0.0,0.0,0.0,0.0,0.0,0.0,O
0.0,0.0,0.0,0.143999,-0.042009,0.016723,0.256863,-0.122771,0.009496,0.353982,-0.183499,-0.015923,0.418793,-0.278718,-0.03432,0.191395,-0.427079,0.062364,0.322465,-0.468327,0.000486,0.364958,-0.373871,-0.054424,0.362845,-0.279934,-0.076335,0.163291,-0.503994,0.017514,0.224183,-0.716195,-0.001335,0.278797,-0.843663,-0.026605,0.301089,-0.95258,-0.044003,0.122748,-0.521382,-0.039859,0.086569,-0.726768,-0.060669,0.070902,-0.854854,-0.076431,0.049398,-0.963678,-0.084909,0.091747,-0.49724,-0.100094,0.056432,-0.693114,-0.111893,0.047899,-0.811597,-0.105644,0.041602,-0.911301,-0.099872,0.0,0.0,0.0,0.0,0.0,0.0,0.0,0.0,0.0,0.0,0.0,0.0,0.0,0.0,0.0,0.0,0.0,0.0,0.0,0.0,0.0,0.0,0.0,0.0,0.0,0.0,0.0,0.0,0.0,0.0,0.0,0.0,0.0,0.0,0.0,0.0,0.0,0.0,0.0,0.0,0.0,0.0,0.0,0.0,0.0,0.0,0.0,0.0,0.0,0.0,0.0,0.0,0.0,0.0,0.0,0.0,0.0,0.0,0.0,0.0,0.0,0.0,0.0,O
0.0,0.0,0.0,0.142649,-0.03789,0.003627,0.259202,-0.109525,-0.007832,0.356472,-0.1716,-0.033822,0.416951,-0.273777,-0.051623,0.187686,-0.426321,0.046342,0.324892,-0.465102,-0.019883,0.369977,-0.36958,-0.077583,0.369225,-0.275739,-0.100368,0.155947,-0.508497,0.01001,0.217293,-0.724876,-0.014568,0.270252,-0.849037,-0.043662,0.291956,-0.954398,-0.062334,0.114992,-0.528838,-0.03871,0.082767,-0.732213,-0.064508,0.064318,-0.851898,-0.083298,0.04051,-0.954837,-0.091665,0.085369,-0.50563,-0.090541,0.055177,-0.698924,-0.100419,0.046445,-0.807858,-0.091391,0.0401,-0.897357,-0.082776,0.0,0.0,0.0,0.0,0.0,0.0,0.0,0.0,0.0,0.0,0.0,0.0,0.0,0.0,0.0,0.0,0.0,0.0,0.0,0.0,0.0,0.0,0.0,0.0,0.0,0.0,0.0,0.0,0.0,0.0,0.0,0.0,0.0,0.0,0.0,0.0,0.0,0.0,0.0,0.0,0.0,0.0,0.0,0.0,0.0,0.0,0.0,0.0,0.0,0.0,0.0,0.0,0.0,0.0,0.0,0.0,0.0,0.0,0.0,0.0,0.0,0.0,0.0,O
0.0,0.0,0.0,0.148576,-0.043446,0.033234,0.258696,-0.1273,0.037585,0.351092,-0.189034,0.02108,0.412358,-0.288717,0.011959,0.181001,-0.442317,0.089202,0.318963,-0.477739,0.033889,0.36449,-0.384894,-0.017896,0.361926,-0.288921,-0.036531,0.152,-0.517236,0.03989,0.206689,-0.73297,0.031912,0.257098,-0.857921,0.015341,0.275964,-0.961158,0.00431,0.112532,-0.53564,-0.022023,0.07913,-0.736827,-0.032898,0.064205,-0.860456,-0.03809,0.042301,-0.964258,-0.038911,0.086109,-0.516332,-0.086265,0.048716,-0.716733,-0.092936,0.042017,-0.834727,-0.080962,0.041213,-0.932631,-0.069506,0.0,0.0,0.0,0.0,0.0,0.0,0.0,0.0,0.0,0.0,0.0,0.0,0.0,0.0,0.0,0.0,0.0,0.0,0.0,0.0,0.0,0.0,0.0,0.0,0.0,0.0,0.0,0.0,0.0,0.0,0.0,0.0,0.0,0.0,0.0,0.0,0.0,0.0,0.0,0.0,0.0,0.0,0.0,0.0,0.0,0.0,0.0,0.0,0.0,0.0,0.0,0.0,0.0,0.0,0.0,0.0,0.0,0.0,0.0,0.0,0.0,0.0,0.0,O
0.0,0.0,0.0,0.138746,-0.042297,0.006092,0.25611,-0.118125,-0.007732,0.354658,-0.178284,-0.037228,0.414301,-0.277724,-0.058711,0.184927,-0.432148,0.045826,0.319775,-0.46885,-0.021326,0.36694,-0.37171,-0.077998,0.367699,-0.278458,-0.099558,0.152034,-0.508036,0.005922,0.209615,-0.726364,-0.01857,0.260064,-0.852966,-0.042565,0.278137,-0.958898,-0.056155,0.110631,-0.524873,-0.046441,0.08187,-0.732672,-0.072011,0.069786,-0.858264,-0.084036,0.050356,-0.9648,-0.086427,0.082447,-0.499292,-0.102152,0.054441,-0.698811,-0.113303,0.049523,-0.810521,-0.100901,0.048333,-0.898511,-0.087955,0.0,0.0,0.0,0.0,0.0,0.0,0.0,0.0,0.0,0.0,0.0,0.0,0.0,0.0,0.0,0.0,0.0,0.0,0.0,0.0,0.0,0.0,0.0,0.0,0.0,0.0,0.0,0.0,0.0,0.0,0.0,0.0,0.0,0.0,0.0,0.0,0.0,0.0,0.0,0.0,0.0,0.0,0.0,0.0,0.0,0.0,0.0,0.0,0.0,0.0,0.0,0.0,0.0,0.0,0.0,0.0,0.0,0.0,0.0,0.0,0.0,0.0,0.0,O
0.0,0.0,0.0,0.144799,-0.03598,0.018492,0.257928,-0.112301,0.013298,0.354402,-0.177704,-0.01029,0.420537,-0.278004,-0.02543,0.182833,-0.436787,0.073711,0.322978,-0.470075,0.017338,0.368387,-0.37458,-0.032449,0.366834,-0.279529,-0.049105,0.154502,-0.517229,0.03029,0.211703,-0.734757,0.019979,0.261502,-0.858501,0.006412,0.280164,-0.959952,-0.000223,0.117969,-0.539627,-0.026256,0.089026,-0.743884,-0.040042,0.074546,-0.867627,-0.04109,0.050589,-0.971076,-0.036634,0.092436,-0.521866,-0.086192,0.063114,-0.725583,-0.091524,0.059475,-0.841375,-0.073786,0.059985,-0.934981,-0.056613,0.0,0.0,0.0,0.0,0.0,0.0,0.0,0.0,0.0,0.0,0.0,0.0,0.0,0.0,0.0,0.0,0.0,0.0,0.0,0.0,0.0,0.0,0.0,0.0,0.0,0.0,0.0,0.0,0.0,0.0,0.0,0.0,0.0,0.0,0.0,0.0,0.0,0.0,0.0,0.0,0.0,0.0,0.0,0.0,0.0,0.0,0.0,0.0,0.0,0.0,0.0,0.0,0.0,0.0,0.0,0.0,0.0,0.0,0.0,0.0,0.0,0.0,0.0,O
0.0,0.0,0.0,0.146339,-0.042439,0.021083,0.257114,-0.119169,0.01637,0.351106,-0.182192,-0.007876,0.414647,-0.280877,-0.02424,0.183249,-0.437252,0.075918,0.316611,-0.474202,0.016007,0.364512,-0.377727,-0.037259,0.366821,-0.282294,-0.056285,0.156276,-0.514237,0.030024,0.213425,-0.730463,0.016817,0.266879,-0.856026,0.000445,0.288029,-0.957586,-0.008326,0.118861,-0.535256,-0.029306,0.08767,-0.746257,-0.045902,0.076239,-0.875329,-0.051025,0.056162,-0.98152,-0.049107,0.09244,-0.516933,-0.091707,0.061451,-0.723703,-0.099746,0.055828,-0.843218,-0.085675,0.053507,-0.939798,-0.071152,0.0,0.0,0.0,0.0,0.0,0.0,0.0,0.0,0.0,0.0,0.0,0.0,0.0,0.0,0.0,0.0,0.0,0.0,0.0,0.0,0.0,0.0,0.0,0.0,0.0,0.0,0.0,0.0,0.0,0.0,0.0,0.0,0.0,0.0,0.0,0.0,0.0,0.0,0.0,0.0,0.0,0.0,0.0,0.0,0.0,0.0,0.0,0.0,0.0,0.0,0.0,0.0,0.0,0.0,0.0,0.0,0.0,0.0,0.0,0.0,0.0,0.0,0.0,O
0.0,0.0,0.0,0.15027,-0.040048,0.020753,0.260891,-0.113669,0.016394,0.357499,-0.172856,-0.006656,0.422609,-0.271845,-0.021212,0.189579,-0.436467,0.07501,0.326567,-0.471897,0.017402,0.37214,-0.371754,-0.032933,0.371474,-0.274966,-0.049885,0.162826,-0.512876,0.030098,0.222818,-0.725593,0.020523,0.27622,-0.85031,0.006209,0.297644,-0.954676,-0.00166,0.12527,-0.530876,-0.028222,0.0948,-0.735911,-0.041286,0.083543,-0.866183,-0.043914,0.062196,-0.975255,-0.04142,0.097031,-0.509767,-0.089829,0.067466,-0.712987,-0.098189,0.063006,-0.832742,-0.084319,0.06038,-0.930421,-0.069875,0.0,0.0,0.0,0.0,0.0,0.0,0.0,0.0,0.0,0.0,0.0,0.0,0.0,0.0,0.0,0.0,0.0,0.0,0.0,0.0,0.0,0.0,0.0,0.0,0.0,0.0,0.0,0.0,0.0,0.0,0.0,0.0,0.0,0.0,0.0,0.0,0.0,0.0,0.0,0.0,0.0,0.0,0.0,0.0,0.0,0.0,0.0,0.0,0.0,0.0,0.0,0.0,0.0,0.0,0.0,0.0,0.0,0.0,0.0,0.0,0.0,0.0,0.0,O
0.0,0.0,0.0,0.152694,-0.044926,0.020092,0.265077,-0.118473,0.015751,0.360445,-0.169611,-0.006956,0.423252,-0.263907,-0.021765,0.194952,-0.440875,0.071576,0.333645,-0.460688,0.009715,0.37368,-0.355092,-0.046589,0.367293,-0.259463,-0.067932,0.161148,-0.511351,0.027554,0.221425,-0.72254,0.01338,0.272056,-0.846237,-0.007969,0.291663,-0.956276,-0.021657,0.12071,-0.52136,-0.02928,0.092897,-0.723411,-0.044875,0.080855,-0.852958,-0.052894,0.062128,-0.969038,-0.055067,0.09239,-0.491518,-0.089163,0.062734,-0.691726,-0.096985,0.056634,-0.805868,-0.084561,0.05686,-0.90182,-0.072389,0.0,0.0,0.0,0.0,0.0,0.0,0.0,0.0,0.0,0.0,0.0,0.0,0.0,0.0,0.0,0.0,0.0,0.0,0.0,0.0,0.0,0.0,0.0,0.0,0.0,0.0,0.0,0.0,0.0,0.0,0.0,0.0,0.0,0.0,0.0,0.0,0.0,0.0,0.0,0.0,0.0,0.0,0.0,0.0,0.0,0.0,0.0,0.0,0.0,0.0,0.0,0.0,0.0,0.0,0.0,0.0,0.0,0.0,0.0,0.0,0.0,0.0,0.0,O
0.0,0.0,0.0,0.157508,-0.053513,0.038675,0.267936,-0.129535,0.043228,0.360499,-0.178337,0.026203,0.426795,-0.268222,0.016148,0.199133,-0.441635,0.089942,0.330565,-0.467443,0.03355,0.373167,-0.368713,-0.018452,0.374082,-0.270941,-0.038102,0.17054,-0.51091,0.03636,0.230969,-0.716291,0.02691,0.285973,-0.841695,0.009262,0.312305,-0.949978,-0.002903,0.132318,-0.520972,-0.029533,0.099617,-0.728269,-0.043188,0.083571,-0.862529,-0.050447,0.062355,-0.979551,-0.053345,0.104785,-0.490713,-0.097036,0.070552,-0.694472,-0.108529,0.06539,-0.8127,-0.100261,0.065232,-0.91098,-0.09168,0.0,0.0,0.0,0.0,0.0,0.0,0.0,0.0,0.0,0.0,0.0,0.0,0.0,0.0,0.0,0.0,0.0,0.0,0.0,0.0,0.0,0.0,0.0,0.0,0.0,0.0,0.0,0.0,0.0,0.0,0.0,0.0,0.0,0.0,0.0,0.0,0.0,0.0,0.0,0.0,0.0,0.0,0.0,0.0,0.0,0.0,0.0,0.0,0.0,0.0,0.0,0.0,0.0,0.0,0.0,0.0,0.0,0.0,0.0,0.0,0.0,0.0,0.0,O
0.0,0.0,0.0,0.155563,-0.053169,0.03541,0.266067,-0.124755,0.034593,0.359406,-0.177133,0.01223,0.428991,-0.26477,-0.003807,0.195779,-0.432994,0.07998,0.326961,-0.463853,0.026318,0.3736,-0.368039,-0.021732,0.380888,-0.274195,-0.04047,0.169383,-0.500472,0.026884,0.229727,-0.704009,0.012983,0.286485,-0.833526,-0.008629,0.315939,-0.948442,-0.025304,0.131337,-0.512511,-0.037382,0.099762,-0.721926,-0.054214,0.082633,-0.85788,-0.066112,0.062892,-0.976713,-0.074153,0.101886,-0.484088,-0.102991,0.067894,-0.688704,-0.114559,0.061463,-0.810846,-0.108605,0.060747,-0.914476,-0.104096,0.0,0.0,0.0,0.0,0.0,0.0,0.0,0.0,0.0,0.0,0.0,0.0,0.0,0.0,0.0,0.0,0.0,0.0,0.0,0.0,0.0,0.0,0.0,0.0,0.0,0.0,0.0,0.0,0.0,0.0,0.0,0.0,0.0,0.0,0.0,0.0,0.0,0.0,0.0,0.0,0.0,0.0,0.0,0.0,0.0,0.0,0.0,0.0,0.0,0.0,0.0,0.0,0.0,0.0,0.0,0.0,0.0,0.0,0.0,0.0,0.0,0.0,0.0,O
0.0,0.0,0.0,0.158694,-0.049083,0.030039,0.267627,-0.115513,0.024917,0.360467,-0.163023,-0.001506,0.431767,-0.243937,-0.021152,0.19615,-0.431767,0.074388,0.327817,-0.4563,0.01783,0.373567,-0.353863,-0.031036,0.37785,-0.258434,-0.049526,0.168913,-0.500747,0.021981,0.234333,-0.70329,0.009773,0.290442,-0.832637,-0.007825,0.318441,-0.947707,-0.02115,0.131738,-0.509493,-0.042557,0.099105,-0.709235,-0.057139,0.08121,-0.850893,-0.066061,0.05907,-0.974492,-0.072409,0.10301,-0.478466,-0.109532,0.066091,-0.672052,-0.121929,0.057106,-0.795139,-0.116072,0.051904,-0.89701,-0.111088,0.0,0.0,0.0,0.0,0.0,0.0,0.0,0.0,0.0,0.0,0.0,0.0,0.0,0.0,0.0,0.0,0.0,0.0,0.0,0.0,0.0,0.0,0.0,0.0,0.0,0.0,0.0,0.0,0.0,0.0,0.0,0.0,0.0,0.0,0.0,0.0,0.0,0.0,0.0,0.0,0.0,0.0,0.0,0.0,0.0,0.0,0.0,0.0,0.0,0.0,0.0,0.0,0.0,0.0,0.0,0.0,0.0,0.0,0.0,0.0,0.0,0.0,0.0,O
0.0,0.0,0.0,0.151535,-0.046675,0.012843,0.267157,-0.111524,-0.001316,0.365973,-0.157451,-0.032452,0.434213,-0.242461,-0.056958,0.199799,-0.421735,0.04248,0.330752,-0.455211,-0.020676,0.377142,-0.348606,-0.074337,0.382115,-0.250698,-0.096994,0.171249,-0.491107,-0.002603,0.234173,-0.697793,-0.027382,0.291066,-0.827626,-0.058425,0.31742,-0.944725,-0.082089,0.131775,-0.501223,-0.058418,0.100175,-0.707933,-0.083794,0.082854,-0.843639,-0.105861,0.060308,-0.964508,-0.120694,0.099857,-0.469698,-0.116532,0.068162,-0.667764,-0.1307,0.060573,-0.786343,-0.127799,0.054123,-0.886102,-0.126347,0.0,0.0,0.0,0.0,0.0,0.0,0.0,0.0,0.0,0.0,0.0,0.0,0.0,0.0,0.0,0.0,0.0,0.0,0.0,0.0,0.0,0.0,0.0,0.0,0.0,0.0,0.0,0.0,0.0,0.0,0.0,0.0,0.0,0.0,0.0,0.0,0.0,0.0,0.0,0.0,0.0,0.0,0.0,0.0,0.0,0.0,0.0,0.0,0.0,0.0,0.0,0.0,0.0,0.0,0.0,0.0,0.0,0.0,0.0,0.0,0.0,0.0,0.0,O
0.0,0.0,0.0,0.156181,-0.037701,0.021332,0.26902,-0.101194,0.013269,0.367061,-0.149771,-0.013824,0.437588,-0.234433,-0.034101,0.206018,-0.419723,0.060031,0.339539,-0.439633,-0.001583,0.38186,-0.341396,-0.050883,0.381611,-0.245297,-0.068636,0.179163,-0.491035,0.011987,0.251825,-0.694083,-0.006822,0.31007,-0.823394,-0.024272,0.33803,-0.940459,-0.035674,0.14134,-0.504168,-0.048734,0.113444,-0.711982,-0.072226,0.100953,-0.858882,-0.084451,0.081995,-0.988507,-0.090224,0.108036,-0.477824,-0.111869,0.072709,-0.673913,-0.131818,0.063006,-0.796896,-0.129969,0.054903,-0.900884,-0.126028,0.0,0.0,0.0,0.0,0.0,0.0,0.0,0.0,0.0,0.0,0.0,0.0,0.0,0.0,0.0,0.0,0.0,0.0,0.0,0.0,0.0,0.0,0.0,0.0,0.0,0.0,0.0,0.0,0.0,0.0,0.0,0.0,0.0,0.0,0.0,0.0,0.0,0.0,0.0,0.0,0.0,0.0,0.0,0.0,0.0,0.0,0.0,0.0,0.0,0.0,0.0,0.0,0.0,0.0,0.0,0.0,0.0,0.0,0.0,0.0,0.0,0.0,0.0,O
0.0,0.0,0.0,0.158234,-0.036649,0.02614,0.273157,-0.086251,0.017176,0.375348,-0.126329,-0.013043,0.444104,-0.220635,-0.036165,0.212781,-0.413912,0.068078,0.346902,-0.439215,0.001159,0.388512,-0.33757,-0.054534,0.38886,-0.239904,-0.075449,0.184725,-0.486249,0.016223,0.25738,-0.686934,-0.005676,0.318011,-0.81712,-0.028693,0.346802,-0.936911,-0.043886,0.145133,-0.49991,-0.048566,0.11782,-0.709875,-0.073115,0.102221,-0.853054,-0.084261,0.07913,-0.977908,-0.088495,0.111736,-0.475815,-0.115821,0.083565,-0.676867,-0.134387,0.07868,-0.800932,-0.130038,0.076077,-0.904013,-0.123711,0.0,0.0,0.0,0.0,0.0,0.0,0.0,0.0,0.0,0.0,0.0,0.0,0.0,0.0,0.0,0.0,0.0,0.0,0.0,0.0,0.0,0.0,0.0,0.0,0.0,0.0,0.0,0.0,0.0,0.0,0.0,0.0,0.0,0.0,0.0,0.0,0.0,0.0,0.0,0.0,0.0,0.0,0.0,0.0,0.0,0.0,0.0,0.0,0.0,0.0,0.0,0.0,0.0,0.0,0.0,0.0,0.0,0.0,0.0,0.0,0.0,0.0,0.0,O
0.0,0.0,0.0,0.159007,-0.027878,0.017993,0.274235,-0.071175,0.005432,0.38006,-0.108365,-0.025992,0.450738,-0.203894,-0.048887,0.216217,-0.40911,0.060584,0.359915,-0.426831,-0.006849,0.401535,-0.322779,-0.063086,0.396655,-0.222253,-0.083749,0.188973,-0.486754,0.013138,0.266932,-0.689099,-0.008297,0.333606,-0.816728,-0.03078,0.367991,-0.928744,-0.04491,0.149563,-0.501733,-0.047485,0.126057,-0.713072,-0.071333,0.117121,-0.857749,-0.080751,0.099123,-0.979489,-0.082867,0.116085,-0.476995,-0.111248,0.090716,-0.678515,-0.128341,0.089265,-0.802877,-0.121163,0.089343,-0.905901,-0.111918,0.0,0.0,0.0,0.0,0.0,0.0,0.0,0.0,0.0,0.0,0.0,0.0,0.0,0.0,0.0,0.0,0.0,0.0,0.0,0.0,0.0,0.0,0.0,0.0,0.0,0.0,0.0,0.0,0.0,0.0,0.0,0.0,0.0,0.0,0.0,0.0,0.0,0.0,0.0,0.0,0.0,0.0,0.0,0.0,0.0,0.0,0.0,0.0,0.0,0.0,0.0,0.0,0.0,0.0,0.0,0.0,0.0,0.0,0.0,0.0,0.0,0.0,0.0,O
0.0,0.0,0.0,0.179864,-0.028279,0.094741,0.279665,-0.070042,0.116849,0.383584,-0.101577,0.101065,0.460418,-0.189865,0.091898,0.224683,-0.405537,0.178246,0.36655,-0.411082,0.140932,0.409493,-0.307668,0.104079,0.401198,-0.205113,0.096353,0.190857,-0.475268,0.089593,0.281501,-0.683256,0.102661,0.351105,-0.807027,0.105858,0.383647,-0.916909,0.109962,0.152571,-0.490412,-0.013314,0.139383,-0.707121,-0.015025,0.135524,-0.851345,-0.003788,0.116057,-0.970059,0.007185,0.130793,-0.475673,-0.115876,0.105352,-0.682033,-0.127814,0.103704,-0.807653,-0.114779,0.104936,-0.902378,-0.100071,0.0,0.0,0.0,0.0,0.0,0.0,0.0,0.0,0.0,0.0,0.0,0.0,0.0,0.0,0.0,0.0,0.0,0.0,0.0,0.0,0.0,0.0,0.0,0.0,0.0,0.0,0.0,0.0,0.0,0.0,0.0,0.0,0.0,0.0,0.0,0.0,0.0,0.0,0.0,0.0,0.0,0.0,0.0,0.0,0.0,0.0,0.0,0.0,0.0,0.0,0.0,0.0,0.0,0.0,0.0,0.0,0.0,0.0,0.0,0.0,0.0,0.0,0.0,O
0.0,0.0,0.0,0.176032,-0.029914,0.075869,0.279035,-0.077293,0.085912,0.379273,-0.107469,0.061169,0.455095,-0.192254,0.042136,0.227585,-0.404928,0.140981,0.366775,-0.415415,0.091865,0.405742,-0.303651,0.046688,0.396799,-0.200539,0.032205,0.198453,-0.47971,0.058116,0.287486,-0.683701,0.057863,0.35752,-0.807966,0.050715,0.389678,-0.919783,0.046366,0.160176,-0.497287,-0.038298,0.145134,-0.71429,-0.047584,0.140357,-0.858861,-0.043257,0.120585,-0.980315,-0.038701,0.133202,-0.479877,-0.135469,0.108179,-0.682804,-0.150172,0.105332,-0.810484,-0.139223,0.102951,-0.910029,-0.12789,0.0,0.0,0.0,0.0,0.0,0.0,0.0,0.0,0.0,0.0,0.0,0.0,0.0,0.0,0.0,0.0,0.0,0.0,0.0,0.0,0.0,0.0,0.0,0.0,0.0,0.0,0.0,0.0,0.0,0.0,0.0,0.0,0.0,0.0,0.0,0.0,0.0,0.0,0.0,0.0,0.0,0.0,0.0,0.0,0.0,0.0,0.0,0.0,0.0,0.0,0.0,0.0,0.0,0.0,0.0,0.0,0.0,0.0,0.0,0.0,0.0,0.0,0.0,O
0.0,0.0,0.0,0.178747,-0.025372,0.082434,0.280719,-0.065581,0.09626,0.381773,-0.098559,0.074268,0.458568,-0.191123,0.057984,0.23452,-0.391375,0.15237,0.372386,-0.400535,0.108505,0.408296,-0.294067,0.0685,0.396859,-0.194349,0.057831,0.204594,-0.466183,0.0671,0.294159,-0.674686,0.069991,0.359861,-0.801341,0.065325,0.390182,-0.918586,0.062911,0.16592,-0.4848,-0.031618,0.153165,-0.697549,-0.040523,0.146251,-0.839439,-0.035371,0.125314,-0.961126,-0.029899,0.141174,-0.471246,-0.13041,0.119842,-0.674632,-0.145993,0.120134,-0.802224,-0.135912,0.120481,-0.900824,-0.125003,0.0,0.0,0.0,0.0,0.0,0.0,0.0,0.0,0.0,0.0,0.0,0.0,0.0,0.0,0.0,0.0,0.0,0.0,0.0,0.0,0.0,0.0,0.0,0.0,0.0,0.0,0.0,0.0,0.0,0.0,0.0,0.0,0.0,0.0,0.0,0.0,0.0,0.0,0.0,0.0,0.0,0.0,0.0,0.0,0.0,0.0,0.0,0.0,0.0,0.0,0.0,0.0,0.0,0.0,0.0,0.0,0.0,0.0,0.0,0.0,0.0,0.0,0.0,O
0.0,0.0,0.0,0.175233,-0.035595,0.092832,0.275032,-0.083239,0.11293,0.37602,-0.116576,0.095777,0.453758,-0.204065,0.084692,0.226734,-0.409231,0.165576,0.365157,-0.424428,0.12068,0.406173,-0.316705,0.076963,0.400608,-0.212879,0.064115,0.198215,-0.475077,0.078766,0.285068,-0.681201,0.082917,0.351331,-0.806272,0.076529,0.382037,-0.921285,0.07267,0.162148,-0.487592,-0.020798,0.153556,-0.705894,-0.024911,0.153152,-0.853429,-0.019563,0.138345,-0.978442,-0.014609,0.140861,-0.468023,-0.119732,0.120081,-0.671198,-0.130592,0.119527,-0.79489,-0.119509,0.120605,-0.889733,-0.107867,0.0,0.0,0.0,0.0,0.0,0.0,0.0,0.0,0.0,0.0,0.0,0.0,0.0,0.0,0.0,0.0,0.0,0.0,0.0,0.0,0.0,0.0,0.0,0.0,0.0,0.0,0.0,0.0,0.0,0.0,0.0,0.0,0.0,0.0,0.0,0.0,0.0,0.0,0.0,0.0,0.0,0.0,0.0,0.0,0.0,0.0,0.0,0.0,0.0,0.0,0.0,0.0,0.0,0.0,0.0,0.0,0.0,0.0,0.0,0.0,0.0,0.0,0.0,O
0.0,0.0,0.0,0.161421,-0.031909,0.035407,0.272704,-0.085742,0.028411,0.369582,-0.116005,-0.002176,0.446914,-0.192943,-0.02708,0.22786,-0.399654,0.066423,0.365284,-0.424284,-0.000571,0.402494,-0.312079,-0.057077,0.39936,-0.213101,-0.080402,0.200593,-0.469909,0.004994,0.280925,-0.676418,-0.023952,0.345615,-0.807216,-0.056866,0.378734,-0.921996,-0.080525,0.159427,-0.478005,-0.067169,0.148294,-0.687134,-0.097715,0.139334,-0.825086,-0.117396,0.12343,-0.946072,-0.129011,0.13059,-0.443547,-0.140408,0.118645,-0.64243,-0.161584,0.122613,-0.768504,-0.160463,0.125955,-0.869802,-0.158667,0.0,0.0,0.0,0.0,0.0,0.0,0.0,0.0,0.0,0.0,0.0,0.0,0.0,0.0,0.0,0.0,0.0,0.0,0.0,0.0,0.0,0.0,0.0,0.0,0.0,0.0,0.0,0.0,0.0,0.0,0.0,0.0,0.0,0.0,0.0,0.0,0.0,0.0,0.0,0.0,0.0,0.0,0.0,0.0,0.0,0.0,0.0,0.0,0.0,0.0,0.0,0.0,0.0,0.0,0.0,0.0,0.0,0.0,0.0,0.0,0.0,0.0,0.0,O
0.0,0.0,0.0,0.155306,-0.033501,0.027402,0.267126,-0.084202,0.01959,0.364588,-0.115191,-0.00849,0.438168,-0.198341,-0.029952,0.221157,-0.401593,0.05557,0.361199,-0.426597,-0.00946,0.395651,-0.314857,-0.065033,0.38783,-0.217242,-0.088278,0.189889,-0.471099,0.001499,0.266464,-0.682289,-0.028988,0.328289,-0.813458,-0.067164,0.357682,-0.929014,-0.094848,0.148478,-0.475747,-0.062144,0.139384,-0.68127,-0.093978,0.128657,-0.813445,-0.122859,0.112005,-0.931793,-0.141142,0.125662,-0.435837,-0.12625,0.117361,-0.614958,-0.14441,0.121783,-0.715217,-0.145145,0.125627,-0.789688,-0.145443,0.0,0.0,0.0,0.0,0.0,0.0,0.0,0.0,0.0,0.0,0.0,0.0,0.0,0.0,0.0,0.0,0.0,0.0,0.0,0.0,0.0,0.0,0.0,0.0,0.0,0.0,0.0,0.0,0.0,0.0,0.0,0.0,0.0,0.0,0.0,0.0,0.0,0.0,0.0,0.0,0.0,0.0,0.0,0.0,0.0,0.0,0.0,0.0,0.0,0.0,0.0,0.0,0.0,0.0,0.0,0.0,0.0,0.0,0.0,0.0,0.0,0.0,0.0,O
0.0,0.0,0.0,0.152145,-0.033257,0.015825,0.262564,-0.088451,-0.000502,0.360112,-0.123535,-0.03551,0.432734,-0.207043,-0.064644,0.219919,-0.394532,0.037762,0.354133,-0.426158,-0.034927,0.390562,-0.319904,-0.094233,0.385053,-0.225363,-0.119506,0.192543,-0.462741,-0.01367,0.27151,-0.67175,-0.049797,0.332319,-0.804001,-0.087073,0.362631,-0.92491,-0.114195,0.149324,-0.473214,-0.076018,0.146298,-0.686138,-0.112631,0.13962,-0.829646,-0.139637,0.123842,-0.958303,-0.15642,0.112783,-0.44316,-0.139989,0.101923,-0.640906,-0.164777,0.103196,-0.764336,-0.167898,0.102748,-0.863903,-0.1696,0.0,0.0,0.0,0.0,0.0,0.0,0.0,0.0,0.0,0.0,0.0,0.0,0.0,0.0,0.0,0.0,0.0,0.0,0.0,0.0,0.0,0.0,0.0,0.0,0.0,0.0,0.0,0.0,0.0,0.0,0.0,0.0,0.0,0.0,0.0,0.0,0.0,0.0,0.0,0.0,0.0,0.0,0.0,0.0,0.0,0.0,0.0,0.0,0.0,0.0,0.0,0.0,0.0,0.0,0.0,0.0,0.0,0.0,0.0,0.0,0.0,0.0,0.0,O
0.0,0.0,0.0,0.147384,-0.037338,0.015516,0.259033,-0.098535,-0.000338,0.355937,-0.137924,-0.03437,0.433663,-0.21829,-0.062231,0.216286,-0.39793,0.036743,0.351245,-0.43636,-0.033694,0.392661,-0.329334,-0.090493,0.392039,-0.232697,-0.114032,0.193066,-0.461946,-0.01392,0.268668,-0.674717,-0.047408,0.32915,-0.80827,-0.083194,0.35811,-0.927226,-0.109584,0.151756,-0.469981,-0.075042,0.14449,-0.686881,-0.109553,0.137671,-0.830392,-0.134653,0.122991,-0.955999,-0.150359,0.115872,-0.4372,-0.137831,0.104325,-0.639796,-0.162522,0.106704,-0.763886,-0.164593,0.107375,-0.864471,-0.165169,0.0,0.0,0.0,0.0,0.0,0.0,0.0,0.0,0.0,0.0,0.0,0.0,0.0,0.0,0.0,0.0,0.0,0.0,0.0,0.0,0.0,0.0,0.0,0.0,0.0,0.0,0.0,0.0,0.0,0.0,0.0,0.0,0.0,0.0,0.0,0.0,0.0,0.0,0.0,0.0,0.0,0.0,0.0,0.0,0.0,0.0,0.0,0.0,0.0,0.0,0.0,0.0,0.0,0.0,0.0,0.0,0.0,0.0,0.0,0.0,0.0,0.0,0.0,O
0.0,0.0,0.0,0.143971,-0.03548,0.008996,0.25743,-0.091891,-0.009023,0.357172,-0.129111,-0.043346,0.431667,-0.211749,-0.071214,0.212657,-0.397296,0.03083,0.35166,-0.433795,-0.041217,0.391081,-0.329805,-0.101056,0.384653,-0.230564,-0.125751,0.184918,-0.463662,-0.01397,0.26001,-0.680998,-0.048072,0.318924,-0.814235,-0.087889,0.346522,-0.930751,-0.116725,0.143103,-0.47082,-0.068866,0.133954,-0.679383,-0.103096,0.122871,-0.8141,-0.132333,0.104855,-0.932009,-0.150269,0.111872,-0.434567,-0.125435,0.099516,-0.627791,-0.14558,0.103283,-0.742235,-0.146049,0.10559,-0.833394,-0.145564,0.0,0.0,0.0,0.0,0.0,0.0,0.0,0.0,0.0,0.0,0.0,0.0,0.0,0.0,0.0,0.0,0.0,0.0,0.0,0.0,0.0,0.0,0.0,0.0,0.0,0.0,0.0,0.0,0.0,0.0,0.0,0.0,0.0,0.0,0.0,0.0,0.0,0.0,0.0,0.0,0.0,0.0,0.0,0.0,0.0,0.0,0.0,0.0,0.0,0.0,0.0,0.0,0.0,0.0,0.0,0.0,0.0,0.0,0.0,0.0,0.0,0.0,0.0,O
0.0,0.0,0.0,0.146303,-0.035549,0.005192,0.261752,-0.095348,-0.015055,0.35652,-0.13632,-0.051523,0.426123,-0.219733,-0.080511,0.209887,-0.398139,0.026194,0.351582,-0.442972,-0.051797,0.392298,-0.332441,-0.115014,0.384965,-0.230612,-0.141001,0.183315,-0.475099,-0.017352,0.260985,-0.687531,-0.055043,0.323871,-0.815025,-0.091243,0.352661,-0.928567,-0.115734,0.142549,-0.49062,-0.072387,0.133972,-0.710638,-0.108198,0.128233,-0.849161,-0.131243,0.112707,-0.971453,-0.143179,0.110723,-0.457247,-0.130057,0.094824,-0.659819,-0.149615,0.097309,-0.777031,-0.145693,0.096493,-0.870409,-0.140682,0.0,0.0,0.0,0.0,0.0,0.0,0.0,0.0,0.0,0.0,0.0,0.0,0.0,0.0,0.0,0.0,0.0,0.0,0.0,0.0,0.0,0.0,0.0,0.0,0.0,0.0,0.0,0.0,0.0,0.0,0.0,0.0,0.0,0.0,0.0,0.0,0.0,0.0,0.0,0.0,0.0,0.0,0.0,0.0,0.0,0.0,0.0,0.0,0.0,0.0,0.0,0.0,0.0,0.0,0.0,0.0,0.0,0.0,0.0,0.0,0.0,0.0,0.0,O
0.0,0.0,0.0,0.144653,-0.033887,-0.000534,0.264576,-0.093062,-0.020256,0.363182,-0.139983,-0.054104,0.432749,-0.22245,-0.079808,0.217056,-0.39986,0.025085,0.35816,-0.43928,-0.051368,0.397729,-0.326139,-0.113422,0.391222,-0.225005,-0.138196,0.185302,-0.47168,-0.013758,0.258647,-0.681689,-0.050995,0.320629,-0.810508,-0.088189,0.351698,-0.929225,-0.113355,0.141252,-0.484499,-0.064293,0.130916,-0.700436,-0.099552,0.126045,-0.840519,-0.124425,0.111969,-0.962427,-0.137128,0.107733,-0.453308,-0.117856,0.094808,-0.655455,-0.134503,0.101297,-0.771929,-0.130877,0.10519,-0.861809,-0.126213,0.0,0.0,0.0,0.0,0.0,0.0,0.0,0.0,0.0,0.0,0.0,0.0,0.0,0.0,0.0,0.0,0.0,0.0,0.0,0.0,0.0,0.0,0.0,0.0,0.0,0.0,0.0,0.0,0.0,0.0,0.0,0.0,0.0,0.0,0.0,0.0,0.0,0.0,0.0,0.0,0.0,0.0,0.0,0.0,0.0,0.0,0.0,0.0,0.0,0.0,0.0,0.0,0.0,0.0,0.0,0.0,0.0,0.0,0.0,0.0,0.0,0.0,0.0,O
0.0,0.0,0.0,0.151341,-0.029956,-0.002795,0.273734,-0.085295,-0.0252,0.37256,-0.133095,-0.062478,0.43895,-0.216787,-0.092973,0.22777,-0.386139,0.021691,0.362642,-0.415674,-0.056674,0.399541,-0.315726,-0.117914,0.391447,-0.221349,-0.143099,0.198881,-0.462643,-0.017631,0.277165,-0.669068,-0.055822,0.339578,-0.799466,-0.089216,0.371987,-0.92156,-0.111142,0.156217,-0.482517,-0.069382,0.150337,-0.70458,-0.108476,0.148421,-0.849809,-0.132437,0.136434,-0.977513,-0.144277,0.115347,-0.457512,-0.124301,0.095419,-0.650034,-0.148903,0.093479,-0.767987,-0.14944,0.089877,-0.867012,-0.146903,0.0,0.0,0.0,0.0,0.0,0.0,0.0,0.0,0.0,0.0,0.0,0.0,0.0,0.0,0.0,0.0,0.0,0.0,0.0,0.0,0.0,0.0,0.0,0.0,0.0,0.0,0.0,0.0,0.0,0.0,0.0,0.0,0.0,0.0,0.0,0.0,0.0,0.0,0.0,0.0,0.0,0.0,0.0,0.0,0.0,0.0,0.0,0.0,0.0,0.0,0.0,0.0,0.0,0.0,0.0,0.0,0.0,0.0,0.0,0.0,0.0,0.0,0.0,O
0.0,0.0,0.0,0.152827,-0.025694,-0.003938,0.275396,-0.077935,-0.024586,0.376684,-0.125775,-0.059548,0.445226,-0.209933,-0.08716,0.227226,-0.383757,0.021577,0.369564,-0.414592,-0.057489,0.405887,-0.309938,-0.119352,0.395941,-0.213773,-0.144201,0.200143,-0.462631,-0.016242,0.282673,-0.673421,-0.055046,0.34625,-0.801376,-0.089553,0.377473,-0.919278,-0.111539,0.158311,-0.485065,-0.066487,0.156073,-0.707548,-0.105639,0.157838,-0.851022,-0.129299,0.147986,-0.976791,-0.139834,0.118496,-0.463347,-0.119929,0.102265,-0.661319,-0.143947,0.102414,-0.779527,-0.142926,0.099472,-0.876338,-0.138239,0.0,0.0,0.0,0.0,0.0,0.0,0.0,0.0,0.0,0.0,0.0,0.0,0.0,0.0,0.0,0.0,0.0,0.0,0.0,0.0,0.0,0.0,0.0,0.0,0.0,0.0,0.0,0.0,0.0,0.0,0.0,0.0,0.0,0.0,0.0,0.0,0.0,0.0,0.0,0.0,0.0,0.0,0.0,0.0,0.0,0.0,0.0,0.0,0.0,0.0,0.0,0.0,0.0,0.0,0.0,0.0,0.0,0.0,0.0,0.0,0.0,0.0,0.0,O
0.0,0.0,0.0,0.149238,-0.019772,-0.012092,0.27318,-0.06804,-0.037009,0.3754,-0.116212,-0.07526,0.448073,-0.201099,-0.106695,0.227994,-0.37422,0.016562,0.367282,-0.410778,-0.067358,0.40921,-0.310036,-0.134703,0.4069,-0.211333,-0.163411,0.202499,-0.451583,-0.017006,0.279519,-0.657737,-0.059561,0.343539,-0.781573,-0.099038,0.379581,-0.896976,-0.125463,0.161695,-0.476187,-0.063744,0.165864,-0.699431,-0.106353,0.170055,-0.846246,-0.133688,0.163475,-0.975472,-0.147415,0.120444,-0.459671,-0.114317,0.110236,-0.655213,-0.141559,0.11298,-0.77616,-0.143932,0.112437,-0.878304,-0.142094,0.0,0.0,0.0,0.0,0.0,0.0,0.0,0.0,0.0,0.0,0.0,0.0,0.0,0.0,0.0,0.0,0.0,0.0,0.0,0.0,0.0,0.0,0.0,0.0,0.0,0.0,0.0,0.0,0.0,0.0,0.0,0.0,0.0,0.0,0.0,0.0,0.0,0.0,0.0,0.0,0.0,0.0,0.0,0.0,0.0,0.0,0.0,0.0,0.0,0.0,0.0,0.0,0.0,0.0,0.0,0.0,0.0,0.0,0.0,0.0,0.0,0.0,0.0,O
0.0,0.0,0.0,0.148342,-0.014672,-0.013523,0.270827,-0.063818,-0.036246,0.375749,-0.113235,-0.070841,0.451507,-0.201259,-0.097836,0.228536,-0.378249,0.015717,0.370621,-0.405936,-0.061618,0.407446,-0.3072,-0.120948,0.398291,-0.214263,-0.144638,0.205897,-0.460576,-0.017297,0.288234,-0.669182,-0.055941,0.350946,-0.795173,-0.089481,0.384542,-0.910641,-0.111059,0.164921,-0.487035,-0.063399,0.174067,-0.706442,-0.104575,0.179716,-0.850181,-0.126798,0.173757,-0.975325,-0.1362,0.120561,-0.470977,-0.113477,0.118345,-0.668917,-0.142507,0.126908,-0.790384,-0.143382,0.131856,-0.892662,-0.139329,0.0,0.0,0.0,0.0,0.0,0.0,0.0,0.0,0.0,0.0,0.0,0.0,0.0,0.0,0.0,0.0,0.0,0.0,0.0,0.0,0.0,0.0,0.0,0.0,0.0,0.0,0.0,0.0,0.0,0.0,0.0,0.0,0.0,0.0,0.0,0.0,0.0,0.0,0.0,0.0,0.0,0.0,0.0,0.0,0.0,0.0,0.0,0.0,0.0,0.0,0.0,0.0,0.0,0.0,0.0,0.0,0.0,0.0,0.0,0.0,0.0,0.0,0.0,O
0.0,0.0,0.0,0.149118,-0.010417,-0.008323,0.269671,-0.059991,-0.028205,0.372423,-0.111406,-0.061097,0.445565,-0.205947,-0.087935,0.229525,-0.373194,0.022756,0.359917,-0.407868,-0.049605,0.403665,-0.320689,-0.106423,0.40376,-0.232434,-0.129919,0.207047,-0.453679,-0.013382,0.286653,-0.658862,-0.050066,0.347901,-0.785498,-0.083724,0.380683,-0.899791,-0.106049,0.164865,-0.480589,-0.062122,0.178492,-0.701735,-0.102764,0.187694,-0.847944,-0.126168,0.18513,-0.973107,-0.137074,0.118445,-0.465587,-0.114296,0.121787,-0.664708,-0.144555,0.134369,-0.789152,-0.147201,0.143767,-0.894181,-0.144965,0.0,0.0,0.0,0.0,0.0,0.0,0.0,0.0,0.0,0.0,0.0,0.0,0.0,0.0,0.0,0.0,0.0,0.0,0.0,0.0,0.0,0.0,0.0,0.0,0.0,0.0,0.0,0.0,0.0,0.0,0.0,0.0,0.0,0.0,0.0,0.0,0.0,0.0,0.0,0.0,0.0,0.0,0.0,0.0,0.0,0.0,0.0,0.0,0.0,0.0,0.0,0.0,0.0,0.0,0.0,0.0,0.0,0.0,0.0,0.0,0.0,0.0,0.0,O
0.0,0.0,0.0,0.150815,-0.008166,-0.013053,0.277363,-0.064565,-0.034747,0.385143,-0.116583,-0.067967,0.462792,-0.208573,-0.09344,0.238842,-0.382309,0.0196,0.374458,-0.412365,-0.052761,0.410961,-0.3151,-0.109152,0.401789,-0.221298,-0.131592,0.2133,-0.463256,-0.013948,0.295149,-0.670353,-0.048683,0.356804,-0.795703,-0.081347,0.388882,-0.910779,-0.103089,0.168866,-0.489178,-0.060438,0.181949,-0.706168,-0.098142,0.189131,-0.850692,-0.119576,0.183536,-0.974451,-0.129461,0.122208,-0.471984,-0.111056,0.129469,-0.670712,-0.138567,0.144023,-0.795716,-0.139409,0.154499,-0.902101,-0.136023,0.0,0.0,0.0,0.0,0.0,0.0,0.0,0.0,0.0,0.0,0.0,0.0,0.0,0.0,0.0,0.0,0.0,0.0,0.0,0.0,0.0,0.0,0.0,0.0,0.0,0.0,0.0,0.0,0.0,0.0,0.0,0.0,0.0,0.0,0.0,0.0,0.0,0.0,0.0,0.0,0.0,0.0,0.0,0.0,0.0,0.0,0.0,0.0,0.0,0.0,0.0,0.0,0.0,0.0,0.0,0.0,0.0,0.0,0.0,0.0,0.0,0.0,0.0,O
0.0,0.0,0.0,0.153677,-0.009343,-0.014383,0.278398,-0.063536,-0.036566,0.381596,-0.114909,-0.070737,0.45938,-0.202049,-0.097267,0.241897,-0.374717,0.0209,0.376662,-0.406941,-0.053143,0.412757,-0.311056,-0.111651,0.404087,-0.217139,-0.135889,0.215329,-0.456713,-0.011571,0.29286,-0.660849,-0.047682,0.350121,-0.785057,-0.081938,0.380536,-0.899492,-0.105241,0.170827,-0.483205,-0.057455,0.186013,-0.699911,-0.096466,0.193539,-0.846193,-0.119476,0.190116,-0.972993,-0.130922,0.122982,-0.468095,-0.107581,0.128339,-0.661709,-0.136147,0.140015,-0.783996,-0.138393,0.147985,-0.888539,-0.136295,0.0,0.0,0.0,0.0,0.0,0.0,0.0,0.0,0.0,0.0,0.0,0.0,0.0,0.0,0.0,0.0,0.0,0.0,0.0,0.0,0.0,0.0,0.0,0.0,0.0,0.0,0.0,0.0,0.0,0.0,0.0,0.0,0.0,0.0,0.0,0.0,0.0,0.0,0.0,0.0,0.0,0.0,0.0,0.0,0.0,0.0,0.0,0.0,0.0,0.0,0.0,0.0,0.0,0.0,0.0,0.0,0.0,0.0,0.0,0.0,0.0,0.0,0.0,O
0.0,0.0,0.0,0.152033,-0.004061,-0.009515,0.275068,-0.058306,-0.029437,0.380453,-0.110274,-0.063118,0.453381,-0.203837,-0.089545,0.237814,-0.375376,0.029283,0.366918,-0.399798,-0.045884,0.404395,-0.30546,-0.104401,0.396813,-0.209929,-0.127466,0.213132,-0.45427,-0.006676,0.291588,-0.657278,-0.041029,0.349987,-0.781267,-0.070744,0.380101,-0.893426,-0.089514,0.169804,-0.480429,-0.056898,0.184031,-0.701834,-0.095882,0.193815,-0.848467,-0.114771,0.191594,-0.973843,-0.122155,0.121512,-0.464568,-0.111231,0.123636,-0.657608,-0.140234,0.134546,-0.77922,-0.140535,0.142324,-0.882478,-0.13607,0.0,0.0,0.0,0.0,0.0,0.0,0.0,0.0,0.0,0.0,0.0,0.0,0.0,0.0,0.0,0.0,0.0,0.0,0.0,0.0,0.0,0.0,0.0,0.0,0.0,0.0,0.0,0.0,0.0,0.0,0.0,0.0,0.0,0.0,0.0,0.0,0.0,0.0,0.0,0.0,0.0,0.0,0.0,0.0,0.0,0.0,0.0,0.0,0.0,0.0,0.0,0.0,0.0,0.0,0.0,0.0,0.0,0.0,0.0,0.0,0.0,0.0,0.0,O
0.0,0.0,0.0,0.151514,-0.005872,-0.007804,0.279145,-0.062713,-0.025719,0.384178,-0.113621,-0.057138,0.454039,-0.205285,-0.080995,0.240166,-0.376657,0.02746,0.370567,-0.400186,-0.046046,0.407887,-0.301206,-0.104393,0.399425,-0.206307,-0.12784,0.213821,-0.457561,-0.007832,0.295439,-0.657224,-0.040698,0.355857,-0.780146,-0.070725,0.387816,-0.894767,-0.090578,0.168707,-0.488094,-0.056553,0.18654,-0.707138,-0.092337,0.196245,-0.849931,-0.111888,0.191744,-0.973994,-0.120708,0.117686,-0.476526,-0.109237,0.119164,-0.665316,-0.135194,0.126006,-0.786504,-0.135064,0.126529,-0.890208,-0.130822,0.0,0.0,0.0,0.0,0.0,0.0,0.0,0.0,0.0,0.0,0.0,0.0,0.0,0.0,0.0,0.0,0.0,0.0,0.0,0.0,0.0,0.0,0.0,0.0,0.0,0.0,0.0,0.0,0.0,0.0,0.0,0.0,0.0,0.0,0.0,0.0,0.0,0.0,0.0,0.0,0.0,0.0,0.0,0.0,0.0,0.0,0.0,0.0,0.0,0.0,0.0,0.0,0.0,0.0,0.0,0.0,0.0,0.0,0.0,0.0,0.0,0.0,0.0,O
0.0,0.0,0.0,0.147284,-0.012708,-0.009623,0.269054,-0.06635,-0.032699,0.375204,-0.114061,-0.069577,0.441599,-0.208818,-0.100278,0.236353,-0.375386,0.019143,0.359586,-0.403621,-0.05535,0.397439,-0.313662,-0.114287,0.391175,-0.223106,-0.139375,0.208079,-0.452143,-0.018517,0.29053,-0.655019,-0.054652,0.350141,-0.77755,-0.087212,0.383108,-0.890555,-0.109317,0.160724,-0.477432,-0.069106,0.181605,-0.699183,-0.109476,0.192084,-0.845143,-0.133803,0.189915,-0.970815,-0.146461,0.107483,-0.458571,-0.123333,0.112538,-0.647861,-0.154793,0.119575,-0.770036,-0.159207,0.120204,-0.873515,-0.158722,0.0,0.0,0.0,0.0,0.0,0.0,0.0,0.0,0.0,0.0,0.0,0.0,0.0,0.0,0.0,0.0,0.0,0.0,0.0,0.0,0.0,0.0,0.0,0.0,0.0,0.0,0.0,0.0,0.0,0.0,0.0,0.0,0.0,0.0,0.0,0.0,0.0,0.0,0.0,0.0,0.0,0.0,0.0,0.0,0.0,0.0,0.0,0.0,0.0,0.0,0.0,0.0,0.0,0.0,0.0,0.0,0.0,0.0,0.0,0.0,0.0,0.0,0.0,O
0.0,0.0,0.0,0.144814,-0.022614,-0.012381,0.264993,-0.077682,-0.037341,0.365951,-0.124123,-0.075309,0.432673,-0.212753,-0.10682,0.231246,-0.384356,0.013853,0.35731,-0.414006,-0.060541,0.393128,-0.321005,-0.118086,0.383474,-0.231213,-0.141522,0.202361,-0.458027,-0.022113,0.28742,-0.659962,-0.058717,0.346455,-0.780528,-0.089574,0.377257,-0.891241,-0.109067,0.153751,-0.480732,-0.070713,0.177447,-0.701506,-0.111211,0.191306,-0.84566,-0.134138,0.191519,-0.970821,-0.144317,0.098615,-0.457559,-0.122921,0.104345,-0.647587,-0.153925,0.113599,-0.77008,-0.156514,0.114753,-0.873364,-0.153301,0.0,0.0,0.0,0.0,0.0,0.0,0.0,0.0,0.0,0.0,0.0,0.0,0.0,0.0,0.0,0.0,0.0,0.0,0.0,0.0,0.0,0.0,0.0,0.0,0.0,0.0,0.0,0.0,0.0,0.0,0.0,0.0,0.0,0.0,0.0,0.0,0.0,0.0,0.0,0.0,0.0,0.0,0.0,0.0,0.0,0.0,0.0,0.0,0.0,0.0,0.0,0.0,0.0,0.0,0.0,0.0,0.0,0.0,0.0,0.0,0.0,0.0,0.0,O
0.0,0.0,0.0,0.143854,-0.026561,-0.010762,0.265985,-0.085797,-0.035253,0.367676,-0.133161,-0.072886,0.434278,-0.220793,-0.104445,0.232988,-0.385375,0.013463,0.355507,-0.417543,-0.060263,0.391607,-0.324922,-0.117587,0.384831,-0.233484,-0.14154,0.203601,-0.459417,-0.023497,0.287296,-0.66505,-0.059969,0.346446,-0.788094,-0.091808,0.378886,-0.898246,-0.112635,0.153625,-0.480982,-0.072533,0.174556,-0.703836,-0.112231,0.186337,-0.846977,-0.136254,0.187348,-0.971015,-0.148425,0.096846,-0.455467,-0.124943,0.099923,-0.639755,-0.155154,0.105939,-0.759479,-0.15797,0.10609,-0.862404,-0.155936,0.0,0.0,0.0,0.0,0.0,0.0,0.0,0.0,0.0,0.0,0.0,0.0,0.0,0.0,0.0,0.0,0.0,0.0,0.0,0.0,0.0,0.0,0.0,0.0,0.0,0.0,0.0,0.0,0.0,0.0,0.0,0.0,0.0,0.0,0.0,0.0,0.0,0.0,0.0,0.0,0.0,0.0,0.0,0.0,0.0,0.0,0.0,0.0,0.0,0.0,0.0,0.0,0.0,0.0,0.0,0.0,0.0,0.0,0.0,0.0,0.0,0.0,0.0,O
0.0,0.0,0.0,0.145711,-0.029338,-0.008148,0.267024,-0.091033,-0.03173,0.368452,-0.141385,-0.069364,0.437407,-0.228,-0.100579,0.230481,-0.395002,0.019821,0.357167,-0.431357,-0.054766,0.393247,-0.3356,-0.113481,0.385866,-0.240623,-0.137812,0.199599,-0.466283,-0.018497,0.28247,-0.673128,-0.054836,0.342708,-0.798059,-0.087414,0.37566,-0.909897,-0.108652,0.149052,-0.484815,-0.069262,0.171745,-0.706653,-0.108448,0.18385,-0.848178,-0.131671,0.185806,-0.972113,-0.143082,0.093297,-0.456252,-0.123328,0.093582,-0.641859,-0.152548,0.100375,-0.759995,-0.154364,0.10356,-0.8601,-0.151409,0.0,0.0,0.0,0.0,0.0,0.0,0.0,0.0,0.0,0.0,0.0,0.0,0.0,0.0,0.0,0.0,0.0,0.0,0.0,0.0,0.0,0.0,0.0,0.0,0.0,0.0,0.0,0.0,0.0,0.0,0.0,0.0,0.0,0.0,0.0,0.0,0.0,0.0,0.0,0.0,0.0,0.0,0.0,0.0,0.0,0.0,0.0,0.0,0.0,0.0,0.0,0.0,0.0,0.0,0.0,0.0,0.0,0.0,0.0,0.0,0.0,0.0,0.0,O
0.0,0.0,0.0,0.144007,-0.029177,-0.012398,0.263156,-0.091512,-0.037542,0.363617,-0.139341,-0.074832,0.434139,-0.219872,-0.105938,0.22709,-0.393525,0.006764,0.357743,-0.433051,-0.073998,0.391847,-0.331867,-0.137209,0.382008,-0.234069,-0.164284,0.196596,-0.461033,-0.028442,0.279062,-0.671719,-0.070593,0.337985,-0.799114,-0.109832,0.370214,-0.914669,-0.136533,0.146233,-0.474589,-0.075262,0.168671,-0.701504,-0.11857,0.18267,-0.842081,-0.147582,0.187999,-0.96844,-0.163645,0.089354,-0.443358,-0.124956,0.088121,-0.62621,-0.157016,0.093593,-0.743747,-0.162193,0.095838,-0.845931,-0.162246,0.0,0.0,0.0,0.0,0.0,0.0,0.0,0.0,0.0,0.0,0.0,0.0,0.0,0.0,0.0,0.0,0.0,0.0,0.0,0.0,0.0,0.0,0.0,0.0,0.0,0.0,0.0,0.0,0.0,0.0,0.0,0.0,0.0,0.0,0.0,0.0,0.0,0.0,0.0,0.0,0.0,0.0,0.0,0.0,0.0,0.0,0.0,0.0,0.0,0.0,0.0,0.0,0.0,0.0,0.0,0.0,0.0,0.0,0.0,0.0,0.0,0.0,0.0,O
0.0,0.0,0.0,0.144082,-0.027925,-0.016294,0.2672,-0.094131,-0.043259,0.370255,-0.141408,-0.081926,0.44204,-0.222723,-0.113371,0.235504,-0.393879,0.005545,0.362649,-0.43652,-0.077618,0.397395,-0.333176,-0.142261,0.388303,-0.232548,-0.169346,0.201653,-0.465044,-0.027361,0.280389,-0.670728,-0.069479,0.340447,-0.798684,-0.107192,0.373674,-0.918123,-0.131973,0.149374,-0.479252,-0.07267,0.167502,-0.70148,-0.11517,0.178372,-0.839344,-0.140109,0.179252,-0.963186,-0.152543,0.091292,-0.448171,-0.121633,0.087641,-0.623793,-0.152407,0.089052,-0.738713,-0.155317,0.086025,-0.840961,-0.152864,0.0,0.0,0.0,0.0,0.0,0.0,0.0,0.0,0.0,0.0,0.0,0.0,0.0,0.0,0.0,0.0,0.0,0.0,0.0,0.0,0.0,0.0,0.0,0.0,0.0,0.0,0.0,0.0,0.0,0.0,0.0,0.0,0.0,0.0,0.0,0.0,0.0,0.0,0.0,0.0,0.0,0.0,0.0,0.0,0.0,0.0,0.0,0.0,0.0,0.0,0.0,0.0,0.0,0.0,0.0,0.0,0.0,0.0,0.0,0.0,0.0,0.0,0.0,O
0.0,0.0,0.0,0.1522,-0.033736,0.000527,0.274969,-0.099882,-0.01975,0.375322,-0.143782,-0.056508,0.441471,-0.229539,-0.08716,0.24039,-0.390952,0.027495,0.364742,-0.433173,-0.0573,0.399058,-0.329972,-0.123703,0.39081,-0.221535,-0.150283,0.204734,-0.457275,-0.01392,0.278397,-0.668419,-0.05393,0.335979,-0.800099,-0.088866,0.368921,-0.922828,-0.110841,0.153447,-0.468139,-0.068306,0.168588,-0.692031,-0.107935,0.179176,-0.834303,-0.129068,0.180652,-0.959538,-0.138646,0.098771,-0.436401,-0.125771,0.090473,-0.612599,-0.154562,0.088162,-0.730759,-0.155412,0.083772,-0.834157,-0.151005,0.0,0.0,0.0,0.0,0.0,0.0,0.0,0.0,0.0,0.0,0.0,0.0,0.0,0.0,0.0,0.0,0.0,0.0,0.0,0.0,0.0,0.0,0.0,0.0,0.0,0.0,0.0,0.0,0.0,0.0,0.0,0.0,0.0,0.0,0.0,0.0,0.0,0.0,0.0,0.0,0.0,0.0,0.0,0.0,0.0,0.0,0.0,0.0,0.0,0.0,0.0,0.0,0.0,0.0,0.0,0.0,0.0,0.0,0.0,0.0,0.0,0.0,0.0,O
0.0,0.0,0.0,0.152695,-0.030064,-0.007663,0.282949,-0.088757,-0.033959,0.386789,-0.131766,-0.074785,0.461922,-0.206506,-0.109505,0.24761,-0.388314,0.018363,0.37161,-0.412641,-0.055685,0.405769,-0.311641,-0.111681,0.399268,-0.213469,-0.134526,0.21508,-0.457263,-0.020338,0.300846,-0.655979,-0.05504,0.361773,-0.786888,-0.083425,0.397469,-0.911911,-0.102159,0.164051,-0.469715,-0.071734,0.179266,-0.685577,-0.10712,0.188405,-0.826366,-0.12501,0.188926,-0.952586,-0.134706,0.107884,-0.436084,-0.127027,0.10065,-0.608324,-0.153941,0.099006,-0.725613,-0.153734,0.095048,-0.830888,-0.150378,0.0,0.0,0.0,0.0,0.0,0.0,0.0,0.0,0.0,0.0,0.0,0.0,0.0,0.0,0.0,0.0,0.0,0.0,0.0,0.0,0.0,0.0,0.0,0.0,0.0,0.0,0.0,0.0,0.0,0.0,0.0,0.0,0.0,0.0,0.0,0.0,0.0,0.0,0.0,0.0,0.0,0.0,0.0,0.0,0.0,0.0,0.0,0.0,0.0,0.0,0.0,0.0,0.0,0.0,0.0,0.0,0.0,0.0,0.0,0.0,0.0,0.0,0.0,O
0.0,0.0,0.0,0.150131,-0.024635,-0.001964,0.278685,-0.084845,-0.025159,0.383803,-0.132967,-0.064429,0.465104,-0.201427,-0.098063,0.249632,-0.380015,0.027196,0.373565,-0.411281,-0.049296,0.407386,-0.311294,-0.107926,0.399729,-0.208694,-0.131122,0.220234,-0.449121,-0.012258,0.305922,-0.654285,-0.047222,0.367866,-0.784597,-0.074662,0.404389,-0.909994,-0.091547,0.173254,-0.463154,-0.064555,0.192334,-0.686499,-0.100016,0.201639,-0.832459,-0.116171,0.200929,-0.962627,-0.123294,0.119373,-0.433026,-0.12025,0.115956,-0.610591,-0.144863,0.115045,-0.727675,-0.142036,0.110362,-0.831534,-0.136195,0.0,0.0,0.0,0.0,0.0,0.0,0.0,0.0,0.0,0.0,0.0,0.0,0.0,0.0,0.0,0.0,0.0,0.0,0.0,0.0,0.0,0.0,0.0,0.0,0.0,0.0,0.0,0.0,0.0,0.0,0.0,0.0,0.0,0.0,0.0,0.0,0.0,0.0,0.0,0.0,0.0,0.0,0.0,0.0,0.0,0.0,0.0,0.0,0.0,0.0,0.0,0.0,0.0,0.0,0.0,0.0,0.0,0.0,0.0,0.0,0.0,0.0,0.0,O
0.0,0.0,0.0,0.1511,-0.01938,0.003838,0.277917,-0.078747,-0.015353,0.379996,-0.126056,-0.051169,0.463096,-0.192157,-0.080038,0.245026,-0.382016,0.031681,0.373727,-0.41277,-0.037359,0.403343,-0.309836,-0.087695,0.391182,-0.211009,-0.105573,0.218011,-0.450759,-0.010054,0.307357,-0.657506,-0.042504,0.366984,-0.787779,-0.065489,0.399371,-0.913379,-0.079001,0.17368,-0.465314,-0.063945,0.194962,-0.685057,-0.096972,0.198891,-0.827351,-0.109404,0.191729,-0.954259,-0.11352,0.12316,-0.438028,-0.120747,0.124895,-0.624483,-0.142119,0.119876,-0.738978,-0.136317,0.109407,-0.836366,-0.128349,0.0,0.0,0.0,0.0,0.0,0.0,0.0,0.0,0.0,0.0,0.0,0.0,0.0,0.0,0.0,0.0,0.0,0.0,0.0,0.0,0.0,0.0,0.0,0.0,0.0,0.0,0.0,0.0,0.0,0.0,0.0,0.0,0.0,0.0,0.0,0.0,0.0,0.0,0.0,0.0,0.0,0.0,0.0,0.0,0.0,0.0,0.0,0.0,0.0,0.0,0.0,0.0,0.0,0.0,0.0,0.0,0.0,0.0,0.0,0.0,0.0,0.0,0.0,O
0.0,0.0,0.0,0.150725,-0.025111,0.014678,0.275809,-0.084479,0.000382,0.377751,-0.132098,-0.032819,0.457677,-0.210372,-0.059057,0.242372,-0.392992,0.048618,0.374684,-0.421935,-0.022321,0.407375,-0.318606,-0.076443,0.397032,-0.216258,-0.095645,0.220082,-0.458129,0.002272,0.302668,-0.668978,-0.029623,0.365603,-0.795513,-0.053283,0.398905,-0.914545,-0.06695,0.18007,-0.470732,-0.056688,0.195721,-0.697009,-0.088181,0.200286,-0.843786,-0.100744,0.192535,-0.973287,-0.104805,0.13546,-0.443111,-0.117964,0.134105,-0.636106,-0.137217,0.129856,-0.75218,-0.13122,0.12017,-0.851416,-0.123262,0.0,0.0,0.0,0.0,0.0,0.0,0.0,0.0,0.0,0.0,0.0,0.0,0.0,0.0,0.0,0.0,0.0,0.0,0.0,0.0,0.0,0.0,0.0,0.0,0.0,0.0,0.0,0.0,0.0,0.0,0.0,0.0,0.0,0.0,0.0,0.0,0.0,0.0,0.0,0.0,0.0,0.0,0.0,0.0,0.0,0.0,0.0,0.0,0.0,0.0,0.0,0.0,0.0,0.0,0.0,0.0,0.0,0.0,0.0,0.0,0.0,0.0,0.0,O
0.0,0.0,0.0,0.15682,-0.026823,0.032908,0.278393,-0.090875,0.033939,0.377877,-0.13537,0.013192,0.451903,-0.21946,-4.2e-05,0.234133,-0.400304,0.079979,0.366705,-0.425647,0.019359,0.39995,-0.327728,-0.028637,0.39115,-0.228485,-0.044214,0.214446,-0.466715,0.026574,0.292598,-0.678293,0.001372,0.353863,-0.808078,-0.018694,0.384922,-0.922506,-0.028606,0.181353,-0.479833,-0.039237,0.197571,-0.70101,-0.066199,0.207496,-0.846904,-0.074527,0.203409,-0.972925,-0.074435,0.151686,-0.452278,-0.106665,0.158394,-0.648718,-0.124656,0.165756,-0.768729,-0.118095,0.166874,-0.865564,-0.108488,0.0,0.0,0.0,0.0,0.0,0.0,0.0,0.0,0.0,0.0,0.0,0.0,0.0,0.0,0.0,0.0,0.0,0.0,0.0,0.0,0.0,0.0,0.0,0.0,0.0,0.0,0.0,0.0,0.0,0.0,0.0,0.0,0.0,0.0,0.0,0.0,0.0,0.0,0.0,0.0,0.0,0.0,0.0,0.0,0.0,0.0,0.0,0.0,0.0,0.0,0.0,0.0,0.0,0.0,0.0,0.0,0.0,0.0,0.0,0.0,0.0,0.0,0.0,O
0.0,0.0,0.0,0.149699,-0.023553,0.030831,0.269753,-0.086738,0.031096,0.366358,-0.134254,0.010069,0.433009,-0.221505,-0.005201,0.232055,-0.390747,0.076163,0.354837,-0.423359,0.014086,0.387207,-0.328191,-0.037532,0.380404,-0.230996,-0.057183,0.213503,-0.448767,0.022842,0.278689,-0.668831,-0.006083,0.318141,-0.812816,-0.034451,0.329405,-0.942787,-0.051431,0.183375,-0.457053,-0.041943,0.209956,-0.676979,-0.072394,0.217283,-0.821422,-0.085666,0.210963,-0.950042,-0.08992,0.155455,-0.429242,-0.108053,0.173912,-0.614506,-0.126859,0.187191,-0.725489,-0.121334,0.194503,-0.817637,-0.113488,0.0,0.0,0.0,0.0,0.0,0.0,0.0,0.0,0.0,0.0,0.0,0.0,0.0,0.0,0.0,0.0,0.0,0.0,0.0,0.0,0.0,0.0,0.0,0.0,0.0,0.0,0.0,0.0,0.0,0.0,0.0,0.0,0.0,0.0,0.0,0.0,0.0,0.0,0.0,0.0,0.0,0.0,0.0,0.0,0.0,0.0,0.0,0.0,0.0,0.0,0.0,0.0,0.0,0.0,0.0,0.0,0.0,0.0,0.0,0.0,0.0,0.0,0.0,O
0.0,0.0,0.0,0.152836,-0.024541,0.035102,0.275681,-0.085742,0.038679,0.375165,-0.133624,0.020364,0.439812,-0.222513,0.006761,0.228451,-0.395871,0.081415,0.358611,-0.429915,0.025662,0.391294,-0.33356,-0.02329,0.382615,-0.236479,-0.042205,0.208219,-0.454563,0.026201,0.267999,-0.685885,0.001854,0.298266,-0.830677,-0.026633,0.298668,-0.953308,-0.044732,0.178507,-0.463496,-0.039503,0.212804,-0.68936,-0.066122,0.227841,-0.837432,-0.081131,0.225393,-0.964425,-0.088052,0.15518,-0.437927,-0.10611,0.183708,-0.627495,-0.124455,0.198931,-0.744827,-0.120185,0.204582,-0.840282,-0.11368,0.0,0.0,0.0,0.0,0.0,0.0,0.0,0.0,0.0,0.0,0.0,0.0,0.0,0.0,0.0,0.0,0.0,0.0,0.0,0.0,0.0,0.0,0.0,0.0,0.0,0.0,0.0,0.0,0.0,0.0,0.0,0.0,0.0,0.0,0.0,0.0,0.0,0.0,0.0,0.0,0.0,0.0,0.0,0.0,0.0,0.0,0.0,0.0,0.0,0.0,0.0,0.0,0.0,0.0,0.0,0.0,0.0,0.0,0.0,0.0,0.0,0.0,0.0,O
0.0,0.0,0.0,0.15147,-0.023608,0.027197,0.273345,-0.079945,0.02812,0.364676,-0.130789,0.010242,0.435008,-0.214559,-0.003228,0.22177,-0.389678,0.063358,0.350461,-0.428728,0.005344,0.388963,-0.330823,-0.04495,0.390445,-0.239227,-0.065461,0.202391,-0.452133,0.014112,0.259378,-0.689292,-0.019592,0.290011,-0.833186,-0.054822,0.289413,-0.954153,-0.076369,0.174266,-0.464822,-0.043842,0.213007,-0.689388,-0.077137,0.229507,-0.828483,-0.096452,0.228119,-0.948047,-0.103871,0.153198,-0.445267,-0.10222,0.189962,-0.638281,-0.118915,0.210676,-0.75479,-0.112468,0.220252,-0.844711,-0.103871,0.0,0.0,0.0,0.0,0.0,0.0,0.0,0.0,0.0,0.0,0.0,0.0,0.0,0.0,0.0,0.0,0.0,0.0,0.0,0.0,0.0,0.0,0.0,0.0,0.0,0.0,0.0,0.0,0.0,0.0,0.0,0.0,0.0,0.0,0.0,0.0,0.0,0.0,0.0,0.0,0.0,0.0,0.0,0.0,0.0,0.0,0.0,0.0,0.0,0.0,0.0,0.0,0.0,0.0,0.0,0.0,0.0,0.0,0.0,0.0,0.0,0.0,0.0,O
0.0,0.0,0.0,0.152499,-0.027028,0.035636,0.272694,-0.090476,0.038568,0.365786,-0.136161,0.020455,0.434306,-0.21559,0.007273,0.227197,-0.395175,0.075525,0.359138,-0.427012,0.016187,0.384658,-0.324081,-0.034707,0.371405,-0.224222,-0.05373,0.204486,-0.454406,0.021573,0.266279,-0.688162,-0.007504,0.29741,-0.833032,-0.037491,0.301506,-0.951901,-0.05458,0.173598,-0.460354,-0.042008,0.21303,-0.684395,-0.07218,0.226956,-0.829912,-0.088512,0.225319,-0.953327,-0.093887,0.150376,-0.429758,-0.105588,0.184967,-0.615081,-0.123292,0.200639,-0.732897,-0.117565,0.20507,-0.826215,-0.108602,0.0,0.0,0.0,0.0,0.0,0.0,0.0,0.0,0.0,0.0,0.0,0.0,0.0,0.0,0.0,0.0,0.0,0.0,0.0,0.0,0.0,0.0,0.0,0.0,0.0,0.0,0.0,0.0,0.0,0.0,0.0,0.0,0.0,0.0,0.0,0.0,0.0,0.0,0.0,0.0,0.0,0.0,0.0,0.0,0.0,0.0,0.0,0.0,0.0,0.0,0.0,0.0,0.0,0.0,0.0,0.0,0.0,0.0,0.0,0.0,0.0,0.0,0.0,O
0.0,0.0,0.0,0.15282,-0.026932,0.033001,0.273798,-0.083232,0.033607,0.366757,-0.130366,0.013595,0.439805,-0.210305,-0.00141,0.233581,-0.38812,0.073716,0.365264,-0.422296,0.016764,0.390632,-0.316759,-0.030401,0.378343,-0.216087,-0.047536,0.213781,-0.449146,0.020862,0.281211,-0.67781,-0.005607,0.31782,-0.820083,-0.032953,0.326582,-0.943876,-0.049424,0.182873,-0.458244,-0.041955,0.220014,-0.685959,-0.070792,0.236007,-0.834146,-0.086386,0.235953,-0.962372,-0.092675,0.156107,-0.43478,-0.104977,0.185388,-0.619953,-0.123754,0.200088,-0.732512,-0.118709,0.203933,-0.823699,-0.111001,0.0,0.0,0.0,0.0,0.0,0.0,0.0,0.0,0.0,0.0,0.0,0.0,0.0,0.0,0.0,0.0,0.0,0.0,0.0,0.0,0.0,0.0,0.0,0.0,0.0,0.0,0.0,0.0,0.0,0.0,0.0,0.0,0.0,0.0,0.0,0.0,0.0,0.0,0.0,0.0,0.0,0.0,0.0,0.0,0.0,0.0,0.0,0.0,0.0,0.0,0.0,0.0,0.0,0.0,0.0,0.0,0.0,0.0,0.0,0.0,0.0,0.0,0.0,O
0.0,0.0,0.0,0.151957,-0.02504,0.036414,0.271728,-0.08289,0.038324,0.366219,-0.130878,0.017716,0.441897,-0.212711,0.000614,0.232569,-0.386672,0.083754,0.363055,-0.416108,0.030057,0.394222,-0.318693,-0.018281,0.388083,-0.22265,-0.037695,0.213273,-0.448779,0.026252,0.270903,-0.685777,0.003481,0.302846,-0.829911,-0.026071,0.306256,-0.947986,-0.045308,0.18359,-0.459482,-0.041356,0.217296,-0.693539,-0.068551,0.238157,-0.842108,-0.085436,0.242356,-0.965656,-0.093657,0.161177,-0.437452,-0.109308,0.191671,-0.635751,-0.128488,0.209403,-0.754198,-0.123362,0.216005,-0.847097,-0.116106,0.0,0.0,0.0,0.0,0.0,0.0,0.0,0.0,0.0,0.0,0.0,0.0,0.0,0.0,0.0,0.0,0.0,0.0,0.0,0.0,0.0,0.0,0.0,0.0,0.0,0.0,0.0,0.0,0.0,0.0,0.0,0.0,0.0,0.0,0.0,0.0,0.0,0.0,0.0,0.0,0.0,0.0,0.0,0.0,0.0,0.0,0.0,0.0,0.0,0.0,0.0,0.0,0.0,0.0,0.0,0.0,0.0,0.0,0.0,0.0,0.0,0.0,0.0,O
0.0,0.0,0.0,0.152751,-0.026693,0.030445,0.270819,-0.080561,0.0289,0.366074,-0.126822,0.006258,0.440541,-0.208602,-0.012007,0.224422,-0.387298,0.074765,0.354146,-0.421328,0.013271,0.388409,-0.319514,-0.039433,0.38374,-0.217743,-0.059942,0.208628,-0.444052,0.021376,0.278021,-0.67625,-0.00503,0.314372,-0.822173,-0.034918,0.320725,-0.945647,-0.05373,0.179965,-0.451665,-0.042815,0.216861,-0.682123,-0.07187,0.230423,-0.833468,-0.088085,0.227467,-0.961369,-0.09501,0.152485,-0.426311,-0.10791,0.183274,-0.6197,-0.127654,0.198986,-0.737175,-0.122414,0.204073,-0.831198,-0.114512,0.0,0.0,0.0,0.0,0.0,0.0,0.0,0.0,0.0,0.0,0.0,0.0,0.0,0.0,0.0,0.0,0.0,0.0,0.0,0.0,0.0,0.0,0.0,0.0,0.0,0.0,0.0,0.0,0.0,0.0,0.0,0.0,0.0,0.0,0.0,0.0,0.0,0.0,0.0,0.0,0.0,0.0,0.0,0.0,0.0,0.0,0.0,0.0,0.0,0.0,0.0,0.0,0.0,0.0,0.0,0.0,0.0,0.0,0.0,0.0,0.0,0.0,0.0,O
0.0,0.0,0.0,0.150365,-0.026318,0.032627,0.270122,-0.085604,0.036558,0.362462,-0.133336,0.019888,0.434609,-0.214533,0.008948,0.218055,-0.392309,0.080919,0.353478,-0.431521,0.025032,0.386514,-0.327402,-0.022343,0.379809,-0.229364,-0.039121,0.200966,-0.455367,0.029749,0.272495,-0.681105,0.004569,0.319576,-0.815568,-0.022433,0.335502,-0.931317,-0.037871,0.174757,-0.467611,-0.032281,0.204179,-0.69689,-0.06048,0.219477,-0.845577,-0.076374,0.220262,-0.972003,-0.081817,0.155014,-0.446632,-0.094885,0.176875,-0.647464,-0.112749,0.189918,-0.766062,-0.107611,0.194782,-0.857978,-0.099519,0.0,0.0,0.0,0.0,0.0,0.0,0.0,0.0,0.0,0.0,0.0,0.0,0.0,0.0,0.0,0.0,0.0,0.0,0.0,0.0,0.0,0.0,0.0,0.0,0.0,0.0,0.0,0.0,0.0,0.0,0.0,0.0,0.0,0.0,0.0,0.0,0.0,0.0,0.0,0.0,0.0,0.0,0.0,0.0,0.0,0.0,0.0,0.0,0.0,0.0,0.0,0.0,0.0,0.0,0.0,0.0,0.0,0.0,0.0,0.0,0.0,0.0,0.0,O
0.0,0.0,0.0,0.150232,-0.031188,0.025718,0.267942,-0.092515,0.023495,0.361841,-0.143363,0.001467,0.427149,-0.229445,-0.015564,0.222204,-0.389934,0.066045,0.349037,-0.428192,0.002456,0.38174,-0.327479,-0.050469,0.375371,-0.229896,-0.071638,0.204381,-0.450215,0.016467,0.280279,-0.660455,-0.015831,0.330173,-0.793171,-0.048222,0.350358,-0.913359,-0.068836,0.173856,-0.462072,-0.044199,0.200121,-0.691479,-0.078754,0.21007,-0.841844,-0.101354,0.206673,-0.971919,-0.112516,0.14378,-0.438775,-0.105511,0.161818,-0.625722,-0.127679,0.172335,-0.738395,-0.127707,0.175113,-0.830094,-0.124725,0.0,0.0,0.0,0.0,0.0,0.0,0.0,0.0,0.0,0.0,0.0,0.0,0.0,0.0,0.0,0.0,0.0,0.0,0.0,0.0,0.0,0.0,0.0,0.0,0.0,0.0,0.0,0.0,0.0,0.0,0.0,0.0,0.0,0.0,0.0,0.0,0.0,0.0,0.0,0.0,0.0,0.0,0.0,0.0,0.0,0.0,0.0,0.0,0.0,0.0,0.0,0.0,0.0,0.0,0.0,0.0,0.0,0.0,0.0,0.0,0.0,0.0,0.0,O
0.0,0.0,0.0,0.147921,-0.028607,0.019097,0.267798,-0.088248,0.011608,0.365497,-0.142486,-0.014788,0.433415,-0.228977,-0.034495,0.216613,-0.384755,0.05666,0.351321,-0.420285,-0.005698,0.386796,-0.319853,-0.051808,0.378476,-0.220986,-0.066732,0.201423,-0.448778,0.010792,0.290282,-0.651985,-0.020174,0.34856,-0.779699,-0.042983,0.375899,-0.896641,-0.054406,0.171845,-0.465257,-0.046766,0.194951,-0.695666,-0.081478,0.205251,-0.84674,-0.098015,0.19993,-0.974395,-0.102873,0.141537,-0.444807,-0.105491,0.153818,-0.636968,-0.127681,0.15821,-0.753296,-0.124527,0.153382,-0.846598,-0.117657,0.0,0.0,0.0,0.0,0.0,0.0,0.0,0.0,0.0,0.0,0.0,0.0,0.0,0.0,0.0,0.0,0.0,0.0,0.0,0.0,0.0,0.0,0.0,0.0,0.0,0.0,0.0,0.0,0.0,0.0,0.0,0.0,0.0,0.0,0.0,0.0,0.0,0.0,0.0,0.0,0.0,0.0,0.0,0.0,0.0,0.0,0.0,0.0,0.0,0.0,0.0,0.0,0.0,0.0,0.0,0.0,0.0,0.0,0.0,0.0,0.0,0.0,0.0,O
0.0,0.0,0.0,0.145643,-0.028543,0.012477,0.263933,-0.086814,-0.001828,0.362115,-0.139599,-0.034553,0.43281,-0.222707,-0.061315,0.217501,-0.378959,0.044539,0.342927,-0.416301,-0.024687,0.381166,-0.321655,-0.075512,0.375472,-0.220305,-0.092766,0.199498,-0.445553,-0.000437,0.293893,-0.645158,-0.032256,0.359803,-0.764889,-0.052345,0.393208,-0.874356,-0.061569,0.164243,-0.46333,-0.058054,0.182505,-0.693077,-0.094064,0.192134,-0.846141,-0.109035,0.186183,-0.976047,-0.112556,0.126185,-0.44123,-0.117464,0.128025,-0.638094,-0.141994,0.128083,-0.755783,-0.138006,0.120462,-0.852661,-0.130137,0.0,0.0,0.0,0.0,0.0,0.0,0.0,0.0,0.0,0.0,0.0,0.0,0.0,0.0,0.0,0.0,0.0,0.0,0.0,0.0,0.0,0.0,0.0,0.0,0.0,0.0,0.0,0.0,0.0,0.0,0.0,0.0,0.0,0.0,0.0,0.0,0.0,0.0,0.0,0.0,0.0,0.0,0.0,0.0,0.0,0.0,0.0,0.0,0.0,0.0,0.0,0.0,0.0,0.0,0.0,0.0,0.0,0.0,0.0,0.0,0.0,0.0,0.0,O
0.0,0.0,0.0,0.148407,-0.029767,0.006772,0.26795,-0.084576,-0.009925,0.368507,-0.138329,-0.044676,0.437238,-0.229722,-0.072561,0.212421,-0.387598,0.043629,0.339628,-0.421204,-0.025529,0.376986,-0.322526,-0.075535,0.372404,-0.221891,-0.091965,0.191591,-0.45885,-0.000405,0.294013,-0.651325,-0.030723,0.366511,-0.767008,-0.048223,0.408595,-0.87478,-0.055086,0.151014,-0.477673,-0.058494,0.166829,-0.701557,-0.095398,0.178132,-0.851454,-0.109572,0.175933,-0.978054,-0.111614,0.107896,-0.452694,-0.119268,0.102806,-0.651531,-0.146564,0.100092,-0.772493,-0.144056,0.091403,-0.870596,-0.136328,0.0,0.0,0.0,0.0,0.0,0.0,0.0,0.0,0.0,0.0,0.0,0.0,0.0,0.0,0.0,0.0,0.0,0.0,0.0,0.0,0.0,0.0,0.0,0.0,0.0,0.0,0.0,0.0,0.0,0.0,0.0,0.0,0.0,0.0,0.0,0.0,0.0,0.0,0.0,0.0,0.0,0.0,0.0,0.0,0.0,0.0,0.0,0.0,0.0,0.0,0.0,0.0,0.0,0.0,0.0,0.0,0.0,0.0,0.0,0.0,0.0,0.0,0.0,O
0.0,0.0,0.0,0.144621,-0.027764,-0.009117,0.267096,-0.076268,-0.035799,0.371231,-0.124873,-0.076904,0.434958,-0.223305,-0.112928,0.222075,-0.377449,0.014859,0.348768,-0.414763,-0.064415,0.382842,-0.3193,-0.124449,0.374996,-0.222071,-0.148855,0.198074,-0.451072,-0.022381,0.298084,-0.64235,-0.062962,0.367146,-0.757557,-0.094901,0.406315,-0.865282,-0.114296,0.153858,-0.470137,-0.072904,0.169126,-0.69813,-0.11988,0.178742,-0.845349,-0.149501,0.177224,-0.97044,-0.16382,0.104563,-0.444917,-0.125841,0.094871,-0.638656,-0.16228,0.085224,-0.757331,-0.169961,0.07152,-0.85976,-0.170918,0.0,0.0,0.0,0.0,0.0,0.0,0.0,0.0,0.0,0.0,0.0,0.0,0.0,0.0,0.0,0.0,0.0,0.0,0.0,0.0,0.0,0.0,0.0,0.0,0.0,0.0,0.0,0.0,0.0,0.0,0.0,0.0,0.0,0.0,0.0,0.0,0.0,0.0,0.0,0.0,0.0,0.0,0.0,0.0,0.0,0.0,0.0,0.0,0.0,0.0,0.0,0.0,0.0,0.0,0.0,0.0,0.0,0.0,0.0,0.0,0.0,0.0,0.0,O
0.0,0.0,0.0,0.1469,-0.020612,-0.018019,0.271497,-0.067863,-0.043588,0.373352,-0.1175,-0.081084,0.433865,-0.211917,-0.112842,0.228467,-0.366469,0.007727,0.357154,-0.405575,-0.070573,0.390121,-0.309329,-0.130529,0.381685,-0.21236,-0.155653,0.202522,-0.446833,-0.023435,0.304494,-0.634,-0.064564,0.373697,-0.74811,-0.100411,0.415132,-0.857719,-0.123333,0.155796,-0.473137,-0.067841,0.17901,-0.696769,-0.114581,0.193823,-0.840408,-0.148346,0.19758,-0.966112,-0.166104,0.102532,-0.456258,-0.115178,0.090443,-0.647476,-0.151447,0.080671,-0.764584,-0.161299,0.068539,-0.866891,-0.164009,0.0,0.0,0.0,0.0,0.0,0.0,0.0,0.0,0.0,0.0,0.0,0.0,0.0,0.0,0.0,0.0,0.0,0.0,0.0,0.0,0.0,0.0,0.0,0.0,0.0,0.0,0.0,0.0,0.0,0.0,0.0,0.0,0.0,0.0,0.0,0.0,0.0,0.0,0.0,0.0,0.0,0.0,0.0,0.0,0.0,0.0,0.0,0.0,0.0,0.0,0.0,0.0,0.0,0.0,0.0,0.0,0.0,0.0,0.0,0.0,0.0,0.0,0.0,O
0.0,0.0,0.0,0.145533,-0.022396,-0.0196,0.269895,-0.069215,-0.045543,0.374057,-0.11806,-0.084189,0.429706,-0.217292,-0.116967,0.227066,-0.372729,0.012585,0.357285,-0.409529,-0.069939,0.389014,-0.313097,-0.134451,0.377614,-0.217236,-0.161636,0.200673,-0.45171,-0.01785,0.304132,-0.631716,-0.05976,0.374768,-0.74087,-0.09474,0.417301,-0.848553,-0.115804,0.154121,-0.477121,-0.062931,0.179423,-0.696316,-0.110439,0.195601,-0.839803,-0.142511,0.200985,-0.966786,-0.157894,0.100348,-0.457653,-0.111698,0.087338,-0.644449,-0.14958,0.074668,-0.761313,-0.159536,0.059862,-0.863851,-0.160957,0.0,0.0,0.0,0.0,0.0,0.0,0.0,0.0,0.0,0.0,0.0,0.0,0.0,0.0,0.0,0.0,0.0,0.0,0.0,0.0,0.0,0.0,0.0,0.0,0.0,0.0,0.0,0.0,0.0,0.0,0.0,0.0,0.0,0.0,0.0,0.0,0.0,0.0,0.0,0.0,0.0,0.0,0.0,0.0,0.0,0.0,0.0,0.0,0.0,0.0,0.0,0.0,0.0,0.0,0.0,0.0,0.0,0.0,0.0,0.0,0.0,0.0,0.0,O
0.0,0.0,0.0,0.143576,-0.019373,-0.02624,0.269506,-0.064941,-0.052636,0.373534,-0.117576,-0.089444,0.430422,-0.217277,-0.119736,0.223864,-0.362844,0.004942,0.356452,-0.405151,-0.0763,0.389793,-0.311638,-0.139787,0.37874,-0.214324,-0.167053,0.198857,-0.445336,-0.020963,0.30244,-0.620784,-0.065263,0.374097,-0.732019,-0.104385,0.416282,-0.838997,-0.129038,0.152713,-0.478058,-0.06115,0.179677,-0.696913,-0.110925,0.194893,-0.839983,-0.147276,0.198811,-0.965856,-0.166121,0.098058,-0.467871,-0.105029,0.079615,-0.649815,-0.145201,0.062288,-0.762254,-0.157653,0.043946,-0.862304,-0.161157,0.0,0.0,0.0,0.0,0.0,0.0,0.0,0.0,0.0,0.0,0.0,0.0,0.0,0.0,0.0,0.0,0.0,0.0,0.0,0.0,0.0,0.0,0.0,0.0,0.0,0.0,0.0,0.0,0.0,0.0,0.0,0.0,0.0,0.0,0.0,0.0,0.0,0.0,0.0,0.0,0.0,0.0,0.0,0.0,0.0,0.0,0.0,0.0,0.0,0.0,0.0,0.0,0.0,0.0,0.0,0.0,0.0,0.0,0.0,0.0,0.0,0.0,0.0,O
0.0,0.0,0.0,0.140807,-0.018798,-0.027828,0.265031,-0.063989,-0.056562,0.369271,-0.115799,-0.095595,0.428331,-0.216374,-0.126659,0.219501,-0.369491,0.004872,0.355268,-0.405915,-0.07675,0.381644,-0.303907,-0.139204,0.361448,-0.207849,-0.164931,0.193751,-0.45507,-0.021069,0.296742,-0.629408,-0.063508,0.367849,-0.737141,-0.098,0.40847,-0.843107,-0.118228,0.147301,-0.487407,-0.062023,0.171648,-0.703702,-0.109652,0.186513,-0.84488,-0.140842,0.189824,-0.969467,-0.155242,0.093335,-0.473429,-0.107303,0.071575,-0.654654,-0.146996,0.053046,-0.76756,-0.157302,0.032705,-0.867096,-0.158067,0.0,0.0,0.0,0.0,0.0,0.0,0.0,0.0,0.0,0.0,0.0,0.0,0.0,0.0,0.0,0.0,0.0,0.0,0.0,0.0,0.0,0.0,0.0,0.0,0.0,0.0,0.0,0.0,0.0,0.0,0.0,0.0,0.0,0.0,0.0,0.0,0.0,0.0,0.0,0.0,0.0,0.0,0.0,0.0,0.0,0.0,0.0,0.0,0.0,0.0,0.0,0.0,0.0,0.0,0.0,0.0,0.0,0.0,0.0,0.0,0.0,0.0,0.0,O
0.0,0.0,0.0,0.138953,-0.022673,-0.021249,0.261458,-0.071784,-0.047228,0.363454,-0.123709,-0.084871,0.423491,-0.216947,-0.115106,0.215708,-0.372697,0.012846,0.349427,-0.412443,-0.064409,0.375173,-0.310414,-0.124954,0.354851,-0.216219,-0.149942,0.189978,-0.459959,-0.016105,0.29154,-0.630774,-0.0548,0.363756,-0.737855,-0.087367,0.403621,-0.840765,-0.106484,0.143452,-0.492166,-0.059682,0.168947,-0.705886,-0.104616,0.184647,-0.846978,-0.135677,0.187996,-0.970604,-0.150285,0.090084,-0.47566,-0.106971,0.069629,-0.657165,-0.144191,0.050025,-0.768202,-0.153782,0.02915,-0.863896,-0.154463,0.0,0.0,0.0,0.0,0.0,0.0,0.0,0.0,0.0,0.0,0.0,0.0,0.0,0.0,0.0,0.0,0.0,0.0,0.0,0.0,0.0,0.0,0.0,0.0,0.0,0.0,0.0,0.0,0.0,0.0,0.0,0.0,0.0,0.0,0.0,0.0,0.0,0.0,0.0,0.0,0.0,0.0,0.0,0.0,0.0,0.0,0.0,0.0,0.0,0.0,0.0,0.0,0.0,0.0,0.0,0.0,0.0,0.0,0.0,0.0,0.0,0.0,0.0,O
0.0,0.0,0.0,0.138926,-0.017848,-0.029694,0.259929,-0.06695,-0.058324,0.365993,-0.123617,-0.097336,0.419685,-0.224384,-0.128439,0.214332,-0.369428,0.005154,0.346918,-0.415614,-0.075122,0.374247,-0.316579,-0.136117,0.353606,-0.22111,-0.160819,0.187615,-0.457194,-0.019643,0.289629,-0.633094,-0.0617,0.360406,-0.74327,-0.095435,0.399834,-0.848421,-0.114967,0.140641,-0.489726,-0.059792,0.164159,-0.705395,-0.108499,0.177499,-0.848174,-0.141351,0.178313,-0.971467,-0.156382,0.08701,-0.473386,-0.104303,0.066195,-0.654156,-0.144757,0.045622,-0.767163,-0.156393,0.022086,-0.86386,-0.158053,0.0,0.0,0.0,0.0,0.0,0.0,0.0,0.0,0.0,0.0,0.0,0.0,0.0,0.0,0.0,0.0,0.0,0.0,0.0,0.0,0.0,0.0,0.0,0.0,0.0,0.0,0.0,0.0,0.0,0.0,0.0,0.0,0.0,0.0,0.0,0.0,0.0,0.0,0.0,0.0,0.0,0.0,0.0,0.0,0.0,0.0,0.0,0.0,0.0,0.0,0.0,0.0,0.0,0.0,0.0,0.0,0.0,0.0,0.0,0.0,0.0,0.0,0.0,O
0.0,0.0,0.0,0.137628,-0.022592,-0.021602,0.254662,-0.074377,-0.048103,0.355555,-0.126962,-0.08602,0.410091,-0.221869,-0.116782,0.212357,-0.37481,0.006031,0.340447,-0.416284,-0.070971,0.365544,-0.317031,-0.129216,0.343415,-0.22265,-0.152927,0.185329,-0.458563,-0.023331,0.281565,-0.639659,-0.063452,0.349897,-0.752034,-0.094915,0.386507,-0.856585,-0.113397,0.136667,-0.485924,-0.066774,0.153747,-0.706408,-0.113965,0.164498,-0.850388,-0.145652,0.164196,-0.97325,-0.160696,0.080267,-0.464006,-0.113651,0.05452,-0.645659,-0.15456,0.034393,-0.762235,-0.166592,0.012115,-0.863854,-0.168978,0.0,0.0,0.0,0.0,0.0,0.0,0.0,0.0,0.0,0.0,0.0,0.0,0.0,0.0,0.0,0.0,0.0,0.0,0.0,0.0,0.0,0.0,0.0,0.0,0.0,0.0,0.0,0.0,0.0,0.0,0.0,0.0,0.0,0.0,0.0,0.0,0.0,0.0,0.0,0.0,0.0,0.0,0.0,0.0,0.0,0.0,0.0,0.0,0.0,0.0,0.0,0.0,0.0,0.0,0.0,0.0,0.0,0.0,0.0,0.0,0.0,0.0,0.0,O
0.0,0.0,0.0,0.138591,-0.024982,-0.025508,0.256143,-0.074276,-0.052694,0.355254,-0.128499,-0.09067,0.409273,-0.224451,-0.121406,0.210961,-0.374298,0.004776,0.33957,-0.416294,-0.072043,0.366998,-0.319722,-0.129686,0.348095,-0.227194,-0.152866,0.183011,-0.459156,-0.022176,0.27739,-0.641198,-0.062408,0.344471,-0.752387,-0.092556,0.380137,-0.854215,-0.109272,0.134959,-0.488213,-0.063593,0.153382,-0.709488,-0.111712,0.163762,-0.853286,-0.141636,0.162927,-0.974507,-0.15424,0.080182,-0.46877,-0.108832,0.055573,-0.651497,-0.150752,0.033822,-0.7669,-0.161756,0.009238,-0.864948,-0.162165,0.0,0.0,0.0,0.0,0.0,0.0,0.0,0.0,0.0,0.0,0.0,0.0,0.0,0.0,0.0,0.0,0.0,0.0,0.0,0.0,0.0,0.0,0.0,0.0,0.0,0.0,0.0,0.0,0.0,0.0,0.0,0.0,0.0,0.0,0.0,0.0,0.0,0.0,0.0,0.0,0.0,0.0,0.0,0.0,0.0,0.0,0.0,0.0,0.0,0.0,0.0,0.0,0.0,0.0,0.0,0.0,0.0,0.0,0.0,0.0,0.0,0.0,0.0,O
0.0,0.0,0.0,0.135322,-0.026109,-0.01974,0.249413,-0.073694,-0.047434,0.345628,-0.122452,-0.087815,0.400253,-0.22101,-0.121461,0.200522,-0.37904,0.007736,0.328501,-0.418862,-0.072133,0.362488,-0.325489,-0.131147,0.349495,-0.234142,-0.154146,0.172519,-0.461687,-0.023424,0.263198,-0.644669,-0.065572,0.330727,-0.760593,-0.095447,0.36682,-0.867791,-0.111467,0.124373,-0.489435,-0.068826,0.140537,-0.713135,-0.11843,0.148861,-0.856306,-0.147645,0.147011,-0.976234,-0.15923,0.071422,-0.468237,-0.117538,0.045437,-0.650039,-0.1587,0.021249,-0.76249,-0.167302,-0.00505,-0.855648,-0.165737,0.0,0.0,0.0,0.0,0.0,0.0,0.0,0.0,0.0,0.0,0.0,0.0,0.0,0.0,0.0,0.0,0.0,0.0,0.0,0.0,0.0,0.0,0.0,0.0,0.0,0.0,0.0,0.0,0.0,0.0,0.0,0.0,0.0,0.0,0.0,0.0,0.0,0.0,0.0,0.0,0.0,0.0,0.0,0.0,0.0,0.0,0.0,0.0,0.0,0.0,0.0,0.0,0.0,0.0,0.0,0.0,0.0,0.0,0.0,0.0,0.0,0.0,0.0,O
0.0,0.0,0.0,0.140287,-0.023995,-0.029306,0.265344,-0.073867,-0.057489,0.368733,-0.12577,-0.095549,0.423537,-0.21975,-0.125695,0.216011,-0.376242,0.003308,0.351882,-0.422065,-0.074752,0.377563,-0.320719,-0.135532,0.354885,-0.22508,-0.161164,0.184572,-0.463509,-0.02156,0.280868,-0.640807,-0.064031,0.349697,-0.755885,-0.100428,0.386659,-0.861789,-0.122505,0.133545,-0.493855,-0.061058,0.155756,-0.710975,-0.11115,0.164568,-0.852691,-0.147978,0.160968,-0.972955,-0.165675,0.078072,-0.475362,-0.104237,0.056665,-0.655898,-0.145764,0.034804,-0.766021,-0.159052,0.009523,-0.859641,-0.161832,0.0,0.0,0.0,0.0,0.0,0.0,0.0,0.0,0.0,0.0,0.0,0.0,0.0,0.0,0.0,0.0,0.0,0.0,0.0,0.0,0.0,0.0,0.0,0.0,0.0,0.0,0.0,0.0,0.0,0.0,0.0,0.0,0.0,0.0,0.0,0.0,0.0,0.0,0.0,0.0,0.0,0.0,0.0,0.0,0.0,0.0,0.0,0.0,0.0,0.0,0.0,0.0,0.0,0.0,0.0,0.0,0.0,0.0,0.0,0.0,0.0,0.0,0.0,O
0.0,0.0,0.0,0.138378,-0.02585,-0.031049,0.265798,-0.074952,-0.062031,0.368097,-0.124297,-0.102716,0.4234,-0.221239,-0.135442,0.222233,-0.377827,-0.000619,0.35664,-0.418966,-0.083788,0.382342,-0.318501,-0.146819,0.359997,-0.223289,-0.172841,0.190609,-0.462776,-0.025677,0.289891,-0.642033,-0.070804,0.357157,-0.754566,-0.107172,0.393764,-0.861297,-0.128402,0.139043,-0.49196,-0.065728,0.160028,-0.71015,-0.116946,0.171828,-0.849223,-0.151543,0.172707,-0.970636,-0.167448,0.081235,-0.472218,-0.109843,0.059752,-0.651271,-0.15129,0.038467,-0.760932,-0.162937,0.014481,-0.856291,-0.164428,0.0,0.0,0.0,0.0,0.0,0.0,0.0,0.0,0.0,0.0,0.0,0.0,0.0,0.0,0.0,0.0,0.0,0.0,0.0,0.0,0.0,0.0,0.0,0.0,0.0,0.0,0.0,0.0,0.0,0.0,0.0,0.0,0.0,0.0,0.0,0.0,0.0,0.0,0.0,0.0,0.0,0.0,0.0,0.0,0.0,0.0,0.0,0.0,0.0,0.0,0.0,0.0,0.0,0.0,0.0,0.0,0.0,0.0,0.0,0.0,0.0,0.0,0.0,O
0.0,0.0,0.0,0.141255,-0.029207,-0.027927,0.266665,-0.071712,-0.060699,0.36989,-0.118239,-0.103831,0.424525,-0.219119,-0.141032,0.226604,-0.374794,-0.006085,0.356597,-0.408665,-0.093596,0.385302,-0.310212,-0.163152,0.369601,-0.217643,-0.195003,0.197587,-0.45695,-0.034599,0.298788,-0.637732,-0.081898,0.36676,-0.750052,-0.122438,0.405212,-0.860114,-0.14897,0.147758,-0.484139,-0.077247,0.171921,-0.701986,-0.128735,0.183911,-0.840701,-0.165014,0.185403,-0.96522,-0.184328,0.089513,-0.462869,-0.123844,0.06651,-0.645278,-0.165787,0.045361,-0.756684,-0.178533,0.022957,-0.856269,-0.182506,0.0,0.0,0.0,0.0,0.0,0.0,0.0,0.0,0.0,0.0,0.0,0.0,0.0,0.0,0.0,0.0,0.0,0.0,0.0,0.0,0.0,0.0,0.0,0.0,0.0,0.0,0.0,0.0,0.0,0.0,0.0,0.0,0.0,0.0,0.0,0.0,0.0,0.0,0.0,0.0,0.0,0.0,0.0,0.0,0.0,0.0,0.0,0.0,0.0,0.0,0.0,0.0,0.0,0.0,0.0,0.0,0.0,0.0,0.0,0.0,0.0,0.0,0.0,O
0.0,0.0,0.0,0.142716,-0.016267,-0.034656,0.271225,-0.053441,-0.069633,0.375235,-0.099404,-0.113294,0.43552,-0.194738,-0.150357,0.240042,-0.363655,-0.013352,0.373436,-0.387768,-0.098501,0.401879,-0.289196,-0.163788,0.383829,-0.196722,-0.192403,0.211306,-0.450282,-0.037716,0.317528,-0.628299,-0.083115,0.387254,-0.738755,-0.119451,0.427798,-0.850671,-0.142254,0.160641,-0.482838,-0.076158,0.18738,-0.69926,-0.125878,0.20237,-0.837295,-0.158731,0.206512,-0.962631,-0.175198,0.09922,-0.4674,-0.119085,0.074413,-0.647012,-0.159537,0.054376,-0.757989,-0.169843,0.032955,-0.85753,-0.171502,0.0,0.0,0.0,0.0,0.0,0.0,0.0,0.0,0.0,0.0,0.0,0.0,0.0,0.0,0.0,0.0,0.0,0.0,0.0,0.0,0.0,0.0,0.0,0.0,0.0,0.0,0.0,0.0,0.0,0.0,0.0,0.0,0.0,0.0,0.0,0.0,0.0,0.0,0.0,0.0,0.0,0.0,0.0,0.0,0.0,0.0,0.0,0.0,0.0,0.0,0.0,0.0,0.0,0.0,0.0,0.0,0.0,0.0,0.0,0.0,0.0,0.0,0.0,O
0.0,0.0,0.0,0.145769,-0.010681,-0.036368,0.27427,-0.044616,-0.072514,0.380464,-0.091157,-0.116733,0.439615,-0.187431,-0.154739,0.246955,-0.354413,-0.019607,0.378941,-0.372247,-0.103767,0.403487,-0.275819,-0.166351,0.379821,-0.185849,-0.192704,0.216238,-0.445838,-0.04234,0.329547,-0.624702,-0.085061,0.400035,-0.733357,-0.11688,0.44147,-0.84599,-0.136402,0.164397,-0.483811,-0.078826,0.194861,-0.700793,-0.125976,0.210812,-0.837778,-0.15703,0.214923,-0.961244,-0.172677,0.099805,-0.470835,-0.119911,0.073451,-0.650574,-0.158963,0.053199,-0.762286,-0.168348,0.031997,-0.861715,-0.169508,0.0,0.0,0.0,0.0,0.0,0.0,0.0,0.0,0.0,0.0,0.0,0.0,0.0,0.0,0.0,0.0,0.0,0.0,0.0,0.0,0.0,0.0,0.0,0.0,0.0,0.0,0.0,0.0,0.0,0.0,0.0,0.0,0.0,0.0,0.0,0.0,0.0,0.0,0.0,0.0,0.0,0.0,0.0,0.0,0.0,0.0,0.0,0.0,0.0,0.0,0.0,0.0,0.0,0.0,0.0,0.0,0.0,0.0,0.0,0.0,0.0,0.0,0.0,O
0.0,0.0,0.0,0.142337,-0.007162,-0.038601,0.271499,-0.039566,-0.076333,0.378231,-0.083561,-0.121611,0.438742,-0.180899,-0.159697,0.25324,-0.349747,-0.0225,0.385851,-0.375384,-0.11095,0.408193,-0.280956,-0.175976,0.380514,-0.189493,-0.202797,0.2221,-0.440697,-0.04451,0.333555,-0.62202,-0.091137,0.406096,-0.730583,-0.123533,0.447445,-0.841083,-0.142118,0.169345,-0.477643,-0.080956,0.199377,-0.694295,-0.130088,0.218463,-0.833786,-0.159088,0.224775,-0.95908,-0.172167,0.103638,-0.464617,-0.122458,0.081129,-0.645144,-0.16231,0.065176,-0.761222,-0.171187,0.048065,-0.864943,-0.17109,0.0,0.0,0.0,0.0,0.0,0.0,0.0,0.0,0.0,0.0,0.0,0.0,0.0,0.0,0.0,0.0,0.0,0.0,0.0,0.0,0.0,0.0,0.0,0.0,0.0,0.0,0.0,0.0,0.0,0.0,0.0,0.0,0.0,0.0,0.0,0.0,0.0,0.0,0.0,0.0,0.0,0.0,0.0,0.0,0.0,0.0,0.0,0.0,0.0,0.0,0.0,0.0,0.0,0.0,0.0,0.0,0.0,0.0,0.0,0.0,0.0,0.0,0.0,O
0.0,0.0,0.0,0.144072,-0.002191,-0.034915,0.27294,-0.03543,-0.068306,0.375701,-0.074633,-0.109832,0.434466,-0.168573,-0.143812,0.25218,-0.350099,-0.016755,0.387758,-0.369947,-0.103511,0.40825,-0.269642,-0.166743,0.377426,-0.179031,-0.192344,0.223029,-0.441463,-0.040652,0.336672,-0.618217,-0.087427,0.412757,-0.7279,-0.12043,0.456341,-0.837209,-0.13923,0.170829,-0.476072,-0.078989,0.200369,-0.691963,-0.129224,0.220643,-0.833061,-0.159309,0.229391,-0.957872,-0.172803,0.10486,-0.462948,-0.121933,0.082799,-0.642841,-0.164298,0.066746,-0.760517,-0.175064,0.051894,-0.865223,-0.17589,0.0,0.0,0.0,0.0,0.0,0.0,0.0,0.0,0.0,0.0,0.0,0.0,0.0,0.0,0.0,0.0,0.0,0.0,0.0,0.0,0.0,0.0,0.0,0.0,0.0,0.0,0.0,0.0,0.0,0.0,0.0,0.0,0.0,0.0,0.0,0.0,0.0,0.0,0.0,0.0,0.0,0.0,0.0,0.0,0.0,0.0,0.0,0.0,0.0,0.0,0.0,0.0,0.0,0.0,0.0,0.0,0.0,0.0,0.0,0.0,0.0,0.0,0.0,O
0.0,0.0,0.0,0.144279,0.007288,-0.047499,0.278004,-0.024724,-0.082712,0.383414,-0.066246,-0.122485,0.445493,-0.152013,-0.154325,0.265899,-0.334044,-0.028059,0.402807,-0.353088,-0.111902,0.417605,-0.251143,-0.17441,0.3827,-0.164571,-0.20107,0.235474,-0.434566,-0.043849,0.352454,-0.603122,-0.091241,0.429336,-0.710261,-0.126775,0.473499,-0.814523,-0.147628,0.181682,-0.476792,-0.074097,0.221037,-0.685722,-0.126732,0.244077,-0.825795,-0.163208,0.255748,-0.949686,-0.180804,0.113429,-0.468719,-0.109186,0.094737,-0.643186,-0.154024,0.077514,-0.757707,-0.16875,0.06107,-0.859796,-0.172265,0.0,0.0,0.0,0.0,0.0,0.0,0.0,0.0,0.0,0.0,0.0,0.0,0.0,0.0,0.0,0.0,0.0,0.0,0.0,0.0,0.0,0.0,0.0,0.0,0.0,0.0,0.0,0.0,0.0,0.0,0.0,0.0,0.0,0.0,0.0,0.0,0.0,0.0,0.0,0.0,0.0,0.0,0.0,0.0,0.0,0.0,0.0,0.0,0.0,0.0,0.0,0.0,0.0,0.0,0.0,0.0,0.0,0.0,0.0,0.0,0.0,0.0,0.0,O
0.0,0.0,0.0,0.143386,0.000344,-0.038643,0.272621,-0.031321,-0.072843,0.377463,-0.068179,-0.115321,0.439988,-0.152692,-0.150195,0.268274,-0.351483,-0.011763,0.40234,-0.361113,-0.094905,0.413044,-0.250921,-0.157126,0.376062,-0.159572,-0.18186,0.240409,-0.443276,-0.033911,0.359125,-0.60609,-0.075926,0.439529,-0.71014,-0.105426,0.488095,-0.811286,-0.120691,0.183993,-0.478334,-0.071624,0.225934,-0.687447,-0.121818,0.252823,-0.829273,-0.153349,0.268212,-0.948953,-0.165986,0.112597,-0.464512,-0.114081,0.096539,-0.642751,-0.159295,0.082112,-0.761178,-0.171902,0.067971,-0.86203,-0.172032,0.0,0.0,0.0,0.0,0.0,0.0,0.0,0.0,0.0,0.0,0.0,0.0,0.0,0.0,0.0,0.0,0.0,0.0,0.0,0.0,0.0,0.0,0.0,0.0,0.0,0.0,0.0,0.0,0.0,0.0,0.0,0.0,0.0,0.0,0.0,0.0,0.0,0.0,0.0,0.0,0.0,0.0,0.0,0.0,0.0,0.0,0.0,0.0,0.0,0.0,0.0,0.0,0.0,0.0,0.0,0.0,0.0,0.0,0.0,0.0,0.0,0.0,0.0,O
0.0,0.0,0.0,0.147454,-0.007022,-0.029942,0.276103,-0.040013,-0.070106,0.379642,-0.064979,-0.121533,0.430888,-0.146191,-0.167979,0.279878,-0.348405,-0.018107,0.40431,-0.363841,-0.110964,0.420297,-0.249823,-0.185334,0.394404,-0.156241,-0.220494,0.253787,-0.419326,-0.051325,0.363975,-0.595196,-0.105491,0.450943,-0.701164,-0.151129,0.508967,-0.807908,-0.181663,0.198371,-0.438283,-0.098389,0.240926,-0.654565,-0.156802,0.273,-0.798441,-0.202403,0.295408,-0.927666,-0.228407,0.131484,-0.406982,-0.148771,0.12132,-0.596967,-0.195212,0.116519,-0.725908,-0.213276,0.107467,-0.841396,-0.222268,0.0,0.0,0.0,0.0,0.0,0.0,0.0,0.0,0.0,0.0,0.0,0.0,0.0,0.0,0.0,0.0,0.0,0.0,0.0,0.0,0.0,0.0,0.0,0.0,0.0,0.0,0.0,0.0,0.0,0.0,0.0,0.0,0.0,0.0,0.0,0.0,0.0,0.0,0.0,0.0,0.0,0.0,0.0,0.0,0.0,0.0,0.0,0.0,0.0,0.0,0.0,0.0,0.0,0.0,0.0,0.0,0.0,0.0,0.0,0.0,0.0,0.0,0.0,O
0.0,0.0,0.0,0.176027,-0.006676,0.053643,0.293894,-0.031449,0.041121,0.388115,-0.031952,-0.004839,0.422728,-0.094205,-0.050806,0.300415,-0.371971,0.07349,0.419223,-0.355435,-0.004918,0.463036,-0.243929,-0.056465,0.453268,-0.12136,-0.072489,0.273986,-0.423337,-0.012469,0.390702,-0.612865,-0.045337,0.4918,-0.693576,-0.044796,0.562498,-0.755948,-0.035816,0.219463,-0.431055,-0.113878,0.285169,-0.675061,-0.163817,0.349491,-0.80794,-0.167219,0.393809,-0.905194,-0.159808,0.163048,-0.39381,-0.215414,0.157673,-0.601055,-0.284525,0.167301,-0.746373,-0.302022,0.171962,-0.865665,-0.301686,0.0,0.0,0.0,0.0,0.0,0.0,0.0,0.0,0.0,0.0,0.0,0.0,0.0,0.0,0.0,0.0,0.0,0.0,0.0,0.0,0.0,0.0,0.0,0.0,0.0,0.0,0.0,0.0,0.0,0.0,0.0,0.0,0.0,0.0,0.0,0.0,0.0,0.0,0.0,0.0,0.0,0.0,0.0,0.0,0.0,0.0,0.0,0.0,0.0,0.0,0.0,0.0,0.0,0.0,0.0,0.0,0.0,0.0,0.0,0.0,0.0,0.0,0.0,O
0.0,0.0,0.0,0.246163,-0.000487,0.06993,0.400784,-0.057377,0.055643,0.506093,-0.054723,-0.000829,0.582252,-0.057773,-0.064223,0.376763,-0.567763,0.095124,0.536362,-0.699868,0.005192,0.652441,-0.624988,-0.081153,0.709117,-0.491639,-0.134006,0.334676,-0.60397,-0.009041,0.524835,-0.803996,-0.094343,0.654514,-0.731709,-0.171085,0.70837,-0.583423,-0.216585,0.285302,-0.58914,-0.121524,0.470796,-0.821324,-0.196012,0.606519,-0.758,-0.23994,0.673711,-0.626239,-0.259901,0.248093,-0.511523,-0.232208,0.409245,-0.663777,-0.29129,0.536802,-0.642312,-0.311673,0.620508,-0.55614,-0.319622,0.0,0.0,0.0,0.0,0.0,0.0,0.0,0.0,0.0,0.0,0.0,0.0,0.0,0.0,0.0,0.0,0.0,0.0,0.0,0.0,0.0,0.0,0.0,0.0,0.0,0.0,0.0,0.0,0.0,0.0,0.0,0.0,0.0,0.0,0.0,0.0,0.0,0.0,0.0,0.0,0.0,0.0,0.0,0.0,0.0,0.0,0.0,0.0,0.0,0.0,0.0,0.0,0.0,0.0,0.0,0.0,0.0,0.0,0.0,0.0,0.0,0.0,0.0,O
