0.0,0.0,0.0,0.138123,0.033387,-0.061396,0.255488,-0.049869,-0.082967,0.244513,-0.221973,-0.097537,0.219671,-0.350401,-0.114339,0.355379,-0.313129,-0.053357,0.495068,-0.41659,-0.08858,0.584927,-0.481176,-0.115377,0.654219,-0.536997,-0.134699,0.281005,-0.413371,-0.057579,0.39029,-0.614812,-0.086822,0.449606,-0.741317,-0.120633,0.492284,-0.835751,-0.143696,0.189366,-0.443547,-0.0685,0.245379,-0.664355,-0.128842,0.27943,-0.811614,-0.189944,0.303424,-0.924662,-0.230076,0.083325,-0.42015,-0.08074,0.13516,-0.470824,-0.152382,0.147274,-0.383628,-0.182274,0.144881,-0.29718,-0.196706,0.0,0.0,0.0,-0.136048,-0.105247,-0.048864,-0.233375,-0.259389,-0.073101,-0.301053,-0.388757,-0.094523,-0.366081,-0.480179,-0.117425,-0.102466,-0.499168,-0.037883,-0.150092,-0.686827,-0.077404,-0.171695,-0.807579,-0.112414,-0.185246,-0.910001,-0.138792,0.003053,-0.512866,-0.048405,0.019828,-0.737156,-0.080374,0.03641,-0.873379,-0.110836,0.05261,-0.989662,-0.133424,0.093532,-0.475722,-0.067364,0.140259,-0.668207,-0.108239,0.169663,-0.795596,-0.136354,0.1931,-0.907937,-0.154938,0.171917,-0.401027,-0.090386,0.240786,-0.539164,-0.126943,0.286615,-0.628162,-0.138712,0.322636,-0.712129,-0.145463,M
0.0,0.0,0.0,0.135755,0.021931,-0.056585,0.25104,-0.068301,-0.076291,0.234598,-0.231546,-0.090129,0.202575,-0.350725,-0.106618,0.353478,-0.325637,-0.046929,0.490911,-0.42582,-0.079719,0.579372,-0.486764,-0.106614,0.648599,-0.541612,-0.126769,0.28003,-0.421029,-0.053952,0.385432,-0.613131,-0.081313,0.443116,-0.737977,-0.116787,0.486582,-0.836365,-0.142028,0.189227,-0.448941,-0.067354,0.246658,-0.661637,-0.126029,0.280497,-0.807258,-0.188472,0.305707,-0.923854,-0.230297,0.081882,-0.426308,-0.08183,0.13641,-0.474388,-0.151693,0.145828,-0.385653,-0.181245,0.141884,-0.299,-0.196158,0.0,0.0,0.0,-0.138234,-0.111975,-0.04691,-0.231317,-0.265132,-0.070617,-0.293686,-0.392798,-0.092352,-0.353388,-0.484857,-0.115849,-0.099865,-0.499267,-0.033759,-0.146383,-0.683393,-0.074145,-0.168244,-0.801394,-0.110346,-0.18199,-0.900701,-0.137113,0.005511,-0.513477,-0.045667,0.024695,-0.737706,-0.077791,0.041675,-0.87376,-0.108651,0.058822,-0.989609,-0.131204,0.095381,-0.476183,-0.066281,0.142475,-0.668906,-0.107116,0.171567,-0.794814,-0.135219,0.195365,-0.90529,-0.153528,0.172344,-0.400685,-0.090971,0.239594,-0.537167,-0.127437,0.284674,-0.623975,-0.138628,0.320383,-0.7062,-0.144707,M
0.0,0.0,0.0,0.137898,0.030098,-0.059756,0.255252,-0.048427,-0.082563,0.245915,-0.207464,-0.098882,0.223142,-0.330844,-0.117598,0.35254,-0.313366,-0.055349,0.4919,-0.412869,-0.093464,0.582575,-0.471141,-0.12306,0.65232,-0.523883,-0.143673,0.281016,-0.413707,-0.060944,0.396057,-0.608599,-0.093049,0.456464,-0.734605,-0.130114,0.497617,-0.833297,-0.155301,0.191642,-0.447058,-0.072779,0.249588,-0.660566,-0.133043,0.284912,-0.807276,-0.194915,0.307816,-0.92177,-0.235773,0.085437,-0.426885,-0.085883,0.140102,-0.475499,-0.154581,0.151487,-0.38995,-0.182606,0.148452,-0.304715,-0.196235,0.0,0.0,0.0,-0.135585,-0.109268,-0.049965,-0.232717,-0.265943,-0.075772,-0.30309,-0.395318,-0.098875,-0.371342,-0.481338,-0.123716,-0.102305,-0.498309,-0.039376,-0.148715,-0.683804,-0.080712,-0.17021,-0.800929,-0.117289,-0.183871,-0.900219,-0.144514,0.002506,-0.511168,-0.049995,0.020984,-0.73739,-0.082834,0.03832,-0.872719,-0.113254,0.055851,-0.989146,-0.135909,0.091763,-0.472634,-0.06936,0.13866,-0.665649,-0.111283,0.168168,-0.790404,-0.139328,0.192123,-0.901001,-0.157736,0.168681,-0.397518,-0.092963,0.237843,-0.535436,-0.130644,0.285355,-0.622589,-0.142695,0.32315,-0.705831,-0.149606,M
0.0,0.0,0.0,0.140724,0.022053,-0.057378,0.257321,-0.067659,-0.07842,0.247717,-0.239898,-0.093688,0.219229,-0.365144,-0.110972,0.352999,-0.320286,-0.050504,0.490437,-0.420085,-0.086605,0.579634,-0.482984,-0.115939,0.649794,-0.539327,-0.137494,0.279927,-0.41779,-0.0572,0.39286,-0.618862,-0.08715,0.45246,-0.751536,-0.123407,0.496009,-0.855351,-0.149498,0.189457,-0.44758,-0.070086,0.244565,-0.661685,-0.127592,0.283122,-0.809252,-0.186436,0.3114,-0.922519,-0.226238,0.081144,-0.426376,-0.08447,0.137987,-0.488561,-0.149354,0.159231,-0.41238,-0.175332,0.166845,-0.331258,-0.189006,0.0,0.0,0.0,-0.132868,-0.111278,-0.048345,-0.227145,-0.26523,-0.073903,-0.293418,-0.394544,-0.096903,-0.359334,-0.481337,-0.122013,-0.093603,-0.492219,-0.042053,-0.139867,-0.679605,-0.082691,-0.159903,-0.799406,-0.117397,-0.170929,-0.902991,-0.143377,0.012387,-0.504377,-0.053653,0.032698,-0.73304,-0.086536,0.050879,-0.871002,-0.116643,0.06854,-0.987914,-0.139029,0.102517,-0.464869,-0.073293,0.152501,-0.659567,-0.115328,0.182997,-0.788453,-0.143368,0.207677,-0.900227,-0.16165,0.178712,-0.387959,-0.096812,0.24793,-0.526324,-0.134536,0.294711,-0.616531,-0.146287,0.331526,-0.700785,-0.152928,M
0.0,0.0,0.0,0.137986,0.031901,-0.063179,0.252018,-0.042769,-0.088055,0.252075,-0.20921,-0.106439,0.234704,-0.332656,-0.126188,0.355809,-0.31366,-0.056704,0.493361,-0.410645,-0.097836,0.581652,-0.471387,-0.13056,0.650704,-0.52382,-0.153529,0.284922,-0.412871,-0.061286,0.395699,-0.612263,-0.09552,0.45535,-0.746275,-0.1338,0.500687,-0.850609,-0.160549,0.194707,-0.441835,-0.072633,0.247232,-0.652333,-0.132405,0.2832,-0.797561,-0.190926,0.312391,-0.905554,-0.229497,0.085551,-0.417261,-0.086137,0.134577,-0.477364,-0.152034,0.158908,-0.412777,-0.17952,0.174681,-0.341268,-0.193486,0.0,0.0,0.0,-0.134919,-0.108917,-0.052908,-0.233517,-0.262106,-0.083152,-0.303623,-0.391882,-0.109931,-0.373769,-0.479797,-0.13836,-0.102148,-0.493189,-0.047033,-0.148835,-0.678441,-0.091359,-0.169994,-0.794586,-0.129614,-0.180745,-0.894271,-0.157815,0.002734,-0.505941,-0.057195,0.020686,-0.732419,-0.092508,0.039551,-0.868845,-0.124625,0.060209,-0.987075,-0.148517,0.091934,-0.465824,-0.075713,0.137988,-0.65964,-0.118967,0.168962,-0.783808,-0.146803,0.195333,-0.89358,-0.165072,0.168694,-0.387856,-0.098571,0.234772,-0.525178,-0.136549,0.280604,-0.613273,-0.147893,0.317351,-0.698701,-0.15424,M
0.0,0.0,0.0,0.140299,0.026532,-0.062169,0.258315,-0.061696,-0.084328,0.238175,-0.234269,-0.099475,0.195149,-0.3575,-0.116884,0.354822,-0.322534,-0.052531,0.495081,-0.426146,-0.086482,0.58566,-0.488972,-0.11335,0.656255,-0.545999,-0.133185,0.280874,-0.418458,-0.055699,0.392524,-0.611882,-0.0843,0.454003,-0.737303,-0.119102,0.499566,-0.839854,-0.143949,0.19251,-0.449506,-0.06548,0.246782,-0.660709,-0.122267,0.285992,-0.806144,-0.180704,0.314942,-0.923268,-0.219973,0.089274,-0.431887,-0.077253,0.146547,-0.495005,-0.141361,0.158829,-0.408821,-0.165635,0.15669,-0.32202,-0.17776,0.0,0.0,0.0,-0.140202,-0.113938,-0.046896,-0.234817,-0.263932,-0.071884,-0.29608,-0.393227,-0.094865,-0.355711,-0.48428,-0.119493,-0.095995,-0.501367,-0.034689,-0.137288,-0.686441,-0.073026,-0.156071,-0.802898,-0.10784,-0.16708,-0.904505,-0.134296,0.0097,-0.511571,-0.046704,0.030316,-0.736724,-0.07719,0.048753,-0.873023,-0.107793,0.067593,-0.989082,-0.130949,0.099668,-0.47092,-0.067126,0.148234,-0.664912,-0.107564,0.178606,-0.790477,-0.135956,0.20419,-0.900293,-0.154706,0.176786,-0.39324,-0.091506,0.246477,-0.532767,-0.128942,0.2938,-0.622228,-0.141273,0.331838,-0.70765,-0.148174,M
0.0,0.0,0.0,0.138796,0.034047,-0.064658,0.25588,-0.052427,-0.086459,0.252062,-0.224503,-0.100474,0.23978,-0.354257,-0.115796,0.364369,-0.315637,-0.055632,0.507741,-0.419195,-0.091784,0.600621,-0.481235,-0.118918,0.673399,-0.536405,-0.137706,0.291168,-0.41374,-0.05743,0.403448,-0.606691,-0.086487,0.465181,-0.731025,-0.119373,0.511256,-0.828637,-0.14158,0.200405,-0.445897,-0.066244,0.254619,-0.657392,-0.124546,0.293322,-0.804061,-0.182584,0.321878,-0.920703,-0.220684,0.090837,-0.426986,-0.077224,0.141377,-0.481223,-0.145334,0.151116,-0.393277,-0.172075,0.147579,-0.307434,-0.184559,0.0,0.0,0.0,-0.135848,-0.100655,-0.055326,-0.236679,-0.247332,-0.085767,-0.30754,-0.376069,-0.112555,-0.375726,-0.4629,-0.140921,-0.103822,-0.489863,-0.049528,-0.150825,-0.678258,-0.092891,-0.17016,-0.798197,-0.130257,-0.179386,-0.900901,-0.158106,0.002611,-0.503111,-0.058417,0.021684,-0.730591,-0.09376,0.040986,-0.867847,-0.125549,0.061605,-0.98686,-0.149371,0.093242,-0.464498,-0.075946,0.139945,-0.657683,-0.120036,0.170979,-0.783625,-0.148857,0.197506,-0.895794,-0.167825,0.171836,-0.38878,-0.098042,0.241799,-0.526637,-0.137522,0.290358,-0.615514,-0.150411,0.329807,-0.701733,-0.157841,M
0.0,0.0,0.0,0.140245,0.024926,-0.057902,0.2527,-0.06574,-0.07878,0.23946,-0.242331,-0.093229,0.21301,-0.367006,-0.109053,0.35403,-0.321549,-0.049229,0.489764,-0.418245,-0.082018,0.576753,-0.481109,-0.108122,0.644194,-0.537287,-0.127962,0.280585,-0.42179,-0.054956,0.387641,-0.62823,-0.082186,0.444597,-0.753774,-0.114537,0.488399,-0.847894,-0.137569,0.190052,-0.450244,-0.067186,0.238559,-0.668596,-0.12285,0.277683,-0.814349,-0.179992,0.309365,-0.925459,-0.218677,0.083902,-0.426512,-0.081125,0.134792,-0.487467,-0.144784,0.156693,-0.411662,-0.171366,0.167792,-0.331356,-0.185624,0.0,0.0,0.0,-0.138592,-0.110269,-0.050853,-0.230163,-0.26334,-0.075767,-0.288884,-0.393938,-0.097794,-0.34705,-0.486813,-0.121381,-0.102057,-0.496072,-0.038515,-0.145118,-0.68093,-0.077715,-0.163771,-0.801213,-0.112538,-0.17402,-0.905042,-0.139134,0.002973,-0.509526,-0.048656,0.027055,-0.733329,-0.080784,0.047018,-0.86991,-0.111892,0.065456,-0.988661,-0.135147,0.092193,-0.470547,-0.067512,0.14232,-0.664126,-0.109328,0.175318,-0.788657,-0.138932,0.201501,-0.899188,-0.158505,0.169483,-0.394145,-0.090698,0.242342,-0.532077,-0.12879,0.290912,-0.622232,-0.14266,0.328752,-0.708692,-0.150977,M
0.0,0.0,0.0,0.137009,0.028865,-0.063307,0.249814,-0.069386,-0.083654,0.241638,-0.250085,-0.096178,0.226337,-0.382085,-0.109951,0.352358,-0.326999,-0.053708,0.494369,-0.423322,-0.08834,0.587667,-0.482891,-0.114711,0.66228,-0.537734,-0.134106,0.281907,-0.424561,-0.056431,0.39394,-0.614527,-0.084447,0.457022,-0.745885,-0.117575,0.504782,-0.851661,-0.140954,0.191495,-0.452028,-0.066038,0.241362,-0.668186,-0.127139,0.276927,-0.812668,-0.187201,0.303221,-0.92522,-0.226271,0.085112,-0.426262,-0.077359,0.134806,-0.483751,-0.15192,0.149066,-0.391379,-0.182576,0.149141,-0.299227,-0.197089,0.0,0.0,0.0,-0.138746,-0.110555,-0.052243,-0.232091,-0.258295,-0.079909,-0.292804,-0.385781,-0.104659,-0.349651,-0.476932,-0.131124,-0.094678,-0.497166,-0.043434,-0.138588,-0.679548,-0.084866,-0.158509,-0.796564,-0.121677,-0.170038,-0.902039,-0.150041,0.010173,-0.508226,-0.054094,0.030569,-0.730541,-0.088641,0.049391,-0.867387,-0.120937,0.068376,-0.987038,-0.145189,0.097534,-0.466762,-0.073465,0.144416,-0.656626,-0.117523,0.174572,-0.78248,-0.147549,0.199458,-0.896457,-0.167404,0.172313,-0.388167,-0.097203,0.242037,-0.525166,-0.138126,0.29065,-0.614256,-0.152756,0.32955,-0.701325,-0.16142,M
0.0,0.0,0.0,0.133669,0.02129,-0.059024,0.249917,-0.080406,-0.076272,0.237617,-0.25841,-0.085701,0.209679,-0.384329,-0.096998,0.350752,-0.338531,-0.047288,0.492999,-0.439266,-0.07425,0.584388,-0.499039,-0.09587,0.654719,-0.554282,-0.111682,0.277026,-0.430743,-0.049942,0.388279,-0.626434,-0.06984,0.450784,-0.752769,-0.097677,0.495964,-0.856776,-0.117606,0.18618,-0.45662,-0.059037,0.239893,-0.671549,-0.112903,0.279512,-0.8132,-0.17015,0.307069,-0.928584,-0.208422,0.079695,-0.433913,-0.069555,0.142837,-0.493693,-0.13641,0.148328,-0.391427,-0.160881,0.136602,-0.292883,-0.172071,0.0,0.0,0.0,-0.135055,-0.11413,-0.048313,-0.228943,-0.267594,-0.074862,-0.295734,-0.394423,-0.099537,-0.362091,-0.48099,-0.126205,-0.100616,-0.501915,-0.040268,-0.144644,-0.683056,-0.082587,-0.164784,-0.801316,-0.120435,-0.176785,-0.906468,-0.149388,0.00296,-0.511446,-0.052399,0.022266,-0.730478,-0.087928,0.041394,-0.867379,-0.120777,0.060724,-0.987535,-0.145214,0.091581,-0.470154,-0.072959,0.137998,-0.657803,-0.116685,0.168528,-0.784677,-0.146587,0.194107,-0.898825,-0.166112,0.168764,-0.39332,-0.097601,0.240259,-0.53135,-0.136542,0.288881,-0.621781,-0.150319,0.328346,-0.709193,-0.158503,M
0.0,0.0,0.0,0.134675,0.025611,-0.062907,0.248257,-0.075465,-0.080898,0.238366,-0.253387,-0.09047,0.221687,-0.384268,-0.101411,0.3479,-0.323582,-0.049056,0.488131,-0.428867,-0.078733,0.579552,-0.488167,-0.100801,0.651847,-0.540662,-0.116483,0.277668,-0.419184,-0.05005,0.38691,-0.617894,-0.072216,0.450064,-0.747663,-0.10071,0.498698,-0.851039,-0.120461,0.189778,-0.448799,-0.05828,0.240257,-0.66106,-0.115371,0.27862,-0.808104,-0.176098,0.307506,-0.926576,-0.216559,0.087084,-0.428401,-0.068242,0.140048,-0.472822,-0.141141,0.144497,-0.369464,-0.171654,0.135025,-0.273009,-0.186489,0.0,0.0,0.0,-0.138799,-0.11113,-0.051088,-0.233292,-0.257988,-0.077668,-0.295458,-0.383034,-0.10168,-0.353678,-0.472012,-0.127252,-0.102255,-0.503,-0.039692,-0.148106,-0.68225,-0.080294,-0.168484,-0.797651,-0.117329,-0.181325,-0.901386,-0.145836,0.001746,-0.514032,-0.050211,0.020485,-0.732207,-0.084887,0.039132,-0.868508,-0.118573,0.05831,-0.987946,-0.143397,0.08951,-0.473617,-0.069495,0.135376,-0.660772,-0.11285,0.165446,-0.787655,-0.144779,0.191126,-0.902629,-0.165703,0.165863,-0.396027,-0.093078,0.235108,-0.531685,-0.132193,0.281474,-0.621035,-0.147321,0.318939,-0.708612,-0.156391,M
0.0,0.0,0.0,0.132069,0.027564,-0.058164,0.247477,-0.063452,-0.076751,0.240826,-0.234189,-0.088225,0.227271,-0.362341,-0.101477,0.353837,-0.324458,-0.048075,0.496094,-0.425327,-0.079173,0.588613,-0.483734,-0.10268,0.660379,-0.536539,-0.119626,0.282086,-0.422924,-0.053022,0.394797,-0.619868,-0.077262,0.456687,-0.749443,-0.109094,0.50392,-0.853682,-0.131497,0.190364,-0.452401,-0.064405,0.240963,-0.664081,-0.123306,0.281051,-0.807239,-0.185794,0.311864,-0.921119,-0.227258,0.082657,-0.430377,-0.076852,0.136881,-0.477403,-0.149606,0.148844,-0.375166,-0.180081,0.147065,-0.277344,-0.195076,0.0,0.0,0.0,-0.140335,-0.111734,-0.048164,-0.233732,-0.265783,-0.072102,-0.29639,-0.394452,-0.093964,-0.359728,-0.483482,-0.117504,-0.097578,-0.497681,-0.036873,-0.141731,-0.680245,-0.075977,-0.164183,-0.797974,-0.111387,-0.17994,-0.903933,-0.139136,0.004762,-0.507703,-0.048176,0.024098,-0.728987,-0.082213,0.041014,-0.86761,-0.114955,0.05706,-0.988605,-0.1393,0.090668,-0.468374,-0.067815,0.136218,-0.658469,-0.11023,0.16674,-0.786877,-0.140881,0.191666,-0.902816,-0.1611,0.164474,-0.393093,-0.091599,0.233064,-0.528901,-0.129706,0.280373,-0.618563,-0.144231,0.318828,-0.704289,-0.153274,M
0.0,0.0,0.0,0.132473,0.021816,-0.057833,0.241433,-0.067112,-0.078675,0.234024,-0.245897,-0.09267,0.216502,-0.370945,-0.107178,0.346688,-0.321796,-0.051045,0.487836,-0.420582,-0.08332,0.576887,-0.47666,-0.108158,0.644924,-0.525616,-0.125664,0.275519,-0.419139,-0.055843,0.384836,-0.624634,-0.078067,0.446252,-0.756829,-0.107254,0.492622,-0.860679,-0.128664,0.185077,-0.446063,-0.066903,0.22984,-0.662364,-0.117431,0.271914,-0.806687,-0.173125,0.305173,-0.916611,-0.21146,0.079102,-0.421761,-0.079946,0.12996,-0.485325,-0.141873,0.15185,-0.402078,-0.167252,0.159574,-0.314582,-0.180149,0.0,0.0,0.0,-0.140935,-0.113064,-0.048995,-0.233727,-0.270779,-0.073148,-0.293426,-0.40514,-0.095425,-0.357088,-0.496253,-0.119432,-0.093621,-0.501478,-0.034322,-0.137657,-0.681291,-0.074461,-0.159274,-0.798867,-0.112336,-0.172004,-0.905853,-0.142233,0.007186,-0.512887,-0.045549,0.027487,-0.730191,-0.078384,0.047139,-0.867685,-0.111506,0.067871,-0.988254,-0.136923,0.092326,-0.47443,-0.065624,0.137693,-0.662254,-0.106526,0.168129,-0.78847,-0.136416,0.194659,-0.903641,-0.156961,0.166679,-0.398965,-0.09038,0.235279,-0.533782,-0.128209,0.282274,-0.623056,-0.142784,0.320897,-0.709778,-0.15219,M
0.0,0.0,0.0,0.132414,0.026114,-0.061797,0.245909,-0.058345,-0.084869,0.233229,-0.244538,-0.100016,0.205772,-0.380407,-0.115808,0.354277,-0.317645,-0.053359,0.49679,-0.420515,-0.083916,0.584599,-0.476082,-0.106601,0.651915,-0.525636,-0.123532,0.281064,-0.418265,-0.057577,0.389922,-0.62017,-0.079052,0.449759,-0.75165,-0.108441,0.496028,-0.856846,-0.130226,0.187547,-0.444835,-0.068399,0.233922,-0.656066,-0.12243,0.27443,-0.806282,-0.181936,0.307883,-0.924972,-0.222787,0.079535,-0.41912,-0.08092,0.126905,-0.474262,-0.148831,0.146042,-0.390799,-0.178047,0.152346,-0.3071,-0.193249,0.0,0.0,0.0,-0.144246,-0.111179,-0.050513,-0.23933,-0.266973,-0.07375,-0.303873,-0.401925,-0.095011,-0.370003,-0.49152,-0.117851,-0.099082,-0.501604,-0.030949,-0.142688,-0.684066,-0.068348,-0.162889,-0.801995,-0.104525,-0.173955,-0.907255,-0.133386,0.004233,-0.513745,-0.040761,0.025237,-0.733576,-0.069988,0.045168,-0.870988,-0.101328,0.066192,-0.989791,-0.126223,0.091694,-0.475081,-0.060063,0.140242,-0.665263,-0.098753,0.171605,-0.790301,-0.128546,0.198659,-0.904787,-0.149831,0.16792,-0.398125,-0.084321,0.240236,-0.529958,-0.121789,0.289016,-0.617505,-0.137121,0.32907,-0.703932,-0.14746,M
0.0,0.0,0.0,0.133574,0.025841,-0.060265,0.24791,-0.065686,-0.080864,0.229964,-0.252169,-0.094039,0.201584,-0.387497,-0.108669,0.353654,-0.320556,-0.050663,0.497265,-0.424048,-0.081768,0.588555,-0.48274,-0.104683,0.659953,-0.533026,-0.121203,0.281418,-0.419159,-0.054137,0.391735,-0.613202,-0.07751,0.454448,-0.742692,-0.108401,0.501764,-0.84599,-0.130372,0.190064,-0.446056,-0.064214,0.240033,-0.660669,-0.121071,0.279885,-0.808786,-0.182527,0.310237,-0.924014,-0.223497,0.084269,-0.422687,-0.075667,0.136821,-0.469163,-0.147444,0.155603,-0.377153,-0.179389,0.158646,-0.285963,-0.195365,0.0,0.0,0.0,-0.139657,-0.116674,-0.050701,-0.232805,-0.272938,-0.075561,-0.297197,-0.405178,-0.098121,-0.362752,-0.491519,-0.122178,-0.096382,-0.500868,-0.036016,-0.14025,-0.685384,-0.07527,-0.160686,-0.802889,-0.11214,-0.171876,-0.906514,-0.141062,0.006355,-0.510827,-0.046073,0.025983,-0.733343,-0.076841,0.046464,-0.870783,-0.109297,0.068622,-0.988535,-0.134496,0.093476,-0.471441,-0.065107,0.140314,-0.664176,-0.104031,0.173804,-0.788214,-0.1341,0.203328,-0.899089,-0.155185,0.169484,-0.394606,-0.088977,0.239983,-0.528302,-0.125584,0.287833,-0.61812,-0.140585,0.327347,-0.705079,-0.15049,M
0.0,0.0,0.0,0.128808,0.02543,-0.05797,0.242692,-0.066568,-0.078321,0.226342,-0.246677,-0.090882,0.196453,-0.37693,-0.105277,0.346873,-0.318268,-0.052633,0.485702,-0.419715,-0.083971,0.574936,-0.475084,-0.106891,0.642514,-0.524588,-0.123091,0.27751,-0.416682,-0.057989,0.388655,-0.617696,-0.081588,0.449005,-0.749521,-0.112945,0.491046,-0.85519,-0.134608,0.187946,-0.444502,-0.069168,0.233454,-0.656403,-0.12555,0.274219,-0.806199,-0.188287,0.303239,-0.924621,-0.230481,0.081202,-0.423048,-0.081345,0.131748,-0.461179,-0.151741,0.146993,-0.365372,-0.183206,0.146954,-0.272929,-0.19949,0.0,0.0,0.0,-0.13544,-0.116069,-0.051786,-0.227048,-0.270427,-0.077154,-0.289462,-0.402695,-0.100046,-0.353884,-0.491048,-0.124292,-0.08751,-0.501455,-0.0369,-0.130488,-0.683471,-0.07595,-0.150105,-0.80026,-0.112853,-0.160797,-0.904737,-0.142235,0.01561,-0.512688,-0.046567,0.037554,-0.733373,-0.077236,0.058685,-0.870063,-0.109246,0.080986,-0.987629,-0.134278,0.102642,-0.47246,-0.065313,0.151112,-0.6607,-0.103752,0.184959,-0.782885,-0.13278,0.214704,-0.892443,-0.15336,0.177722,-0.393693,-0.089145,0.248135,-0.524443,-0.125372,0.295376,-0.613215,-0.140062,0.334319,-0.699568,-0.14989,M
0.0,0.0,0.0,0.133906,0.015483,-0.058551,0.243321,-0.068271,-0.081478,0.225042,-0.241542,-0.097956,0.198629,-0.372998,-0.115277,0.35465,-0.326344,-0.048696,0.495613,-0.426571,-0.081148,0.583032,-0.479083,-0.10714,0.652077,-0.526778,-0.126479,0.280564,-0.425157,-0.055128,0.384635,-0.625156,-0.079143,0.440093,-0.752502,-0.112076,0.484267,-0.854866,-0.136661,0.189664,-0.451327,-0.068221,0.237662,-0.659254,-0.122503,0.274296,-0.80806,-0.18306,0.306114,-0.925019,-0.225021,0.084312,-0.424679,-0.083083,0.132449,-0.477509,-0.150758,0.154727,-0.397291,-0.181113,0.167092,-0.314971,-0.197311,0.0,0.0,0.0,-0.139773,-0.111031,-0.053398,-0.232478,-0.264754,-0.079065,-0.294712,-0.395018,-0.102128,-0.356448,-0.486336,-0.12635,-0.091349,-0.501889,-0.037878,-0.135223,-0.683846,-0.078237,-0.154563,-0.801773,-0.116757,-0.165739,-0.907363,-0.146683,0.010616,-0.512971,-0.046429,0.031268,-0.732119,-0.077268,0.050707,-0.869659,-0.108959,0.070324,-0.988577,-0.133303,0.097007,-0.474133,-0.064342,0.144623,-0.662014,-0.10205,0.177805,-0.78305,-0.129724,0.205936,-0.892875,-0.148881,0.172188,-0.396688,-0.087757,0.243109,-0.527625,-0.122224,0.290264,-0.614215,-0.135036,0.3289,-0.698879,-0.143166,M
0.0,0.0,0.0,0.128558,0.022682,-0.059811,0.24147,-0.07006,-0.080309,0.219868,-0.253928,-0.093018,0.187499,-0.383853,-0.107455,0.342405,-0.32244,-0.048783,0.480943,-0.421985,-0.079176,0.570019,-0.476266,-0.102044,0.638098,-0.526856,-0.118632,0.272101,-0.418627,-0.053677,0.383283,-0.618744,-0.075439,0.442389,-0.749521,-0.105061,0.485552,-0.856381,-0.125969,0.182567,-0.444053,-0.065171,0.234383,-0.654331,-0.121476,0.27363,-0.803919,-0.182554,0.304487,-0.925876,-0.223701,0.076163,-0.418155,-0.077915,0.12665,-0.46727,-0.148519,0.134113,-0.368988,-0.176965,0.129103,-0.27391,-0.191151,0.0,0.0,0.0,-0.141474,-0.117765,-0.045239,-0.234261,-0.276657,-0.065991,-0.297012,-0.411226,-0.085608,-0.361324,-0.501484,-0.10685,-0.093011,-0.506969,-0.025631,-0.134888,-0.68923,-0.061567,-0.154605,-0.806663,-0.09766,-0.166159,-0.911385,-0.126585,0.008589,-0.518078,-0.037354,0.030411,-0.736869,-0.064325,0.050359,-0.874502,-0.094456,0.070559,-0.990452,-0.118436,0.095037,-0.478717,-0.058143,0.143351,-0.66869,-0.093461,0.175302,-0.791772,-0.120865,0.203229,-0.902366,-0.14069,0.169689,-0.401254,-0.083704,0.240399,-0.534208,-0.118424,0.287403,-0.621947,-0.131822,0.326789,-0.707185,-0.140763,M
0.0,0.0,0.0,0.132916,0.017419,-0.058126,0.242421,-0.070748,-0.079437,0.226287,-0.252044,-0.094025,0.193417,-0.384283,-0.109583,0.345682,-0.32171,-0.047581,0.486552,-0.427241,-0.078764,0.575217,-0.481179,-0.102653,0.645089,-0.527723,-0.119748,0.274046,-0.418512,-0.052314,0.379303,-0.620061,-0.073072,0.437013,-0.75088,-0.102946,0.482258,-0.854452,-0.125035,0.184967,-0.444647,-0.063604,0.228023,-0.651191,-0.113857,0.268977,-0.806547,-0.173094,0.303607,-0.928298,-0.214676,0.080375,-0.418759,-0.076813,0.123851,-0.468146,-0.13997,0.147468,-0.385584,-0.168593,0.159037,-0.299902,-0.184278,0.0,0.0,0.0,-0.139093,-0.116358,-0.047566,-0.230526,-0.275106,-0.069144,-0.29505,-0.408288,-0.089378,-0.360092,-0.496048,-0.11128,-0.094444,-0.504997,-0.027991,-0.137364,-0.689423,-0.063936,-0.156341,-0.806665,-0.09837,-0.165547,-0.909758,-0.125766,0.007291,-0.515221,-0.038753,0.030177,-0.735647,-0.067783,0.051038,-0.872563,-0.099224,0.073262,-0.989633,-0.123527,0.094189,-0.476599,-0.058718,0.144249,-0.667872,-0.097437,0.176879,-0.791923,-0.128545,0.205207,-0.90466,-0.150222,0.169881,-0.400164,-0.083235,0.243818,-0.531105,-0.12015,0.292357,-0.619499,-0.136416,0.332171,-0.706738,-0.147297,M
0.0,0.0,0.0,0.126023,0.019291,-0.060581,0.235757,-0.068353,-0.082831,0.213697,-0.24721,-0.097307,0.184922,-0.383565,-0.113281,0.343648,-0.323094,-0.052255,0.483265,-0.425563,-0.08259,0.571441,-0.482945,-0.104913,0.640651,-0.535608,-0.120908,0.272378,-0.422377,-0.055527,0.378037,-0.619684,-0.077316,0.436472,-0.752253,-0.107921,0.480639,-0.859541,-0.129242,0.184481,-0.447638,-0.065047,0.224012,-0.654534,-0.118327,0.262797,-0.807599,-0.180678,0.294612,-0.929156,-0.22332,0.081885,-0.420985,-0.076258,0.122631,-0.452439,-0.144517,0.139962,-0.361666,-0.177295,0.145405,-0.273846,-0.194763,0.0,0.0,0.0,-0.14019,-0.11241,-0.047987,-0.235588,-0.269198,-0.072108,-0.302186,-0.40065,-0.094344,-0.369228,-0.488447,-0.118181,-0.095904,-0.503113,-0.035483,-0.138533,-0.68529,-0.073526,-0.157648,-0.800616,-0.109263,-0.16785,-0.903558,-0.137469,0.005856,-0.513255,-0.046646,0.027984,-0.735662,-0.07658,0.049293,-0.872055,-0.107718,0.07124,-0.988673,-0.132098,0.091954,-0.473295,-0.066397,0.140735,-0.661304,-0.104364,0.174262,-0.783497,-0.133779,0.202864,-0.892955,-0.154693,0.166264,-0.396059,-0.090756,0.238077,-0.527436,-0.12664,0.287068,-0.615102,-0.141377,0.327124,-0.700334,-0.151295,M
0.0,0.0,0.0,0.135719,0.011076,-0.051345,0.24275,-0.083815,-0.070963,0.21583,-0.258505,-0.085541,0.174077,-0.3816,-0.101698,0.346577,-0.327412,-0.041872,0.486587,-0.431104,-0.070733,0.574699,-0.481492,-0.094011,0.645433,-0.526334,-0.111501,0.274545,-0.42049,-0.049317,0.377846,-0.612269,-0.069051,0.433187,-0.739921,-0.100122,0.478032,-0.843583,-0.124035,0.186255,-0.445351,-0.062779,0.228806,-0.651308,-0.111897,0.266984,-0.806355,-0.172205,0.30125,-0.928991,-0.215001,0.082468,-0.420184,-0.077518,0.129474,-0.476069,-0.138779,0.157196,-0.394303,-0.16767,0.174135,-0.30728,-0.184352,0.0,0.0,0.0,-0.13818,-0.112659,-0.049116,-0.230302,-0.268791,-0.072938,-0.291625,-0.399889,-0.094838,-0.356922,-0.486891,-0.118199,-0.095294,-0.506868,-0.035251,-0.139663,-0.687285,-0.074035,-0.160039,-0.802992,-0.110556,-0.171982,-0.904927,-0.139109,0.007774,-0.516443,-0.045959,0.028801,-0.736809,-0.07592,0.049526,-0.87185,-0.107493,0.070669,-0.988741,-0.131899,0.094782,-0.476109,-0.065551,0.144396,-0.666074,-0.103661,0.178349,-0.788414,-0.133427,0.206547,-0.897934,-0.154165,0.169412,-0.397562,-0.089971,0.241834,-0.528761,-0.125657,0.289766,-0.618707,-0.140641,0.328718,-0.706024,-0.150432,M
0.0,0.0,0.0,0.130368,0.01411,-0.060585,0.23956,-0.075659,-0.083053,0.219592,-0.25284,-0.098142,0.188941,-0.384352,-0.114273,0.342874,-0.326484,-0.047181,0.478038,-0.427546,-0.078577,0.566367,-0.485341,-0.103093,0.634943,-0.538152,-0.120974,0.274075,-0.422439,-0.051157,0.37996,-0.615774,-0.075054,0.437367,-0.745733,-0.108067,0.480836,-0.853522,-0.131359,0.186272,-0.448021,-0.061864,0.226405,-0.65493,-0.117616,0.261904,-0.807909,-0.1797,0.290542,-0.930902,-0.221375,0.081016,-0.424082,-0.074265,0.126242,-0.473425,-0.143293,0.150524,-0.388571,-0.174921,0.162854,-0.302762,-0.191313,0.0,0.0,0.0,-0.139919,-0.110027,-0.049782,-0.234955,-0.266881,-0.073534,-0.301052,-0.399284,-0.095559,-0.36692,-0.488649,-0.119045,-0.096089,-0.502971,-0.032424,-0.138394,-0.686114,-0.070637,-0.158192,-0.803298,-0.106271,-0.168936,-0.905923,-0.133894,0.007976,-0.514193,-0.042564,0.030328,-0.736539,-0.072762,0.050599,-0.873894,-0.104216,0.072165,-0.989115,-0.128231,0.096538,-0.475121,-0.061776,0.145537,-0.66747,-0.100502,0.178429,-0.7895,-0.129409,0.206942,-0.897454,-0.149079,0.172829,-0.397523,-0.085764,0.245253,-0.529775,-0.121297,0.293849,-0.618174,-0.134896,0.333758,-0.702597,-0.143377,M
0.0,0.0,0.0,0.133475,0.009626,-0.050839,0.242811,-0.086784,-0.067522,0.214966,-0.261265,-0.07884,0.175152,-0.386844,-0.09161,0.3492,-0.327072,-0.033673,0.484339,-0.429194,-0.058513,0.569838,-0.47886,-0.078395,0.636428,-0.52396,-0.09343,0.278765,-0.424086,-0.040613,0.383126,-0.617312,-0.05749,0.439245,-0.743441,-0.086186,0.481437,-0.844904,-0.107215,0.190209,-0.4518,-0.054204,0.232297,-0.658928,-0.105679,0.269619,-0.810239,-0.169501,0.299261,-0.930023,-0.213309,0.086964,-0.430093,-0.068702,0.13646,-0.466204,-0.135733,0.15677,-0.370149,-0.168688,0.163724,-0.275312,-0.186724,0.0,0.0,0.0,-0.139117,-0.117015,-0.046179,-0.230874,-0.272157,-0.068062,-0.29276,-0.398179,-0.088976,-0.352829,-0.487206,-0.111184,-0.093605,-0.504684,-0.029024,-0.137553,-0.683775,-0.068165,-0.157775,-0.800629,-0.105789,-0.170093,-0.903997,-0.134917,0.007332,-0.516305,-0.040759,0.028589,-0.735765,-0.071538,0.048479,-0.872763,-0.103942,0.068447,-0.989374,-0.128274,0.093529,-0.478453,-0.061473,0.139402,-0.666844,-0.099557,0.171819,-0.787557,-0.128387,0.199356,-0.8937,-0.147778,0.168674,-0.402865,-0.086951,0.238889,-0.534851,-0.12123,0.28564,-0.622579,-0.134343,0.323624,-0.706489,-0.142432,M
0.0,0.0,0.0,0.13259,0.009961,-0.059032,0.241969,-0.085325,-0.08149,0.2181,-0.265184,-0.097179,0.17592,-0.395448,-0.113507,0.348932,-0.329342,-0.042553,0.484573,-0.428129,-0.073191,0.570919,-0.478578,-0.097625,0.638229,-0.525896,-0.115901,0.280775,-0.42622,-0.04815,0.388784,-0.622982,-0.07047,0.446488,-0.751783,-0.102266,0.492796,-0.856879,-0.12526,0.193788,-0.451834,-0.060931,0.233728,-0.653366,-0.114761,0.271722,-0.805503,-0.175908,0.30724,-0.926437,-0.217525,0.09079,-0.42658,-0.07575,0.137612,-0.47588,-0.141413,0.164062,-0.393078,-0.171334,0.182212,-0.308122,-0.187618,0.0,0.0,0.0,-0.138801,-0.108758,-0.053025,-0.233076,-0.266502,-0.077311,-0.299756,-0.397925,-0.099365,-0.367942,-0.481671,-0.123187,-0.096668,-0.499657,-0.0362,-0.140094,-0.681029,-0.076085,-0.160715,-0.800365,-0.113017,-0.172757,-0.905961,-0.141612,0.00523,-0.510849,-0.045209,0.028089,-0.731504,-0.076787,0.047252,-0.870475,-0.109098,0.067365,-0.988725,-0.133735,0.092254,-0.472396,-0.063527,0.140451,-0.661564,-0.103339,0.171343,-0.785153,-0.132816,0.198079,-0.896639,-0.152905,0.167314,-0.395583,-0.087039,0.237316,-0.527034,-0.123452,0.28549,-0.615088,-0.137197,0.325464,-0.700457,-0.145931,M
0.0,0.0,0.0,0.132687,0.011018,-0.060461,0.244754,-0.093477,-0.081653,0.211994,-0.278319,-0.095355,0.170124,-0.41439,-0.109889,0.34871,-0.329633,-0.045166,0.487207,-0.433594,-0.075715,0.577793,-0.486308,-0.098376,0.651221,-0.537824,-0.114985,0.277018,-0.426692,-0.04977,0.387981,-0.621502,-0.072881,0.449165,-0.749474,-0.103784,0.496011,-0.858319,-0.125302,0.188983,-0.453986,-0.061463,0.230976,-0.657704,-0.118573,0.269286,-0.804984,-0.180683,0.300087,-0.92769,-0.222125,0.08795,-0.43134,-0.074974,0.136503,-0.46399,-0.145849,0.150349,-0.363858,-0.177319,0.152989,-0.272017,-0.193724,0.0,0.0,0.0,-0.1414,-0.110545,-0.05176,-0.237985,-0.265094,-0.077441,-0.304322,-0.392438,-0.100394,-0.369313,-0.479475,-0.124924,-0.100568,-0.499598,-0.041662,-0.144634,-0.680186,-0.082309,-0.165512,-0.797437,-0.119737,-0.178554,-0.901445,-0.148752,0.00148,-0.510036,-0.051674,0.022651,-0.730841,-0.083679,0.042496,-0.869016,-0.116197,0.063009,-0.987983,-0.141134,0.088041,-0.470186,-0.070389,0.136002,-0.658525,-0.109916,0.168052,-0.782095,-0.140016,0.195699,-0.89294,-0.160811,0.162736,-0.392832,-0.093981,0.231728,-0.524659,-0.130398,0.278047,-0.614468,-0.144899,0.316241,-0.701338,-0.154257,M
0.0,0.0,0.0,0.130794,0.009439,-0.056048,0.237501,-0.095761,-0.073571,0.215748,-0.272456,-0.084583,0.184558,-0.400171,-0.096365,0.345585,-0.327678,-0.038442,0.482777,-0.429785,-0.065887,0.570093,-0.47868,-0.08712,0.637752,-0.52519,-0.102625,0.277204,-0.423497,-0.043247,0.38715,-0.626461,-0.063058,0.443241,-0.752683,-0.091,0.486854,-0.857116,-0.110101,0.191154,-0.450761,-0.055201,0.23391,-0.653508,-0.108725,0.270515,-0.805287,-0.168984,0.303582,-0.929559,-0.209184,0.09036,-0.427799,-0.068747,0.136434,-0.472266,-0.135516,0.154685,-0.379704,-0.164783,0.165371,-0.28885,-0.179803,0.0,0.0,0.0,-0.135846,-0.115529,-0.047791,-0.228712,-0.272368,-0.07155,-0.293685,-0.396724,-0.093786,-0.356083,-0.483018,-0.117535,-0.096604,-0.505672,-0.035778,-0.142731,-0.683803,-0.076139,-0.164604,-0.799033,-0.113095,-0.178735,-0.90084,-0.141696,0.004715,-0.517478,-0.047805,0.023655,-0.73648,-0.080422,0.04345,-0.872053,-0.113011,0.062813,-0.988537,-0.137289,0.090628,-0.478179,-0.068506,0.136812,-0.664414,-0.108051,0.170062,-0.785799,-0.137388,0.197571,-0.893838,-0.15715,0.163922,-0.400055,-0.093922,0.232408,-0.531452,-0.129825,0.278676,-0.621576,-0.143756,0.315733,-0.707013,-0.152419,M
0.0,0.0,0.0,0.13085,-0.001518,-0.052747,0.232308,-0.106669,-0.07295,0.210914,-0.277996,-0.087429,0.176929,-0.406007,-0.102496,0.340349,-0.341213,-0.043161,0.482238,-0.442117,-0.071433,0.57105,-0.493045,-0.093348,0.64157,-0.542396,-0.109913,0.269894,-0.432166,-0.049041,0.37853,-0.624759,-0.070317,0.436428,-0.748362,-0.099726,0.480288,-0.850351,-0.12144,0.182512,-0.455417,-0.06113,0.22609,-0.662296,-0.113063,0.267226,-0.811786,-0.17173,0.300185,-0.930093,-0.211699,0.08311,-0.429153,-0.074463,0.141413,-0.488102,-0.137343,0.168916,-0.404325,-0.164733,0.181947,-0.316562,-0.179463,0.0,0.0,0.0,-0.139598,-0.107671,-0.048638,-0.234016,-0.263315,-0.070935,-0.290544,-0.393991,-0.091193,-0.348342,-0.485394,-0.112564,-0.099919,-0.507409,-0.032619,-0.144094,-0.68709,-0.070114,-0.164504,-0.803337,-0.105874,-0.177112,-0.905465,-0.133843,0.000871,-0.521013,-0.043167,0.02125,-0.740865,-0.071766,0.040937,-0.876105,-0.102268,0.060176,-0.990245,-0.125676,0.085644,-0.483923,-0.062632,0.132482,-0.670388,-0.098652,0.16599,-0.790374,-0.126475,0.194217,-0.896783,-0.146004,0.158269,-0.408352,-0.08716,0.225159,-0.537647,-0.120869,0.271106,-0.623782,-0.133767,0.308915,-0.705296,-0.142016,M
0.0,0.0,0.0,0.127784,-0.00476,-0.05601,0.224676,-0.109464,-0.078048,0.191775,-0.277379,-0.093377,0.148198,-0.40982,-0.11026,0.331416,-0.333215,-0.047704,0.471802,-0.43414,-0.078565,0.561278,-0.486292,-0.102015,0.633705,-0.536248,-0.119479,0.26203,-0.426356,-0.053727,0.371516,-0.621555,-0.077255,0.431348,-0.749257,-0.108426,0.47807,-0.856324,-0.130574,0.175621,-0.450899,-0.06591,0.218792,-0.653586,-0.121418,0.258093,-0.806033,-0.181633,0.289304,-0.931088,-0.222215,0.078507,-0.423998,-0.079497,0.123268,-0.47387,-0.14694,0.13757,-0.382482,-0.1745,0.139507,-0.289399,-0.188474,0.0,0.0,0.0,-0.14106,-0.109613,-0.054586,-0.238509,-0.259153,-0.081273,-0.302513,-0.389127,-0.105551,-0.365691,-0.482574,-0.130756,-0.099646,-0.497728,-0.0387,-0.146161,-0.678605,-0.08066,-0.168051,-0.797476,-0.118952,-0.179499,-0.902123,-0.148291,0.001174,-0.511521,-0.047607,0.018906,-0.731849,-0.0809,0.037855,-0.870992,-0.113975,0.059162,-0.988486,-0.139267,0.086454,-0.476335,-0.066163,0.130712,-0.662382,-0.107351,0.163984,-0.784319,-0.137188,0.193337,-0.893302,-0.157598,0.1606,-0.402803,-0.090207,0.229951,-0.531321,-0.127984,0.278367,-0.618922,-0.143049,0.318252,-0.703434,-0.152638,M
0.0,0.0,0.0,0.124492,-0.008451,-0.054158,0.217356,-0.116265,-0.076013,0.188131,-0.282927,-0.091963,0.143544,-0.412551,-0.108679,0.328393,-0.339135,-0.044912,0.468415,-0.443574,-0.074648,0.554674,-0.493705,-0.097195,0.621558,-0.541126,-0.11379,0.25854,-0.432689,-0.051554,0.366439,-0.631031,-0.073442,0.421778,-0.758346,-0.10261,0.463613,-0.865289,-0.123244,0.171463,-0.456835,-0.064553,0.211735,-0.657594,-0.11668,0.247815,-0.810622,-0.174556,0.278195,-0.936442,-0.213738,0.072797,-0.429881,-0.079104,0.120724,-0.478163,-0.141632,0.144287,-0.394017,-0.167481,0.156211,-0.307692,-0.180848,0.0,0.0,0.0,-0.139539,-0.109937,-0.049544,-0.233336,-0.263222,-0.07416,-0.29504,-0.392144,-0.096962,-0.356183,-0.482313,-0.121153,-0.099483,-0.501997,-0.037264,-0.145784,-0.68381,-0.077636,-0.165514,-0.801385,-0.114596,-0.174973,-0.904321,-0.143097,0.001674,-0.514818,-0.048128,0.019829,-0.736174,-0.080494,0.039822,-0.872263,-0.113473,0.061173,-0.988479,-0.138444,0.088118,-0.477705,-0.067723,0.134421,-0.668078,-0.107269,0.167574,-0.78921,-0.137537,0.19597,-0.895981,-0.158243,0.161974,-0.402352,-0.092159,0.231657,-0.534461,-0.128758,0.279003,-0.622833,-0.143953,0.317927,-0.706123,-0.153535,M
0.0,0.0,0.0,0.124475,-0.006158,-0.056517,0.21305,-0.109231,-0.080329,0.202075,-0.271455,-0.098182,0.187757,-0.399513,-0.116167,0.326146,-0.348802,-0.051627,0.470118,-0.449203,-0.08689,0.56061,-0.503019,-0.113817,0.631159,-0.551639,-0.132793,0.25777,-0.435637,-0.05818,0.368492,-0.63783,-0.083994,0.427429,-0.765068,-0.114419,0.473081,-0.867676,-0.135879,0.170049,-0.453539,-0.071177,0.211301,-0.662324,-0.123329,0.25064,-0.81445,-0.176383,0.285999,-0.934405,-0.212347,0.067549,-0.418427,-0.086329,0.115769,-0.495883,-0.146483,0.146455,-0.427102,-0.168548,0.168156,-0.347645,-0.179446,0.0,0.0,0.0,-0.140897,-0.109812,-0.049325,-0.235956,-0.266643,-0.073251,-0.299771,-0.399334,-0.095374,-0.363774,-0.493363,-0.118668,-0.098847,-0.501596,-0.03349,-0.14431,-0.683563,-0.072338,-0.164904,-0.801565,-0.108003,-0.175542,-0.904086,-0.13559,0.001995,-0.515702,-0.044283,0.020315,-0.736509,-0.074924,0.040683,-0.873797,-0.106345,0.062987,-0.989456,-0.130419,0.087962,-0.48048,-0.064157,0.134157,-0.668705,-0.102995,0.168265,-0.791234,-0.132697,0.197891,-0.899452,-0.153283,0.161767,-0.406918,-0.088972,0.230229,-0.53605,-0.125325,0.277727,-0.622842,-0.140292,0.316752,-0.704109,-0.149852,M
0.0,0.0,0.0,0.126951,-0.017473,-0.049427,0.218894,-0.13093,-0.066514,0.184973,-0.290836,-0.078754,0.138081,-0.412252,-0.092645,0.324757,-0.336076,-0.03477,0.463817,-0.442003,-0.059896,0.553249,-0.494647,-0.080354,0.626203,-0.544115,-0.096096,0.256576,-0.424726,-0.042777,0.362357,-0.617826,-0.060302,0.42192,-0.742924,-0.086517,0.468864,-0.84554,-0.105735,0.171819,-0.448345,-0.057382,0.21835,-0.656392,-0.108269,0.25569,-0.80983,-0.166377,0.285653,-0.935878,-0.206242,0.076413,-0.421623,-0.073173,0.125183,-0.475286,-0.137377,0.133364,-0.380265,-0.162592,0.130009,-0.283921,-0.175433,0.0,0.0,0.0,-0.142495,-0.111045,-0.050688,-0.237822,-0.268383,-0.074146,-0.296684,-0.401371,-0.095523,-0.355717,-0.494666,-0.117625,-0.0984,-0.508362,-0.034798,-0.143108,-0.691807,-0.073543,-0.162755,-0.810781,-0.109636,-0.172886,-0.914218,-0.137674,0.002775,-0.520267,-0.044935,0.020882,-0.738965,-0.075334,0.041423,-0.874292,-0.107311,0.063254,-0.989255,-0.131808,0.089238,-0.483708,-0.064281,0.135221,-0.67112,-0.102756,0.169423,-0.791647,-0.132756,0.199129,-0.898878,-0.153411,0.163904,-0.408964,-0.08879,0.233153,-0.540048,-0.125026,0.281044,-0.627758,-0.140397,0.320664,-0.710824,-0.150121,M
0.0,0.0,0.0,0.124973,-0.010628,-0.053074,0.218853,-0.115895,-0.074613,0.182291,-0.284224,-0.090645,0.128743,-0.412627,-0.108321,0.332996,-0.327413,-0.041697,0.467435,-0.429904,-0.070926,0.551377,-0.48123,-0.094739,0.616967,-0.529237,-0.113092,0.26438,-0.423323,-0.048816,0.369985,-0.60984,-0.070464,0.425914,-0.734933,-0.101763,0.468123,-0.839433,-0.124439,0.177215,-0.44933,-0.062241,0.221098,-0.647207,-0.112393,0.258817,-0.803332,-0.172434,0.288981,-0.93313,-0.21391,0.078818,-0.424674,-0.076987,0.118518,-0.474572,-0.137769,0.135067,-0.405453,-0.165096,0.140395,-0.333766,-0.180091,0.0,0.0,0.0,-0.143174,-0.111569,-0.051104,-0.236511,-0.267789,-0.07438,-0.293648,-0.402903,-0.095762,-0.353255,-0.498059,-0.118216,-0.098453,-0.503016,-0.032256,-0.140992,-0.687078,-0.071042,-0.158579,-0.805466,-0.106672,-0.16516,-0.909069,-0.134613,0.003943,-0.515804,-0.042704,0.024959,-0.735581,-0.074038,0.045611,-0.87182,-0.107048,0.067397,-0.988891,-0.132483,0.090272,-0.479295,-0.062692,0.138262,-0.666974,-0.103479,0.172652,-0.788464,-0.135114,0.201586,-0.897828,-0.15685,0.164159,-0.404318,-0.087696,0.234504,-0.533281,-0.126668,0.283088,-0.620907,-0.143767,0.32272,-0.704766,-0.154848,M
0.0,0.0,0.0,0.125848,0.002699,-0.062265,0.220745,-0.094151,-0.088182,0.194309,-0.267726,-0.106814,0.161453,-0.405069,-0.126187,0.34065,-0.330922,-0.053378,0.48349,-0.436328,-0.08793,0.573268,-0.490042,-0.113658,0.645181,-0.543216,-0.132352,0.271181,-0.42766,-0.057418,0.382337,-0.621249,-0.083341,0.439843,-0.747839,-0.11534,0.485499,-0.854924,-0.137338,0.183494,-0.453247,-0.068426,0.226954,-0.650313,-0.124164,0.263545,-0.802507,-0.184197,0.29474,-0.928877,-0.224312,0.082789,-0.4263,-0.081621,0.125567,-0.467472,-0.148672,0.144434,-0.384022,-0.177457,0.15333,-0.301241,-0.19184,0.0,0.0,0.0,-0.142813,-0.107056,-0.052638,-0.239301,-0.260216,-0.076873,-0.299263,-0.39409,-0.098902,-0.359896,-0.488099,-0.122273,-0.097072,-0.499527,-0.035355,-0.138829,-0.682961,-0.074623,-0.156651,-0.801682,-0.111555,-0.164077,-0.906564,-0.140667,0.005345,-0.511566,-0.04489,0.027777,-0.731445,-0.076584,0.04943,-0.868429,-0.10998,0.072689,-0.988044,-0.135957,0.091311,-0.475322,-0.063895,0.139333,-0.664281,-0.104542,0.174992,-0.786792,-0.136266,0.20635,-0.89718,-0.158354,0.164542,-0.400778,-0.088084,0.236329,-0.530362,-0.127466,0.286977,-0.617217,-0.144962,0.328862,-0.700582,-0.156365,M
0.0,0.0,0.0,0.11748,-0.005109,-0.056869,0.212488,-0.111738,-0.078045,0.180964,-0.277937,-0.092476,0.127649,-0.409374,-0.108286,0.327887,-0.339732,-0.045046,0.463336,-0.446013,-0.076439,0.552551,-0.498083,-0.100033,0.623304,-0.547846,-0.116969,0.262421,-0.437155,-0.051616,0.369643,-0.630479,-0.07408,0.430404,-0.758068,-0.104117,0.477846,-0.864401,-0.124222,0.176743,-0.460332,-0.064976,0.215475,-0.655966,-0.119576,0.254113,-0.807748,-0.18173,0.28555,-0.932115,-0.222763,0.079009,-0.430746,-0.080098,0.113646,-0.46455,-0.147592,0.126047,-0.377259,-0.177645,0.127352,-0.291484,-0.192612,0.0,0.0,0.0,-0.143515,-0.109984,-0.048398,-0.240347,-0.264552,-0.071205,-0.303233,-0.39414,-0.092354,-0.36562,-0.482207,-0.11486,-0.096704,-0.500286,-0.032408,-0.140209,-0.682333,-0.069608,-0.158477,-0.799389,-0.104476,-0.166959,-0.901485,-0.131976,0.003772,-0.513227,-0.04318,0.023842,-0.734095,-0.073637,0.04483,-0.872101,-0.105362,0.067238,-0.989282,-0.129615,0.088607,-0.47688,-0.062913,0.134165,-0.664294,-0.101639,0.167449,-0.787148,-0.13251,0.19651,-0.895654,-0.153769,0.161224,-0.402383,-0.087403,0.231603,-0.531313,-0.124223,0.279805,-0.619052,-0.140568,0.319822,-0.702083,-0.151148,M
0.0,0.0,0.0,0.119208,-0.008761,-0.05904,0.215903,-0.109591,-0.082693,0.175714,-0.28381,-0.09938,0.124178,-0.416854,-0.116691,0.328047,-0.34034,-0.042623,0.464371,-0.446995,-0.071635,0.551222,-0.495755,-0.09478,0.621741,-0.540514,-0.11208,0.257245,-0.43332,-0.046953,0.360989,-0.625677,-0.066504,0.417991,-0.74695,-0.094327,0.464165,-0.847229,-0.114243,0.171855,-0.454945,-0.058762,0.212436,-0.652013,-0.110085,0.251034,-0.806258,-0.169274,0.284643,-0.935371,-0.209906,0.076212,-0.424968,-0.072652,0.110459,-0.477097,-0.135412,0.11818,-0.393914,-0.161602,0.117817,-0.310115,-0.175284,0.0,0.0,0.0,-0.143569,-0.111863,-0.053166,-0.241163,-0.26278,-0.079024,-0.3024,-0.391738,-0.102552,-0.363148,-0.482635,-0.127176,-0.098653,-0.499384,-0.037597,-0.139965,-0.683449,-0.077977,-0.15843,-0.802088,-0.11494,-0.167077,-0.905847,-0.143664,0.002316,-0.512939,-0.047173,0.022986,-0.734104,-0.079794,0.043363,-0.87147,-0.112832,0.065487,-0.988234,-0.138222,0.086969,-0.477701,-0.066222,0.133681,-0.666246,-0.106453,0.167343,-0.786606,-0.136794,0.196395,-0.893476,-0.157841,0.160285,-0.404294,-0.090593,0.230711,-0.532459,-0.128189,0.278485,-0.619007,-0.144224,0.317905,-0.701807,-0.154687,M
0.0,0.0,0.0,0.123467,-0.014181,-0.052345,0.219542,-0.119506,-0.072368,0.178926,-0.283987,-0.08702,0.120994,-0.410151,-0.103584,0.327158,-0.345527,-0.039614,0.465583,-0.452769,-0.066471,0.551572,-0.503215,-0.087124,0.619168,-0.548082,-0.102413,0.259522,-0.436978,-0.046076,0.364004,-0.628897,-0.06321,0.4217,-0.751906,-0.089687,0.467314,-0.849641,-0.108838,0.175019,-0.459471,-0.059049,0.213991,-0.664617,-0.107237,0.249615,-0.815556,-0.165577,0.279691,-0.937724,-0.206025,0.078952,-0.431308,-0.073499,0.109521,-0.484704,-0.135057,0.119143,-0.395902,-0.161079,0.12084,-0.303025,-0.174405,0.0,0.0,0.0,-0.142577,-0.107712,-0.051535,-0.240827,-0.258964,-0.076273,-0.304694,-0.389576,-0.098933,-0.367852,-0.48152,-0.122934,-0.095629,-0.500036,-0.036516,-0.138931,-0.68381,-0.07567,-0.15848,-0.802084,-0.112149,-0.168336,-0.905841,-0.140688,0.005371,-0.512979,-0.046556,0.025671,-0.73463,-0.077769,0.045043,-0.871293,-0.110215,0.065602,-0.988618,-0.135393,0.090296,-0.477472,-0.0658,0.137771,-0.667719,-0.105228,0.171961,-0.789832,-0.135598,0.200897,-0.899339,-0.156929,0.162903,-0.403739,-0.090185,0.234773,-0.533984,-0.127554,0.283657,-0.621333,-0.143547,0.323506,-0.705275,-0.154088,M
0.0,0.0,0.0,0.12055,-0.020235,-0.057055,0.21475,-0.135609,-0.077564,0.168941,-0.302759,-0.091252,0.109322,-0.429787,-0.10672,0.330053,-0.347118,-0.039444,0.466286,-0.454919,-0.067655,0.554149,-0.509084,-0.090585,0.62608,-0.560291,-0.10791,0.260515,-0.438809,-0.043476,0.361093,-0.629918,-0.064726,0.415423,-0.751588,-0.094663,0.458949,-0.852085,-0.114617,0.177929,-0.46157,-0.054456,0.215958,-0.656351,-0.106425,0.25141,-0.808755,-0.167633,0.28015,-0.936985,-0.208745,0.086434,-0.434881,-0.067265,0.115282,-0.470167,-0.133278,0.1167,-0.382214,-0.162321,0.110013,-0.299142,-0.17663,0.0,0.0,0.0,-0.140784,-0.110734,-0.053251,-0.238368,-0.26081,-0.080085,-0.302144,-0.389681,-0.104467,-0.362833,-0.482014,-0.130189,-0.0958,-0.497028,-0.04155,-0.138502,-0.680398,-0.082871,-0.157971,-0.799328,-0.120179,-0.167636,-0.903229,-0.148854,0.004987,-0.509201,-0.051252,0.026833,-0.730315,-0.085314,0.047605,-0.868962,-0.118864,0.069226,-0.987125,-0.144194,0.090255,-0.472878,-0.070047,0.137174,-0.663705,-0.112064,0.170511,-0.787192,-0.143472,0.199103,-0.896776,-0.164665,0.164167,-0.398941,-0.093836,0.235649,-0.531902,-0.132446,0.283859,-0.619063,-0.148226,0.322685,-0.701027,-0.158149,M
0.0,0.0,0.0,0.11899,-0.018546,-0.056009,0.208542,-0.124286,-0.078058,0.16723,-0.288375,-0.09382,0.111394,-0.411828,-0.110914,0.320655,-0.348806,-0.042501,0.454874,-0.453871,-0.072479,0.541625,-0.50392,-0.096302,0.610917,-0.55055,-0.1138,0.253689,-0.441877,-0.047865,0.360603,-0.633721,-0.067761,0.418831,-0.75518,-0.09608,0.467155,-0.855918,-0.115972,0.170589,-0.464686,-0.060237,0.207353,-0.653537,-0.108625,0.244245,-0.80846,-0.167553,0.277862,-0.937767,-0.208293,0.075533,-0.436155,-0.07474,0.101337,-0.482708,-0.133426,0.111592,-0.406181,-0.158815,0.116973,-0.327702,-0.172393,0.0,0.0,0.0,-0.139122,-0.110277,-0.052493,-0.237438,-0.259982,-0.080173,-0.304317,-0.387925,-0.105383,-0.368618,-0.47682,-0.132065,-0.095467,-0.496067,-0.043161,-0.137549,-0.678796,-0.084326,-0.155659,-0.796807,-0.12153,-0.163663,-0.900729,-0.150721,0.006207,-0.509049,-0.053196,0.02735,-0.732119,-0.08717,0.047634,-0.869626,-0.119956,0.068746,-0.986999,-0.145279,0.092892,-0.472452,-0.072112,0.139484,-0.664584,-0.113312,0.170964,-0.790164,-0.144232,0.197428,-0.900205,-0.165812,0.167936,-0.398535,-0.095942,0.239818,-0.532152,-0.134481,0.287379,-0.623176,-0.151372,0.325427,-0.708648,-0.16258,M
0.0,0.0,0.0,0.115976,-0.024212,-0.053915,0.20812,-0.140531,-0.072945,0.162545,-0.309681,-0.085663,0.103497,-0.432648,-0.099897,0.317826,-0.35192,-0.038054,0.451158,-0.45893,-0.066128,0.536493,-0.510204,-0.088735,0.604567,-0.558027,-0.105358,0.247649,-0.441758,-0.04388,0.353263,-0.635629,-0.062534,0.414111,-0.757316,-0.089367,0.464166,-0.8583,-0.108056,0.162561,-0.461567,-0.05672,0.202112,-0.659779,-0.105864,0.240897,-0.811904,-0.163248,0.27546,-0.939819,-0.202145,0.067466,-0.429889,-0.071302,0.09976,-0.485696,-0.130836,0.105811,-0.407561,-0.154144,0.105969,-0.328783,-0.165846,0.0,0.0,0.0,-0.140031,-0.108208,-0.049246,-0.237032,-0.259444,-0.073819,-0.302313,-0.383819,-0.096556,-0.363842,-0.471454,-0.120498,-0.099668,-0.503062,-0.035937,-0.139894,-0.682749,-0.075459,-0.158078,-0.798977,-0.112687,-0.168315,-0.901361,-0.141356,0.00017,-0.514338,-0.04646,0.019879,-0.732176,-0.078548,0.039626,-0.870358,-0.11066,0.059667,-0.989056,-0.134936,0.085132,-0.477678,-0.065918,0.130123,-0.666252,-0.105188,0.161585,-0.788869,-0.135054,0.187837,-0.896681,-0.155194,0.159243,-0.404322,-0.09023,0.230651,-0.538208,-0.126309,0.277217,-0.627274,-0.141217,0.314817,-0.711483,-0.150466,M
0.0,0.0,0.0,0.115278,-0.022171,-0.063169,0.202796,-0.137246,-0.08778,0.158409,-0.303597,-0.104293,0.101242,-0.434533,-0.122036,0.316864,-0.346751,-0.047455,0.450883,-0.45828,-0.080349,0.538224,-0.517017,-0.106362,0.608497,-0.571327,-0.125524,0.247811,-0.439708,-0.049732,0.352272,-0.637854,-0.075412,0.412569,-0.762852,-0.106327,0.462197,-0.865934,-0.126572,0.165941,-0.462971,-0.059478,0.205617,-0.656968,-0.114415,0.242926,-0.808998,-0.173806,0.275688,-0.937313,-0.213168,0.077176,-0.434088,-0.071659,0.101658,-0.480997,-0.138491,0.09836,-0.4041,-0.165462,0.090845,-0.329584,-0.178214,0.0,0.0,0.0,-0.143607,-0.10292,-0.053792,-0.244395,-0.250943,-0.080139,-0.311301,-0.378605,-0.103757,-0.374694,-0.466543,-0.128872,-0.108975,-0.495953,-0.040635,-0.152426,-0.678916,-0.079834,-0.171233,-0.795685,-0.115758,-0.180768,-0.899368,-0.143957,-0.007967,-0.511445,-0.049509,0.011205,-0.733911,-0.081745,0.031164,-0.870995,-0.113935,0.052729,-0.988915,-0.138803,0.077766,-0.476799,-0.067518,0.123479,-0.665798,-0.108175,0.154458,-0.790144,-0.139408,0.181008,-0.901835,-0.161183,0.152709,-0.403922,-0.090589,0.223471,-0.536966,-0.129371,0.271462,-0.625482,-0.145834,0.310451,-0.710456,-0.156616,M
0.0,0.0,0.0,0.114974,-0.027423,-0.054243,0.203198,-0.145962,-0.0739,0.151292,-0.313979,-0.087347,0.089245,-0.438255,-0.102125,0.316833,-0.354173,-0.036224,0.451807,-0.465142,-0.061266,0.536761,-0.519217,-0.081619,0.605985,-0.570571,-0.097631,0.243782,-0.442177,-0.040892,0.344236,-0.636999,-0.057751,0.401013,-0.75797,-0.082996,0.447772,-0.85747,-0.101165,0.159078,-0.460064,-0.052677,0.197662,-0.658321,-0.100646,0.233259,-0.813496,-0.157373,0.263796,-0.944377,-0.196376,0.068583,-0.427579,-0.066304,0.102517,-0.481265,-0.125908,0.101426,-0.401176,-0.149453,0.092906,-0.321533,-0.161492,0.0,0.0,0.0,-0.141219,-0.105107,-0.051708,-0.240153,-0.254465,-0.077746,-0.306158,-0.380263,-0.101413,-0.36856,-0.47033,-0.126388,-0.102446,-0.495141,-0.042655,-0.148572,-0.675743,-0.08381,-0.168274,-0.791984,-0.120476,-0.177956,-0.89423,-0.148682,-0.001705,-0.510039,-0.05265,0.016631,-0.730817,-0.086955,0.035751,-0.869457,-0.120128,0.055199,-0.987883,-0.145049,0.08383,-0.476013,-0.071401,0.129183,-0.66596,-0.113358,0.159489,-0.790583,-0.144969,0.184351,-0.900617,-0.166262,0.156713,-0.403945,-0.094914,0.22814,-0.53687,-0.134461,0.274518,-0.628864,-0.151984,0.311226,-0.715815,-0.16295,M
0.0,0.0,0.0,0.113079,-0.022051,-0.058045,0.199074,-0.131968,-0.083043,0.154435,-0.29577,-0.101149,0.096264,-0.421583,-0.120903,0.308774,-0.358056,-0.049182,0.439442,-0.467577,-0.082868,0.52497,-0.523233,-0.109917,0.593074,-0.574522,-0.12967,0.240316,-0.445455,-0.054612,0.339936,-0.637004,-0.078392,0.394229,-0.763328,-0.10965,0.438946,-0.869967,-0.131436,0.157849,-0.463908,-0.066591,0.194024,-0.657073,-0.117859,0.229844,-0.81084,-0.176665,0.262215,-0.940279,-0.217067,0.064754,-0.431766,-0.080722,0.086975,-0.479845,-0.143585,0.097571,-0.407709,-0.170585,0.104605,-0.334397,-0.184355,0.0,0.0,0.0,-0.142457,-0.104033,-0.047781,-0.241756,-0.253132,-0.071371,-0.306101,-0.378867,-0.093066,-0.367462,-0.467824,-0.11629,-0.098794,-0.503066,-0.035218,-0.143487,-0.68304,-0.072278,-0.162052,-0.798273,-0.107423,-0.171075,-0.899125,-0.134978,0.001321,-0.516693,-0.046447,0.018716,-0.735837,-0.076844,0.036324,-0.873007,-0.108979,0.054556,-0.98952,-0.13369,0.085758,-0.481473,-0.066258,0.130556,-0.670071,-0.104983,0.160239,-0.794301,-0.136533,0.184752,-0.904345,-0.158538,0.158074,-0.408889,-0.090544,0.227762,-0.544611,-0.127638,0.27385,-0.635063,-0.144289,0.310661,-0.721817,-0.155163,M
0.0,0.0,0.0,0.112561,-0.018695,-0.0635,0.201077,-0.13871,-0.086045,0.15155,-0.303065,-0.100183,0.093912,-0.430803,-0.115898,0.310659,-0.357182,-0.04532,0.442102,-0.464577,-0.077327,0.531302,-0.521236,-0.103955,0.603551,-0.575452,-0.123935,0.242023,-0.445361,-0.047493,0.341651,-0.635603,-0.072702,0.398168,-0.761825,-0.105469,0.445256,-0.872533,-0.127407,0.160511,-0.463456,-0.057133,0.198279,-0.655582,-0.113009,0.23272,-0.807074,-0.173829,0.26344,-0.940613,-0.214117,0.069915,-0.431426,-0.069157,0.099913,-0.472372,-0.137714,0.098548,-0.388189,-0.165796,0.092911,-0.311189,-0.179269,0.0,0.0,0.0,-0.141402,-0.10521,-0.050262,-0.240366,-0.250826,-0.075945,-0.304165,-0.375042,-0.099786,-0.36582,-0.462982,-0.125435,-0.099031,-0.500378,-0.038247,-0.145033,-0.679722,-0.078742,-0.165282,-0.795644,-0.116918,-0.175381,-0.899125,-0.146654,-6.5e-05,-0.515212,-0.049401,0.0163,-0.735092,-0.082104,0.034436,-0.870629,-0.115694,0.053974,-0.988435,-0.141716,0.083516,-0.480967,-0.0695,0.128306,-0.669368,-0.109365,0.158221,-0.793994,-0.140538,0.182412,-0.906744,-0.162485,0.156231,-0.408812,-0.094613,0.22673,-0.544315,-0.131924,0.27373,-0.63518,-0.148035,0.311232,-0.722999,-0.15874,M
0.0,0.0,0.0,0.111189,-0.022559,-0.065006,0.194234,-0.14211,-0.090832,0.1439,-0.309522,-0.107974,0.0852,-0.439101,-0.126332,0.303421,-0.359385,-0.051658,0.438429,-0.468231,-0.086577,0.52893,-0.527008,-0.114636,0.601822,-0.583412,-0.134973,0.235187,-0.448079,-0.052515,0.337193,-0.647777,-0.078654,0.393772,-0.775292,-0.109715,0.439695,-0.883191,-0.130347,0.156172,-0.466906,-0.060744,0.195191,-0.661085,-0.114857,0.229434,-0.813108,-0.172971,0.258523,-0.942561,-0.211528,0.070351,-0.434387,-0.07173,0.095133,-0.487757,-0.137049,0.09039,-0.412182,-0.163057,0.081885,-0.338044,-0.175239,0.0,0.0,0.0,-0.142165,-0.098856,-0.050062,-0.240291,-0.246104,-0.074968,-0.303051,-0.37271,-0.097359,-0.364161,-0.458169,-0.121356,-0.109816,-0.495098,-0.040469,-0.156236,-0.678361,-0.078104,-0.173768,-0.794965,-0.112676,-0.180657,-0.898153,-0.140081,-0.009589,-0.51148,-0.050758,0.007454,-0.734225,-0.081862,0.025749,-0.870209,-0.113518,0.045409,-0.989388,-0.138021,0.075819,-0.476475,-0.069425,0.121832,-0.668949,-0.108489,0.152019,-0.793627,-0.139394,0.177691,-0.905989,-0.161167,0.149253,-0.403545,-0.092744,0.219717,-0.53859,-0.130298,0.267014,-0.630992,-0.146929,0.306088,-0.720159,-0.157948,M
0.0,0.0,0.0,0.117695,-0.02748,-0.058451,0.205409,-0.145954,-0.079426,0.151531,-0.310824,-0.092619,0.088045,-0.433035,-0.107611,0.305902,-0.353349,-0.042773,0.432314,-0.461318,-0.071831,0.514523,-0.517408,-0.096048,0.580881,-0.572057,-0.114561,0.236518,-0.442869,-0.046552,0.336518,-0.638911,-0.066551,0.39556,-0.761284,-0.095383,0.445403,-0.867296,-0.115682,0.15517,-0.462847,-0.057389,0.190792,-0.658289,-0.108127,0.225096,-0.81191,-0.167697,0.255478,-0.944064,-0.208506,0.066435,-0.433501,-0.070212,0.093752,-0.481222,-0.133838,0.092824,-0.399253,-0.160197,0.086811,-0.319841,-0.173706,0.0,0.0,0.0,-0.142433,-0.102208,-0.053536,-0.246,-0.246556,-0.081188,-0.317499,-0.371815,-0.106368,-0.383842,-0.458922,-0.132918,-0.105751,-0.49191,-0.044138,-0.152982,-0.675056,-0.085697,-0.172643,-0.792965,-0.122591,-0.181071,-0.895996,-0.151128,-0.005956,-0.508242,-0.053743,0.009036,-0.731116,-0.088321,0.025842,-0.869666,-0.1218,0.045185,-0.988047,-0.147383,0.080007,-0.475191,-0.072333,0.123692,-0.66811,-0.115195,0.154649,-0.792499,-0.147322,0.180937,-0.901661,-0.16914,0.154625,-0.40392,-0.095799,0.224302,-0.537123,-0.136128,0.271189,-0.627998,-0.154002,0.309087,-0.713397,-0.165397,M
0.0,0.0,0.0,0.11799,-0.019182,-0.060508,0.204451,-0.128862,-0.085508,0.159768,-0.293407,-0.102801,0.105578,-0.415621,-0.1215,0.304713,-0.347976,-0.049795,0.432308,-0.452104,-0.084936,0.517048,-0.50821,-0.113215,0.583054,-0.560528,-0.133826,0.240635,-0.437534,-0.054775,0.345077,-0.638768,-0.080419,0.403624,-0.764798,-0.111958,0.449627,-0.871402,-0.132859,0.162536,-0.45565,-0.06667,0.200376,-0.652469,-0.120474,0.234885,-0.807531,-0.179961,0.264817,-0.938899,-0.219863,0.072771,-0.421714,-0.080707,0.099092,-0.470879,-0.145619,0.104861,-0.399603,-0.172416,0.106293,-0.329258,-0.185645,0.0,0.0,0.0,-0.143182,-0.106806,-0.050188,-0.241684,-0.253564,-0.077215,-0.307465,-0.379377,-0.102196,-0.372454,-0.467084,-0.128838,-0.100458,-0.491225,-0.042726,-0.145045,-0.67382,-0.084396,-0.164499,-0.791684,-0.12212,-0.174371,-0.895314,-0.151441,-0.001949,-0.504745,-0.05437,0.015051,-0.728514,-0.088676,0.033189,-0.867441,-0.122347,0.052082,-0.987596,-0.148128,0.083033,-0.469316,-0.074565,0.126763,-0.665945,-0.117094,0.159127,-0.790588,-0.149149,0.185769,-0.901013,-0.171083,0.157159,-0.395979,-0.099326,0.227086,-0.532061,-0.140344,0.275007,-0.624195,-0.158307,0.313279,-0.711116,-0.169682,M
0.0,0.0,0.0,0.12046,-0.025737,-0.054276,0.207063,-0.143592,-0.07483,0.160507,-0.30443,-0.089247,0.101952,-0.425558,-0.105095,0.309743,-0.35485,-0.041073,0.438413,-0.462101,-0.070829,0.521928,-0.517207,-0.095046,0.589649,-0.567851,-0.113429,0.243359,-0.443055,-0.047288,0.346682,-0.64011,-0.068402,0.407924,-0.766604,-0.097339,0.458744,-0.872823,-0.117637,0.162382,-0.460928,-0.060172,0.196167,-0.664181,-0.11079,0.230012,-0.816379,-0.168908,0.260788,-0.942608,-0.208519,0.072783,-0.426896,-0.074845,0.098821,-0.482458,-0.137751,0.104589,-0.406578,-0.164155,0.106575,-0.329185,-0.177686,0.0,0.0,0.0,-0.140488,-0.111076,-0.045379,-0.236135,-0.254207,-0.070434,-0.297924,-0.375357,-0.094232,-0.358456,-0.457538,-0.120025,-0.098861,-0.494694,-0.038263,-0.144169,-0.674269,-0.078733,-0.163454,-0.790148,-0.116399,-0.174532,-0.892539,-0.145605,-0.000239,-0.507836,-0.051806,0.016041,-0.729422,-0.08493,0.034097,-0.867564,-0.1185,0.053196,-0.988156,-0.14394,0.084599,-0.471636,-0.073465,0.127346,-0.665999,-0.114094,0.158226,-0.791605,-0.146065,0.184463,-0.902363,-0.167919,0.15827,-0.397849,-0.099296,0.225614,-0.53396,-0.137794,0.271358,-0.625151,-0.154148,0.308479,-0.710892,-0.164387,M
0.0,0.0,0.0,0.117275,-0.015709,-0.065413,0.20337,-0.127574,-0.090555,0.151294,-0.294565,-0.107331,0.091249,-0.420357,-0.125951,0.311117,-0.343582,-0.050061,0.444421,-0.451778,-0.080986,0.528849,-0.511623,-0.10611,0.597159,-0.567369,-0.12537,0.243403,-0.434,-0.05139,0.347089,-0.633046,-0.073047,0.406836,-0.757322,-0.102949,0.456403,-0.862512,-0.124098,0.164025,-0.454098,-0.060163,0.203708,-0.655384,-0.113021,0.23657,-0.808983,-0.173866,0.265679,-0.939665,-0.215509,0.077382,-0.423006,-0.071479,0.102869,-0.473175,-0.140067,0.100178,-0.390704,-0.169623,0.092408,-0.309989,-0.184631,0.0,0.0,0.0,-0.141604,-0.105164,-0.048186,-0.241594,-0.250455,-0.073573,-0.306064,-0.372099,-0.096958,-0.367646,-0.454229,-0.122197,-0.103333,-0.495604,-0.040177,-0.148843,-0.676554,-0.078458,-0.168315,-0.792313,-0.113888,-0.179613,-0.894679,-0.141733,-0.003017,-0.509245,-0.052087,0.012771,-0.732656,-0.083176,0.029595,-0.8698,-0.114935,0.047041,-0.989115,-0.139421,0.082782,-0.472506,-0.072212,0.12599,-0.667941,-0.111863,0.155364,-0.794325,-0.142588,0.179494,-0.907725,-0.163837,0.157067,-0.397776,-0.096724,0.226049,-0.534359,-0.134243,0.272107,-0.627314,-0.149618,0.309601,-0.716676,-0.159408,M
0.0,0.0,0.0,0.116461,-0.020428,-0.063546,0.201269,-0.130319,-0.091712,0.152417,-0.293376,-0.112357,0.095474,-0.421225,-0.134629,0.314448,-0.345537,-0.053513,0.446361,-0.454837,-0.090279,0.533677,-0.511494,-0.119941,0.60582,-0.564081,-0.141773,0.246968,-0.437855,-0.058037,0.351014,-0.640537,-0.085131,0.411697,-0.766356,-0.11857,0.463234,-0.873783,-0.141279,0.166035,-0.458299,-0.069655,0.201987,-0.65959,-0.124816,0.237552,-0.809155,-0.18447,0.27027,-0.936192,-0.22472,0.076325,-0.424598,-0.083829,0.099438,-0.470377,-0.151077,0.100541,-0.389886,-0.1782,0.09775,-0.311984,-0.191349,0.0,0.0,0.0,-0.138684,-0.11032,-0.04958,-0.238983,-0.256259,-0.078024,-0.308529,-0.380402,-0.104389,-0.373921,-0.467472,-0.132257,-0.101203,-0.488887,-0.045656,-0.145921,-0.674148,-0.087672,-0.165106,-0.791911,-0.124779,-0.17498,-0.89574,-0.153416,-0.003259,-0.501448,-0.057658,0.015289,-0.726395,-0.092048,0.03375,-0.866383,-0.124626,0.052196,-0.987386,-0.149479,0.081824,-0.464457,-0.077857,0.127455,-0.662814,-0.11978,0.158661,-0.787634,-0.150118,0.183805,-0.897667,-0.170743,0.155749,-0.390395,-0.102521,0.225731,-0.524863,-0.142122,0.271954,-0.616809,-0.158278,0.308837,-0.702808,-0.16831,M
0.0,0.0,0.0,0.118285,-0.018423,-0.063515,0.208232,-0.128646,-0.090344,0.159237,-0.292724,-0.108861,0.101525,-0.422642,-0.128921,0.319141,-0.343195,-0.051686,0.450967,-0.448666,-0.084896,0.536933,-0.504544,-0.112025,0.606075,-0.558246,-0.132464,0.247908,-0.434825,-0.055366,0.354552,-0.633164,-0.081156,0.415138,-0.757311,-0.11488,0.46453,-0.864981,-0.137752,0.164472,-0.455234,-0.06596,0.20511,-0.653836,-0.122758,0.242957,-0.80429,-0.185533,0.274756,-0.934226,-0.227445,0.073886,-0.424305,-0.078522,0.111473,-0.470383,-0.148215,0.116788,-0.386842,-0.177279,0.11419,-0.308705,-0.191577,0.0,0.0,0.0,-0.13661,-0.107917,-0.045734,-0.231933,-0.251049,-0.071358,-0.290067,-0.375738,-0.094996,-0.345183,-0.461487,-0.120306,-0.103502,-0.494541,-0.044009,-0.146621,-0.678719,-0.085033,-0.164577,-0.794587,-0.122029,-0.176147,-0.897552,-0.150291,-0.004075,-0.506042,-0.057367,0.013852,-0.729406,-0.089973,0.032213,-0.867317,-0.12241,0.04977,-0.987886,-0.146986,0.081189,-0.467636,-0.078348,0.125155,-0.663832,-0.118887,0.157401,-0.788447,-0.150528,0.183707,-0.899653,-0.172151,0.154477,-0.392414,-0.10331,0.222791,-0.529015,-0.142229,0.269411,-0.619634,-0.158557,0.306877,-0.706251,-0.168588,M
0.0,0.0,0.0,0.11516,-0.019538,-0.063037,0.202361,-0.130141,-0.091598,0.15514,-0.291836,-0.112632,0.097487,-0.420345,-0.135437,0.310242,-0.341849,-0.055888,0.445586,-0.44879,-0.094712,0.534518,-0.507126,-0.125433,0.604698,-0.560957,-0.147396,0.240664,-0.435,-0.060336,0.345515,-0.639911,-0.089341,0.404924,-0.769484,-0.124558,0.45133,-0.877059,-0.148167,0.159492,-0.456147,-0.071649,0.199394,-0.65388,-0.126697,0.237465,-0.806054,-0.187528,0.269663,-0.935429,-0.228593,0.071631,-0.422813,-0.085248,0.100064,-0.465325,-0.151206,0.101224,-0.40343,-0.179719,0.096335,-0.347003,-0.194381,0.0,0.0,0.0,-0.14156,-0.113829,-0.049436,-0.241221,-0.262052,-0.076791,-0.310937,-0.387957,-0.102114,-0.377342,-0.474665,-0.128988,-0.101879,-0.490961,-0.043303,-0.145613,-0.676497,-0.084264,-0.163802,-0.79491,-0.120304,-0.171913,-0.899134,-0.148188,-0.003158,-0.503955,-0.05515,0.016252,-0.729221,-0.088835,0.033597,-0.868107,-0.121108,0.051587,-0.987955,-0.145889,0.082889,-0.467551,-0.075267,0.130684,-0.665973,-0.117101,0.161438,-0.791739,-0.147612,0.186379,-0.902395,-0.168484,0.156871,-0.393439,-0.099829,0.229408,-0.528458,-0.139167,0.276259,-0.622235,-0.155557,0.31373,-0.710398,-0.165935,M
0.0,0.0,0.0,0.12055,-0.025342,-0.05683,0.20615,-0.142111,-0.080176,0.156301,-0.30308,-0.096834,0.099367,-0.424326,-0.115385,0.31074,-0.340731,-0.048571,0.444864,-0.444372,-0.081638,0.532021,-0.498026,-0.107705,0.602418,-0.548629,-0.126975,0.2437,-0.431199,-0.05424,0.351544,-0.622151,-0.079072,0.411516,-0.747304,-0.110173,0.461583,-0.854975,-0.131653,0.161842,-0.453988,-0.066336,0.201924,-0.653272,-0.119835,0.238719,-0.80545,-0.17908,0.273402,-0.936565,-0.219311,0.069004,-0.425442,-0.080155,0.099797,-0.475575,-0.144457,0.108629,-0.395466,-0.170491,0.114171,-0.316703,-0.183703,0.0,0.0,0.0,-0.135977,-0.108741,-0.046986,-0.228375,-0.251242,-0.072073,-0.283697,-0.376016,-0.095138,-0.336579,-0.461967,-0.119928,-0.097111,-0.49348,-0.042871,-0.14065,-0.677622,-0.083618,-0.157453,-0.795012,-0.120792,-0.165749,-0.899742,-0.149556,0.002511,-0.505868,-0.055231,0.021286,-0.727076,-0.087828,0.040647,-0.865491,-0.120905,0.060623,-0.987397,-0.146192,0.08767,-0.468646,-0.075485,0.132748,-0.664245,-0.116364,0.166136,-0.788154,-0.148871,0.195017,-0.898335,-0.171264,0.160813,-0.392822,-0.099912,0.231519,-0.525883,-0.14048,0.279903,-0.614947,-0.158491,0.319979,-0.699798,-0.169577,M
0.0,0.0,0.0,0.122117,-0.029895,-0.053278,0.209185,-0.150208,-0.0743,0.159817,-0.30923,-0.089551,0.101214,-0.426842,-0.10667,0.317135,-0.345052,-0.040046,0.451121,-0.452456,-0.072192,0.539984,-0.504136,-0.099066,0.61146,-0.553173,-0.119153,0.247543,-0.434757,-0.047134,0.351058,-0.626618,-0.06986,0.409187,-0.750997,-0.102694,0.457948,-0.858045,-0.126066,0.162981,-0.457068,-0.06088,0.203426,-0.651739,-0.111835,0.241383,-0.805206,-0.172365,0.276467,-0.936867,-0.214117,0.068225,-0.429796,-0.076165,0.098598,-0.476986,-0.138225,0.107712,-0.402923,-0.164815,0.112785,-0.33169,-0.179035,0.0,0.0,0.0,-0.136607,-0.106871,-0.051453,-0.232506,-0.2596,-0.077909,-0.297825,-0.389444,-0.101473,-0.360983,-0.479951,-0.126473,-0.095158,-0.492929,-0.045421,-0.13777,-0.679171,-0.085771,-0.154892,-0.798189,-0.121565,-0.162407,-0.903375,-0.149308,0.006697,-0.506053,-0.055259,0.026974,-0.728964,-0.088226,0.045828,-0.866743,-0.120762,0.065241,-0.98718,-0.14567,0.093091,-0.468848,-0.073255,0.140721,-0.661394,-0.113952,0.172308,-0.786093,-0.145166,0.198336,-0.897372,-0.166757,0.165775,-0.394299,-0.09581,0.238308,-0.527019,-0.134753,0.286489,-0.617605,-0.151606,0.325649,-0.703684,-0.162333,M
0.0,0.0,0.0,0.119476,-0.026707,-0.055071,0.205352,-0.143017,-0.077534,0.157108,-0.302895,-0.093931,0.100325,-0.426259,-0.112833,0.313884,-0.340994,-0.043382,0.447416,-0.442728,-0.07507,0.534374,-0.497623,-0.101907,0.605115,-0.549677,-0.122399,0.247718,-0.430795,-0.050417,0.351732,-0.622854,-0.073734,0.409596,-0.748632,-0.106778,0.459742,-0.857358,-0.130275,0.165613,-0.453007,-0.063704,0.207398,-0.654885,-0.117364,0.242772,-0.805696,-0.17764,0.276155,-0.935867,-0.21884,0.071169,-0.424207,-0.078457,0.099769,-0.480592,-0.144547,0.105574,-0.396799,-0.170922,0.107685,-0.313101,-0.184106,0.0,0.0,0.0,-0.140861,-0.10692,-0.051535,-0.238177,-0.257592,-0.079014,-0.302495,-0.388358,-0.103765,-0.365205,-0.47976,-0.129694,-0.096231,-0.489435,-0.045255,-0.137372,-0.676924,-0.085759,-0.15427,-0.795971,-0.121494,-0.161669,-0.899997,-0.148992,0.004235,-0.500958,-0.055329,0.025091,-0.727444,-0.087911,0.045647,-0.867137,-0.11911,0.06711,-0.987455,-0.14293,0.090269,-0.463483,-0.073756,0.136588,-0.661869,-0.113684,0.170836,-0.785865,-0.142355,0.199667,-0.895439,-0.161953,0.164834,-0.389387,-0.096942,0.235773,-0.526072,-0.134159,0.283368,-0.617615,-0.148663,0.321662,-0.703548,-0.157644,M
0.0,0.0,0.0,0.117593,-0.01305,-0.059328,0.206781,-0.117257,-0.086542,0.167644,-0.281136,-0.106843,0.116688,-0.411883,-0.128811,0.320071,-0.335778,-0.052282,0.455249,-0.440728,-0.089405,0.544593,-0.492654,-0.118013,0.616785,-0.540326,-0.138773,0.250416,-0.428806,-0.058914,0.356099,-0.625344,-0.087341,0.416326,-0.747031,-0.121312,0.46586,-0.849715,-0.144123,0.164947,-0.449142,-0.072322,0.20556,-0.644759,-0.130214,0.245823,-0.798468,-0.193004,0.282391,-0.930033,-0.235147,0.0693,-0.41728,-0.087283,0.103883,-0.457672,-0.15546,0.112585,-0.383006,-0.184581,0.115993,-0.313628,-0.199692,0.0,0.0,0.0,-0.137923,-0.10711,-0.053425,-0.233905,-0.262446,-0.081498,-0.299924,-0.395418,-0.106537,-0.363813,-0.488178,-0.132707,-0.096375,-0.491372,-0.046956,-0.137737,-0.678943,-0.088676,-0.155364,-0.796915,-0.124814,-0.163223,-0.89984,-0.152555,0.004752,-0.501713,-0.056098,0.025447,-0.726658,-0.090281,0.045278,-0.866046,-0.123523,0.066452,-0.986618,-0.148895,0.091575,-0.463243,-0.073594,0.138759,-0.659419,-0.115309,0.173023,-0.781743,-0.146118,0.202107,-0.890039,-0.167209,0.165933,-0.388021,-0.09581,0.236721,-0.520188,-0.135211,0.285573,-0.610069,-0.1519,0.325763,-0.694153,-0.162363,M
0.0,0.0,0.0,0.125137,-0.015201,-0.057014,0.217764,-0.12452,-0.08113,0.179702,-0.291811,-0.09832,0.129374,-0.421626,-0.116747,0.33029,-0.340394,-0.049897,0.46574,-0.449373,-0.082514,0.555176,-0.504932,-0.107745,0.627285,-0.555124,-0.12645,0.259135,-0.434694,-0.056186,0.362361,-0.627247,-0.080036,0.421882,-0.748172,-0.111411,0.470184,-0.847639,-0.133034,0.172404,-0.457476,-0.068787,0.211722,-0.657282,-0.122397,0.251542,-0.80764,-0.183663,0.283982,-0.931949,-0.225445,0.074679,-0.429301,-0.083044,0.115608,-0.465739,-0.149285,0.128217,-0.38308,-0.178591,0.129775,-0.30363,-0.193799,0.0,0.0,0.0,-0.135786,-0.103068,-0.053605,-0.229427,-0.250367,-0.081606,-0.288598,-0.376267,-0.106233,-0.344857,-0.465052,-0.132296,-0.099434,-0.49463,-0.049307,-0.141533,-0.678307,-0.091019,-0.157399,-0.795103,-0.127722,-0.164199,-0.89769,-0.156159,0.00215,-0.507759,-0.058777,0.022843,-0.730669,-0.093365,0.043562,-0.867854,-0.126863,0.064224,-0.986257,-0.152226,0.0879,-0.469119,-0.076565,0.137769,-0.663476,-0.118761,0.171433,-0.786949,-0.151541,0.199589,-0.896653,-0.174018,0.160679,-0.391169,-0.099,0.233886,-0.524761,-0.140001,0.282815,-0.616698,-0.158883,0.322759,-0.704796,-0.170745,M
0.0,0.0,0.0,0.130254,-0.012418,-0.05494,0.227182,-0.120573,-0.078123,0.191652,-0.283906,-0.095463,0.138021,-0.412311,-0.114695,0.335396,-0.33172,-0.046398,0.474068,-0.435709,-0.079212,0.563915,-0.491046,-0.105103,0.635749,-0.542816,-0.124558,0.265729,-0.427257,-0.054029,0.372125,-0.61459,-0.07975,0.428581,-0.738872,-0.113746,0.47224,-0.843022,-0.13726,0.178793,-0.453408,-0.067823,0.2208,-0.648907,-0.122082,0.258488,-0.801866,-0.184028,0.289266,-0.930136,-0.226211,0.08022,-0.42875,-0.083067,0.119761,-0.464524,-0.149235,0.137277,-0.384507,-0.178882,0.144189,-0.306772,-0.194505,0.0,0.0,0.0,-0.140864,-0.112261,-0.051804,-0.237327,-0.267102,-0.078322,-0.302123,-0.397837,-0.102591,-0.365012,-0.490585,-0.1279,-0.097047,-0.496108,-0.040717,-0.138633,-0.682856,-0.081274,-0.156344,-0.803258,-0.116859,-0.163893,-0.907151,-0.144027,0.004851,-0.509085,-0.05094,0.025567,-0.732004,-0.083302,0.045151,-0.870819,-0.114956,0.065023,-0.988162,-0.138955,0.092212,-0.473509,-0.070009,0.138128,-0.666606,-0.110143,0.170596,-0.789693,-0.139677,0.197233,-0.897403,-0.159727,0.16682,-0.400458,-0.094003,0.238122,-0.533488,-0.131587,0.28644,-0.622303,-0.146618,0.324964,-0.703657,-0.155838,M
0.0,0.0,0.0,0.131632,-0.007278,-0.056863,0.221637,-0.126695,-0.079364,0.185316,-0.293426,-0.095244,0.14085,-0.427512,-0.112939,0.33939,-0.326855,-0.048732,0.479434,-0.433488,-0.080454,0.567404,-0.487988,-0.103851,0.636783,-0.539009,-0.121533,0.268046,-0.420539,-0.054451,0.375948,-0.615307,-0.081938,0.433367,-0.738704,-0.114937,0.47759,-0.843409,-0.136637,0.178851,-0.44553,-0.066578,0.222592,-0.650498,-0.125774,0.260715,-0.800841,-0.189856,0.290966,-0.928224,-0.231818,0.081779,-0.418741,-0.079671,0.127311,-0.454448,-0.151663,0.135508,-0.366637,-0.183668,0.131857,-0.287028,-0.199865,0.0,0.0,0.0,-0.138518,-0.107983,-0.053694,-0.235438,-0.261708,-0.081,-0.298954,-0.392873,-0.105191,-0.362084,-0.482039,-0.131033,-0.09633,-0.492844,-0.047657,-0.137508,-0.677377,-0.088092,-0.155048,-0.794061,-0.123327,-0.162914,-0.897123,-0.150979,0.006356,-0.503251,-0.057014,0.027829,-0.729315,-0.091458,0.049166,-0.866743,-0.123863,0.071854,-0.986284,-0.148594,0.093843,-0.463346,-0.07481,0.141785,-0.659949,-0.117911,0.175621,-0.784428,-0.14889,0.20422,-0.896451,-0.169828,0.170322,-0.3862,-0.097255,0.243148,-0.52384,-0.137276,0.292963,-0.614836,-0.15351,0.33361,-0.70076,-0.163798,M
0.0,0.0,0.0,0.135733,-0.005511,-0.053268,0.228965,-0.116854,-0.073169,0.211431,-0.280087,-0.088017,0.18326,-0.404518,-0.104437,0.346107,-0.32803,-0.045633,0.487387,-0.429853,-0.078169,0.577789,-0.486597,-0.103077,0.648511,-0.538811,-0.121279,0.277546,-0.423463,-0.052153,0.38791,-0.61724,-0.07772,0.445454,-0.744027,-0.110126,0.489488,-0.846957,-0.132103,0.188598,-0.449334,-0.064818,0.227495,-0.65355,-0.117818,0.2643,-0.808492,-0.17793,0.295268,-0.930158,-0.218227,0.086825,-0.421481,-0.079003,0.128401,-0.463176,-0.14326,0.157529,-0.389131,-0.173603,0.177119,-0.311933,-0.18972,0.0,0.0,0.0,-0.138494,-0.109978,-0.050656,-0.233108,-0.263184,-0.076722,-0.296961,-0.391775,-0.100308,-0.359061,-0.480815,-0.125396,-0.095559,-0.494732,-0.043289,-0.140499,-0.679259,-0.084742,-0.158795,-0.798451,-0.121772,-0.168378,-0.901978,-0.150335,0.005442,-0.507095,-0.053872,0.023978,-0.732107,-0.087625,0.04412,-0.869685,-0.120012,0.065024,-0.987399,-0.144277,0.092432,-0.469774,-0.072856,0.138707,-0.666418,-0.11344,0.171143,-0.791544,-0.143271,0.199179,-0.901698,-0.163512,0.16791,-0.393746,-0.096584,0.238039,-0.529558,-0.134694,0.28521,-0.620718,-0.150051,0.323902,-0.706489,-0.15939,M
0.0,0.0,0.0,0.129617,-0.00322,-0.0521,0.227565,-0.118708,-0.069538,0.202392,-0.285618,-0.08099,0.159825,-0.414703,-0.093711,0.337119,-0.32253,-0.040367,0.473854,-0.423928,-0.066899,0.560236,-0.479169,-0.08757,0.630312,-0.532195,-0.10369,0.269961,-0.420624,-0.048213,0.379679,-0.622222,-0.068945,0.440248,-0.75021,-0.09751,0.487059,-0.857088,-0.117181,0.182909,-0.447828,-0.062021,0.223804,-0.66296,-0.116353,0.261347,-0.810937,-0.174785,0.291959,-0.932335,-0.213334,0.084735,-0.420655,-0.076894,0.135631,-0.470926,-0.143443,0.147486,-0.377876,-0.169824,0.147609,-0.288487,-0.182701,0.0,0.0,0.0,-0.136155,-0.10242,-0.056745,-0.232633,-0.258329,-0.084451,-0.300306,-0.387134,-0.108068,-0.365167,-0.475964,-0.132903,-0.102401,-0.490574,-0.04916,-0.145205,-0.673703,-0.090298,-0.162566,-0.792837,-0.126013,-0.170928,-0.897891,-0.153629,-1e-05,-0.502526,-0.056694,0.019357,-0.726043,-0.090771,0.038061,-0.866472,-0.122664,0.056573,-0.987556,-0.14674,0.087739,-0.464107,-0.073037,0.13351,-0.656824,-0.115282,0.164036,-0.786117,-0.146452,0.189275,-0.902442,-0.167481,0.163972,-0.388902,-0.094258,0.233305,-0.526911,-0.133197,0.279857,-0.620436,-0.149259,0.316569,-0.710846,-0.159493,M
0.0,0.0,0.0,0.133646,-0.015954,-0.041817,0.225207,-0.136221,-0.055173,0.208166,-0.299426,-0.065107,0.160302,-0.419239,-0.07692,0.328313,-0.324215,-0.031253,0.464188,-0.426672,-0.053522,0.550771,-0.482662,-0.074027,0.622406,-0.538911,-0.091288,0.261942,-0.419012,-0.04347,0.367934,-0.623813,-0.058472,0.424545,-0.753501,-0.086392,0.471411,-0.862697,-0.1081,0.176272,-0.443957,-0.060453,0.215819,-0.65688,-0.106131,0.252747,-0.81156,-0.161267,0.284764,-0.937515,-0.199939,0.079097,-0.415699,-0.078301,0.126002,-0.491937,-0.133888,0.151477,-0.411772,-0.154741,0.163987,-0.319959,-0.166106,0.0,0.0,0.0,-0.138281,-0.104613,-0.056318,-0.236174,-0.255165,-0.087234,-0.302425,-0.383803,-0.114269,-0.366553,-0.479038,-0.142748,-0.105901,-0.481913,-0.054955,-0.149147,-0.668536,-0.102241,-0.16624,-0.789524,-0.142416,-0.17368,-0.896667,-0.172725,-0.00456,-0.496357,-0.064156,0.010767,-0.722612,-0.103182,0.029145,-0.862959,-0.137886,0.0481,-0.985295,-0.163949,0.082435,-0.462785,-0.081962,0.121842,-0.66048,-0.126803,0.151134,-0.789166,-0.157405,0.175232,-0.903518,-0.178054,0.159315,-0.393991,-0.104639,0.222878,-0.537826,-0.144434,0.265205,-0.631674,-0.159874,0.298069,-0.720795,-0.169836,M
0.0,0.0,0.0,0.138875,-0.019445,-0.045975,0.245166,-0.140276,-0.056964,0.226864,-0.313044,-0.063634,0.165239,-0.434297,-0.073015,0.327149,-0.304051,-0.026441,0.4612,-0.411295,-0.047198,0.545505,-0.480333,-0.069098,0.614797,-0.545533,-0.088216,0.25834,-0.402243,-0.037929,0.361849,-0.601123,-0.053378,0.416603,-0.736758,-0.085497,0.455747,-0.849904,-0.1097,0.172811,-0.435739,-0.054537,0.23102,-0.656028,-0.106533,0.272162,-0.804491,-0.168505,0.301887,-0.929602,-0.211435,0.072738,-0.420637,-0.071318,0.131668,-0.477487,-0.139626,0.148503,-0.380882,-0.1661,0.145672,-0.281781,-0.17969,0.0,0.0,0.0,-0.140872,-0.090911,-0.062351,-0.241813,-0.230693,-0.098933,-0.307647,-0.359399,-0.130397,-0.375244,-0.453412,-0.163107,-0.113831,-0.478318,-0.062073,-0.156136,-0.672384,-0.114175,-0.173854,-0.802545,-0.157702,-0.181224,-0.914344,-0.189519,-0.016321,-0.493606,-0.070573,-0.007914,-0.716342,-0.115017,0.002483,-0.858803,-0.152522,0.013587,-0.983565,-0.180045,0.069014,-0.464328,-0.088246,0.100016,-0.666231,-0.136196,0.117318,-0.798757,-0.165391,0.129767,-0.919097,-0.184965,0.145847,-0.401255,-0.111515,0.19553,-0.553546,-0.152182,0.226221,-0.655364,-0.166101,0.248744,-0.755036,-0.17488,M
0.0,0.0,0.0,0.133625,0.00325,-0.051958,0.249603,-0.106656,-0.067833,0.237024,-0.278875,-0.078418,0.189734,-0.410406,-0.092113,0.326242,-0.299746,-0.04058,0.461102,-0.408426,-0.070371,0.545051,-0.475517,-0.096547,0.612753,-0.539913,-0.116644,0.25652,-0.39226,-0.053077,0.367368,-0.606641,-0.075496,0.425548,-0.746955,-0.1097,0.473175,-0.870658,-0.134386,0.169787,-0.423943,-0.070933,0.244017,-0.631331,-0.129214,0.287612,-0.774814,-0.187368,0.326039,-0.902869,-0.226776,0.066763,-0.411232,-0.089142,0.132287,-0.460986,-0.15766,0.142032,-0.360589,-0.177083,0.138155,-0.262899,-0.185699,0.0,0.0,0.0,-0.13928,-0.109483,-0.050032,-0.232901,-0.259076,-0.081274,-0.288272,-0.396323,-0.111375,-0.346129,-0.503987,-0.142141,-0.116622,-0.476276,-0.043597,-0.155098,-0.67937,-0.096674,-0.17289,-0.809402,-0.141863,-0.181287,-0.920846,-0.173171,-0.029234,-0.500368,-0.055397,-0.038007,-0.721475,-0.099886,-0.043791,-0.865034,-0.137596,-0.044908,-0.985358,-0.164477,0.05319,-0.486521,-0.075727,0.057857,-0.691404,-0.117803,0.052498,-0.82488,-0.142063,0.047174,-0.937276,-0.157903,0.135496,-0.440615,-0.102018,0.157756,-0.605652,-0.136145,0.159131,-0.716774,-0.146793,0.15385,-0.812065,-0.152519,M
0.0,0.0,0.0,0.126743,0.003978,-0.048664,0.252261,-0.09552,-0.067521,0.250355,-0.265538,-0.081085,0.204747,-0.393978,-0.099504,0.313873,-0.274751,-0.042214,0.434488,-0.386833,-0.073101,0.506016,-0.462997,-0.101857,0.560265,-0.535496,-0.124404,0.252648,-0.366279,-0.058196,0.360296,-0.594456,-0.085681,0.403942,-0.748651,-0.122342,0.43857,-0.886375,-0.148311,0.170973,-0.404903,-0.077942,0.260603,-0.591034,-0.138831,0.313952,-0.723197,-0.190979,0.36211,-0.845837,-0.226194,0.066028,-0.405326,-0.097334,0.126473,-0.449792,-0.161564,0.131066,-0.349862,-0.169096,0.119022,-0.255853,-0.169877,0.0,0.0,0.0,-0.1409,-0.116333,-0.059402,-0.247447,-0.282284,-0.092035,-0.312711,-0.429185,-0.122275,-0.361924,-0.552283,-0.151182,-0.139974,-0.503364,-0.047283,-0.162986,-0.699374,-0.104268,-0.186441,-0.820198,-0.152902,-0.211433,-0.922294,-0.185626,-0.050809,-0.528226,-0.053206,-0.060279,-0.74026,-0.104841,-0.086492,-0.873944,-0.145477,-0.116673,-0.978024,-0.172791,0.033317,-0.514994,-0.068569,0.038777,-0.708601,-0.118371,0.02059,-0.802337,-0.13778,-0.004862,-0.862926,-0.145268,0.1147,-0.472187,-0.090631,0.130747,-0.643766,-0.127909,0.122344,-0.748756,-0.134919,0.104006,-0.824654,-0.13491,M
0.0,0.0,0.0,0.152467,-0.005278,-0.048254,0.288119,-0.133216,-0.060826,0.29911,-0.313307,-0.078023,0.25291,-0.447983,-0.092648,0.334772,-0.334494,-0.003182,0.460029,-0.454237,-0.036331,0.532646,-0.517618,-0.059587,0.58597,-0.568206,-0.073518,0.263785,-0.414726,-0.015865,0.358379,-0.645209,-0.061849,0.397786,-0.788616,-0.093533,0.413629,-0.904178,-0.106649,0.172153,-0.443892,-0.036877,0.251042,-0.537163,-0.121804,0.245042,-0.403218,-0.138523,0.21852,-0.301297,-0.122913,0.06879,-0.442012,-0.060226,0.14828,-0.507153,-0.124926,0.165031,-0.389146,-0.119324,0.154221,-0.280136,-0.098382,0.0,0.0,0.0,-0.163818,-0.167178,-0.017875,-0.24534,-0.415133,-0.023497,-0.275133,-0.620625,-0.041186,-0.307145,-0.77944,-0.052907,-0.114143,-0.662832,0.054362,-0.133011,-0.907054,-0.001908,-0.205786,-0.966631,-0.059117,-0.269322,-0.958853,-0.089817,-0.029783,-0.685449,0.030791,-0.050195,-0.932442,-0.019056,-0.133548,-0.967185,-0.067911,-0.206204,-0.923777,-0.092186,0.051449,-0.682862,-0.005284,0.036349,-0.922929,-0.045936,-0.05566,-0.947999,-0.063189,-0.128975,-0.894688,-0.064631,0.130552,-0.64855,-0.046894,0.109615,-0.872794,-0.067119,0.02685,-0.911914,-0.062269,-0.047078,-0.868208,-0.051543,M
