0.0,0.0,0.0,0.000541,0.047369,-0.123691,0.028973,0.048307,-0.197803,0.035437,-0.116127,-0.251788,0.041435,-0.312183,-0.309583,0.291249,-0.08008,-0.169237,0.451595,-0.033294,-0.240877,0.5615,-0.030342,-0.290355,0.656071,-0.041654,-0.323182,0.30345,-0.257855,-0.153644,0.4779,-0.342621,-0.209846,0.597642,-0.420947,-0.251517,0.701093,-0.486834,-0.277544,0.258591,-0.372386,-0.145346,0.368935,-0.545729,-0.224874,0.467766,-0.669653,-0.288803,0.559488,-0.759951,-0.330828,0.18035,-0.433184,-0.143166,0.170995,-0.469954,-0.232283,0.119559,-0.392425,-0.264335,0.075706,-0.302953,-0.278905,0.0,0.0,0.0,0.0,0.0,0.0,0.0,0.0,0.0,0.0,0.0,0.0,0.0,0.0,0.0,0.0,0.0,0.0,0.0,0.0,0.0,0.0,0.0,0.0,0.0,0.0,0.0,0.0,0.0,0.0,0.0,0.0,0.0,0.0,0.0,0.0,0.0,0.0,0.0,0.0,0.0,0.0,0.0,0.0,0.0,0.0,0.0,0.0,0.0,0.0,0.0,0.0,0.0,0.0,0.0,0.0,0.0,0.0,0.0,0.0,0.0,0.0,0.0,E
0.0,0.0,0.0,0.001378,0.034417,-0.119099,0.027641,0.026411,-0.191552,0.035402,-0.13817,-0.245029,0.043181,-0.329108,-0.30207,0.292311,-0.093484,-0.160073,0.451547,-0.044974,-0.22672,0.558952,-0.034902,-0.27414,0.651531,-0.040317,-0.306141,0.302682,-0.265156,-0.145721,0.473921,-0.349439,-0.197019,0.58931,-0.424942,-0.237517,0.688599,-0.489416,-0.263108,0.256601,-0.375814,-0.138474,0.364977,-0.553301,-0.21246,0.464019,-0.677303,-0.275475,0.55578,-0.768246,-0.317657,0.17743,-0.435435,-0.137231,0.169841,-0.478834,-0.22134,0.120999,-0.400339,-0.252329,0.078838,-0.309361,-0.266727,0.0,0.0,0.0,0.0,0.0,0.0,0.0,0.0,0.0,0.0,0.0,0.0,0.0,0.0,0.0,0.0,0.0,0.0,0.0,0.0,0.0,0.0,0.0,0.0,0.0,0.0,0.0,0.0,0.0,0.0,0.0,0.0,0.0,0.0,0.0,0.0,0.0,0.0,0.0,0.0,0.0,0.0,0.0,0.0,0.0,0.0,0.0,0.0,0.0,0.0,0.0,0.0,0.0,0.0,0.0,0.0,0.0,0.0,0.0,0.0,0.0,0.0,0.0,E
0.0,0.0,0.0,-0.003471,0.057817,-0.143874,0.023091,0.059778,-0.226771,0.037507,-0.110397,-0.285242,0.045797,-0.314904,-0.346912,0.304662,-0.057378,-0.189814,0.477782,0.012393,-0.267506,0.593926,0.033771,-0.322634,0.688955,0.041332,-0.357757,0.317881,-0.240159,-0.164772,0.507631,-0.320967,-0.223369,0.635197,-0.386065,-0.268357,0.740368,-0.437098,-0.295632,0.274101,-0.359998,-0.147947,0.390215,-0.534745,-0.223128,0.496198,-0.654176,-0.28611,0.594689,-0.733954,-0.328109,0.194901,-0.429619,-0.139431,0.193531,-0.475391,-0.223731,0.147448,-0.402002,-0.253246,0.10569,-0.308067,-0.265913,0.0,0.0,0.0,0.0,0.0,0.0,0.0,0.0,0.0,0.0,0.0,0.0,0.0,0.0,0.0,0.0,0.0,0.0,0.0,0.0,0.0,0.0,0.0,0.0,0.0,0.0,0.0,0.0,0.0,0.0,0.0,0.0,0.0,0.0,0.0,0.0,0.0,0.0,0.0,0.0,0.0,0.0,0.0,0.0,0.0,0.0,0.0,0.0,0.0,0.0,0.0,0.0,0.0,0.0,0.0,0.0,0.0,0.0,0.0,0.0,0.0,0.0,0.0,E
0.0,0.0,0.0,-0.00076,0.061301,-0.137377,0.033044,0.078815,-0.218344,0.047222,-0.08578,-0.276613,0.060639,-0.279155,-0.338556,0.316842,-0.034373,-0.179731,0.483693,0.042434,-0.252609,0.598366,0.071255,-0.303949,0.697097,0.083706,-0.337961,0.332986,-0.215663,-0.158161,0.517245,-0.282917,-0.21756,0.64513,-0.345132,-0.261593,0.75331,-0.399299,-0.288182,0.290857,-0.338483,-0.14478,0.409747,-0.511558,-0.227946,0.517223,-0.629749,-0.29285,0.615351,-0.713785,-0.334446,0.212719,-0.412468,-0.138575,0.214117,-0.456487,-0.230258,0.15268,-0.376761,-0.259941,0.096521,-0.283576,-0.271752,0.0,0.0,0.0,0.0,0.0,0.0,0.0,0.0,0.0,0.0,0.0,0.0,0.0,0.0,0.0,0.0,0.0,0.0,0.0,0.0,0.0,0.0,0.0,0.0,0.0,0.0,0.0,0.0,0.0,0.0,0.0,0.0,0.0,0.0,0.0,0.0,0.0,0.0,0.0,0.0,0.0,0.0,0.0,0.0,0.0,0.0,0.0,0.0,0.0,0.0,0.0,0.0,0.0,0.0,0.0,0.0,0.0,0.0,0.0,0.0,0.0,0.0,0.0,E
0.0,0.0,0.0,0.004059,0.061104,-0.123254,0.034052,0.080926,-0.200412,0.052112,-0.076056,-0.259344,0.070607,-0.269759,-0.322063,0.31865,-0.01373,-0.166835,0.487797,0.062571,-0.239213,0.598295,0.092259,-0.291133,0.694743,0.104706,-0.326106,0.333489,-0.203193,-0.154578,0.522353,-0.267423,-0.211308,0.651566,-0.32714,-0.257734,0.759254,-0.376518,-0.287193,0.287117,-0.330394,-0.14965,0.419821,-0.503192,-0.232322,0.530148,-0.616499,-0.301633,0.625769,-0.698728,-0.346689,0.206123,-0.401728,-0.150491,0.218761,-0.446846,-0.24446,0.167557,-0.374858,-0.278011,0.115777,-0.291484,-0.292331,0.0,0.0,0.0,0.0,0.0,0.0,0.0,0.0,0.0,0.0,0.0,0.0,0.0,0.0,0.0,0.0,0.0,0.0,0.0,0.0,0.0,0.0,0.0,0.0,0.0,0.0,0.0,0.0,0.0,0.0,0.0,0.0,0.0,0.0,0.0,0.0,0.0,0.0,0.0,0.0,0.0,0.0,0.0,0.0,0.0,0.0,0.0,0.0,0.0,0.0,0.0,0.0,0.0,0.0,0.0,0.0,0.0,0.0,0.0,0.0,0.0,0.0,0.0,E
0.0,0.0,0.0,-0.000157,0.05231,-0.133569,0.027324,0.065606,-0.215981,0.044494,-0.083484,-0.277853,0.065139,-0.27597,-0.343897,0.31893,-0.022164,-0.184511,0.486322,0.051555,-0.262001,0.597349,0.082399,-0.317109,0.694272,0.09755,-0.353807,0.333391,-0.210497,-0.167925,0.524535,-0.280762,-0.229336,0.655255,-0.346064,-0.277582,0.764976,-0.398784,-0.308247,0.285618,-0.33918,-0.158769,0.411895,-0.519633,-0.242797,0.518199,-0.632838,-0.308877,0.611841,-0.708479,-0.351722,0.202598,-0.410531,-0.156537,0.207439,-0.460601,-0.247007,0.152818,-0.390156,-0.276171,0.099611,-0.300539,-0.288193,0.0,0.0,0.0,0.0,0.0,0.0,0.0,0.0,0.0,0.0,0.0,0.0,0.0,0.0,0.0,0.0,0.0,0.0,0.0,0.0,0.0,0.0,0.0,0.0,0.0,0.0,0.0,0.0,0.0,0.0,0.0,0.0,0.0,0.0,0.0,0.0,0.0,0.0,0.0,0.0,0.0,0.0,0.0,0.0,0.0,0.0,0.0,0.0,0.0,0.0,0.0,0.0,0.0,0.0,0.0,0.0,0.0,0.0,0.0,0.0,0.0,0.0,0.0,E
0.0,0.0,0.0,-0.006105,0.060714,-0.13909,0.021734,0.078329,-0.223929,0.042143,-0.077096,-0.285877,0.066782,-0.27834,-0.3529,0.308004,-0.018721,-0.197943,0.473081,0.05778,-0.276143,0.582514,0.083916,-0.329666,0.680241,0.094981,-0.365532,0.321601,-0.206659,-0.178322,0.509394,-0.279132,-0.243928,0.638781,-0.343233,-0.292778,0.748142,-0.391985,-0.323115,0.273623,-0.333802,-0.165421,0.395993,-0.517421,-0.256184,0.50281,-0.633767,-0.325026,0.598248,-0.711293,-0.369002,0.190894,-0.404696,-0.158902,0.185291,-0.452917,-0.256605,0.12523,-0.370053,-0.28893,0.068227,-0.269515,-0.302667,0.0,0.0,0.0,0.0,0.0,0.0,0.0,0.0,0.0,0.0,0.0,0.0,0.0,0.0,0.0,0.0,0.0,0.0,0.0,0.0,0.0,0.0,0.0,0.0,0.0,0.0,0.0,0.0,0.0,0.0,0.0,0.0,0.0,0.0,0.0,0.0,0.0,0.0,0.0,0.0,0.0,0.0,0.0,0.0,0.0,0.0,0.0,0.0,0.0,0.0,0.0,0.0,0.0,0.0,0.0,0.0,0.0,0.0,0.0,0.0,0.0,0.0,0.0,E
0.0,0.0,0.0,-0.001036,0.069218,-0.13333,0.027631,0.09355,-0.215393,0.042486,-0.065362,-0.276769,0.058946,-0.268921,-0.342918,0.311537,-0.018079,-0.18454,0.476516,0.053715,-0.260222,0.585594,0.082207,-0.313696,0.681998,0.093665,-0.34999,0.324561,-0.208517,-0.167991,0.508601,-0.278059,-0.22924,0.63658,-0.337246,-0.277798,0.743761,-0.384637,-0.308909,0.27675,-0.334407,-0.158629,0.400953,-0.513814,-0.244633,0.510451,-0.628453,-0.314214,0.607018,-0.708453,-0.360033,0.194021,-0.405361,-0.155624,0.199891,-0.443803,-0.251279,0.147374,-0.358841,-0.28487,0.095156,-0.263217,-0.299949,0.0,0.0,0.0,0.0,0.0,0.0,0.0,0.0,0.0,0.0,0.0,0.0,0.0,0.0,0.0,0.0,0.0,0.0,0.0,0.0,0.0,0.0,0.0,0.0,0.0,0.0,0.0,0.0,0.0,0.0,0.0,0.0,0.0,0.0,0.0,0.0,0.0,0.0,0.0,0.0,0.0,0.0,0.0,0.0,0.0,0.0,0.0,0.0,0.0,0.0,0.0,0.0,0.0,0.0,0.0,0.0,0.0,0.0,0.0,0.0,0.0,0.0,0.0,E
0.0,0.0,0.0,-0.00107,0.064568,-0.131134,0.031141,0.088736,-0.211202,0.048981,-0.071811,-0.270655,0.066732,-0.275575,-0.334488,0.315561,-0.030766,-0.179469,0.484397,0.039721,-0.25241,0.593533,0.064732,-0.30343,0.689548,0.073991,-0.3377,0.32544,-0.219665,-0.162767,0.512196,-0.293913,-0.22308,0.639787,-0.356232,-0.269543,0.747194,-0.406265,-0.298155,0.276877,-0.344596,-0.153242,0.399807,-0.52021,-0.23826,0.508226,-0.634819,-0.3048,0.604233,-0.717133,-0.347307,0.195781,-0.413388,-0.150066,0.200651,-0.453726,-0.242233,0.144232,-0.373708,-0.271735,0.088442,-0.283386,-0.283417,0.0,0.0,0.0,0.0,0.0,0.0,0.0,0.0,0.0,0.0,0.0,0.0,0.0,0.0,0.0,0.0,0.0,0.0,0.0,0.0,0.0,0.0,0.0,0.0,0.0,0.0,0.0,0.0,0.0,0.0,0.0,0.0,0.0,0.0,0.0,0.0,0.0,0.0,0.0,0.0,0.0,0.0,0.0,0.0,0.0,0.0,0.0,0.0,0.0,0.0,0.0,0.0,0.0,0.0,0.0,0.0,0.0,0.0,0.0,0.0,0.0,0.0,0.0,E
0.0,0.0,0.0,0.00187,0.067601,-0.134225,0.032736,0.08848,-0.216034,0.046829,-0.067686,-0.276705,0.060474,-0.27088,-0.341846,0.312176,-0.032556,-0.183068,0.477794,0.032771,-0.256845,0.587013,0.05784,-0.309278,0.682764,0.065428,-0.344837,0.3231,-0.22078,-0.165161,0.506743,-0.296701,-0.224407,0.633095,-0.358107,-0.271087,0.737948,-0.408417,-0.300788,0.275292,-0.343549,-0.154632,0.396042,-0.52296,-0.237744,0.505159,-0.638208,-0.305228,0.600682,-0.718862,-0.349885,0.194067,-0.411565,-0.15084,0.197867,-0.452432,-0.243648,0.145595,-0.368431,-0.27557,0.0932,-0.27254,-0.289726,0.0,0.0,0.0,0.0,0.0,0.0,0.0,0.0,0.0,0.0,0.0,0.0,0.0,0.0,0.0,0.0,0.0,0.0,0.0,0.0,0.0,0.0,0.0,0.0,0.0,0.0,0.0,0.0,0.0,0.0,0.0,0.0,0.0,0.0,0.0,0.0,0.0,0.0,0.0,0.0,0.0,0.0,0.0,0.0,0.0,0.0,0.0,0.0,0.0,0.0,0.0,0.0,0.0,0.0,0.0,0.0,0.0,0.0,0.0,0.0,0.0,0.0,0.0,E
0.0,0.0,0.0,0.00383,0.069431,-0.13422,0.033344,0.090773,-0.219009,0.04596,-0.069267,-0.283836,0.058756,-0.274571,-0.353129,0.312196,-0.029586,-0.187041,0.47821,0.031437,-0.265716,0.587614,0.055053,-0.322016,0.683943,0.06243,-0.3602,0.319231,-0.218424,-0.171149,0.503454,-0.301615,-0.233035,0.631693,-0.36897,-0.282543,0.73847,-0.425464,-0.315191,0.268414,-0.341244,-0.162728,0.391116,-0.520014,-0.247421,0.498404,-0.635602,-0.31605,0.591216,-0.720788,-0.36184,0.186016,-0.407462,-0.161145,0.193791,-0.455499,-0.255458,0.150035,-0.381188,-0.289534,0.104292,-0.297239,-0.305564,0.0,0.0,0.0,0.0,0.0,0.0,0.0,0.0,0.0,0.0,0.0,0.0,0.0,0.0,0.0,0.0,0.0,0.0,0.0,0.0,0.0,0.0,0.0,0.0,0.0,0.0,0.0,0.0,0.0,0.0,0.0,0.0,0.0,0.0,0.0,0.0,0.0,0.0,0.0,0.0,0.0,0.0,0.0,0.0,0.0,0.0,0.0,0.0,0.0,0.0,0.0,0.0,0.0,0.0,0.0,0.0,0.0,0.0,0.0,0.0,0.0,0.0,0.0,E
0.0,0.0,0.0,0.005368,0.067959,-0.135906,0.036637,0.082069,-0.217484,0.05011,-0.0795,-0.277925,0.059898,-0.28518,-0.342763,0.317906,-0.046277,-0.180876,0.487992,0.012185,-0.255912,0.600431,0.033475,-0.309398,0.698286,0.037094,-0.345607,0.32401,-0.233774,-0.162643,0.511327,-0.322312,-0.223733,0.638325,-0.391815,-0.27215,0.743779,-0.450991,-0.302796,0.273066,-0.355353,-0.152108,0.390308,-0.529356,-0.235324,0.494534,-0.647417,-0.300779,0.587489,-0.732702,-0.343518,0.189177,-0.423893,-0.148847,0.191761,-0.470119,-0.241104,0.138486,-0.390015,-0.271047,0.086859,-0.295457,-0.283317,0.0,0.0,0.0,0.0,0.0,0.0,0.0,0.0,0.0,0.0,0.0,0.0,0.0,0.0,0.0,0.0,0.0,0.0,0.0,0.0,0.0,0.0,0.0,0.0,0.0,0.0,0.0,0.0,0.0,0.0,0.0,0.0,0.0,0.0,0.0,0.0,0.0,0.0,0.0,0.0,0.0,0.0,0.0,0.0,0.0,0.0,0.0,0.0,0.0,0.0,0.0,0.0,0.0,0.0,0.0,0.0,0.0,0.0,0.0,0.0,0.0,0.0,0.0,E
0.0,0.0,0.0,0.011541,0.074975,-0.145574,0.040495,0.098788,-0.234931,0.052426,-0.046405,-0.303512,0.06026,-0.246484,-0.375221,0.341049,-0.032104,-0.186937,0.515275,0.030345,-0.269906,0.635373,0.054215,-0.331018,0.737824,0.055921,-0.372129,0.344921,-0.228645,-0.167006,0.537606,-0.322922,-0.233792,0.670489,-0.396346,-0.288048,0.780693,-0.466083,-0.323462,0.290889,-0.360264,-0.156199,0.408345,-0.520508,-0.240644,0.506575,-0.63556,-0.307172,0.59143,-0.726151,-0.350594,0.205361,-0.435492,-0.15423,0.215565,-0.46956,-0.244463,0.176787,-0.394955,-0.276024,0.136053,-0.311648,-0.290039,0.0,0.0,0.0,0.0,0.0,0.0,0.0,0.0,0.0,0.0,0.0,0.0,0.0,0.0,0.0,0.0,0.0,0.0,0.0,0.0,0.0,0.0,0.0,0.0,0.0,0.0,0.0,0.0,0.0,0.0,0.0,0.0,0.0,0.0,0.0,0.0,0.0,0.0,0.0,0.0,0.0,0.0,0.0,0.0,0.0,0.0,0.0,0.0,0.0,0.0,0.0,0.0,0.0,0.0,0.0,0.0,0.0,0.0,0.0,0.0,0.0,0.0,0.0,E
0.0,0.0,0.0,0.01925,0.077213,-0.13987,0.044385,0.094171,-0.228628,0.055986,-0.04943,-0.299724,0.063683,-0.250465,-0.373696,0.361199,-0.033865,-0.177053,0.541336,0.037245,-0.262299,0.666774,0.065822,-0.326366,0.771652,0.069068,-0.369142,0.359214,-0.226398,-0.161111,0.560344,-0.336439,-0.230057,0.694985,-0.41709,-0.289474,0.806248,-0.492121,-0.328301,0.29773,-0.353002,-0.153875,0.420506,-0.506691,-0.24029,0.504437,-0.624027,-0.306761,0.579375,-0.722729,-0.347296,0.204243,-0.425041,-0.154881,0.226853,-0.477845,-0.245084,0.206939,-0.421202,-0.276517,0.184175,-0.354541,-0.288986,0.0,0.0,0.0,0.0,0.0,0.0,0.0,0.0,0.0,0.0,0.0,0.0,0.0,0.0,0.0,0.0,0.0,0.0,0.0,0.0,0.0,0.0,0.0,0.0,0.0,0.0,0.0,0.0,0.0,0.0,0.0,0.0,0.0,0.0,0.0,0.0,0.0,0.0,0.0,0.0,0.0,0.0,0.0,0.0,0.0,0.0,0.0,0.0,0.0,0.0,0.0,0.0,0.0,0.0,0.0,0.0,0.0,0.0,0.0,0.0,0.0,0.0,0.0,E
0.0,0.0,0.0,0.010471,0.079831,-0.174992,0.039553,0.111545,-0.279527,0.056322,0.027699,-0.360583,0.061613,-0.140757,-0.444347,0.371938,-0.014581,-0.203924,0.549883,0.051257,-0.290716,0.674324,0.074313,-0.357922,0.780189,0.075579,-0.404655,0.366475,-0.209465,-0.172576,0.563954,-0.316368,-0.246566,0.698379,-0.396546,-0.308647,0.81121,-0.469039,-0.3492,0.306357,-0.344753,-0.152752,0.428874,-0.495535,-0.246937,0.515731,-0.609282,-0.317992,0.594016,-0.700225,-0.362149,0.217578,-0.426368,-0.144437,0.228603,-0.463101,-0.246306,0.180315,-0.384041,-0.281844,0.132465,-0.297593,-0.296575,0.0,0.0,0.0,0.0,0.0,0.0,0.0,0.0,0.0,0.0,0.0,0.0,0.0,0.0,0.0,0.0,0.0,0.0,0.0,0.0,0.0,0.0,0.0,0.0,0.0,0.0,0.0,0.0,0.0,0.0,0.0,0.0,0.0,0.0,0.0,0.0,0.0,0.0,0.0,0.0,0.0,0.0,0.0,0.0,0.0,0.0,0.0,0.0,0.0,0.0,0.0,0.0,0.0,0.0,0.0,0.0,0.0,0.0,0.0,0.0,0.0,0.0,0.0,E
0.0,0.0,0.0,0.006983,0.086104,-0.185835,0.038565,0.110956,-0.293989,0.061404,0.046822,-0.374657,0.081839,-0.103094,-0.457874,0.361477,-0.02247,-0.222175,0.532813,0.022309,-0.305185,0.650788,0.041641,-0.364811,0.75014,0.044882,-0.405428,0.361188,-0.219273,-0.18176,0.550872,-0.325222,-0.256856,0.681181,-0.407686,-0.312642,0.788771,-0.477948,-0.346789,0.306344,-0.358274,-0.152983,0.421042,-0.523455,-0.249311,0.507948,-0.642376,-0.31998,0.586114,-0.723949,-0.363825,0.222373,-0.444312,-0.136166,0.214465,-0.469188,-0.242374,0.152305,-0.375967,-0.282131,0.097742,-0.266507,-0.299552,0.0,0.0,0.0,0.0,0.0,0.0,0.0,0.0,0.0,0.0,0.0,0.0,0.0,0.0,0.0,0.0,0.0,0.0,0.0,0.0,0.0,0.0,0.0,0.0,0.0,0.0,0.0,0.0,0.0,0.0,0.0,0.0,0.0,0.0,0.0,0.0,0.0,0.0,0.0,0.0,0.0,0.0,0.0,0.0,0.0,0.0,0.0,0.0,0.0,0.0,0.0,0.0,0.0,0.0,0.0,0.0,0.0,0.0,0.0,0.0,0.0,0.0,0.0,E
0.0,0.0,0.0,0.007784,0.070185,-0.17605,0.037181,0.091851,-0.277626,0.06145,0.010612,-0.353665,0.086855,-0.134028,-0.431412,0.360512,-0.030284,-0.207148,0.537493,0.028359,-0.289661,0.655613,0.048522,-0.352321,0.755443,0.047535,-0.396444,0.3617,-0.224569,-0.171636,0.553496,-0.317414,-0.24275,0.684367,-0.394151,-0.301584,0.789066,-0.464394,-0.340338,0.306211,-0.359755,-0.147593,0.429173,-0.516046,-0.237692,0.524544,-0.627301,-0.311167,0.605289,-0.710366,-0.359174,0.220079,-0.438951,-0.134957,0.223592,-0.466056,-0.236376,0.179925,-0.385968,-0.279069,0.138268,-0.297652,-0.300006,0.0,0.0,0.0,0.0,0.0,0.0,0.0,0.0,0.0,0.0,0.0,0.0,0.0,0.0,0.0,0.0,0.0,0.0,0.0,0.0,0.0,0.0,0.0,0.0,0.0,0.0,0.0,0.0,0.0,0.0,0.0,0.0,0.0,0.0,0.0,0.0,0.0,0.0,0.0,0.0,0.0,0.0,0.0,0.0,0.0,0.0,0.0,0.0,0.0,0.0,0.0,0.0,0.0,0.0,0.0,0.0,0.0,0.0,0.0,0.0,0.0,0.0,0.0,E
0.0,0.0,0.0,0.004388,0.081075,-0.201351,0.035318,0.099439,-0.314363,0.060167,0.01383,-0.39578,0.079148,-0.139957,-0.479419,0.356221,-0.00905,-0.236973,0.53238,0.053346,-0.31952,0.653689,0.067832,-0.379229,0.750707,0.06632,-0.42085,0.359261,-0.198952,-0.187209,0.549383,-0.287652,-0.259953,0.680475,-0.359678,-0.315569,0.781414,-0.418862,-0.350852,0.308032,-0.332665,-0.150207,0.439535,-0.492103,-0.242584,0.547443,-0.601687,-0.320791,0.636118,-0.67577,-0.372409,0.227994,-0.415478,-0.12603,0.226394,-0.445156,-0.232152,0.181396,-0.359719,-0.282494,0.136017,-0.260215,-0.309215,0.0,0.0,0.0,0.0,0.0,0.0,0.0,0.0,0.0,0.0,0.0,0.0,0.0,0.0,0.0,0.0,0.0,0.0,0.0,0.0,0.0,0.0,0.0,0.0,0.0,0.0,0.0,0.0,0.0,0.0,0.0,0.0,0.0,0.0,0.0,0.0,0.0,0.0,0.0,0.0,0.0,0.0,0.0,0.0,0.0,0.0,0.0,0.0,0.0,0.0,0.0,0.0,0.0,0.0,0.0,0.0,0.0,0.0,0.0,0.0,0.0,0.0,0.0,E
0.0,0.0,0.0,0.006927,0.065699,-0.170702,0.04257,0.077065,-0.267756,0.072373,-0.010238,-0.338738,0.101356,-0.147863,-0.412702,0.358223,-0.015468,-0.202067,0.525521,0.046333,-0.280497,0.641753,0.068345,-0.339727,0.739964,0.074879,-0.381329,0.364819,-0.200933,-0.168827,0.550419,-0.279597,-0.235636,0.678791,-0.346844,-0.290131,0.780808,-0.401277,-0.32496,0.313431,-0.331707,-0.147028,0.440756,-0.489726,-0.237979,0.551095,-0.597891,-0.31563,0.645463,-0.669893,-0.366908,0.228228,-0.410199,-0.135627,0.222544,-0.444425,-0.240916,0.163964,-0.358432,-0.286365,0.107606,-0.258502,-0.30907,0.0,0.0,0.0,0.0,0.0,0.0,0.0,0.0,0.0,0.0,0.0,0.0,0.0,0.0,0.0,0.0,0.0,0.0,0.0,0.0,0.0,0.0,0.0,0.0,0.0,0.0,0.0,0.0,0.0,0.0,0.0,0.0,0.0,0.0,0.0,0.0,0.0,0.0,0.0,0.0,0.0,0.0,0.0,0.0,0.0,0.0,0.0,0.0,0.0,0.0,0.0,0.0,0.0,0.0,0.0,0.0,0.0,0.0,0.0,0.0,0.0,0.0,0.0,E
0.0,0.0,0.0,0.00621,0.06626,-0.169825,0.043328,0.076734,-0.264601,0.07495,-0.019417,-0.333023,0.099865,-0.161314,-0.404523,0.356425,-0.025577,-0.196152,0.522706,0.042155,-0.271392,0.637232,0.064009,-0.327676,0.734344,0.069598,-0.367359,0.363595,-0.207538,-0.16207,0.548066,-0.285967,-0.226083,0.673787,-0.353276,-0.277791,0.774743,-0.406885,-0.310239,0.312192,-0.335508,-0.139642,0.434953,-0.493945,-0.229327,0.54507,-0.605995,-0.30544,0.642078,-0.679329,-0.355315,0.226706,-0.412318,-0.127557,0.213558,-0.45213,-0.231248,0.150066,-0.367752,-0.275246,0.092572,-0.265998,-0.296957,0.0,0.0,0.0,0.0,0.0,0.0,0.0,0.0,0.0,0.0,0.0,0.0,0.0,0.0,0.0,0.0,0.0,0.0,0.0,0.0,0.0,0.0,0.0,0.0,0.0,0.0,0.0,0.0,0.0,0.0,0.0,0.0,0.0,0.0,0.0,0.0,0.0,0.0,0.0,0.0,0.0,0.0,0.0,0.0,0.0,0.0,0.0,0.0,0.0,0.0,0.0,0.0,0.0,0.0,0.0,0.0,0.0,0.0,0.0,0.0,0.0,0.0,0.0,E
0.0,0.0,0.0,0.007929,0.065021,-0.174932,0.044344,0.077552,-0.273771,0.078066,-0.004797,-0.346361,0.117848,-0.140131,-0.421016,0.358591,-0.012631,-0.202795,0.529101,0.050724,-0.281694,0.646793,0.069528,-0.340538,0.744784,0.070879,-0.381921,0.365217,-0.201445,-0.166826,0.552959,-0.281173,-0.234081,0.68199,-0.346205,-0.288173,0.784244,-0.401014,-0.322726,0.314678,-0.334738,-0.143068,0.443049,-0.4901,-0.23395,0.552888,-0.596192,-0.312346,0.645665,-0.671166,-0.364215,0.231684,-0.41452,-0.13012,0.227083,-0.438577,-0.23643,0.175795,-0.352001,-0.285291,0.125967,-0.258043,-0.310417,0.0,0.0,0.0,0.0,0.0,0.0,0.0,0.0,0.0,0.0,0.0,0.0,0.0,0.0,0.0,0.0,0.0,0.0,0.0,0.0,0.0,0.0,0.0,0.0,0.0,0.0,0.0,0.0,0.0,0.0,0.0,0.0,0.0,0.0,0.0,0.0,0.0,0.0,0.0,0.0,0.0,0.0,0.0,0.0,0.0,0.0,0.0,0.0,0.0,0.0,0.0,0.0,0.0,0.0,0.0,0.0,0.0,0.0,0.0,0.0,0.0,0.0,0.0,E
0.0,0.0,0.0,0.005358,0.06057,-0.17856,0.034709,0.088489,-0.283031,0.050741,0.031088,-0.361376,0.058287,-0.1095,-0.443398,0.358633,-0.028444,-0.210057,0.526884,0.031994,-0.287713,0.64218,0.048432,-0.345944,0.737274,0.04905,-0.386979,0.361431,-0.216189,-0.173393,0.545703,-0.296362,-0.239794,0.672421,-0.365307,-0.292309,0.772714,-0.422337,-0.32535,0.308878,-0.348276,-0.148712,0.434083,-0.508203,-0.236938,0.542697,-0.613968,-0.312127,0.633888,-0.683482,-0.361992,0.224591,-0.43027,-0.135558,0.212519,-0.463318,-0.237688,0.152791,-0.378468,-0.281589,0.096292,-0.274931,-0.303646,0.0,0.0,0.0,0.0,0.0,0.0,0.0,0.0,0.0,0.0,0.0,0.0,0.0,0.0,0.0,0.0,0.0,0.0,0.0,0.0,0.0,0.0,0.0,0.0,0.0,0.0,0.0,0.0,0.0,0.0,0.0,0.0,0.0,0.0,0.0,0.0,0.0,0.0,0.0,0.0,0.0,0.0,0.0,0.0,0.0,0.0,0.0,0.0,0.0,0.0,0.0,0.0,0.0,0.0,0.0,0.0,0.0,0.0,0.0,0.0,0.0,0.0,0.0,E
0.0,0.0,0.0,0.009692,0.067677,-0.15801,0.04194,0.084167,-0.248942,0.068016,-0.011152,-0.315857,0.093645,-0.160254,-0.385266,0.358226,-0.023978,-0.189125,0.532831,0.039375,-0.262913,0.648677,0.058151,-0.317054,0.746055,0.059557,-0.354501,0.364085,-0.211211,-0.159653,0.549926,-0.286727,-0.222108,0.679111,-0.351922,-0.271324,0.781819,-0.406338,-0.302129,0.312038,-0.340421,-0.140871,0.440046,-0.497031,-0.226013,0.551805,-0.604437,-0.298689,0.647057,-0.67921,-0.346397,0.226996,-0.416282,-0.13159,0.226622,-0.44519,-0.22968,0.174659,-0.360114,-0.2707,0.122984,-0.263282,-0.290377,0.0,0.0,0.0,0.0,0.0,0.0,0.0,0.0,0.0,0.0,0.0,0.0,0.0,0.0,0.0,0.0,0.0,0.0,0.0,0.0,0.0,0.0,0.0,0.0,0.0,0.0,0.0,0.0,0.0,0.0,0.0,0.0,0.0,0.0,0.0,0.0,0.0,0.0,0.0,0.0,0.0,0.0,0.0,0.0,0.0,0.0,0.0,0.0,0.0,0.0,0.0,0.0,0.0,0.0,0.0,0.0,0.0,0.0,0.0,0.0,0.0,0.0,0.0,E
0.0,0.0,0.0,0.014978,0.07982,-0.150576,0.048745,0.106466,-0.241019,0.068353,-0.003359,-0.309814,0.083279,-0.169304,-0.382363,0.36411,-0.005715,-0.184472,0.539025,0.052425,-0.259698,0.655328,0.069518,-0.316437,0.755252,0.067833,-0.356016,0.370045,-0.194787,-0.160932,0.558617,-0.272714,-0.221906,0.688854,-0.340923,-0.27382,0.793713,-0.39712,-0.307526,0.318122,-0.327279,-0.147198,0.4469,-0.485695,-0.231446,0.559231,-0.593935,-0.305642,0.653155,-0.668624,-0.355431,0.231056,-0.40934,-0.142387,0.228526,-0.438687,-0.240295,0.174508,-0.349529,-0.28031,0.120046,-0.247579,-0.299681,0.0,0.0,0.0,0.0,0.0,0.0,0.0,0.0,0.0,0.0,0.0,0.0,0.0,0.0,0.0,0.0,0.0,0.0,0.0,0.0,0.0,0.0,0.0,0.0,0.0,0.0,0.0,0.0,0.0,0.0,0.0,0.0,0.0,0.0,0.0,0.0,0.0,0.0,0.0,0.0,0.0,0.0,0.0,0.0,0.0,0.0,0.0,0.0,0.0,0.0,0.0,0.0,0.0,0.0,0.0,0.0,0.0,0.0,0.0,0.0,0.0,0.0,0.0,E
0.0,0.0,0.0,0.009508,0.049766,-0.160922,0.045749,0.058783,-0.251417,0.075446,-0.013516,-0.317887,0.109588,-0.127507,-0.386959,0.364371,-0.01647,-0.185507,0.533174,0.033367,-0.257419,0.648533,0.049177,-0.311924,0.746291,0.053713,-0.349896,0.370112,-0.205014,-0.154347,0.556422,-0.293687,-0.215478,0.683467,-0.36859,-0.266022,0.784525,-0.427182,-0.297422,0.318661,-0.337955,-0.134272,0.443677,-0.507967,-0.220262,0.546235,-0.621611,-0.293834,0.631153,-0.696392,-0.34159,0.233078,-0.418768,-0.124185,0.228935,-0.451514,-0.22493,0.16729,-0.366459,-0.267068,0.107513,-0.264676,-0.286768,0.0,0.0,0.0,0.0,0.0,0.0,0.0,0.0,0.0,0.0,0.0,0.0,0.0,0.0,0.0,0.0,0.0,0.0,0.0,0.0,0.0,0.0,0.0,0.0,0.0,0.0,0.0,0.0,0.0,0.0,0.0,0.0,0.0,0.0,0.0,0.0,0.0,0.0,0.0,0.0,0.0,0.0,0.0,0.0,0.0,0.0,0.0,0.0,0.0,0.0,0.0,0.0,0.0,0.0,0.0,0.0,0.0,0.0,0.0,0.0,0.0,0.0,0.0,E
0.0,0.0,0.0,0.020404,0.057607,-0.16418,0.075515,0.063007,-0.250224,0.13517,-0.005732,-0.310278,0.195484,-0.112569,-0.372122,0.368328,-0.023342,-0.187895,0.546841,0.034696,-0.260971,0.66135,0.045484,-0.315391,0.761243,0.042618,-0.353381,0.374974,-0.207363,-0.153733,0.567313,-0.291131,-0.217495,0.694381,-0.364898,-0.269307,0.796693,-0.426001,-0.301162,0.326415,-0.336939,-0.130422,0.451516,-0.506598,-0.21752,0.547963,-0.623758,-0.289219,0.629501,-0.700813,-0.335545,0.244993,-0.412691,-0.117592,0.238774,-0.458129,-0.220175,0.175219,-0.38509,-0.262263,0.116471,-0.292008,-0.281428,0.0,0.0,0.0,0.0,0.0,0.0,0.0,0.0,0.0,0.0,0.0,0.0,0.0,0.0,0.0,0.0,0.0,0.0,0.0,0.0,0.0,0.0,0.0,0.0,0.0,0.0,0.0,0.0,0.0,0.0,0.0,0.0,0.0,0.0,0.0,0.0,0.0,0.0,0.0,0.0,0.0,0.0,0.0,0.0,0.0,0.0,0.0,0.0,0.0,0.0,0.0,0.0,0.0,0.0,0.0,0.0,0.0,0.0,0.0,0.0,0.0,0.0,0.0,E
0.0,0.0,0.0,0.025277,0.056625,-0.139708,0.07964,0.072599,-0.217545,0.125686,0.004528,-0.274858,0.178869,-0.100479,-0.3352,0.370679,-0.041414,-0.166212,0.542319,0.011723,-0.234574,0.654345,0.027148,-0.286723,0.752286,0.026393,-0.323275,0.372187,-0.227284,-0.144928,0.560987,-0.308281,-0.203715,0.684361,-0.379979,-0.254332,0.786809,-0.44441,-0.286047,0.32046,-0.356208,-0.132624,0.444302,-0.51306,-0.215878,0.544451,-0.622122,-0.287265,0.630193,-0.700789,-0.334292,0.235127,-0.430467,-0.128688,0.232599,-0.454121,-0.227342,0.169455,-0.36346,-0.266118,0.111412,-0.264249,-0.283424,0.0,0.0,0.0,0.0,0.0,0.0,0.0,0.0,0.0,0.0,0.0,0.0,0.0,0.0,0.0,0.0,0.0,0.0,0.0,0.0,0.0,0.0,0.0,0.0,0.0,0.0,0.0,0.0,0.0,0.0,0.0,0.0,0.0,0.0,0.0,0.0,0.0,0.0,0.0,0.0,0.0,0.0,0.0,0.0,0.0,0.0,0.0,0.0,0.0,0.0,0.0,0.0,0.0,0.0,0.0,0.0,0.0,0.0,0.0,0.0,0.0,0.0,0.0,E
0.0,0.0,0.0,0.017824,0.049104,-0.191987,0.074724,0.054416,-0.29597,0.133209,0.025578,-0.371455,0.186639,-0.049139,-0.448718,0.37099,-0.04654,-0.207958,0.535014,0.00454,-0.283071,0.651559,0.013423,-0.340296,0.745011,0.01462,-0.381805,0.363379,-0.227606,-0.163713,0.549713,-0.316697,-0.227738,0.669082,-0.389004,-0.28226,0.77356,-0.452922,-0.318555,0.308598,-0.355136,-0.133263,0.427484,-0.512572,-0.221269,0.527932,-0.628397,-0.300102,0.613186,-0.705802,-0.354748,0.225969,-0.432797,-0.116052,0.212598,-0.474592,-0.220621,0.158671,-0.391368,-0.271385,0.111213,-0.291765,-0.300489,0.0,0.0,0.0,0.0,0.0,0.0,0.0,0.0,0.0,0.0,0.0,0.0,0.0,0.0,0.0,0.0,0.0,0.0,0.0,0.0,0.0,0.0,0.0,0.0,0.0,0.0,0.0,0.0,0.0,0.0,0.0,0.0,0.0,0.0,0.0,0.0,0.0,0.0,0.0,0.0,0.0,0.0,0.0,0.0,0.0,0.0,0.0,0.0,0.0,0.0,0.0,0.0,0.0,0.0,0.0,0.0,0.0,0.0,0.0,0.0,0.0,0.0,0.0,E
0.0,0.0,0.0,0.021395,0.033965,-0.170225,0.079529,0.039921,-0.265382,0.139272,0.015555,-0.336356,0.185136,-0.065609,-0.409277,0.378323,-0.058216,-0.185281,0.542013,-0.005505,-0.25921,0.657763,0.00257,-0.31591,0.752675,0.003107,-0.356013,0.376197,-0.241855,-0.152906,0.563142,-0.329735,-0.213205,0.682836,-0.401312,-0.261523,0.787726,-0.462428,-0.292114,0.32421,-0.371342,-0.13338,0.440892,-0.526798,-0.217142,0.535978,-0.639098,-0.285674,0.618674,-0.712026,-0.332056,0.240689,-0.446577,-0.126226,0.217531,-0.491281,-0.225627,0.148852,-0.411912,-0.266138,0.089047,-0.311482,-0.286375,0.0,0.0,0.0,0.0,0.0,0.0,0.0,0.0,0.0,0.0,0.0,0.0,0.0,0.0,0.0,0.0,0.0,0.0,0.0,0.0,0.0,0.0,0.0,0.0,0.0,0.0,0.0,0.0,0.0,0.0,0.0,0.0,0.0,0.0,0.0,0.0,0.0,0.0,0.0,0.0,0.0,0.0,0.0,0.0,0.0,0.0,0.0,0.0,0.0,0.0,0.0,0.0,0.0,0.0,0.0,0.0,0.0,0.0,0.0,0.0,0.0,0.0,0.0,E
0.0,0.0,0.0,0.016414,0.043818,-0.186282,0.072159,0.042536,-0.288192,0.142173,-0.000171,-0.362725,0.21784,-0.070795,-0.437723,0.374384,-0.04241,-0.203162,0.537235,0.013252,-0.285723,0.655609,0.023541,-0.347073,0.752043,0.027651,-0.390364,0.374783,-0.222889,-0.164142,0.56443,-0.310344,-0.234312,0.68571,-0.378831,-0.287971,0.794612,-0.439629,-0.322435,0.325084,-0.350989,-0.139151,0.443649,-0.512345,-0.232405,0.536908,-0.625858,-0.303783,0.619155,-0.702201,-0.351511,0.243791,-0.427349,-0.127356,0.22737,-0.485189,-0.23462,0.164005,-0.412548,-0.279286,0.107628,-0.320949,-0.302359,0.0,0.0,0.0,0.0,0.0,0.0,0.0,0.0,0.0,0.0,0.0,0.0,0.0,0.0,0.0,0.0,0.0,0.0,0.0,0.0,0.0,0.0,0.0,0.0,0.0,0.0,0.0,0.0,0.0,0.0,0.0,0.0,0.0,0.0,0.0,0.0,0.0,0.0,0.0,0.0,0.0,0.0,0.0,0.0,0.0,0.0,0.0,0.0,0.0,0.0,0.0,0.0,0.0,0.0,0.0,0.0,0.0,0.0,0.0,0.0,0.0,0.0,0.0,E
0.0,0.0,0.0,0.022195,0.036783,-0.196693,0.093412,0.027259,-0.298723,0.187494,-0.025768,-0.370317,0.28542,-0.102702,-0.442693,0.374017,-0.040936,-0.208466,0.543575,0.025921,-0.289126,0.663917,0.036235,-0.346915,0.763036,0.040229,-0.387395,0.37546,-0.211793,-0.161463,0.567341,-0.296737,-0.229553,0.689704,-0.363098,-0.279242,0.801742,-0.420993,-0.310553,0.329787,-0.334178,-0.129176,0.44892,-0.502264,-0.224153,0.541441,-0.623898,-0.293545,0.625169,-0.702655,-0.339765,0.252265,-0.413206,-0.110743,0.234377,-0.481429,-0.224578,0.162961,-0.408703,-0.270563,0.100528,-0.311299,-0.293256,0.0,0.0,0.0,0.0,0.0,0.0,0.0,0.0,0.0,0.0,0.0,0.0,0.0,0.0,0.0,0.0,0.0,0.0,0.0,0.0,0.0,0.0,0.0,0.0,0.0,0.0,0.0,0.0,0.0,0.0,0.0,0.0,0.0,0.0,0.0,0.0,0.0,0.0,0.0,0.0,0.0,0.0,0.0,0.0,0.0,0.0,0.0,0.0,0.0,0.0,0.0,0.0,0.0,0.0,0.0,0.0,0.0,0.0,0.0,0.0,0.0,0.0,0.0,E
0.0,0.0,0.0,0.019896,0.039158,-0.179812,0.07871,0.041583,-0.277356,0.145904,-0.018268,-0.347494,0.206331,-0.143493,-0.418002,0.384574,-0.03768,-0.198818,0.55227,0.024314,-0.275823,0.669833,0.037369,-0.334655,0.770402,0.035329,-0.377104,0.385637,-0.218749,-0.161743,0.577686,-0.305646,-0.230262,0.702062,-0.376137,-0.285006,0.813987,-0.44496,-0.320105,0.335633,-0.349101,-0.136926,0.449654,-0.506175,-0.227813,0.542033,-0.619523,-0.295948,0.626811,-0.700834,-0.340499,0.253465,-0.429233,-0.124699,0.242896,-0.485662,-0.227754,0.176524,-0.411517,-0.265826,0.117164,-0.322288,-0.283287,0.0,0.0,0.0,0.0,0.0,0.0,0.0,0.0,0.0,0.0,0.0,0.0,0.0,0.0,0.0,0.0,0.0,0.0,0.0,0.0,0.0,0.0,0.0,0.0,0.0,0.0,0.0,0.0,0.0,0.0,0.0,0.0,0.0,0.0,0.0,0.0,0.0,0.0,0.0,0.0,0.0,0.0,0.0,0.0,0.0,0.0,0.0,0.0,0.0,0.0,0.0,0.0,0.0,0.0,0.0,0.0,0.0,0.0,0.0,0.0,0.0,0.0,0.0,E
0.0,0.0,0.0,0.018268,0.034506,-0.166892,0.080882,0.037345,-0.255855,0.145714,-0.032323,-0.319362,0.199583,-0.164967,-0.383964,0.383115,-0.038291,-0.186074,0.551949,0.027927,-0.262709,0.670538,0.047535,-0.321232,0.775379,0.054286,-0.363024,0.389199,-0.218955,-0.155141,0.582931,-0.306522,-0.222251,0.709458,-0.379368,-0.276225,0.820961,-0.443085,-0.31061,0.339687,-0.349397,-0.135812,0.451089,-0.50612,-0.228293,0.543233,-0.621199,-0.297888,0.628504,-0.698378,-0.342417,0.257315,-0.425884,-0.127798,0.233182,-0.484273,-0.231723,0.159703,-0.412904,-0.269667,0.096307,-0.323769,-0.286642,0.0,0.0,0.0,0.0,0.0,0.0,0.0,0.0,0.0,0.0,0.0,0.0,0.0,0.0,0.0,0.0,0.0,0.0,0.0,0.0,0.0,0.0,0.0,0.0,0.0,0.0,0.0,0.0,0.0,0.0,0.0,0.0,0.0,0.0,0.0,0.0,0.0,0.0,0.0,0.0,0.0,0.0,0.0,0.0,0.0,0.0,0.0,0.0,0.0,0.0,0.0,0.0,0.0,0.0,0.0,0.0,0.0,0.0,0.0,0.0,0.0,0.0,0.0,E
0.0,0.0,0.0,0.023007,0.038373,-0.165734,0.087619,0.036809,-0.252655,0.152586,-0.045521,-0.314414,0.207,-0.181949,-0.37684,0.39064,-0.043248,-0.179983,0.559622,0.02108,-0.253774,0.676466,0.039687,-0.310849,0.778979,0.043671,-0.35135,0.394848,-0.225829,-0.147769,0.588064,-0.314313,-0.212967,0.71609,-0.386924,-0.265943,0.827306,-0.453215,-0.299038,0.344307,-0.35632,-0.127193,0.455236,-0.513978,-0.216855,0.545896,-0.627994,-0.284292,0.627008,-0.707281,-0.326519,0.261361,-0.431603,-0.118068,0.242477,-0.485861,-0.219435,0.171031,-0.414183,-0.255699,0.10677,-0.327995,-0.270591,0.0,0.0,0.0,0.0,0.0,0.0,0.0,0.0,0.0,0.0,0.0,0.0,0.0,0.0,0.0,0.0,0.0,0.0,0.0,0.0,0.0,0.0,0.0,0.0,0.0,0.0,0.0,0.0,0.0,0.0,0.0,0.0,0.0,0.0,0.0,0.0,0.0,0.0,0.0,0.0,0.0,0.0,0.0,0.0,0.0,0.0,0.0,0.0,0.0,0.0,0.0,0.0,0.0,0.0,0.0,0.0,0.0,0.0,0.0,0.0,0.0,0.0,0.0,E
0.0,0.0,0.0,0.022017,0.036423,-0.163846,0.087011,0.034806,-0.250921,0.150129,-0.05088,-0.313292,0.200112,-0.192652,-0.377038,0.389188,-0.044014,-0.181476,0.558885,0.021236,-0.255971,0.676182,0.039504,-0.313551,0.779829,0.042463,-0.354639,0.393634,-0.225041,-0.151267,0.586714,-0.313494,-0.216686,0.713073,-0.389313,-0.270312,0.822992,-0.458079,-0.304105,0.342952,-0.354622,-0.13231,0.455818,-0.509687,-0.223023,0.544683,-0.62487,-0.291277,0.625387,-0.705068,-0.33432,0.259942,-0.429835,-0.124466,0.238451,-0.484298,-0.227352,0.164314,-0.411412,-0.264005,0.09883,-0.323401,-0.279274,0.0,0.0,0.0,0.0,0.0,0.0,0.0,0.0,0.0,0.0,0.0,0.0,0.0,0.0,0.0,0.0,0.0,0.0,0.0,0.0,0.0,0.0,0.0,0.0,0.0,0.0,0.0,0.0,0.0,0.0,0.0,0.0,0.0,0.0,0.0,0.0,0.0,0.0,0.0,0.0,0.0,0.0,0.0,0.0,0.0,0.0,0.0,0.0,0.0,0.0,0.0,0.0,0.0,0.0,0.0,0.0,0.0,0.0,0.0,0.0,0.0,0.0,0.0,E
0.0,0.0,0.0,0.021514,0.035452,-0.17106,0.087373,0.03276,-0.260233,0.153307,-0.05158,-0.323293,0.205822,-0.198395,-0.387233,0.387616,-0.042512,-0.189554,0.557764,0.022777,-0.268258,0.6757,0.042787,-0.329856,0.779742,0.045919,-0.374121,0.39461,-0.226855,-0.156249,0.590569,-0.317583,-0.22426,0.717966,-0.392634,-0.281435,0.82642,-0.462006,-0.318493,0.344937,-0.359173,-0.134639,0.458663,-0.511739,-0.224943,0.547311,-0.623736,-0.294043,0.625629,-0.702931,-0.338342,0.263149,-0.434514,-0.125004,0.246974,-0.489503,-0.22737,0.181987,-0.421538,-0.265642,0.122137,-0.341743,-0.282511,0.0,0.0,0.0,0.0,0.0,0.0,0.0,0.0,0.0,0.0,0.0,0.0,0.0,0.0,0.0,0.0,0.0,0.0,0.0,0.0,0.0,0.0,0.0,0.0,0.0,0.0,0.0,0.0,0.0,0.0,0.0,0.0,0.0,0.0,0.0,0.0,0.0,0.0,0.0,0.0,0.0,0.0,0.0,0.0,0.0,0.0,0.0,0.0,0.0,0.0,0.0,0.0,0.0,0.0,0.0,0.0,0.0,0.0,0.0,0.0,0.0,0.0,0.0,E
0.0,0.0,0.0,0.02566,0.043882,-0.171234,0.092993,0.033002,-0.259666,0.156271,-0.06975,-0.321617,0.203776,-0.223979,-0.38422,0.390841,-0.036119,-0.184997,0.561155,0.026489,-0.262102,0.679361,0.047522,-0.323141,0.784706,0.050565,-0.366904,0.394023,-0.218825,-0.150311,0.592639,-0.312412,-0.21831,0.721748,-0.386967,-0.274376,0.833148,-0.457908,-0.310137,0.343334,-0.350657,-0.127669,0.461516,-0.504595,-0.218068,0.550892,-0.617826,-0.284672,0.630466,-0.700813,-0.326173,0.261719,-0.424869,-0.117054,0.257694,-0.483966,-0.217264,0.189965,-0.415654,-0.250776,0.12627,-0.334216,-0.263971,0.0,0.0,0.0,0.0,0.0,0.0,0.0,0.0,0.0,0.0,0.0,0.0,0.0,0.0,0.0,0.0,0.0,0.0,0.0,0.0,0.0,0.0,0.0,0.0,0.0,0.0,0.0,0.0,0.0,0.0,0.0,0.0,0.0,0.0,0.0,0.0,0.0,0.0,0.0,0.0,0.0,0.0,0.0,0.0,0.0,0.0,0.0,0.0,0.0,0.0,0.0,0.0,0.0,0.0,0.0,0.0,0.0,0.0,0.0,0.0,0.0,0.0,0.0,E
0.0,0.0,0.0,0.024617,0.037625,-0.166891,0.094898,0.018453,-0.25048,0.156061,-0.092665,-0.307647,0.20272,-0.252869,-0.365828,0.387645,-0.048512,-0.177301,0.556885,0.015908,-0.250587,0.67566,0.038438,-0.307008,0.78258,0.044768,-0.34704,0.391188,-0.227949,-0.14396,0.590605,-0.320137,-0.210284,0.718519,-0.39286,-0.261847,0.829922,-0.457618,-0.292678,0.339603,-0.357652,-0.122804,0.454698,-0.512305,-0.21654,0.544348,-0.627479,-0.283225,0.628017,-0.708176,-0.322615,0.256668,-0.43092,-0.11292,0.244951,-0.489052,-0.216293,0.166709,-0.419129,-0.249178,0.09774,-0.332532,-0.2607,0.0,0.0,0.0,0.0,0.0,0.0,0.0,0.0,0.0,0.0,0.0,0.0,0.0,0.0,0.0,0.0,0.0,0.0,0.0,0.0,0.0,0.0,0.0,0.0,0.0,0.0,0.0,0.0,0.0,0.0,0.0,0.0,0.0,0.0,0.0,0.0,0.0,0.0,0.0,0.0,0.0,0.0,0.0,0.0,0.0,0.0,0.0,0.0,0.0,0.0,0.0,0.0,0.0,0.0,0.0,0.0,0.0,0.0,0.0,0.0,0.0,0.0,0.0,E
0.0,0.0,0.0,0.031744,0.054575,-0.149885,0.105942,0.018345,-0.223149,0.17349,-0.154428,-0.272685,0.23173,-0.33667,-0.322483,0.392842,-0.031433,-0.159903,0.56594,0.035891,-0.232408,0.687079,0.056295,-0.286354,0.794499,0.058994,-0.324361,0.397602,-0.209638,-0.134661,0.606207,-0.308018,-0.201872,0.735382,-0.381596,-0.251748,0.849641,-0.446506,-0.280333,0.345041,-0.336691,-0.12064,0.469579,-0.498465,-0.216817,0.555507,-0.615925,-0.280657,0.637397,-0.702751,-0.316017,0.260421,-0.40724,-0.115806,0.263466,-0.476802,-0.220416,0.193264,-0.412937,-0.25159,0.132484,-0.336376,-0.260613,0.0,0.0,0.0,0.0,0.0,0.0,0.0,0.0,0.0,0.0,0.0,0.0,0.0,0.0,0.0,0.0,0.0,0.0,0.0,0.0,0.0,0.0,0.0,0.0,0.0,0.0,0.0,0.0,0.0,0.0,0.0,0.0,0.0,0.0,0.0,0.0,0.0,0.0,0.0,0.0,0.0,0.0,0.0,0.0,0.0,0.0,0.0,0.0,0.0,0.0,0.0,0.0,0.0,0.0,0.0,0.0,0.0,0.0,0.0,0.0,0.0,0.0,0.0,E
0.0,0.0,0.0,0.038851,0.036504,-0.13547,0.116309,-0.020218,-0.199477,0.167571,-0.238235,-0.242255,0.215584,-0.450504,-0.28561,0.392284,-0.03558,-0.140171,0.565888,0.016826,-0.20752,0.686325,0.036673,-0.258807,0.794117,0.038569,-0.29512,0.393891,-0.211293,-0.121132,0.603445,-0.308005,-0.180648,0.733494,-0.387059,-0.230318,0.847669,-0.45547,-0.260107,0.340234,-0.33789,-0.113022,0.464614,-0.492915,-0.203937,0.554907,-0.611799,-0.272101,0.637604,-0.704844,-0.310895,0.255929,-0.405926,-0.112961,0.264032,-0.462982,-0.215216,0.200829,-0.400323,-0.248981,0.142163,-0.336046,-0.260059,0.0,0.0,0.0,0.0,0.0,0.0,0.0,0.0,0.0,0.0,0.0,0.0,0.0,0.0,0.0,0.0,0.0,0.0,0.0,0.0,0.0,0.0,0.0,0.0,0.0,0.0,0.0,0.0,0.0,0.0,0.0,0.0,0.0,0.0,0.0,0.0,0.0,0.0,0.0,0.0,0.0,0.0,0.0,0.0,0.0,0.0,0.0,0.0,0.0,0.0,0.0,0.0,0.0,0.0,0.0,0.0,0.0,0.0,0.0,0.0,0.0,0.0,0.0,E
0.0,0.0,0.0,0.040651,0.039683,-0.150936,0.120999,-0.030193,-0.219409,0.174494,-0.267976,-0.264297,0.222959,-0.491138,-0.308751,0.392593,-0.051333,-0.1435,0.564153,-0.00836,-0.214632,0.686091,0.011862,-0.270695,0.792764,0.015721,-0.310911,0.390567,-0.229153,-0.117903,0.59669,-0.333473,-0.181306,0.72485,-0.409595,-0.237593,0.8373,-0.474129,-0.27227,0.333809,-0.355488,-0.105247,0.454896,-0.509842,-0.200044,0.54425,-0.62333,-0.274788,0.626568,-0.70842,-0.317939,0.248047,-0.422549,-0.10188,0.255327,-0.489201,-0.210365,0.201583,-0.436556,-0.252607,0.154432,-0.378051,-0.269682,0.0,0.0,0.0,0.0,0.0,0.0,0.0,0.0,0.0,0.0,0.0,0.0,0.0,0.0,0.0,0.0,0.0,0.0,0.0,0.0,0.0,0.0,0.0,0.0,0.0,0.0,0.0,0.0,0.0,0.0,0.0,0.0,0.0,0.0,0.0,0.0,0.0,0.0,0.0,0.0,0.0,0.0,0.0,0.0,0.0,0.0,0.0,0.0,0.0,0.0,0.0,0.0,0.0,0.0,0.0,0.0,0.0,0.0,0.0,0.0,0.0,0.0,0.0,E
0.0,0.0,0.0,0.041476,0.042499,-0.132657,0.118457,-0.010377,-0.196278,0.164552,-0.239157,-0.239852,0.207221,-0.455747,-0.284335,0.383253,-0.045209,-0.138496,0.55648,0.00129,-0.208986,0.676654,0.016581,-0.263482,0.782238,0.012546,-0.302736,0.385752,-0.222672,-0.12287,0.593311,-0.328125,-0.182749,0.717414,-0.414148,-0.236057,0.828139,-0.491443,-0.269573,0.332388,-0.345641,-0.11774,0.454678,-0.502866,-0.206864,0.543145,-0.615707,-0.276356,0.625498,-0.703451,-0.318069,0.247753,-0.408937,-0.120494,0.249967,-0.472086,-0.223584,0.195944,-0.413123,-0.260617,0.150146,-0.348911,-0.274895,0.0,0.0,0.0,0.0,0.0,0.0,0.0,0.0,0.0,0.0,0.0,0.0,0.0,0.0,0.0,0.0,0.0,0.0,0.0,0.0,0.0,0.0,0.0,0.0,0.0,0.0,0.0,0.0,0.0,0.0,0.0,0.0,0.0,0.0,0.0,0.0,0.0,0.0,0.0,0.0,0.0,0.0,0.0,0.0,0.0,0.0,0.0,0.0,0.0,0.0,0.0,0.0,0.0,0.0,0.0,0.0,0.0,0.0,0.0,0.0,0.0,0.0,0.0,E
0.0,0.0,0.0,0.040629,0.046642,-0.131076,0.118081,0.002624,-0.194954,0.164074,-0.232452,-0.239486,0.207337,-0.451887,-0.284882,0.385839,-0.02869,-0.135144,0.564436,0.018166,-0.204027,0.686748,0.032016,-0.256436,0.794068,0.024693,-0.293787,0.385608,-0.212184,-0.119485,0.595365,-0.324987,-0.1801,0.720561,-0.41288,-0.231951,0.830646,-0.490762,-0.263018,0.331532,-0.337789,-0.114123,0.45316,-0.485061,-0.205136,0.540446,-0.594086,-0.272676,0.621658,-0.68287,-0.310829,0.248107,-0.402555,-0.116274,0.254634,-0.456374,-0.220149,0.19767,-0.397265,-0.254525,0.14811,-0.335502,-0.265209,0.0,0.0,0.0,0.0,0.0,0.0,0.0,0.0,0.0,0.0,0.0,0.0,0.0,0.0,0.0,0.0,0.0,0.0,0.0,0.0,0.0,0.0,0.0,0.0,0.0,0.0,0.0,0.0,0.0,0.0,0.0,0.0,0.0,0.0,0.0,0.0,0.0,0.0,0.0,0.0,0.0,0.0,0.0,0.0,0.0,0.0,0.0,0.0,0.0,0.0,0.0,0.0,0.0,0.0,0.0,0.0,0.0,0.0,0.0,0.0,0.0,0.0,0.0,E
0.0,0.0,0.0,0.035343,0.045082,-0.142823,0.113699,-0.008206,-0.21028,0.166765,-0.23713,-0.255833,0.212439,-0.462399,-0.301527,0.386732,-0.032668,-0.140836,0.561309,0.013459,-0.210164,0.682399,0.02265,-0.263561,0.788328,0.011565,-0.302098,0.385999,-0.21228,-0.119343,0.591987,-0.329454,-0.18348,0.716471,-0.420905,-0.23759,0.82339,-0.499268,-0.269743,0.332002,-0.338732,-0.109461,0.454214,-0.485243,-0.204225,0.541751,-0.592125,-0.274581,0.620799,-0.679422,-0.313957,0.250482,-0.406896,-0.108101,0.258139,-0.460431,-0.216074,0.201127,-0.404615,-0.254623,0.150161,-0.349617,-0.26801,0.0,0.0,0.0,0.0,0.0,0.0,0.0,0.0,0.0,0.0,0.0,0.0,0.0,0.0,0.0,0.0,0.0,0.0,0.0,0.0,0.0,0.0,0.0,0.0,0.0,0.0,0.0,0.0,0.0,0.0,0.0,0.0,0.0,0.0,0.0,0.0,0.0,0.0,0.0,0.0,0.0,0.0,0.0,0.0,0.0,0.0,0.0,0.0,0.0,0.0,0.0,0.0,0.0,0.0,0.0,0.0,0.0,0.0,0.0,0.0,0.0,0.0,0.0,E
0.0,0.0,0.0,0.035004,0.044414,-0.149043,0.113561,-0.013048,-0.218577,0.162092,-0.247848,-0.264475,0.205348,-0.473502,-0.31127,0.384694,-0.041771,-0.14964,0.555835,0.002972,-0.220856,0.674386,0.013432,-0.275648,0.778917,0.006061,-0.315259,0.382077,-0.217658,-0.126046,0.585679,-0.336872,-0.190924,0.709998,-0.428626,-0.246438,0.817726,-0.502736,-0.280321,0.32601,-0.342785,-0.114445,0.445783,-0.497564,-0.211504,0.534824,-0.605459,-0.285162,0.618932,-0.685338,-0.32813,0.241249,-0.411012,-0.111737,0.238172,-0.466536,-0.224117,0.176691,-0.395621,-0.265684,0.124907,-0.321302,-0.281918,0.0,0.0,0.0,0.0,0.0,0.0,0.0,0.0,0.0,0.0,0.0,0.0,0.0,0.0,0.0,0.0,0.0,0.0,0.0,0.0,0.0,0.0,0.0,0.0,0.0,0.0,0.0,0.0,0.0,0.0,0.0,0.0,0.0,0.0,0.0,0.0,0.0,0.0,0.0,0.0,0.0,0.0,0.0,0.0,0.0,0.0,0.0,0.0,0.0,0.0,0.0,0.0,0.0,0.0,0.0,0.0,0.0,0.0,0.0,0.0,0.0,0.0,0.0,E
0.0,0.0,0.0,0.032915,0.045175,-0.156748,0.10867,-0.012468,-0.230859,0.155568,-0.240704,-0.279472,0.198259,-0.468128,-0.328668,0.377754,-0.042155,-0.161327,0.546819,0.001219,-0.236618,0.666544,0.011828,-0.294606,0.772027,0.003358,-0.336348,0.375944,-0.217317,-0.134512,0.578525,-0.337815,-0.20295,0.702399,-0.429576,-0.26092,0.809213,-0.507049,-0.296775,0.322151,-0.342238,-0.120032,0.439986,-0.494541,-0.219712,0.528827,-0.604711,-0.295088,0.611513,-0.690093,-0.339445,0.240703,-0.40901,-0.115006,0.24061,-0.46033,-0.228698,0.179434,-0.392572,-0.271468,0.12611,-0.324353,-0.289052,0.0,0.0,0.0,0.0,0.0,0.0,0.0,0.0,0.0,0.0,0.0,0.0,0.0,0.0,0.0,0.0,0.0,0.0,0.0,0.0,0.0,0.0,0.0,0.0,0.0,0.0,0.0,0.0,0.0,0.0,0.0,0.0,0.0,0.0,0.0,0.0,0.0,0.0,0.0,0.0,0.0,0.0,0.0,0.0,0.0,0.0,0.0,0.0,0.0,0.0,0.0,0.0,0.0,0.0,0.0,0.0,0.0,0.0,0.0,0.0,0.0,0.0,0.0,E
0.0,0.0,0.0,0.037375,0.045723,-0.139562,0.112539,-0.006163,-0.207148,0.159956,-0.238011,-0.253223,0.205713,-0.455842,-0.299777,0.384602,-0.039481,-0.142717,0.557467,0.004374,-0.213596,0.677849,0.013226,-0.268006,0.782303,0.00368,-0.306911,0.381381,-0.219841,-0.123346,0.585566,-0.337999,-0.187228,0.70948,-0.430063,-0.240666,0.81724,-0.507801,-0.272502,0.325631,-0.343528,-0.115091,0.451424,-0.499606,-0.208822,0.542834,-0.609392,-0.277949,0.627108,-0.695472,-0.317657,0.24123,-0.407937,-0.115163,0.245769,-0.462307,-0.223159,0.188636,-0.398712,-0.26078,0.139217,-0.33219,-0.273821,0.0,0.0,0.0,0.0,0.0,0.0,0.0,0.0,0.0,0.0,0.0,0.0,0.0,0.0,0.0,0.0,0.0,0.0,0.0,0.0,0.0,0.0,0.0,0.0,0.0,0.0,0.0,0.0,0.0,0.0,0.0,0.0,0.0,0.0,0.0,0.0,0.0,0.0,0.0,0.0,0.0,0.0,0.0,0.0,0.0,0.0,0.0,0.0,0.0,0.0,0.0,0.0,0.0,0.0,0.0,0.0,0.0,0.0,0.0,0.0,0.0,0.0,0.0,E
0.0,0.0,0.0,0.038115,0.041526,-0.14539,0.11273,-0.016398,-0.215177,0.158811,-0.240705,-0.261863,0.202999,-0.456742,-0.309659,0.376118,-0.050624,-0.151927,0.546481,-0.007038,-0.220719,0.663732,0.004295,-0.274508,0.765192,-0.000753,-0.314022,0.373559,-0.220866,-0.128834,0.573111,-0.327826,-0.190233,0.69627,-0.413416,-0.246004,0.802263,-0.487499,-0.281713,0.319067,-0.339718,-0.116724,0.449638,-0.501825,-0.2081,0.546758,-0.613992,-0.284192,0.63486,-0.697803,-0.331699,0.23559,-0.403622,-0.112918,0.245066,-0.464428,-0.221491,0.19165,-0.408096,-0.266268,0.14409,-0.345337,-0.286758,0.0,0.0,0.0,0.0,0.0,0.0,0.0,0.0,0.0,0.0,0.0,0.0,0.0,0.0,0.0,0.0,0.0,0.0,0.0,0.0,0.0,0.0,0.0,0.0,0.0,0.0,0.0,0.0,0.0,0.0,0.0,0.0,0.0,0.0,0.0,0.0,0.0,0.0,0.0,0.0,0.0,0.0,0.0,0.0,0.0,0.0,0.0,0.0,0.0,0.0,0.0,0.0,0.0,0.0,0.0,0.0,0.0,0.0,0.0,0.0,0.0,0.0,0.0,E
0.0,0.0,0.0,0.031301,0.058444,-0.142839,0.099275,0.02372,-0.214465,0.146219,-0.185956,-0.264107,0.193095,-0.397857,-0.314966,0.373149,-0.024292,-0.155295,0.549394,0.024905,-0.223446,0.669084,0.03633,-0.275261,0.77183,0.031244,-0.312634,0.374684,-0.202187,-0.132878,0.57737,-0.298037,-0.192744,0.702893,-0.38182,-0.245755,0.810105,-0.457558,-0.279287,0.321858,-0.328032,-0.120781,0.457277,-0.490974,-0.208161,0.561291,-0.600662,-0.282176,0.652181,-0.683038,-0.328815,0.236648,-0.399033,-0.116841,0.250033,-0.44837,-0.22004,0.198709,-0.381575,-0.262169,0.14861,-0.309001,-0.28102,0.0,0.0,0.0,0.0,0.0,0.0,0.0,0.0,0.0,0.0,0.0,0.0,0.0,0.0,0.0,0.0,0.0,0.0,0.0,0.0,0.0,0.0,0.0,0.0,0.0,0.0,0.0,0.0,0.0,0.0,0.0,0.0,0.0,0.0,0.0,0.0,0.0,0.0,0.0,0.0,0.0,0.0,0.0,0.0,0.0,0.0,0.0,0.0,0.0,0.0,0.0,0.0,0.0,0.0,0.0,0.0,0.0,0.0,0.0,0.0,0.0,0.0,0.0,E
0.0,0.0,0.0,0.027281,0.040922,-0.137343,0.095426,-0.007362,-0.20358,0.149116,-0.213174,-0.247367,0.203101,-0.417261,-0.292959,0.369283,-0.035425,-0.151564,0.544212,0.017709,-0.214989,0.662156,0.035248,-0.261876,0.762612,0.031526,-0.294678,0.370801,-0.204422,-0.128519,0.568509,-0.295662,-0.182853,0.69158,-0.373111,-0.231267,0.795499,-0.440585,-0.260788,0.318583,-0.322524,-0.115159,0.448967,-0.489164,-0.20029,0.554364,-0.603652,-0.274219,0.649169,-0.689828,-0.320495,0.234179,-0.389153,-0.109191,0.241187,-0.431774,-0.212097,0.18313,-0.351998,-0.254196,0.12771,-0.269432,-0.272469,0.0,0.0,0.0,0.0,0.0,0.0,0.0,0.0,0.0,0.0,0.0,0.0,0.0,0.0,0.0,0.0,0.0,0.0,0.0,0.0,0.0,0.0,0.0,0.0,0.0,0.0,0.0,0.0,0.0,0.0,0.0,0.0,0.0,0.0,0.0,0.0,0.0,0.0,0.0,0.0,0.0,0.0,0.0,0.0,0.0,0.0,0.0,0.0,0.0,0.0,0.0,0.0,0.0,0.0,0.0,0.0,0.0,0.0,0.0,0.0,0.0,0.0,0.0,E
0.0,0.0,0.0,0.040412,0.044557,-0.163278,0.120724,-0.017909,-0.236446,0.186658,-0.225766,-0.281384,0.242825,-0.43225,-0.326935,0.385414,0.003761,-0.169455,0.559335,0.062652,-0.239817,0.681123,0.079175,-0.293695,0.78548,0.07702,-0.332035,0.385291,-0.172104,-0.13298,0.583194,-0.264913,-0.19608,0.707212,-0.344003,-0.251155,0.809456,-0.406978,-0.284834,0.33331,-0.29607,-0.108432,0.465162,-0.468956,-0.199896,0.56514,-0.595151,-0.275717,0.655878,-0.682803,-0.321877,0.253286,-0.364543,-0.093612,0.270483,-0.416637,-0.202838,0.218679,-0.351116,-0.249738,0.170597,-0.273064,-0.270474,0.0,0.0,0.0,0.0,0.0,0.0,0.0,0.0,0.0,0.0,0.0,0.0,0.0,0.0,0.0,0.0,0.0,0.0,0.0,0.0,0.0,0.0,0.0,0.0,0.0,0.0,0.0,0.0,0.0,0.0,0.0,0.0,0.0,0.0,0.0,0.0,0.0,0.0,0.0,0.0,0.0,0.0,0.0,0.0,0.0,0.0,0.0,0.0,0.0,0.0,0.0,0.0,0.0,0.0,0.0,0.0,0.0,0.0,0.0,0.0,0.0,0.0,0.0,E
0.0,0.0,0.0,0.046058,0.038972,-0.160974,0.131025,-0.030463,-0.23254,0.196072,-0.23317,-0.276861,0.258453,-0.419892,-0.320928,0.397028,0.006018,-0.162235,0.573087,0.070815,-0.227809,0.691588,0.08714,-0.276989,0.793455,0.08823,-0.311762,0.387509,-0.171208,-0.125033,0.58749,-0.26618,-0.188629,0.71075,-0.342584,-0.240235,0.812239,-0.394748,-0.269284,0.331213,-0.297371,-0.100389,0.469679,-0.479739,-0.195254,0.572965,-0.599039,-0.270376,0.668375,-0.674435,-0.313706,0.250215,-0.362853,-0.084998,0.272614,-0.402171,-0.197141,0.220622,-0.318633,-0.244187,0.172569,-0.225549,-0.263397,0.0,0.0,0.0,0.0,0.0,0.0,0.0,0.0,0.0,0.0,0.0,0.0,0.0,0.0,0.0,0.0,0.0,0.0,0.0,0.0,0.0,0.0,0.0,0.0,0.0,0.0,0.0,0.0,0.0,0.0,0.0,0.0,0.0,0.0,0.0,0.0,0.0,0.0,0.0,0.0,0.0,0.0,0.0,0.0,0.0,0.0,0.0,0.0,0.0,0.0,0.0,0.0,0.0,0.0,0.0,0.0,0.0,0.0,0.0,0.0,0.0,0.0,0.0,E
0.0,0.0,0.0,0.029426,0.04731,-0.208595,0.121764,-0.024489,-0.295724,0.203932,-0.198694,-0.343908,0.286503,-0.367353,-0.391358,0.386881,0.024255,-0.206027,0.567052,0.086734,-0.276912,0.689773,0.106256,-0.332788,0.797743,0.111964,-0.373148,0.379721,-0.141998,-0.141986,0.576984,-0.243022,-0.207479,0.700721,-0.317386,-0.265996,0.801754,-0.372063,-0.303221,0.330035,-0.266949,-0.093425,0.475042,-0.446342,-0.19347,0.584138,-0.568079,-0.279881,0.684274,-0.648323,-0.333837,0.260577,-0.338158,-0.057238,0.285411,-0.377977,-0.178126,0.225236,-0.292977,-0.234862,0.167644,-0.199774,-0.263126,0.0,0.0,0.0,0.0,0.0,0.0,0.0,0.0,0.0,0.0,0.0,0.0,0.0,0.0,0.0,0.0,0.0,0.0,0.0,0.0,0.0,0.0,0.0,0.0,0.0,0.0,0.0,0.0,0.0,0.0,0.0,0.0,0.0,0.0,0.0,0.0,0.0,0.0,0.0,0.0,0.0,0.0,0.0,0.0,0.0,0.0,0.0,0.0,0.0,0.0,0.0,0.0,0.0,0.0,0.0,0.0,0.0,0.0,0.0,0.0,0.0,0.0,0.0,E
0.0,0.0,0.0,0.04894,0.052375,-0.176921,0.150295,-0.017847,-0.251848,0.235576,-0.200351,-0.295694,0.313437,-0.377371,-0.339277,0.411409,0.051529,-0.167911,0.591228,0.125507,-0.233202,0.71311,0.147918,-0.285605,0.818658,0.156965,-0.324242,0.405371,-0.126088,-0.121285,0.60233,-0.221916,-0.183171,0.725972,-0.299606,-0.239481,0.826387,-0.354197,-0.274352,0.352657,-0.260748,-0.088648,0.505224,-0.429361,-0.186072,0.615576,-0.546009,-0.269749,0.711603,-0.625134,-0.320671,0.276356,-0.336321,-0.066038,0.304396,-0.377682,-0.186219,0.246203,-0.306741,-0.241213,0.189392,-0.229496,-0.266591,0.0,0.0,0.0,0.0,0.0,0.0,0.0,0.0,0.0,0.0,0.0,0.0,0.0,0.0,0.0,0.0,0.0,0.0,0.0,0.0,0.0,0.0,0.0,0.0,0.0,0.0,0.0,0.0,0.0,0.0,0.0,0.0,0.0,0.0,0.0,0.0,0.0,0.0,0.0,0.0,0.0,0.0,0.0,0.0,0.0,0.0,0.0,0.0,0.0,0.0,0.0,0.0,0.0,0.0,0.0,0.0,0.0,0.0,0.0,0.0,0.0,0.0,0.0,E
0.0,0.0,0.0,0.050234,0.070575,-0.16197,0.147033,0.012282,-0.234129,0.222548,-0.199881,-0.278894,0.287365,-0.404994,-0.324736,0.412905,0.062481,-0.162419,0.590969,0.151346,-0.230571,0.714327,0.185162,-0.28355,0.819014,0.198019,-0.32167,0.41387,-0.118773,-0.127402,0.617157,-0.202559,-0.189283,0.743175,-0.269839,-0.243857,0.843933,-0.3178,-0.276752,0.364761,-0.256132,-0.105092,0.516958,-0.417161,-0.200882,0.628497,-0.527143,-0.28213,0.724978,-0.603499,-0.331959,0.286114,-0.338023,-0.092087,0.303717,-0.377945,-0.211629,0.234977,-0.311453,-0.263174,0.168381,-0.240459,-0.285468,0.0,0.0,0.0,0.0,0.0,0.0,0.0,0.0,0.0,0.0,0.0,0.0,0.0,0.0,0.0,0.0,0.0,0.0,0.0,0.0,0.0,0.0,0.0,0.0,0.0,0.0,0.0,0.0,0.0,0.0,0.0,0.0,0.0,0.0,0.0,0.0,0.0,0.0,0.0,0.0,0.0,0.0,0.0,0.0,0.0,0.0,0.0,0.0,0.0,0.0,0.0,0.0,0.0,0.0,0.0,0.0,0.0,0.0,0.0,0.0,0.0,0.0,0.0,E
0.0,0.0,0.0,0.042606,0.064346,-0.195604,0.142719,0.002028,-0.279823,0.2232,-0.196328,-0.329305,0.293375,-0.407087,-0.379239,0.405466,0.064146,-0.194567,0.585466,0.152626,-0.261793,0.708066,0.186179,-0.314894,0.811088,0.194299,-0.355037,0.404497,-0.110703,-0.141243,0.607752,-0.189199,-0.204504,0.730502,-0.254475,-0.264992,0.825486,-0.310008,-0.304358,0.357822,-0.248156,-0.102388,0.507363,-0.404359,-0.197815,0.618517,-0.520045,-0.289143,0.71489,-0.6061,-0.348676,0.287262,-0.335448,-0.07534,0.30085,-0.377672,-0.194642,0.235681,-0.318265,-0.257473,0.173442,-0.254084,-0.291557,0.0,0.0,0.0,0.0,0.0,0.0,0.0,0.0,0.0,0.0,0.0,0.0,0.0,0.0,0.0,0.0,0.0,0.0,0.0,0.0,0.0,0.0,0.0,0.0,0.0,0.0,0.0,0.0,0.0,0.0,0.0,0.0,0.0,0.0,0.0,0.0,0.0,0.0,0.0,0.0,0.0,0.0,0.0,0.0,0.0,0.0,0.0,0.0,0.0,0.0,0.0,0.0,0.0,0.0,0.0,0.0,0.0,0.0,0.0,0.0,0.0,0.0,0.0,E
0.0,0.0,0.0,0.041517,0.059908,-0.189708,0.146098,-0.003243,-0.26925,0.224096,-0.204255,-0.314307,0.286532,-0.413259,-0.360025,0.407083,0.064636,-0.190382,0.587679,0.154821,-0.260362,0.711506,0.193153,-0.314531,0.817403,0.209317,-0.35433,0.408707,-0.108072,-0.139889,0.611753,-0.181745,-0.20391,0.734624,-0.24641,-0.262353,0.831962,-0.29797,-0.299162,0.365219,-0.244378,-0.103712,0.513658,-0.40122,-0.200352,0.626225,-0.51436,-0.287493,0.727477,-0.594227,-0.343032,0.296206,-0.329404,-0.079174,0.305192,-0.384877,-0.199638,0.231933,-0.327512,-0.257629,0.165127,-0.261383,-0.286725,0.0,0.0,0.0,0.0,0.0,0.0,0.0,0.0,0.0,0.0,0.0,0.0,0.0,0.0,0.0,0.0,0.0,0.0,0.0,0.0,0.0,0.0,0.0,0.0,0.0,0.0,0.0,0.0,0.0,0.0,0.0,0.0,0.0,0.0,0.0,0.0,0.0,0.0,0.0,0.0,0.0,0.0,0.0,0.0,0.0,0.0,0.0,0.0,0.0,0.0,0.0,0.0,0.0,0.0,0.0,0.0,0.0,0.0,0.0,0.0,0.0,0.0,0.0,E
0.0,0.0,0.0,0.043378,0.069783,-0.184381,0.151462,0.006726,-0.262324,0.232588,-0.202707,-0.307202,0.302059,-0.407757,-0.353376,0.410638,0.072481,-0.186747,0.591068,0.168606,-0.258452,0.714868,0.211142,-0.314041,0.820233,0.23296,-0.354558,0.412418,-0.103256,-0.139858,0.616631,-0.177888,-0.205561,0.739258,-0.237452,-0.265041,0.837009,-0.280411,-0.302599,0.368836,-0.241277,-0.106979,0.522706,-0.395489,-0.205942,0.636309,-0.503927,-0.293991,0.737191,-0.577841,-0.350212,0.297728,-0.329418,-0.085024,0.308211,-0.378478,-0.20773,0.232324,-0.317915,-0.265818,0.16345,-0.249639,-0.29487,0.0,0.0,0.0,0.0,0.0,0.0,0.0,0.0,0.0,0.0,0.0,0.0,0.0,0.0,0.0,0.0,0.0,0.0,0.0,0.0,0.0,0.0,0.0,0.0,0.0,0.0,0.0,0.0,0.0,0.0,0.0,0.0,0.0,0.0,0.0,0.0,0.0,0.0,0.0,0.0,0.0,0.0,0.0,0.0,0.0,0.0,0.0,0.0,0.0,0.0,0.0,0.0,0.0,0.0,0.0,0.0,0.0,0.0,0.0,0.0,0.0,0.0,0.0,E
0.0,0.0,0.0,0.049536,0.070865,-0.165189,0.160438,0.009572,-0.234167,0.239114,-0.207452,-0.273763,0.301836,-0.416198,-0.315171,0.415825,0.087631,-0.166505,0.598298,0.183657,-0.235555,0.722843,0.229554,-0.288865,0.829917,0.256751,-0.327406,0.419349,-0.094039,-0.12871,0.620395,-0.164416,-0.190416,0.74177,-0.223597,-0.24688,0.840185,-0.261837,-0.281922,0.376907,-0.235872,-0.104011,0.531161,-0.384235,-0.200262,0.647956,-0.49094,-0.286787,0.752439,-0.563086,-0.341716,0.304818,-0.325186,-0.088723,0.312407,-0.370133,-0.209478,0.235048,-0.310476,-0.265113,0.165517,-0.245681,-0.291667,0.0,0.0,0.0,0.0,0.0,0.0,0.0,0.0,0.0,0.0,0.0,0.0,0.0,0.0,0.0,0.0,0.0,0.0,0.0,0.0,0.0,0.0,0.0,0.0,0.0,0.0,0.0,0.0,0.0,0.0,0.0,0.0,0.0,0.0,0.0,0.0,0.0,0.0,0.0,0.0,0.0,0.0,0.0,0.0,0.0,0.0,0.0,0.0,0.0,0.0,0.0,0.0,0.0,0.0,0.0,0.0,0.0,0.0,0.0,0.0,0.0,0.0,0.0,E
0.0,0.0,0.0,0.050328,0.067033,-0.174704,0.161745,0.004279,-0.245072,0.234986,-0.212137,-0.282573,0.291905,-0.427285,-0.321005,0.412338,0.090153,-0.174539,0.590819,0.18788,-0.242165,0.713791,0.233369,-0.294862,0.819265,0.258514,-0.333467,0.413912,-0.088291,-0.131862,0.613994,-0.15963,-0.19135,0.733708,-0.21741,-0.247715,0.830352,-0.257456,-0.28348,0.37227,-0.231089,-0.103115,0.521647,-0.383152,-0.199287,0.640981,-0.487883,-0.288686,0.752213,-0.560568,-0.346322,0.302754,-0.321466,-0.0846,0.30586,-0.372312,-0.205745,0.227387,-0.310732,-0.263348,0.156939,-0.246588,-0.292313,0.0,0.0,0.0,0.0,0.0,0.0,0.0,0.0,0.0,0.0,0.0,0.0,0.0,0.0,0.0,0.0,0.0,0.0,0.0,0.0,0.0,0.0,0.0,0.0,0.0,0.0,0.0,0.0,0.0,0.0,0.0,0.0,0.0,0.0,0.0,0.0,0.0,0.0,0.0,0.0,0.0,0.0,0.0,0.0,0.0,0.0,0.0,0.0,0.0,0.0,0.0,0.0,0.0,0.0,0.0,0.0,0.0,0.0,0.0,0.0,0.0,0.0,0.0,E
0.0,0.0,0.0,0.041623,0.071953,-0.200894,0.152678,0.010439,-0.277534,0.234069,-0.206742,-0.314776,0.300489,-0.420019,-0.35122,0.411712,0.098772,-0.190661,0.588998,0.202314,-0.258878,0.710206,0.247191,-0.313582,0.814949,0.269374,-0.354439,0.4146,-0.076984,-0.134971,0.614843,-0.144302,-0.194056,0.734399,-0.201282,-0.253285,0.831136,-0.246336,-0.292319,0.37446,-0.223945,-0.095879,0.527695,-0.37105,-0.195514,0.646277,-0.472547,-0.291224,0.759732,-0.545831,-0.353378,0.307226,-0.322261,-0.068936,0.314377,-0.377502,-0.194746,0.233671,-0.31554,-0.257899,0.16078,-0.252211,-0.291497,0.0,0.0,0.0,0.0,0.0,0.0,0.0,0.0,0.0,0.0,0.0,0.0,0.0,0.0,0.0,0.0,0.0,0.0,0.0,0.0,0.0,0.0,0.0,0.0,0.0,0.0,0.0,0.0,0.0,0.0,0.0,0.0,0.0,0.0,0.0,0.0,0.0,0.0,0.0,0.0,0.0,0.0,0.0,0.0,0.0,0.0,0.0,0.0,0.0,0.0,0.0,0.0,0.0,0.0,0.0,0.0,0.0,0.0,0.0,0.0,0.0,0.0,0.0,E
0.0,0.0,0.0,0.051657,0.06538,-0.187828,0.167244,0.004789,-0.257737,0.243376,-0.212377,-0.29102,0.301097,-0.426451,-0.324212,0.419355,0.109615,-0.176317,0.596093,0.214681,-0.242378,0.71752,0.261458,-0.296787,0.823749,0.284993,-0.337574,0.421118,-0.069096,-0.127697,0.624079,-0.130776,-0.184109,0.74469,-0.189737,-0.243495,0.842221,-0.235596,-0.282715,0.379998,-0.219283,-0.094777,0.535965,-0.359078,-0.192392,0.656814,-0.459648,-0.287728,0.769861,-0.534236,-0.34915,0.310624,-0.318392,-0.073097,0.321765,-0.372939,-0.196812,0.241272,-0.315584,-0.257135,0.16501,-0.260725,-0.288163,0.0,0.0,0.0,0.0,0.0,0.0,0.0,0.0,0.0,0.0,0.0,0.0,0.0,0.0,0.0,0.0,0.0,0.0,0.0,0.0,0.0,0.0,0.0,0.0,0.0,0.0,0.0,0.0,0.0,0.0,0.0,0.0,0.0,0.0,0.0,0.0,0.0,0.0,0.0,0.0,0.0,0.0,0.0,0.0,0.0,0.0,0.0,0.0,0.0,0.0,0.0,0.0,0.0,0.0,0.0,0.0,0.0,0.0,0.0,0.0,0.0,0.0,0.0,E
0.0,0.0,0.0,0.050116,0.07378,-0.181277,0.165573,0.019991,-0.248874,0.247183,-0.201189,-0.281165,0.311098,-0.416691,-0.313442,0.42,0.121257,-0.17102,0.597294,0.232201,-0.234766,0.717395,0.280756,-0.286485,0.823261,0.307412,-0.325697,0.424815,-0.058741,-0.125412,0.623991,-0.118326,-0.181291,0.742788,-0.178432,-0.239451,0.840292,-0.223566,-0.277834,0.385694,-0.209266,-0.094878,0.543585,-0.34736,-0.192549,0.664759,-0.448236,-0.286967,0.778925,-0.521767,-0.347901,0.315754,-0.308756,-0.074784,0.32851,-0.363194,-0.19864,0.246524,-0.305166,-0.25855,0.169085,-0.248789,-0.289153,0.0,0.0,0.0,0.0,0.0,0.0,0.0,0.0,0.0,0.0,0.0,0.0,0.0,0.0,0.0,0.0,0.0,0.0,0.0,0.0,0.0,0.0,0.0,0.0,0.0,0.0,0.0,0.0,0.0,0.0,0.0,0.0,0.0,0.0,0.0,0.0,0.0,0.0,0.0,0.0,0.0,0.0,0.0,0.0,0.0,0.0,0.0,0.0,0.0,0.0,0.0,0.0,0.0,0.0,0.0,0.0,0.0,0.0,0.0,0.0,0.0,0.0,0.0,E
0.0,0.0,0.0,0.056146,0.073784,-0.167223,0.173694,0.025342,-0.230498,0.25581,-0.195171,-0.262171,0.319182,-0.414116,-0.294283,0.428942,0.126906,-0.153394,0.605623,0.237528,-0.21136,0.724597,0.286631,-0.259591,0.828479,0.310477,-0.296682,0.430696,-0.060106,-0.113949,0.632565,-0.125229,-0.165063,0.750835,-0.188803,-0.220576,0.845137,-0.238493,-0.256868,0.387542,-0.213058,-0.088552,0.548013,-0.350327,-0.181876,0.671793,-0.448471,-0.273911,0.784248,-0.523443,-0.33311,0.314128,-0.310514,-0.072422,0.33266,-0.355035,-0.19264,0.251807,-0.293568,-0.249691,0.1731,-0.237146,-0.277906,0.0,0.0,0.0,0.0,0.0,0.0,0.0,0.0,0.0,0.0,0.0,0.0,0.0,0.0,0.0,0.0,0.0,0.0,0.0,0.0,0.0,0.0,0.0,0.0,0.0,0.0,0.0,0.0,0.0,0.0,0.0,0.0,0.0,0.0,0.0,0.0,0.0,0.0,0.0,0.0,0.0,0.0,0.0,0.0,0.0,0.0,0.0,0.0,0.0,0.0,0.0,0.0,0.0,0.0,0.0,0.0,0.0,0.0,0.0,0.0,0.0,0.0,0.0,E
0.0,0.0,0.0,0.050622,0.072042,-0.186508,0.168933,0.026479,-0.256495,0.251608,-0.180897,-0.29014,0.316441,-0.397371,-0.323971,0.420716,0.132233,-0.176458,0.597545,0.246442,-0.240807,0.716876,0.295532,-0.293833,0.822058,0.321466,-0.334584,0.424641,-0.054044,-0.128707,0.627158,-0.113285,-0.183374,0.744108,-0.175294,-0.242842,0.839387,-0.224495,-0.28334,0.386012,-0.211368,-0.096463,0.543451,-0.344865,-0.193353,0.66674,-0.440644,-0.291961,0.779972,-0.513904,-0.357137,0.316558,-0.312613,-0.074985,0.328463,-0.359836,-0.1979,0.248857,-0.296503,-0.260583,0.171783,-0.239935,-0.294733,0.0,0.0,0.0,0.0,0.0,0.0,0.0,0.0,0.0,0.0,0.0,0.0,0.0,0.0,0.0,0.0,0.0,0.0,0.0,0.0,0.0,0.0,0.0,0.0,0.0,0.0,0.0,0.0,0.0,0.0,0.0,0.0,0.0,0.0,0.0,0.0,0.0,0.0,0.0,0.0,0.0,0.0,0.0,0.0,0.0,0.0,0.0,0.0,0.0,0.0,0.0,0.0,0.0,0.0,0.0,0.0,0.0,0.0,0.0,0.0,0.0,0.0,0.0,E
0.0,0.0,0.0,0.068267,0.093778,-0.12268,0.187776,0.075649,-0.17324,0.271731,-0.14574,-0.204081,0.331281,-0.365002,-0.237515,0.443807,0.151293,-0.11376,0.626037,0.264513,-0.164964,0.745555,0.311748,-0.207013,0.850495,0.334787,-0.239328,0.451623,-0.051847,-0.095612,0.654607,-0.109052,-0.138324,0.775636,-0.171426,-0.18424,0.871698,-0.216243,-0.212793,0.405632,-0.207192,-0.087932,0.573061,-0.346661,-0.168876,0.699598,-0.438884,-0.248346,0.805481,-0.511897,-0.2986,0.324716,-0.304797,-0.086477,0.349226,-0.346591,-0.194429,0.276335,-0.285544,-0.24062,0.200083,-0.228444,-0.25962,0.0,0.0,0.0,0.0,0.0,0.0,0.0,0.0,0.0,0.0,0.0,0.0,0.0,0.0,0.0,0.0,0.0,0.0,0.0,0.0,0.0,0.0,0.0,0.0,0.0,0.0,0.0,0.0,0.0,0.0,0.0,0.0,0.0,0.0,0.0,0.0,0.0,0.0,0.0,0.0,0.0,0.0,0.0,0.0,0.0,0.0,0.0,0.0,0.0,0.0,0.0,0.0,0.0,0.0,0.0,0.0,0.0,0.0,0.0,0.0,0.0,0.0,0.0,E
0.0,0.0,0.0,0.066676,0.107358,-0.141729,0.183545,0.093274,-0.201635,0.272969,-0.111167,-0.239039,0.334702,-0.320455,-0.277871,0.444428,0.172695,-0.133057,0.628493,0.29462,-0.19465,0.751262,0.35022,-0.245369,0.857937,0.385896,-0.283851,0.459399,-0.034468,-0.107946,0.666529,-0.084031,-0.161208,0.788816,-0.148647,-0.213767,0.881971,-0.193412,-0.246551,0.41964,-0.195957,-0.094989,0.590466,-0.32799,-0.180184,0.715165,-0.419165,-0.262161,0.818278,-0.481083,-0.314611,0.340039,-0.296239,-0.09036,0.359613,-0.356359,-0.200639,0.293029,-0.299863,-0.251334,0.223906,-0.234925,-0.273888,0.0,0.0,0.0,0.0,0.0,0.0,0.0,0.0,0.0,0.0,0.0,0.0,0.0,0.0,0.0,0.0,0.0,0.0,0.0,0.0,0.0,0.0,0.0,0.0,0.0,0.0,0.0,0.0,0.0,0.0,0.0,0.0,0.0,0.0,0.0,0.0,0.0,0.0,0.0,0.0,0.0,0.0,0.0,0.0,0.0,0.0,0.0,0.0,0.0,0.0,0.0,0.0,0.0,0.0,0.0,0.0,0.0,0.0,0.0,0.0,0.0,0.0,0.0,E
0.0,0.0,0.0,0.076634,0.113493,-0.104957,0.200339,0.113518,-0.146211,0.284923,-0.092788,-0.170823,0.346188,-0.296459,-0.198453,0.444108,0.175913,-0.095175,0.628228,0.289645,-0.139304,0.747137,0.338249,-0.17561,0.852658,0.364608,-0.204327,0.457366,-0.026941,-0.085684,0.663881,-0.080555,-0.1202,0.787194,-0.141504,-0.161981,0.884727,-0.187449,-0.188589,0.416483,-0.182994,-0.085645,0.587854,-0.310922,-0.161416,0.719566,-0.39934,-0.242123,0.831229,-0.47119,-0.295022,0.336701,-0.286347,-0.090238,0.356989,-0.314303,-0.195758,0.275362,-0.246625,-0.241362,0.194349,-0.184707,-0.260828,0.0,0.0,0.0,0.0,0.0,0.0,0.0,0.0,0.0,0.0,0.0,0.0,0.0,0.0,0.0,0.0,0.0,0.0,0.0,0.0,0.0,0.0,0.0,0.0,0.0,0.0,0.0,0.0,0.0,0.0,0.0,0.0,0.0,0.0,0.0,0.0,0.0,0.0,0.0,0.0,0.0,0.0,0.0,0.0,0.0,0.0,0.0,0.0,0.0,0.0,0.0,0.0,0.0,0.0,0.0,0.0,0.0,0.0,0.0,0.0,0.0,0.0,0.0,E
0.0,0.0,0.0,0.082366,0.116347,-0.102673,0.213632,0.116562,-0.141958,0.293788,-0.09661,-0.16617,0.352593,-0.297139,-0.193332,0.455187,0.176092,-0.089597,0.641981,0.299475,-0.131119,0.763303,0.35303,-0.164588,0.866803,0.382352,-0.191671,0.466201,-0.027088,-0.079722,0.677183,-0.081457,-0.113915,0.797967,-0.144797,-0.154555,0.889475,-0.191653,-0.180436,0.423814,-0.184663,-0.079461,0.600894,-0.310296,-0.152221,0.731018,-0.394246,-0.231651,0.839538,-0.46309,-0.28412,0.342742,-0.290901,-0.083817,0.369083,-0.31173,-0.185978,0.295963,-0.238666,-0.23301,0.221724,-0.173206,-0.254246,0.0,0.0,0.0,0.0,0.0,0.0,0.0,0.0,0.0,0.0,0.0,0.0,0.0,0.0,0.0,0.0,0.0,0.0,0.0,0.0,0.0,0.0,0.0,0.0,0.0,0.0,0.0,0.0,0.0,0.0,0.0,0.0,0.0,0.0,0.0,0.0,0.0,0.0,0.0,0.0,0.0,0.0,0.0,0.0,0.0,0.0,0.0,0.0,0.0,0.0,0.0,0.0,0.0,0.0,0.0,0.0,0.0,0.0,0.0,0.0,0.0,0.0,0.0,E
0.0,0.0,0.0,0.080492,0.126041,-0.120408,0.206377,0.128642,-0.166811,0.294924,-0.086011,-0.195048,0.34867,-0.306132,-0.224393,0.459382,0.188058,-0.099239,0.645084,0.296889,-0.14645,0.76201,0.349095,-0.185973,0.861273,0.381952,-0.217278,0.472322,-0.027446,-0.082548,0.682136,-0.093183,-0.121817,0.805477,-0.159511,-0.168312,0.895659,-0.205485,-0.198417,0.42883,-0.190393,-0.077757,0.605436,-0.31802,-0.152398,0.733613,-0.404408,-0.235771,0.836194,-0.465035,-0.290727,0.345403,-0.290503,-0.079496,0.373549,-0.33782,-0.181281,0.313496,-0.277016,-0.231843,0.244603,-0.215639,-0.255919,0.0,0.0,0.0,0.0,0.0,0.0,0.0,0.0,0.0,0.0,0.0,0.0,0.0,0.0,0.0,0.0,0.0,0.0,0.0,0.0,0.0,0.0,0.0,0.0,0.0,0.0,0.0,0.0,0.0,0.0,0.0,0.0,0.0,0.0,0.0,0.0,0.0,0.0,0.0,0.0,0.0,0.0,0.0,0.0,0.0,0.0,0.0,0.0,0.0,0.0,0.0,0.0,0.0,0.0,0.0,0.0,0.0,0.0,0.0,0.0,0.0,0.0,0.0,E
0.0,0.0,0.0,0.082385,0.129063,-0.101679,0.219387,0.125899,-0.139225,0.305319,-0.10348,-0.161177,0.36232,-0.322049,-0.185085,0.464649,0.171962,-0.078285,0.653004,0.273646,-0.120282,0.769954,0.326376,-0.15726,0.872214,0.359864,-0.187398,0.469194,-0.040274,-0.071207,0.675323,-0.110619,-0.10668,0.797768,-0.179401,-0.152821,0.892514,-0.232908,-0.182921,0.420582,-0.198482,-0.074703,0.603422,-0.309223,-0.15364,0.731673,-0.385652,-0.237557,0.840647,-0.456207,-0.291868,0.334472,-0.293758,-0.08235,0.369818,-0.305519,-0.19078,0.294724,-0.233774,-0.238534,0.217394,-0.184773,-0.259251,0.0,0.0,0.0,0.0,0.0,0.0,0.0,0.0,0.0,0.0,0.0,0.0,0.0,0.0,0.0,0.0,0.0,0.0,0.0,0.0,0.0,0.0,0.0,0.0,0.0,0.0,0.0,0.0,0.0,0.0,0.0,0.0,0.0,0.0,0.0,0.0,0.0,0.0,0.0,0.0,0.0,0.0,0.0,0.0,0.0,0.0,0.0,0.0,0.0,0.0,0.0,0.0,0.0,0.0,0.0,0.0,0.0,0.0,0.0,0.0,0.0,0.0,0.0,E
0.0,0.0,0.0,0.082688,0.12491,-0.102374,0.210553,0.134405,-0.148862,0.287661,-0.088975,-0.181616,0.337574,-0.308815,-0.217748,0.461009,0.152069,-0.091865,0.647915,0.263948,-0.138821,0.7675,0.317986,-0.178689,0.868196,0.350532,-0.209742,0.463377,-0.059569,-0.084999,0.670035,-0.127053,-0.126282,0.791601,-0.183423,-0.171977,0.885798,-0.225155,-0.201867,0.415514,-0.215978,-0.087588,0.600813,-0.333109,-0.164597,0.724999,-0.412202,-0.239727,0.826859,-0.482469,-0.289011,0.333664,-0.315227,-0.094887,0.382379,-0.314188,-0.194579,0.313864,-0.24244,-0.234387,0.239512,-0.19052,-0.251159,0.0,0.0,0.0,0.0,0.0,0.0,0.0,0.0,0.0,0.0,0.0,0.0,0.0,0.0,0.0,0.0,0.0,0.0,0.0,0.0,0.0,0.0,0.0,0.0,0.0,0.0,0.0,0.0,0.0,0.0,0.0,0.0,0.0,0.0,0.0,0.0,0.0,0.0,0.0,0.0,0.0,0.0,0.0,0.0,0.0,0.0,0.0,0.0,0.0,0.0,0.0,0.0,0.0,0.0,0.0,0.0,0.0,0.0,0.0,0.0,0.0,0.0,0.0,E
0.0,0.0,0.0,0.066917,0.107117,-0.138381,0.187522,0.093335,-0.197251,0.273431,-0.09714,-0.233781,0.333209,-0.299526,-0.273494,0.443532,0.122092,-0.129872,0.625749,0.21726,-0.18217,0.741992,0.260571,-0.226693,0.838171,0.285476,-0.260929,0.445754,-0.070065,-0.103761,0.64975,-0.147901,-0.151714,0.770495,-0.211384,-0.203939,0.861404,-0.256149,-0.239185,0.400321,-0.218462,-0.088912,0.580286,-0.342938,-0.170619,0.708785,-0.433567,-0.253281,0.810132,-0.49816,-0.309067,0.32368,-0.313,-0.081438,0.370767,-0.32063,-0.186362,0.307325,-0.241875,-0.234427,0.233146,-0.167915,-0.258667,0.0,0.0,0.0,0.0,0.0,0.0,0.0,0.0,0.0,0.0,0.0,0.0,0.0,0.0,0.0,0.0,0.0,0.0,0.0,0.0,0.0,0.0,0.0,0.0,0.0,0.0,0.0,0.0,0.0,0.0,0.0,0.0,0.0,0.0,0.0,0.0,0.0,0.0,0.0,0.0,0.0,0.0,0.0,0.0,0.0,0.0,0.0,0.0,0.0,0.0,0.0,0.0,0.0,0.0,0.0,0.0,0.0,0.0,0.0,0.0,0.0,0.0,0.0,E
0.0,0.0,0.0,0.044398,0.084891,-0.200875,0.156593,0.074137,-0.292434,0.254189,-0.058768,-0.350769,0.330296,-0.237744,-0.411689,0.429171,0.128768,-0.188975,0.605469,0.215307,-0.252714,0.719899,0.237006,-0.307937,0.809814,0.239479,-0.350375,0.431737,-0.065892,-0.133941,0.640929,-0.145877,-0.191752,0.761962,-0.212819,-0.251617,0.856432,-0.267163,-0.292402,0.384368,-0.222267,-0.09413,0.561753,-0.346344,-0.183018,0.689483,-0.443253,-0.270749,0.791213,-0.514439,-0.330659,0.309865,-0.328618,-0.06681,0.353086,-0.344077,-0.176867,0.297347,-0.28257,-0.231073,0.230017,-0.217827,-0.261425,0.0,0.0,0.0,0.0,0.0,0.0,0.0,0.0,0.0,0.0,0.0,0.0,0.0,0.0,0.0,0.0,0.0,0.0,0.0,0.0,0.0,0.0,0.0,0.0,0.0,0.0,0.0,0.0,0.0,0.0,0.0,0.0,0.0,0.0,0.0,0.0,0.0,0.0,0.0,0.0,0.0,0.0,0.0,0.0,0.0,0.0,0.0,0.0,0.0,0.0,0.0,0.0,0.0,0.0,0.0,0.0,0.0,0.0,0.0,0.0,0.0,0.0,0.0,E
0.0,0.0,0.0,0.037558,0.102977,-0.195077,0.139293,0.093001,-0.286679,0.22242,-0.064713,-0.345191,0.296892,-0.264337,-0.406771,0.413254,0.120355,-0.199973,0.582992,0.194292,-0.269928,0.691875,0.204279,-0.329693,0.781331,0.196089,-0.37643,0.419041,-0.068472,-0.153527,0.628778,-0.149298,-0.218653,0.746947,-0.213312,-0.286678,0.839102,-0.267876,-0.33444,0.372083,-0.217898,-0.12069,0.547533,-0.347434,-0.217029,0.667979,-0.447177,-0.310473,0.766331,-0.521858,-0.3747,0.295721,-0.321839,-0.098906,0.344853,-0.349576,-0.214496,0.287941,-0.294442,-0.270566,0.221406,-0.237255,-0.302872,0.0,0.0,0.0,0.0,0.0,0.0,0.0,0.0,0.0,0.0,0.0,0.0,0.0,0.0,0.0,0.0,0.0,0.0,0.0,0.0,0.0,0.0,0.0,0.0,0.0,0.0,0.0,0.0,0.0,0.0,0.0,0.0,0.0,0.0,0.0,0.0,0.0,0.0,0.0,0.0,0.0,0.0,0.0,0.0,0.0,0.0,0.0,0.0,0.0,0.0,0.0,0.0,0.0,0.0,0.0,0.0,0.0,0.0,0.0,0.0,0.0,0.0,0.0,E
0.0,0.0,0.0,0.03928,0.12225,-0.204029,0.148174,0.110922,-0.303313,0.216935,-0.064521,-0.365757,0.277676,-0.26889,-0.433655,0.40649,0.134034,-0.242922,0.584079,0.204672,-0.328815,0.69368,0.223001,-0.395424,0.786963,0.227233,-0.443268,0.405713,-0.056748,-0.193063,0.617585,-0.173403,-0.275788,0.738276,-0.259956,-0.348516,0.833366,-0.323931,-0.395403,0.358541,-0.205866,-0.154525,0.524625,-0.334205,-0.263163,0.655059,-0.427744,-0.358925,0.765442,-0.484644,-0.423342,0.283047,-0.305467,-0.126931,0.285668,-0.308473,-0.252696,0.213769,-0.226124,-0.310064,0.14318,-0.136567,-0.341391,0.0,0.0,0.0,0.0,0.0,0.0,0.0,0.0,0.0,0.0,0.0,0.0,0.0,0.0,0.0,0.0,0.0,0.0,0.0,0.0,0.0,0.0,0.0,0.0,0.0,0.0,0.0,0.0,0.0,0.0,0.0,0.0,0.0,0.0,0.0,0.0,0.0,0.0,0.0,0.0,0.0,0.0,0.0,0.0,0.0,0.0,0.0,0.0,0.0,0.0,0.0,0.0,0.0,0.0,0.0,0.0,0.0,0.0,0.0,0.0,0.0,0.0,0.0,E
0.0,0.0,0.0,0.033074,0.115547,-0.223552,0.141044,0.110056,-0.331494,0.226025,-0.057653,-0.400071,0.296358,-0.26482,-0.473972,0.411835,0.153091,-0.257364,0.600899,0.216123,-0.349338,0.717559,0.235997,-0.423311,0.816425,0.240443,-0.476333,0.417784,-0.033422,-0.199762,0.6348,-0.114033,-0.284149,0.766763,-0.196429,-0.364027,0.869159,-0.262555,-0.41792,0.373043,-0.19157,-0.154827,0.552298,-0.289994,-0.262306,0.687846,-0.374258,-0.361985,0.793761,-0.429482,-0.430683,0.297128,-0.313677,-0.122992,0.308677,-0.33453,-0.25035,0.246161,-0.268501,-0.311997,0.176598,-0.194858,-0.346487,0.0,0.0,0.0,0.0,0.0,0.0,0.0,0.0,0.0,0.0,0.0,0.0,0.0,0.0,0.0,0.0,0.0,0.0,0.0,0.0,0.0,0.0,0.0,0.0,0.0,0.0,0.0,0.0,0.0,0.0,0.0,0.0,0.0,0.0,0.0,0.0,0.0,0.0,0.0,0.0,0.0,0.0,0.0,0.0,0.0,0.0,0.0,0.0,0.0,0.0,0.0,0.0,0.0,0.0,0.0,0.0,0.0,0.0,0.0,0.0,0.0,0.0,0.0,E
0.0,0.0,0.0,0.039107,0.067577,-0.224555,0.149868,0.034344,-0.325831,0.254673,-0.107697,-0.387241,0.354092,-0.2805,-0.451284,0.417475,0.116839,-0.231436,0.597991,0.204627,-0.306037,0.716733,0.248379,-0.37064,0.824005,0.275828,-0.420102,0.421416,-0.068659,-0.165002,0.642261,-0.15406,-0.234377,0.776816,-0.220273,-0.30679,0.888511,-0.277389,-0.3583,0.376065,-0.217689,-0.112762,0.544769,-0.349368,-0.209573,0.661923,-0.455366,-0.303986,0.757842,-0.538275,-0.368695,0.304532,-0.314228,-0.074365,0.344874,-0.332806,-0.189331,0.290973,-0.273343,-0.249344,0.230224,-0.215411,-0.284888,0.0,0.0,0.0,0.0,0.0,0.0,0.0,0.0,0.0,0.0,0.0,0.0,0.0,0.0,0.0,0.0,0.0,0.0,0.0,0.0,0.0,0.0,0.0,0.0,0.0,0.0,0.0,0.0,0.0,0.0,0.0,0.0,0.0,0.0,0.0,0.0,0.0,0.0,0.0,0.0,0.0,0.0,0.0,0.0,0.0,0.0,0.0,0.0,0.0,0.0,0.0,0.0,0.0,0.0,0.0,0.0,0.0,0.0,0.0,0.0,0.0,0.0,0.0,E
0.0,0.0,0.0,0.026851,0.079565,-0.228887,0.11412,0.074842,-0.338468,0.200882,-0.0373,-0.406113,0.280704,-0.196502,-0.476272,0.407516,0.096346,-0.246238,0.58826,0.186269,-0.305956,0.706117,0.231433,-0.354102,0.799973,0.256355,-0.389188,0.406526,-0.089747,-0.168174,0.630036,-0.189414,-0.227944,0.761911,-0.245628,-0.284172,0.866215,-0.285087,-0.320016,0.358384,-0.226147,-0.102126,0.531116,-0.37049,-0.183333,0.665846,-0.478188,-0.266962,0.77153,-0.547659,-0.323746,0.292393,-0.310853,-0.049979,0.337532,-0.323053,-0.142713,0.28763,-0.261252,-0.19049,0.221671,-0.183923,-0.217848,0.0,0.0,0.0,0.0,0.0,0.0,0.0,0.0,0.0,0.0,0.0,0.0,0.0,0.0,0.0,0.0,0.0,0.0,0.0,0.0,0.0,0.0,0.0,0.0,0.0,0.0,0.0,0.0,0.0,0.0,0.0,0.0,0.0,0.0,0.0,0.0,0.0,0.0,0.0,0.0,0.0,0.0,0.0,0.0,0.0,0.0,0.0,0.0,0.0,0.0,0.0,0.0,0.0,0.0,0.0,0.0,0.0,0.0,0.0,0.0,0.0,0.0,0.0,E
0.0,0.0,0.0,0.016998,0.077105,-0.228208,0.104091,0.061073,-0.335946,0.18914,-0.044973,-0.401981,0.275867,-0.176491,-0.468875,0.374496,0.071251,-0.253391,0.550779,0.158903,-0.325629,0.668094,0.190288,-0.378365,0.762048,0.195787,-0.417132,0.384119,-0.1109,-0.185372,0.606616,-0.205174,-0.253847,0.730764,-0.26207,-0.309765,0.832499,-0.312729,-0.345465,0.345103,-0.246283,-0.131296,0.501407,-0.397565,-0.225539,0.622313,-0.508195,-0.306252,0.726791,-0.584641,-0.360514,0.281498,-0.327001,-0.091226,0.31993,-0.336619,-0.19679,0.268758,-0.265963,-0.245515,0.211809,-0.187348,-0.273461,0.0,0.0,0.0,0.0,0.0,0.0,0.0,0.0,0.0,0.0,0.0,0.0,0.0,0.0,0.0,0.0,0.0,0.0,0.0,0.0,0.0,0.0,0.0,0.0,0.0,0.0,0.0,0.0,0.0,0.0,0.0,0.0,0.0,0.0,0.0,0.0,0.0,0.0,0.0,0.0,0.0,0.0,0.0,0.0,0.0,0.0,0.0,0.0,0.0,0.0,0.0,0.0,0.0,0.0,0.0,0.0,0.0,0.0,0.0,0.0,0.0,0.0,0.0,E
0.0,0.0,0.0,0.019234,0.062861,-0.211075,0.106346,0.014201,-0.306711,0.192522,-0.151407,-0.364915,0.278729,-0.334966,-0.42412,0.384006,0.050923,-0.217053,0.552729,0.131466,-0.28529,0.666599,0.157659,-0.341827,0.763644,0.154692,-0.385966,0.392366,-0.128946,-0.158339,0.601697,-0.22214,-0.223509,0.721095,-0.297011,-0.28723,0.82051,-0.369677,-0.330687,0.34831,-0.266472,-0.113397,0.505086,-0.413647,-0.205592,0.615224,-0.523315,-0.291248,0.712876,-0.608395,-0.348803,0.276229,-0.351381,-0.081281,0.318575,-0.382225,-0.187989,0.267456,-0.324555,-0.239708,0.211595,-0.260675,-0.269235,0.0,0.0,0.0,0.0,0.0,0.0,0.0,0.0,0.0,0.0,0.0,0.0,0.0,0.0,0.0,0.0,0.0,0.0,0.0,0.0,0.0,0.0,0.0,0.0,0.0,0.0,0.0,0.0,0.0,0.0,0.0,0.0,0.0,0.0,0.0,0.0,0.0,0.0,0.0,0.0,0.0,0.0,0.0,0.0,0.0,0.0,0.0,0.0,0.0,0.0,0.0,0.0,0.0,0.0,0.0,0.0,0.0,0.0,0.0,0.0,0.0,0.0,0.0,E
0.0,0.0,0.0,0.017448,0.065566,-0.203136,0.096955,0.039466,-0.301051,0.186117,-0.0923,-0.364083,0.279621,-0.238838,-0.428649,0.381753,0.077851,-0.215576,0.549793,0.148876,-0.29165,0.664753,0.174982,-0.353167,0.766783,0.174633,-0.399744,0.392942,-0.10318,-0.162896,0.598182,-0.204278,-0.236657,0.720313,-0.286271,-0.304243,0.824815,-0.364405,-0.349108,0.352713,-0.242617,-0.122891,0.504641,-0.40275,-0.223192,0.615076,-0.513716,-0.307661,0.713135,-0.599526,-0.363328,0.283927,-0.333939,-0.095092,0.31421,-0.372708,-0.209444,0.249242,-0.307314,-0.259339,0.182004,-0.233336,-0.285331,0.0,0.0,0.0,0.0,0.0,0.0,0.0,0.0,0.0,0.0,0.0,0.0,0.0,0.0,0.0,0.0,0.0,0.0,0.0,0.0,0.0,0.0,0.0,0.0,0.0,0.0,0.0,0.0,0.0,0.0,0.0,0.0,0.0,0.0,0.0,0.0,0.0,0.0,0.0,0.0,0.0,0.0,0.0,0.0,0.0,0.0,0.0,0.0,0.0,0.0,0.0,0.0,0.0,0.0,0.0,0.0,0.0,0.0,0.0,0.0,0.0,0.0,0.0,E
0.0,0.0,0.0,0.025214,0.068119,-0.145861,0.095517,0.057132,-0.219042,0.161667,-0.114838,-0.269199,0.230414,-0.284279,-0.321486,0.389844,0.06417,-0.16232,0.568285,0.151235,-0.22406,0.68753,0.179715,-0.271076,0.788105,0.183614,-0.304723,0.399649,-0.123633,-0.135115,0.60469,-0.217945,-0.193589,0.731527,-0.301961,-0.246548,0.836019,-0.375971,-0.278326,0.353272,-0.256071,-0.116933,0.50648,-0.431299,-0.202727,0.618785,-0.539359,-0.275821,0.717353,-0.61851,-0.320703,0.276711,-0.335539,-0.106554,0.30866,-0.374423,-0.205437,0.253451,-0.303619,-0.244301,0.194815,-0.223425,-0.259727,0.0,0.0,0.0,0.0,0.0,0.0,0.0,0.0,0.0,0.0,0.0,0.0,0.0,0.0,0.0,0.0,0.0,0.0,0.0,0.0,0.0,0.0,0.0,0.0,0.0,0.0,0.0,0.0,0.0,0.0,0.0,0.0,0.0,0.0,0.0,0.0,0.0,0.0,0.0,0.0,0.0,0.0,0.0,0.0,0.0,0.0,0.0,0.0,0.0,0.0,0.0,0.0,0.0,0.0,0.0,0.0,0.0,0.0,0.0,0.0,0.0,0.0,0.0,E
0.0,0.0,0.0,0.025084,0.067704,-0.147864,0.093056,0.05038,-0.225089,0.154863,-0.123336,-0.27937,0.215537,-0.305838,-0.336398,0.386851,0.044597,-0.168511,0.564165,0.12095,-0.231755,0.68578,0.137042,-0.279977,0.788434,0.128357,-0.315764,0.388855,-0.138715,-0.142301,0.586675,-0.241772,-0.205593,0.713028,-0.328753,-0.262468,0.818752,-0.406443,-0.298099,0.338083,-0.269973,-0.124782,0.483806,-0.439432,-0.215867,0.59378,-0.551721,-0.292952,0.689054,-0.63928,-0.341359,0.260235,-0.351121,-0.115028,0.286498,-0.386262,-0.218345,0.227203,-0.319426,-0.260541,0.165115,-0.246373,-0.279523,0.0,0.0,0.0,0.0,0.0,0.0,0.0,0.0,0.0,0.0,0.0,0.0,0.0,0.0,0.0,0.0,0.0,0.0,0.0,0.0,0.0,0.0,0.0,0.0,0.0,0.0,0.0,0.0,0.0,0.0,0.0,0.0,0.0,0.0,0.0,0.0,0.0,0.0,0.0,0.0,0.0,0.0,0.0,0.0,0.0,0.0,0.0,0.0,0.0,0.0,0.0,0.0,0.0,0.0,0.0,0.0,0.0,0.0,0.0,0.0,0.0,0.0,0.0,E
0.0,0.0,0.0,0.022659,0.058272,-0.16409,0.091093,0.023476,-0.247192,0.155902,-0.161904,-0.303306,0.216725,-0.355526,-0.361718,0.377497,0.016974,-0.18322,0.546213,0.088732,-0.253779,0.664649,0.11039,-0.309359,0.767642,0.110339,-0.350017,0.379253,-0.158848,-0.14908,0.574279,-0.264995,-0.216757,0.70034,-0.349675,-0.277034,0.804917,-0.422911,-0.315439,0.330247,-0.284777,-0.125142,0.473069,-0.449535,-0.21957,0.581282,-0.563888,-0.298873,0.673635,-0.651272,-0.349373,0.25377,-0.361373,-0.110577,0.274774,-0.400764,-0.219888,0.213162,-0.334346,-0.266773,0.150364,-0.261198,-0.289175,0.0,0.0,0.0,0.0,0.0,0.0,0.0,0.0,0.0,0.0,0.0,0.0,0.0,0.0,0.0,0.0,0.0,0.0,0.0,0.0,0.0,0.0,0.0,0.0,0.0,0.0,0.0,0.0,0.0,0.0,0.0,0.0,0.0,0.0,0.0,0.0,0.0,0.0,0.0,0.0,0.0,0.0,0.0,0.0,0.0,0.0,0.0,0.0,0.0,0.0,0.0,0.0,0.0,0.0,0.0,0.0,0.0,0.0,0.0,0.0,0.0,0.0,0.0,E
0.0,0.0,0.0,0.023441,0.052098,-0.147952,0.088509,0.01768,-0.223753,0.142758,-0.176205,-0.2761,0.198705,-0.375447,-0.330469,0.373588,0.005925,-0.166384,0.548978,0.072322,-0.23289,0.667275,0.087569,-0.283161,0.768614,0.081398,-0.319773,0.376987,-0.172592,-0.139803,0.570961,-0.275889,-0.200844,0.693117,-0.363466,-0.253914,0.794629,-0.437697,-0.287503,0.327271,-0.299115,-0.122974,0.466727,-0.472377,-0.210836,0.572669,-0.585124,-0.284348,0.663446,-0.670806,-0.331448,0.248489,-0.371355,-0.114636,0.26188,-0.416184,-0.218497,0.204412,-0.345495,-0.261486,0.146956,-0.26826,-0.281161,0.0,0.0,0.0,0.0,0.0,0.0,0.0,0.0,0.0,0.0,0.0,0.0,0.0,0.0,0.0,0.0,0.0,0.0,0.0,0.0,0.0,0.0,0.0,0.0,0.0,0.0,0.0,0.0,0.0,0.0,0.0,0.0,0.0,0.0,0.0,0.0,0.0,0.0,0.0,0.0,0.0,0.0,0.0,0.0,0.0,0.0,0.0,0.0,0.0,0.0,0.0,0.0,0.0,0.0,0.0,0.0,0.0,0.0,0.0,0.0,0.0,0.0,0.0,E
0.0,0.0,0.0,0.025907,0.040795,-0.131269,0.090314,0.00415,-0.199095,0.140742,-0.186832,-0.246587,0.185492,-0.387994,-0.295988,0.366882,-0.026715,-0.145792,0.532617,0.026164,-0.208415,0.643815,0.040033,-0.256476,0.740168,0.037936,-0.2912,0.369278,-0.200804,-0.127234,0.561817,-0.310026,-0.181237,0.683771,-0.394956,-0.229513,0.786406,-0.462971,-0.259832,0.317139,-0.321071,-0.117792,0.451818,-0.498694,-0.200066,0.554332,-0.613713,-0.26882,0.643759,-0.69854,-0.312436,0.235416,-0.385887,-0.115847,0.248552,-0.439462,-0.213409,0.19159,-0.375816,-0.250515,0.136045,-0.302925,-0.266207,0.0,0.0,0.0,0.0,0.0,0.0,0.0,0.0,0.0,0.0,0.0,0.0,0.0,0.0,0.0,0.0,0.0,0.0,0.0,0.0,0.0,0.0,0.0,0.0,0.0,0.0,0.0,0.0,0.0,0.0,0.0,0.0,0.0,0.0,0.0,0.0,0.0,0.0,0.0,0.0,0.0,0.0,0.0,0.0,0.0,0.0,0.0,0.0,0.0,0.0,0.0,0.0,0.0,0.0,0.0,0.0,0.0,0.0,0.0,0.0,0.0,0.0,0.0,E
0.0,0.0,0.0,0.021264,0.052887,-0.129309,0.078878,0.023542,-0.198938,0.124453,-0.1748,-0.248435,0.173154,-0.373198,-0.299777,0.357347,-0.021109,-0.149486,0.521407,0.028732,-0.214811,0.630913,0.049689,-0.263129,0.723402,0.054207,-0.296782,0.362158,-0.193858,-0.132779,0.55581,-0.302769,-0.189591,0.678658,-0.39044,-0.23884,0.784701,-0.465975,-0.269274,0.310855,-0.314766,-0.124915,0.441031,-0.490409,-0.21091,0.546597,-0.605888,-0.28348,0.641016,-0.693304,-0.329285,0.226261,-0.384516,-0.123647,0.237002,-0.425145,-0.222831,0.179894,-0.34943,-0.261384,0.12616,-0.26865,-0.278329,0.0,0.0,0.0,0.0,0.0,0.0,0.0,0.0,0.0,0.0,0.0,0.0,0.0,0.0,0.0,0.0,0.0,0.0,0.0,0.0,0.0,0.0,0.0,0.0,0.0,0.0,0.0,0.0,0.0,0.0,0.0,0.0,0.0,0.0,0.0,0.0,0.0,0.0,0.0,0.0,0.0,0.0,0.0,0.0,0.0,0.0,0.0,0.0,0.0,0.0,0.0,0.0,0.0,0.0,0.0,0.0,0.0,0.0,0.0,0.0,0.0,0.0,0.0,E
0.0,0.0,0.0,0.030174,0.043171,-0.120842,0.094183,0.014392,-0.182797,0.141459,-0.179036,-0.226323,0.190834,-0.36803,-0.272592,0.364672,-0.023135,-0.136861,0.530588,0.046862,-0.198018,0.642794,0.071399,-0.243897,0.74141,0.071604,-0.276277,0.370906,-0.19343,-0.122745,0.569439,-0.294715,-0.173689,0.691024,-0.376561,-0.219261,0.798332,-0.450864,-0.246303,0.319513,-0.308156,-0.116864,0.445909,-0.489152,-0.198598,0.551816,-0.602856,-0.267854,0.651334,-0.692372,-0.310459,0.234657,-0.368288,-0.117148,0.239881,-0.412176,-0.214473,0.181091,-0.337033,-0.250244,0.129007,-0.256799,-0.263831,0.0,0.0,0.0,0.0,0.0,0.0,0.0,0.0,0.0,0.0,0.0,0.0,0.0,0.0,0.0,0.0,0.0,0.0,0.0,0.0,0.0,0.0,0.0,0.0,0.0,0.0,0.0,0.0,0.0,0.0,0.0,0.0,0.0,0.0,0.0,0.0,0.0,0.0,0.0,0.0,0.0,0.0,0.0,0.0,0.0,0.0,0.0,0.0,0.0,0.0,0.0,0.0,0.0,0.0,0.0,0.0,0.0,0.0,0.0,0.0,0.0,0.0,0.0,E
0.0,0.0,0.0,0.027405,0.04885,-0.126042,0.093547,0.016488,-0.190498,0.147917,-0.177703,-0.234986,0.202736,-0.373264,-0.281591,0.366055,-0.013992,-0.142497,0.535876,0.044035,-0.203661,0.648436,0.06517,-0.249385,0.746318,0.064023,-0.281509,0.369949,-0.186217,-0.125589,0.566227,-0.284663,-0.178533,0.689065,-0.366261,-0.225705,0.794812,-0.437866,-0.253997,0.320457,-0.305532,-0.117273,0.453019,-0.471944,-0.200554,0.563696,-0.587234,-0.272902,0.66297,-0.677645,-0.318227,0.238764,-0.372641,-0.115435,0.248775,-0.406873,-0.214557,0.187121,-0.333967,-0.253101,0.128917,-0.25842,-0.269108,0.0,0.0,0.0,0.0,0.0,0.0,0.0,0.0,0.0,0.0,0.0,0.0,0.0,0.0,0.0,0.0,0.0,0.0,0.0,0.0,0.0,0.0,0.0,0.0,0.0,0.0,0.0,0.0,0.0,0.0,0.0,0.0,0.0,0.0,0.0,0.0,0.0,0.0,0.0,0.0,0.0,0.0,0.0,0.0,0.0,0.0,0.0,0.0,0.0,0.0,0.0,0.0,0.0,0.0,0.0,0.0,0.0,0.0,0.0,0.0,0.0,0.0,0.0,E
0.0,0.0,0.0,0.024648,0.042868,-0.133096,0.088194,0.005151,-0.200636,0.14176,-0.180374,-0.246681,0.199502,-0.373589,-0.295267,0.366621,-0.008988,-0.15384,0.536711,0.065139,-0.218265,0.652487,0.090015,-0.265822,0.75258,0.090826,-0.299347,0.372581,-0.182457,-0.134757,0.572388,-0.274669,-0.191249,0.69688,-0.34878,-0.239885,0.803563,-0.412837,-0.2692,0.322446,-0.306527,-0.1245,0.456366,-0.469567,-0.212411,0.567313,-0.580427,-0.28662,0.667866,-0.665701,-0.332862,0.240009,-0.377223,-0.121021,0.245271,-0.411813,-0.225268,0.181062,-0.338452,-0.266176,0.121724,-0.261862,-0.283493,0.0,0.0,0.0,0.0,0.0,0.0,0.0,0.0,0.0,0.0,0.0,0.0,0.0,0.0,0.0,0.0,0.0,0.0,0.0,0.0,0.0,0.0,0.0,0.0,0.0,0.0,0.0,0.0,0.0,0.0,0.0,0.0,0.0,0.0,0.0,0.0,0.0,0.0,0.0,0.0,0.0,0.0,0.0,0.0,0.0,0.0,0.0,0.0,0.0,0.0,0.0,0.0,0.0,0.0,0.0,0.0,0.0,0.0,0.0,0.0,0.0,0.0,0.0,E
0.0,0.0,0.0,0.018538,0.033158,-0.144897,0.090324,-0.015599,-0.216024,0.158407,-0.202588,-0.263082,0.221887,-0.400731,-0.313067,0.36868,-0.013097,-0.165687,0.542984,0.05798,-0.235874,0.659669,0.090189,-0.288413,0.760657,0.101874,-0.324544,0.37661,-0.185331,-0.14095,0.582589,-0.267422,-0.200751,0.709658,-0.335788,-0.252479,0.813807,-0.389386,-0.283409,0.327177,-0.308261,-0.125828,0.474064,-0.46735,-0.215736,0.586061,-0.572593,-0.290559,0.686171,-0.644533,-0.337263,0.242627,-0.381134,-0.118455,0.252426,-0.423846,-0.225532,0.188682,-0.349729,-0.267138,0.127279,-0.26735,-0.284785,0.0,0.0,0.0,0.0,0.0,0.0,0.0,0.0,0.0,0.0,0.0,0.0,0.0,0.0,0.0,0.0,0.0,0.0,0.0,0.0,0.0,0.0,0.0,0.0,0.0,0.0,0.0,0.0,0.0,0.0,0.0,0.0,0.0,0.0,0.0,0.0,0.0,0.0,0.0,0.0,0.0,0.0,0.0,0.0,0.0,0.0,0.0,0.0,0.0,0.0,0.0,0.0,0.0,0.0,0.0,0.0,0.0,0.0,0.0,0.0,0.0,0.0,0.0,E
0.0,0.0,0.0,0.029213,0.03101,-0.142368,0.111496,-0.023649,-0.208319,0.185713,-0.220114,-0.250566,0.249476,-0.421796,-0.295479,0.382271,-0.004399,-0.150022,0.561001,0.06257,-0.213584,0.679355,0.089531,-0.262759,0.780846,0.097189,-0.297122,0.385937,-0.181016,-0.123731,0.589602,-0.255698,-0.180093,0.716588,-0.320984,-0.230683,0.823645,-0.372798,-0.260716,0.335534,-0.309549,-0.107439,0.487921,-0.46631,-0.194963,0.597357,-0.570408,-0.266839,0.699392,-0.643616,-0.310822,0.252197,-0.386265,-0.098723,0.275522,-0.439808,-0.204265,0.208395,-0.371558,-0.24251,0.146118,-0.291609,-0.256831,0.0,0.0,0.0,0.0,0.0,0.0,0.0,0.0,0.0,0.0,0.0,0.0,0.0,0.0,0.0,0.0,0.0,0.0,0.0,0.0,0.0,0.0,0.0,0.0,0.0,0.0,0.0,0.0,0.0,0.0,0.0,0.0,0.0,0.0,0.0,0.0,0.0,0.0,0.0,0.0,0.0,0.0,0.0,0.0,0.0,0.0,0.0,0.0,0.0,0.0,0.0,0.0,0.0,0.0,0.0,0.0,0.0,0.0,0.0,0.0,0.0,0.0,0.0,E
0.0,0.0,0.0,0.027004,0.038643,-0.136345,0.100456,0.002948,-0.201732,0.164008,-0.197544,-0.244801,0.22385,-0.39252,-0.290501,0.37994,0.011012,-0.149461,0.55716,0.095562,-0.213616,0.676748,0.123537,-0.260851,0.780075,0.128128,-0.293795,0.387991,-0.164482,-0.127498,0.594631,-0.241175,-0.183727,0.72185,-0.306146,-0.230974,0.829833,-0.356921,-0.257906,0.339392,-0.291413,-0.115272,0.483496,-0.450129,-0.204,0.598957,-0.554571,-0.277937,0.707112,-0.629058,-0.322921,0.258197,-0.365997,-0.110131,0.260088,-0.418014,-0.218051,0.190961,-0.352677,-0.260194,0.131633,-0.277743,-0.276763,0.0,0.0,0.0,0.0,0.0,0.0,0.0,0.0,0.0,0.0,0.0,0.0,0.0,0.0,0.0,0.0,0.0,0.0,0.0,0.0,0.0,0.0,0.0,0.0,0.0,0.0,0.0,0.0,0.0,0.0,0.0,0.0,0.0,0.0,0.0,0.0,0.0,0.0,0.0,0.0,0.0,0.0,0.0,0.0,0.0,0.0,0.0,0.0,0.0,0.0,0.0,0.0,0.0,0.0,0.0,0.0,0.0,0.0,0.0,0.0,0.0,0.0,0.0,E
0.0,0.0,0.0,0.026633,0.031194,-0.172977,0.109763,-0.025728,-0.248689,0.190969,-0.214505,-0.294148,0.263494,-0.406382,-0.340153,0.386249,0.0367,-0.175883,0.560324,0.118436,-0.248312,0.683661,0.148071,-0.304287,0.791677,0.15639,-0.344767,0.397895,-0.135029,-0.137752,0.607339,-0.211045,-0.202728,0.739738,-0.270685,-0.258539,0.849925,-0.316078,-0.292159,0.353347,-0.266763,-0.112733,0.49982,-0.418994,-0.211718,0.616606,-0.524203,-0.293265,0.724791,-0.597388,-0.343228,0.276593,-0.345089,-0.097914,0.281972,-0.4028,-0.219587,0.211579,-0.348778,-0.271354,0.150408,-0.28708,-0.294312,0.0,0.0,0.0,0.0,0.0,0.0,0.0,0.0,0.0,0.0,0.0,0.0,0.0,0.0,0.0,0.0,0.0,0.0,0.0,0.0,0.0,0.0,0.0,0.0,0.0,0.0,0.0,0.0,0.0,0.0,0.0,0.0,0.0,0.0,0.0,0.0,0.0,0.0,0.0,0.0,0.0,0.0,0.0,0.0,0.0,0.0,0.0,0.0,0.0,0.0,0.0,0.0,0.0,0.0,0.0,0.0,0.0,0.0,0.0,0.0,0.0,0.0,0.0,E
0.0,0.0,0.0,0.029517,0.063273,-0.170982,0.113789,0.026985,-0.249829,0.190609,-0.165311,-0.299103,0.263189,-0.369149,-0.349847,0.398178,0.058276,-0.180258,0.570958,0.144771,-0.251307,0.692613,0.184052,-0.306054,0.797663,0.196869,-0.346201,0.409347,-0.119256,-0.144069,0.61904,-0.189314,-0.210982,0.748513,-0.249239,-0.269533,0.856311,-0.305477,-0.305536,0.3652,-0.258695,-0.11989,0.515681,-0.398389,-0.219253,0.632254,-0.499049,-0.301804,0.737451,-0.575699,-0.353181,0.287398,-0.348523,-0.10546,0.302481,-0.390436,-0.225037,0.229653,-0.328449,-0.275407,0.162231,-0.263412,-0.298215,0.0,0.0,0.0,0.0,0.0,0.0,0.0,0.0,0.0,0.0,0.0,0.0,0.0,0.0,0.0,0.0,0.0,0.0,0.0,0.0,0.0,0.0,0.0,0.0,0.0,0.0,0.0,0.0,0.0,0.0,0.0,0.0,0.0,0.0,0.0,0.0,0.0,0.0,0.0,0.0,0.0,0.0,0.0,0.0,0.0,0.0,0.0,0.0,0.0,0.0,0.0,0.0,0.0,0.0,0.0,0.0,0.0,0.0,0.0,0.0,0.0,0.0,0.0,E
0.0,0.0,0.0,0.024685,0.048849,-0.168938,0.112612,0.01818,-0.245414,0.192661,-0.151577,-0.292863,0.260409,-0.353533,-0.342425,0.400068,0.069293,-0.173805,0.5746,0.164118,-0.241233,0.693968,0.208614,-0.293887,0.799283,0.231147,-0.332815,0.410637,-0.110804,-0.138007,0.618684,-0.174041,-0.20212,0.749825,-0.229483,-0.257987,0.860576,-0.274664,-0.292825,0.366251,-0.252548,-0.114799,0.527196,-0.38295,-0.213884,0.650509,-0.479933,-0.297362,0.759627,-0.5482,-0.349919,0.289752,-0.34247,-0.101256,0.311134,-0.373757,-0.219528,0.234253,-0.317092,-0.268911,0.161808,-0.254639,-0.292165,0.0,0.0,0.0,0.0,0.0,0.0,0.0,0.0,0.0,0.0,0.0,0.0,0.0,0.0,0.0,0.0,0.0,0.0,0.0,0.0,0.0,0.0,0.0,0.0,0.0,0.0,0.0,0.0,0.0,0.0,0.0,0.0,0.0,0.0,0.0,0.0,0.0,0.0,0.0,0.0,0.0,0.0,0.0,0.0,0.0,0.0,0.0,0.0,0.0,0.0,0.0,0.0,0.0,0.0,0.0,0.0,0.0,0.0,0.0,0.0,0.0,0.0,0.0,E
0.0,0.0,0.0,0.03353,0.054248,-0.126529,0.122207,0.019839,-0.18578,0.204217,-0.175221,-0.226144,0.276766,-0.367562,-0.268757,0.411936,0.078496,-0.130281,0.59418,0.165788,-0.19331,0.712763,0.208352,-0.240616,0.817587,0.239017,-0.273968,0.428323,-0.109298,-0.115424,0.640316,-0.1623,-0.168496,0.772194,-0.218218,-0.213699,0.886323,-0.2527,-0.239613,0.380691,-0.251067,-0.111129,0.550315,-0.40141,-0.196643,0.66882,-0.494779,-0.265885,0.777112,-0.548909,-0.30789,0.293855,-0.337345,-0.114109,0.312996,-0.392482,-0.217443,0.243439,-0.332379,-0.254866,0.180643,-0.254732,-0.268448,0.0,0.0,0.0,0.0,0.0,0.0,0.0,0.0,0.0,0.0,0.0,0.0,0.0,0.0,0.0,0.0,0.0,0.0,0.0,0.0,0.0,0.0,0.0,0.0,0.0,0.0,0.0,0.0,0.0,0.0,0.0,0.0,0.0,0.0,0.0,0.0,0.0,0.0,0.0,0.0,0.0,0.0,0.0,0.0,0.0,0.0,0.0,0.0,0.0,0.0,0.0,0.0,0.0,0.0,0.0,0.0,0.0,0.0,0.0,0.0,0.0,0.0,0.0,E
0.0,0.0,0.0,0.037274,0.061363,-0.143233,0.131412,0.022787,-0.208504,0.217132,-0.168473,-0.250334,0.291639,-0.367581,-0.29355,0.405053,0.073186,-0.145702,0.578965,0.160826,-0.209476,0.695663,0.200445,-0.257615,0.797894,0.218823,-0.292354,0.418505,-0.107598,-0.12171,0.630903,-0.158085,-0.182172,0.76245,-0.208951,-0.232984,0.875372,-0.249599,-0.262326,0.374791,-0.253358,-0.109015,0.540739,-0.387699,-0.202458,0.661482,-0.479843,-0.279373,0.772229,-0.54547,-0.325768,0.292523,-0.350389,-0.104006,0.31605,-0.397599,-0.21214,0.245114,-0.336878,-0.254177,0.179063,-0.269854,-0.271594,0.0,0.0,0.0,0.0,0.0,0.0,0.0,0.0,0.0,0.0,0.0,0.0,0.0,0.0,0.0,0.0,0.0,0.0,0.0,0.0,0.0,0.0,0.0,0.0,0.0,0.0,0.0,0.0,0.0,0.0,0.0,0.0,0.0,0.0,0.0,0.0,0.0,0.0,0.0,0.0,0.0,0.0,0.0,0.0,0.0,0.0,0.0,0.0,0.0,0.0,0.0,0.0,0.0,0.0,0.0,0.0,0.0,0.0,0.0,0.0,0.0,0.0,0.0,E
0.0,0.0,0.0,0.041773,0.060419,-0.163835,0.132921,0.013482,-0.237219,0.201124,-0.189188,-0.283469,0.260729,-0.399811,-0.331067,0.41039,0.066251,-0.163935,0.583854,0.157595,-0.231472,0.704284,0.196972,-0.285623,0.808353,0.212081,-0.32645,0.420303,-0.109625,-0.131223,0.629564,-0.164628,-0.192524,0.760464,-0.219654,-0.252921,0.873925,-0.270839,-0.292841,0.376187,-0.252745,-0.111313,0.523877,-0.389293,-0.204475,0.645356,-0.484847,-0.294334,0.75246,-0.556055,-0.352997,0.298409,-0.339489,-0.101096,0.309766,-0.385361,-0.21464,0.245546,-0.330511,-0.270572,0.184933,-0.272778,-0.300085,0.0,0.0,0.0,0.0,0.0,0.0,0.0,0.0,0.0,0.0,0.0,0.0,0.0,0.0,0.0,0.0,0.0,0.0,0.0,0.0,0.0,0.0,0.0,0.0,0.0,0.0,0.0,0.0,0.0,0.0,0.0,0.0,0.0,0.0,0.0,0.0,0.0,0.0,0.0,0.0,0.0,0.0,0.0,0.0,0.0,0.0,0.0,0.0,0.0,0.0,0.0,0.0,0.0,0.0,0.0,0.0,0.0,0.0,0.0,0.0,0.0,0.0,0.0,E
0.0,0.0,0.0,0.042308,0.038535,-0.146602,0.136106,-0.011958,-0.209393,0.216096,-0.205419,-0.248819,0.290092,-0.379064,-0.289142,0.414226,0.045636,-0.138421,0.588422,0.124832,-0.195676,0.704767,0.159645,-0.241526,0.805734,0.177149,-0.276351,0.41818,-0.131261,-0.108961,0.619634,-0.206348,-0.161606,0.743527,-0.269418,-0.214272,0.85164,-0.317247,-0.24739,0.368986,-0.263831,-0.091534,0.522569,-0.420487,-0.179104,0.638464,-0.521917,-0.263795,0.741072,-0.591906,-0.316954,0.288103,-0.335654,-0.082048,0.308969,-0.388196,-0.191685,0.24805,-0.326453,-0.245003,0.189938,-0.256791,-0.27062,0.0,0.0,0.0,0.0,0.0,0.0,0.0,0.0,0.0,0.0,0.0,0.0,0.0,0.0,0.0,0.0,0.0,0.0,0.0,0.0,0.0,0.0,0.0,0.0,0.0,0.0,0.0,0.0,0.0,0.0,0.0,0.0,0.0,0.0,0.0,0.0,0.0,0.0,0.0,0.0,0.0,0.0,0.0,0.0,0.0,0.0,0.0,0.0,0.0,0.0,0.0,0.0,0.0,0.0,0.0,0.0,0.0,0.0,0.0,0.0,0.0,0.0,0.0,E
0.0,0.0,0.0,0.061147,0.061257,-0.117612,0.176896,0.030154,-0.164179,0.249878,-0.197575,-0.191966,0.297006,-0.417689,-0.222526,0.423132,0.048894,-0.098942,0.594448,0.134491,-0.146302,0.708014,0.176146,-0.187307,0.811979,0.196895,-0.219824,0.425864,-0.138172,-0.084669,0.62617,-0.211443,-0.125747,0.74443,-0.278589,-0.172619,0.849862,-0.335116,-0.202001,0.376196,-0.270003,-0.080813,0.525782,-0.410379,-0.161833,0.643963,-0.509355,-0.239967,0.753792,-0.589983,-0.289341,0.293726,-0.344753,-0.082888,0.311813,-0.378444,-0.187954,0.236846,-0.305937,-0.230611,0.169504,-0.23698,-0.248541,0.0,0.0,0.0,0.0,0.0,0.0,0.0,0.0,0.0,0.0,0.0,0.0,0.0,0.0,0.0,0.0,0.0,0.0,0.0,0.0,0.0,0.0,0.0,0.0,0.0,0.0,0.0,0.0,0.0,0.0,0.0,0.0,0.0,0.0,0.0,0.0,0.0,0.0,0.0,0.0,0.0,0.0,0.0,0.0,0.0,0.0,0.0,0.0,0.0,0.0,0.0,0.0,0.0,0.0,0.0,0.0,0.0,0.0,0.0,0.0,0.0,0.0,0.0,E
0.0,0.0,0.0,0.063569,0.062753,-0.132227,0.174668,0.012976,-0.184777,0.244973,-0.210861,-0.216131,0.294658,-0.429835,-0.248441,0.429785,0.03386,-0.109204,0.602375,0.102336,-0.160285,0.716444,0.131846,-0.205042,0.818153,0.142153,-0.240072,0.429686,-0.150414,-0.087534,0.627856,-0.217209,-0.132833,0.748058,-0.273487,-0.180976,0.853298,-0.320323,-0.211782,0.378294,-0.288481,-0.078503,0.535499,-0.423433,-0.160532,0.650486,-0.517473,-0.238129,0.751044,-0.594626,-0.286972,0.296449,-0.364626,-0.077205,0.330532,-0.402327,-0.181216,0.266852,-0.337613,-0.22506,0.203416,-0.275251,-0.244378,0.0,0.0,0.0,0.0,0.0,0.0,0.0,0.0,0.0,0.0,0.0,0.0,0.0,0.0,0.0,0.0,0.0,0.0,0.0,0.0,0.0,0.0,0.0,0.0,0.0,0.0,0.0,0.0,0.0,0.0,0.0,0.0,0.0,0.0,0.0,0.0,0.0,0.0,0.0,0.0,0.0,0.0,0.0,0.0,0.0,0.0,0.0,0.0,0.0,0.0,0.0,0.0,0.0,0.0,0.0,0.0,0.0,0.0,0.0,0.0,0.0,0.0,0.0,E
0.0,0.0,0.0,0.068561,0.051953,-0.117479,0.176443,-0.000464,-0.165802,0.242013,-0.226606,-0.196397,0.289254,-0.43397,-0.228109,0.424269,0.019519,-0.099324,0.590138,0.093566,-0.153329,0.702345,0.128033,-0.200922,0.804466,0.14489,-0.238197,0.427665,-0.163002,-0.086083,0.624715,-0.236302,-0.13215,0.741434,-0.302162,-0.180745,0.846676,-0.357801,-0.212423,0.377987,-0.29538,-0.084276,0.532328,-0.431612,-0.163121,0.642352,-0.528409,-0.236829,0.741151,-0.608531,-0.283521,0.296301,-0.364142,-0.089384,0.324641,-0.414134,-0.187979,0.270509,-0.356935,-0.229653,0.219105,-0.300867,-0.248152,0.0,0.0,0.0,0.0,0.0,0.0,0.0,0.0,0.0,0.0,0.0,0.0,0.0,0.0,0.0,0.0,0.0,0.0,0.0,0.0,0.0,0.0,0.0,0.0,0.0,0.0,0.0,0.0,0.0,0.0,0.0,0.0,0.0,0.0,0.0,0.0,0.0,0.0,0.0,0.0,0.0,0.0,0.0,0.0,0.0,0.0,0.0,0.0,0.0,0.0,0.0,0.0,0.0,0.0,0.0,0.0,0.0,0.0,0.0,0.0,0.0,0.0,0.0,E
0.0,0.0,0.0,0.063323,0.054924,-0.121326,0.166251,0.005619,-0.170904,0.230161,-0.221002,-0.202055,0.275131,-0.436402,-0.23456,0.420454,0.017344,-0.10569,0.59336,0.087115,-0.157765,0.706631,0.111386,-0.202044,0.810001,0.119433,-0.237173,0.422787,-0.163416,-0.090212,0.620072,-0.237015,-0.134395,0.736843,-0.308298,-0.181914,0.841852,-0.367476,-0.213464,0.372804,-0.296376,-0.086017,0.524666,-0.434885,-0.164398,0.634352,-0.535307,-0.239701,0.732355,-0.61697,-0.288103,0.291391,-0.365274,-0.08886,0.313904,-0.410359,-0.189036,0.257228,-0.345976,-0.232851,0.201967,-0.283673,-0.252839,0.0,0.0,0.0,0.0,0.0,0.0,0.0,0.0,0.0,0.0,0.0,0.0,0.0,0.0,0.0,0.0,0.0,0.0,0.0,0.0,0.0,0.0,0.0,0.0,0.0,0.0,0.0,0.0,0.0,0.0,0.0,0.0,0.0,0.0,0.0,0.0,0.0,0.0,0.0,0.0,0.0,0.0,0.0,0.0,0.0,0.0,0.0,0.0,0.0,0.0,0.0,0.0,0.0,0.0,0.0,0.0,0.0,0.0,0.0,0.0,0.0,0.0,0.0,E
0.0,0.0,0.0,0.051484,0.042439,-0.167644,0.148678,-0.032303,-0.237525,0.216977,-0.221024,-0.279031,0.273944,-0.407437,-0.32137,0.410507,0.022633,-0.162243,0.591941,0.076793,-0.223885,0.714194,0.096627,-0.272778,0.818089,0.101064,-0.309491,0.403925,-0.145641,-0.12073,0.595096,-0.238118,-0.178036,0.712385,-0.31531,-0.233732,0.809527,-0.371716,-0.269639,0.353473,-0.2738,-0.092302,0.495271,-0.436474,-0.179199,0.603753,-0.559013,-0.262378,0.699208,-0.641142,-0.3163,0.277862,-0.346245,-0.074286,0.294052,-0.39774,-0.182261,0.234556,-0.33619,-0.235991,0.176984,-0.26006,-0.263725,0.0,0.0,0.0,0.0,0.0,0.0,0.0,0.0,0.0,0.0,0.0,0.0,0.0,0.0,0.0,0.0,0.0,0.0,0.0,0.0,0.0,0.0,0.0,0.0,0.0,0.0,0.0,0.0,0.0,0.0,0.0,0.0,0.0,0.0,0.0,0.0,0.0,0.0,0.0,0.0,0.0,0.0,0.0,0.0,0.0,0.0,0.0,0.0,0.0,0.0,0.0,0.0,0.0,0.0,0.0,0.0,0.0,0.0,0.0,0.0,0.0,0.0,0.0,E
0.0,0.0,0.0,0.044159,0.036165,-0.20738,0.144182,-0.049889,-0.293185,0.225097,-0.24072,-0.342072,0.295957,-0.42976,-0.38999,0.410936,0.029276,-0.19133,0.595142,0.083652,-0.258167,0.721696,0.102961,-0.315507,0.831838,0.113062,-0.358939,0.403564,-0.142857,-0.127638,0.600688,-0.241405,-0.190394,0.723754,-0.317612,-0.25378,0.824226,-0.365476,-0.29659,0.35506,-0.274945,-0.080135,0.509475,-0.436456,-0.171702,0.616824,-0.557104,-0.260295,0.708572,-0.629989,-0.317868,0.28674,-0.351439,-0.046045,0.320559,-0.408084,-0.156942,0.272882,-0.353631,-0.216624,0.223872,-0.280921,-0.249616,0.0,0.0,0.0,0.0,0.0,0.0,0.0,0.0,0.0,0.0,0.0,0.0,0.0,0.0,0.0,0.0,0.0,0.0,0.0,0.0,0.0,0.0,0.0,0.0,0.0,0.0,0.0,0.0,0.0,0.0,0.0,0.0,0.0,0.0,0.0,0.0,0.0,0.0,0.0,0.0,0.0,0.0,0.0,0.0,0.0,0.0,0.0,0.0,0.0,0.0,0.0,0.0,0.0,0.0,0.0,0.0,0.0,0.0,0.0,0.0,0.0,0.0,0.0,E
0.0,0.0,0.0,0.059369,0.042764,-0.167697,0.165555,-0.033147,-0.237348,0.242569,-0.23939,-0.27799,0.303518,-0.44311,-0.319454,0.420786,0.035362,-0.157063,0.597378,0.110295,-0.224658,0.721679,0.140507,-0.281005,0.827798,0.156057,-0.322523,0.418521,-0.139276,-0.117672,0.618647,-0.225827,-0.179438,0.74236,-0.285488,-0.23906,0.843569,-0.320738,-0.276737,0.369646,-0.271396,-0.092097,0.526373,-0.424852,-0.188561,0.63871,-0.528163,-0.2743,0.735765,-0.593067,-0.326989,0.295501,-0.34143,-0.076247,0.324515,-0.396255,-0.194699,0.265162,-0.339175,-0.24853,0.204788,-0.271906,-0.273328,0.0,0.0,0.0,0.0,0.0,0.0,0.0,0.0,0.0,0.0,0.0,0.0,0.0,0.0,0.0,0.0,0.0,0.0,0.0,0.0,0.0,0.0,0.0,0.0,0.0,0.0,0.0,0.0,0.0,0.0,0.0,0.0,0.0,0.0,0.0,0.0,0.0,0.0,0.0,0.0,0.0,0.0,0.0,0.0,0.0,0.0,0.0,0.0,0.0,0.0,0.0,0.0,0.0,0.0,0.0,0.0,0.0,0.0,0.0,0.0,0.0,0.0,0.0,E
0.0,0.0,0.0,0.068575,0.053177,-0.133935,0.181277,-0.014527,-0.185576,0.244925,-0.235117,-0.214981,0.292742,-0.439794,-0.245934,0.429875,0.040017,-0.121499,0.60611,0.122215,-0.177922,0.727948,0.158049,-0.223617,0.831514,0.171865,-0.258188,0.428342,-0.138881,-0.098843,0.626462,-0.214441,-0.149056,0.745122,-0.271569,-0.200491,0.845462,-0.310742,-0.233001,0.378658,-0.272389,-0.088136,0.527476,-0.418796,-0.174774,0.641214,-0.518044,-0.257328,0.745129,-0.590664,-0.309675,0.299181,-0.347064,-0.084845,0.315771,-0.394915,-0.196759,0.249107,-0.326885,-0.247766,0.188443,-0.257019,-0.271367,0.0,0.0,0.0,0.0,0.0,0.0,0.0,0.0,0.0,0.0,0.0,0.0,0.0,0.0,0.0,0.0,0.0,0.0,0.0,0.0,0.0,0.0,0.0,0.0,0.0,0.0,0.0,0.0,0.0,0.0,0.0,0.0,0.0,0.0,0.0,0.0,0.0,0.0,0.0,0.0,0.0,0.0,0.0,0.0,0.0,0.0,0.0,0.0,0.0,0.0,0.0,0.0,0.0,0.0,0.0,0.0,0.0,0.0,0.0,0.0,0.0,0.0,0.0,E
0.0,0.0,0.0,0.076608,0.068312,-0.110594,0.191246,0.026743,-0.155616,0.261289,-0.190143,-0.184421,0.31199,-0.392044,-0.21535,0.431227,0.055807,-0.100017,0.617286,0.141828,-0.150944,0.740278,0.177146,-0.19122,0.844718,0.191048,-0.221644,0.437328,-0.125543,-0.087219,0.63903,-0.181813,-0.1299,0.762461,-0.245537,-0.173625,0.866221,-0.293795,-0.200781,0.391261,-0.259754,-0.084733,0.551848,-0.399512,-0.161067,0.668564,-0.496893,-0.234184,0.771119,-0.571563,-0.28052,0.311719,-0.338357,-0.088186,0.339879,-0.384584,-0.189343,0.278695,-0.320166,-0.2319,0.217779,-0.252264,-0.249321,0.0,0.0,0.0,0.0,0.0,0.0,0.0,0.0,0.0,0.0,0.0,0.0,0.0,0.0,0.0,0.0,0.0,0.0,0.0,0.0,0.0,0.0,0.0,0.0,0.0,0.0,0.0,0.0,0.0,0.0,0.0,0.0,0.0,0.0,0.0,0.0,0.0,0.0,0.0,0.0,0.0,0.0,0.0,0.0,0.0,0.0,0.0,0.0,0.0,0.0,0.0,0.0,0.0,0.0,0.0,0.0,0.0,0.0,0.0,0.0,0.0,0.0,0.0,E
0.0,0.0,0.0,0.075455,0.069115,-0.117318,0.192651,0.020186,-0.161981,0.253592,-0.20358,-0.187768,0.298396,-0.414893,-0.215894,0.428223,0.054328,-0.102112,0.604491,0.134085,-0.15252,0.723468,0.169716,-0.194161,0.827807,0.185838,-0.22618,0.430875,-0.128848,-0.086841,0.627098,-0.191226,-0.130046,0.749175,-0.253801,-0.177639,0.856733,-0.300208,-0.207892,0.383879,-0.269956,-0.082536,0.536088,-0.408587,-0.163815,0.65406,-0.503109,-0.243594,0.763104,-0.575259,-0.294532,0.304541,-0.352997,-0.084352,0.318904,-0.395236,-0.190823,0.249834,-0.323758,-0.237165,0.187196,-0.252242,-0.257793,0.0,0.0,0.0,0.0,0.0,0.0,0.0,0.0,0.0,0.0,0.0,0.0,0.0,0.0,0.0,0.0,0.0,0.0,0.0,0.0,0.0,0.0,0.0,0.0,0.0,0.0,0.0,0.0,0.0,0.0,0.0,0.0,0.0,0.0,0.0,0.0,0.0,0.0,0.0,0.0,0.0,0.0,0.0,0.0,0.0,0.0,0.0,0.0,0.0,0.0,0.0,0.0,0.0,0.0,0.0,0.0,0.0,0.0,0.0,0.0,0.0,0.0,0.0,E
0.0,0.0,0.0,0.064525,0.064491,-0.148388,0.180328,0.012812,-0.205663,0.253239,-0.204652,-0.237359,0.303406,-0.421391,-0.269641,0.429069,0.067014,-0.127446,0.598579,0.161467,-0.184806,0.714036,0.199884,-0.233754,0.815361,0.213457,-0.271377,0.434151,-0.117428,-0.099747,0.639667,-0.17573,-0.150358,0.764467,-0.230806,-0.202399,0.872365,-0.278629,-0.235257,0.387764,-0.263429,-0.08583,0.541398,-0.394264,-0.175087,0.660772,-0.487044,-0.26028,0.767196,-0.559377,-0.31386,0.310033,-0.349833,-0.080624,0.325854,-0.390457,-0.195274,0.256406,-0.325223,-0.247274,0.192043,-0.260394,-0.271493,0.0,0.0,0.0,0.0,0.0,0.0,0.0,0.0,0.0,0.0,0.0,0.0,0.0,0.0,0.0,0.0,0.0,0.0,0.0,0.0,0.0,0.0,0.0,0.0,0.0,0.0,0.0,0.0,0.0,0.0,0.0,0.0,0.0,0.0,0.0,0.0,0.0,0.0,0.0,0.0,0.0,0.0,0.0,0.0,0.0,0.0,0.0,0.0,0.0,0.0,0.0,0.0,0.0,0.0,0.0,0.0,0.0,0.0,0.0,0.0,0.0,0.0,0.0,E
0.0,0.0,0.0,0.071197,0.074297,-0.110704,0.191943,0.050007,-0.155797,0.273419,-0.174574,-0.183445,0.326018,-0.392169,-0.213515,0.432423,0.096203,-0.094021,0.604579,0.197226,-0.141725,0.715761,0.24372,-0.183619,0.816256,0.2672,-0.21666,0.445736,-0.09469,-0.084087,0.656618,-0.14531,-0.12617,0.781441,-0.190999,-0.170675,0.89049,-0.230283,-0.197635,0.402852,-0.236699,-0.084235,0.572335,-0.364338,-0.165379,0.695305,-0.450545,-0.239863,0.80603,-0.518088,-0.286182,0.323511,-0.323429,-0.089632,0.355246,-0.361322,-0.194102,0.280096,-0.296775,-0.232312,0.209221,-0.228666,-0.246365,0.0,0.0,0.0,0.0,0.0,0.0,0.0,0.0,0.0,0.0,0.0,0.0,0.0,0.0,0.0,0.0,0.0,0.0,0.0,0.0,0.0,0.0,0.0,0.0,0.0,0.0,0.0,0.0,0.0,0.0,0.0,0.0,0.0,0.0,0.0,0.0,0.0,0.0,0.0,0.0,0.0,0.0,0.0,0.0,0.0,0.0,0.0,0.0,0.0,0.0,0.0,0.0,0.0,0.0,0.0,0.0,0.0,0.0,0.0,0.0,0.0,0.0,0.0,E
0.0,0.0,0.0,0.063133,0.082723,-0.126654,0.179938,0.061287,-0.17762,0.256521,-0.164647,-0.207089,0.31358,-0.38445,-0.238532,0.429598,0.099077,-0.109339,0.593695,0.197867,-0.159723,0.700676,0.250767,-0.203779,0.800812,0.280734,-0.238033,0.439775,-0.089517,-0.092513,0.644672,-0.137909,-0.135436,0.77148,-0.175979,-0.181162,0.884591,-0.208351,-0.210528,0.395239,-0.236939,-0.087857,0.557617,-0.360951,-0.173324,0.686179,-0.443934,-0.25427,0.803762,-0.510181,-0.306074,0.316132,-0.328035,-0.08976,0.344049,-0.355346,-0.196973,0.263592,-0.289852,-0.23916,0.187111,-0.228483,-0.258004,0.0,0.0,0.0,0.0,0.0,0.0,0.0,0.0,0.0,0.0,0.0,0.0,0.0,0.0,0.0,0.0,0.0,0.0,0.0,0.0,0.0,0.0,0.0,0.0,0.0,0.0,0.0,0.0,0.0,0.0,0.0,0.0,0.0,0.0,0.0,0.0,0.0,0.0,0.0,0.0,0.0,0.0,0.0,0.0,0.0,0.0,0.0,0.0,0.0,0.0,0.0,0.0,0.0,0.0,0.0,0.0,0.0,0.0,0.0,0.0,0.0,0.0,0.0,E
0.0,0.0,0.0,0.069422,0.084053,-0.126883,0.192574,0.058696,-0.175879,0.2714,-0.16659,-0.203788,0.326945,-0.385983,-0.233003,0.435224,0.107688,-0.099639,0.597717,0.197638,-0.148207,0.702585,0.248894,-0.19161,0.796355,0.277084,-0.225228,0.443855,-0.0802,-0.081582,0.649181,-0.1243,-0.124765,0.777192,-0.161331,-0.172763,0.890021,-0.194204,-0.202821,0.399344,-0.228587,-0.076334,0.565778,-0.34872,-0.162134,0.695835,-0.432029,-0.246276,0.81299,-0.499347,-0.299501,0.321071,-0.323494,-0.077557,0.351943,-0.348664,-0.187018,0.275411,-0.284547,-0.233148,0.202859,-0.224475,-0.254033,0.0,0.0,0.0,0.0,0.0,0.0,0.0,0.0,0.0,0.0,0.0,0.0,0.0,0.0,0.0,0.0,0.0,0.0,0.0,0.0,0.0,0.0,0.0,0.0,0.0,0.0,0.0,0.0,0.0,0.0,0.0,0.0,0.0,0.0,0.0,0.0,0.0,0.0,0.0,0.0,0.0,0.0,0.0,0.0,0.0,0.0,0.0,0.0,0.0,0.0,0.0,0.0,0.0,0.0,0.0,0.0,0.0,0.0,0.0,0.0,0.0,0.0,0.0,E
0.0,0.0,0.0,0.069488,0.083524,-0.120129,0.191434,0.054486,-0.166383,0.272694,-0.160155,-0.193217,0.331668,-0.374858,-0.222311,0.434845,0.112717,-0.096389,0.600916,0.198575,-0.142072,0.706342,0.246591,-0.183141,0.801718,0.27745,-0.215497,0.446295,-0.07837,-0.079982,0.646978,-0.12463,-0.1199,0.769863,-0.15935,-0.166588,0.876278,-0.180873,-0.196582,0.402503,-0.228988,-0.075388,0.572937,-0.353186,-0.157473,0.702038,-0.436633,-0.241713,0.812958,-0.501495,-0.295977,0.323788,-0.323233,-0.076557,0.355776,-0.351277,-0.182323,0.279802,-0.293616,-0.228621,0.203886,-0.238394,-0.250381,0.0,0.0,0.0,0.0,0.0,0.0,0.0,0.0,0.0,0.0,0.0,0.0,0.0,0.0,0.0,0.0,0.0,0.0,0.0,0.0,0.0,0.0,0.0,0.0,0.0,0.0,0.0,0.0,0.0,0.0,0.0,0.0,0.0,0.0,0.0,0.0,0.0,0.0,0.0,0.0,0.0,0.0,0.0,0.0,0.0,0.0,0.0,0.0,0.0,0.0,0.0,0.0,0.0,0.0,0.0,0.0,0.0,0.0,0.0,0.0,0.0,0.0,0.0,E
0.0,0.0,0.0,0.06711,0.081245,-0.127865,0.187404,0.047626,-0.177589,0.266609,-0.167513,-0.206116,0.326103,-0.380483,-0.23689,0.432706,0.109707,-0.110884,0.607501,0.196818,-0.160349,0.721749,0.235942,-0.20317,0.824922,0.256115,-0.236744,0.442998,-0.078067,-0.091432,0.647898,-0.128096,-0.133864,0.773173,-0.175302,-0.181093,0.88117,-0.209205,-0.211656,0.399784,-0.226329,-0.083708,0.56901,-0.353566,-0.16671,0.696687,-0.441102,-0.249658,0.805893,-0.508394,-0.303433,0.321788,-0.319989,-0.082673,0.349876,-0.3572,-0.190612,0.274273,-0.299841,-0.237063,0.197559,-0.241367,-0.258659,0.0,0.0,0.0,0.0,0.0,0.0,0.0,0.0,0.0,0.0,0.0,0.0,0.0,0.0,0.0,0.0,0.0,0.0,0.0,0.0,0.0,0.0,0.0,0.0,0.0,0.0,0.0,0.0,0.0,0.0,0.0,0.0,0.0,0.0,0.0,0.0,0.0,0.0,0.0,0.0,0.0,0.0,0.0,0.0,0.0,0.0,0.0,0.0,0.0,0.0,0.0,0.0,0.0,0.0,0.0,0.0,0.0,0.0,0.0,0.0,0.0,0.0,0.0,E
0.0,0.0,0.0,0.065094,0.076212,-0.141811,0.181655,0.04341,-0.199395,0.258366,-0.181491,-0.23267,0.315352,-0.405578,-0.267257,0.440308,0.100612,-0.129884,0.62298,0.20753,-0.185282,0.742535,0.252247,-0.231868,0.851027,0.27468,-0.268179,0.446751,-0.092638,-0.105013,0.653596,-0.131656,-0.153721,0.781354,-0.176235,-0.204708,0.891108,-0.212897,-0.238217,0.40297,-0.243521,-0.09251,0.56785,-0.362347,-0.179537,0.692629,-0.442142,-0.262182,0.802614,-0.506162,-0.315611,0.325787,-0.332972,-0.08798,0.354493,-0.368068,-0.198595,0.28142,-0.30297,-0.245281,0.207296,-0.241963,-0.266624,0.0,0.0,0.0,0.0,0.0,0.0,0.0,0.0,0.0,0.0,0.0,0.0,0.0,0.0,0.0,0.0,0.0,0.0,0.0,0.0,0.0,0.0,0.0,0.0,0.0,0.0,0.0,0.0,0.0,0.0,0.0,0.0,0.0,0.0,0.0,0.0,0.0,0.0,0.0,0.0,0.0,0.0,0.0,0.0,0.0,0.0,0.0,0.0,0.0,0.0,0.0,0.0,0.0,0.0,0.0,0.0,0.0,0.0,0.0,0.0,0.0,0.0,0.0,E
