0.0,0.0,0.0,0.208268,-0.018764,-0.01553,0.369633,-0.119978,-0.062594,0.493147,-0.179072,-0.126505,0.594501,-0.203633,-0.188497,0.250716,-0.562377,-0.046374,0.337132,-0.765885,-0.129055,0.438095,-0.825947,-0.174603,0.521386,-0.830005,-0.198113,0.164062,-0.588893,-0.082043,0.36649,-0.441918,-0.172566,0.315593,-0.273599,-0.180499,0.245606,-0.284147,-0.170145,0.095645,-0.54076,-0.123317,0.288302,-0.355388,-0.213455,0.234154,-0.221196,-0.188936,0.172581,-0.250658,-0.155853,0.040548,-0.458876,-0.167133,0.198971,-0.315181,-0.213443,0.168933,-0.217263,-0.181425,0.111399,-0.227615,-0.146022,0.0,0.0,0.0,-0.207997,-0.018434,0.000486,-0.392891,-0.078625,-0.042106,-0.531583,-0.068699,-0.102377,-0.65771,-0.039886,-0.161032,-0.350141,-0.518952,-0.024958,-0.511423,-0.651746,-0.101739,-0.624114,-0.677158,-0.149982,-0.717106,-0.67255,-0.182854,-0.284915,-0.547638,-0.07537,-0.505567,-0.384319,-0.152621,-0.435923,-0.236973,-0.151949,-0.355904,-0.2438,-0.145158,-0.222268,-0.510961,-0.134573,-0.436009,-0.347892,-0.197175,-0.366157,-0.23574,-0.147057,-0.291339,-0.264194,-0.110095,-0.165276,-0.434508,-0.199289,-0.339703,-0.354061,-0.242037,-0.319303,-0.264807,-0.207377,-0.26087,-0.26022,-0.175882,S
0.0,0.0,0.0,0.211821,-0.017679,-0.008162,0.370542,-0.124106,-0.049672,0.495313,-0.18073,-0.108664,0.595416,-0.204197,-0.165754,0.254433,-0.569448,-0.035468,0.345738,-0.77064,-0.110418,0.440936,-0.831355,-0.154458,0.519908,-0.835134,-0.179572,0.171621,-0.593826,-0.074455,0.366683,-0.440589,-0.154357,0.314576,-0.282936,-0.163035,0.248667,-0.303289,-0.158839,0.107385,-0.54218,-0.118476,0.296386,-0.36215,-0.19617,0.244157,-0.240398,-0.171849,0.184623,-0.276748,-0.145925,0.058341,-0.454878,-0.165466,0.212316,-0.314082,-0.206963,0.18238,-0.223545,-0.177033,0.125855,-0.237391,-0.146976,0.0,0.0,0.0,-0.225493,-0.015772,0.004923,-0.414504,-0.078037,-0.037479,-0.560483,-0.062119,-0.099132,-0.694796,-0.027485,-0.158917,-0.3645,-0.513695,-0.016148,-0.52294,-0.647092,-0.093855,-0.641187,-0.667207,-0.14376,-0.736209,-0.653132,-0.177244,-0.301213,-0.539106,-0.068317,-0.520838,-0.373744,-0.145941,-0.452051,-0.230587,-0.145919,-0.371442,-0.240406,-0.139664,-0.239875,-0.498034,-0.1294,-0.45164,-0.3328,-0.188861,-0.38092,-0.228362,-0.138281,-0.304997,-0.261391,-0.102119,-0.185104,-0.417968,-0.196096,-0.351674,-0.33272,-0.234817,-0.334357,-0.250615,-0.200529,-0.278735,-0.253338,-0.170438,S
0.0,0.0,0.0,0.212933,-0.019691,-0.009272,0.370514,-0.12587,-0.053201,0.496004,-0.187123,-0.114935,0.596782,-0.211705,-0.175538,0.258588,-0.562368,-0.035869,0.341346,-0.77203,-0.109637,0.436657,-0.837203,-0.151168,0.514293,-0.839808,-0.173852,0.174687,-0.588001,-0.073331,0.364168,-0.437934,-0.15248,0.313178,-0.276018,-0.159165,0.250547,-0.295357,-0.152546,0.109915,-0.538103,-0.115755,0.296661,-0.358406,-0.194682,0.245567,-0.234542,-0.169461,0.189472,-0.271451,-0.142003,0.060938,-0.453622,-0.160852,0.212773,-0.314986,-0.203675,0.18339,-0.219265,-0.17286,0.130452,-0.232333,-0.141351,0.0,0.0,0.0,-0.236829,-0.0164,0.042,-0.42261,-0.075181,0.007584,-0.560399,-0.054786,-0.053921,-0.692707,-0.029636,-0.116533,-0.37448,-0.509446,0.004357,-0.540795,-0.642926,-0.068386,-0.657327,-0.65717,-0.117735,-0.754811,-0.637875,-0.15289,-0.311308,-0.535119,-0.069387,-0.538486,-0.370445,-0.138524,-0.46682,-0.221702,-0.134216,-0.381103,-0.227728,-0.129564,-0.253995,-0.489522,-0.148893,-0.474443,-0.32488,-0.194896,-0.39929,-0.211954,-0.133994,-0.318641,-0.2449,-0.098157,-0.203521,-0.402781,-0.231363,-0.382092,-0.316581,-0.26171,-0.353031,-0.218032,-0.217961,-0.286001,-0.214276,-0.18538,S
0.0,0.0,0.0,0.212789,-0.017603,-0.009049,0.373887,-0.121343,-0.052536,0.503107,-0.178624,-0.114326,0.606011,-0.200541,-0.175186,0.263876,-0.558772,-0.03316,0.345618,-0.761257,-0.106101,0.438511,-0.830091,-0.147609,0.516714,-0.838893,-0.171068,0.180015,-0.584548,-0.070962,0.368771,-0.43018,-0.149963,0.316581,-0.273453,-0.157496,0.255597,-0.293472,-0.151928,0.114217,-0.533623,-0.113856,0.298681,-0.349543,-0.191974,0.24634,-0.230354,-0.168056,0.190758,-0.268208,-0.142069,0.062591,-0.447548,-0.159531,0.214547,-0.302508,-0.201307,0.18311,-0.211995,-0.172144,0.127888,-0.229528,-0.142489,0.0,0.0,0.0,-0.239,-0.011861,0.03925,-0.409836,-0.064881,0.005085,-0.538153,-0.044433,-0.053803,-0.662445,-0.024798,-0.11274,-0.371823,-0.510343,0.008054,-0.542465,-0.642525,-0.065642,-0.663262,-0.651792,-0.117728,-0.763828,-0.626951,-0.153294,-0.313823,-0.534241,-0.059134,-0.545622,-0.365353,-0.130455,-0.475182,-0.220306,-0.132347,-0.390607,-0.220939,-0.130523,-0.266155,-0.489516,-0.131372,-0.489254,-0.313679,-0.178919,-0.411243,-0.203416,-0.123738,-0.332488,-0.234183,-0.089789,-0.227909,-0.404116,-0.205851,-0.407342,-0.296999,-0.233357,-0.36332,-0.197207,-0.188735,-0.292343,-0.198388,-0.154402,S
0.0,0.0,0.0,0.211518,-0.017234,-0.005976,0.373711,-0.119028,-0.047147,0.50166,-0.173781,-0.10587,0.603196,-0.195611,-0.163063,0.264564,-0.55939,-0.035372,0.345289,-0.758771,-0.110951,0.442212,-0.824417,-0.154407,0.524584,-0.83247,-0.17834,0.179566,-0.584558,-0.074537,0.367539,-0.427755,-0.153631,0.314382,-0.270491,-0.159562,0.251702,-0.291873,-0.152462,0.110216,-0.533851,-0.118552,0.294677,-0.351285,-0.199254,0.24438,-0.229296,-0.175009,0.187567,-0.266566,-0.147236,0.054943,-0.447478,-0.164657,0.209339,-0.305521,-0.208343,0.181801,-0.215622,-0.177897,0.125198,-0.232891,-0.146306,0.0,0.0,0.0,-0.240491,-0.016058,0.053198,-0.419823,-0.063397,0.021507,-0.551007,-0.038492,-0.039026,-0.67791,-0.012273,-0.100444,-0.392081,-0.499863,0.009501,-0.565952,-0.630783,-0.065787,-0.685764,-0.632524,-0.116652,-0.783623,-0.602445,-0.151642,-0.331242,-0.521268,-0.0689,-0.564939,-0.337206,-0.136654,-0.48777,-0.196097,-0.132631,-0.40185,-0.211791,-0.129523,-0.278049,-0.473895,-0.152104,-0.50382,-0.29069,-0.195503,-0.419943,-0.184957,-0.134294,-0.337524,-0.225606,-0.099739,-0.23111,-0.388168,-0.237338,-0.413145,-0.283654,-0.264389,-0.371755,-0.18942,-0.218873,-0.300746,-0.192679,-0.185677,S
0.0,0.0,0.0,0.216795,-0.010821,-0.005696,0.376241,-0.121795,-0.045329,0.505852,-0.183181,-0.102506,0.608444,-0.206919,-0.157064,0.259624,-0.567825,-0.03336,0.332992,-0.776911,-0.111138,0.421687,-0.840722,-0.152963,0.498709,-0.848877,-0.175204,0.175529,-0.593538,-0.073904,0.36905,-0.44536,-0.158596,0.311717,-0.279926,-0.163643,0.246565,-0.303411,-0.153355,0.1067,-0.543898,-0.119984,0.292777,-0.359861,-0.205525,0.238687,-0.231313,-0.179466,0.181518,-0.273964,-0.148581,0.052181,-0.458147,-0.168065,0.201929,-0.315035,-0.213468,0.171711,-0.220276,-0.182003,0.115149,-0.239498,-0.149095,0.0,0.0,0.0,-0.237539,-0.003108,0.065003,-0.417004,-0.045913,0.037131,-0.545139,-0.018019,-0.019625,-0.666378,0.006591,-0.078258,-0.406891,-0.478573,0.013086,-0.579042,-0.614506,-0.059884,-0.69965,-0.615804,-0.112182,-0.800297,-0.580825,-0.148889,-0.345477,-0.507718,-0.066501,-0.569216,-0.322096,-0.128856,-0.494737,-0.179478,-0.123483,-0.40972,-0.185834,-0.12206,-0.292612,-0.459835,-0.149099,-0.512055,-0.276076,-0.185164,-0.431882,-0.169281,-0.12315,-0.350358,-0.204669,-0.091018,-0.249505,-0.372948,-0.23215,-0.425587,-0.254472,-0.249553,-0.379415,-0.158291,-0.201409,-0.30771,-0.163608,-0.16929,S
0.0,0.0,0.0,0.222068,-0.017334,-0.005347,0.376811,-0.12438,-0.04653,0.505258,-0.187476,-0.105697,0.606223,-0.218967,-0.16125,0.252192,-0.571616,-0.031191,0.31483,-0.784942,-0.114055,0.405735,-0.851655,-0.156377,0.482939,-0.8577,-0.17641,0.166996,-0.591936,-0.07285,0.365024,-0.450367,-0.161048,0.312078,-0.279512,-0.16385,0.246177,-0.30572,-0.149561,0.09945,-0.540171,-0.121198,0.289417,-0.361174,-0.214114,0.239229,-0.22348,-0.188222,0.180307,-0.268662,-0.154227,0.047216,-0.450908,-0.17078,0.200529,-0.31492,-0.220348,0.172493,-0.214725,-0.18751,0.11092,-0.233089,-0.151711,0.0,0.0,0.0,-0.23678,-0.002247,0.063841,-0.410035,-0.044258,0.037946,-0.538694,-0.015935,-0.016819,-0.660389,0.014834,-0.073353,-0.402934,-0.481816,0.026398,-0.581016,-0.607798,-0.040295,-0.703507,-0.606258,-0.089578,-0.808295,-0.57516,-0.125899,-0.349242,-0.512095,-0.052506,-0.578632,-0.316815,-0.115799,-0.497654,-0.17941,-0.114902,-0.411044,-0.189051,-0.114876,-0.301591,-0.466159,-0.134169,-0.520136,-0.268879,-0.173742,-0.431876,-0.162282,-0.117208,-0.352158,-0.19778,-0.086712,-0.261631,-0.379,-0.215939,-0.436074,-0.249319,-0.237161,-0.376919,-0.152725,-0.191797,-0.303209,-0.161189,-0.16038,S
0.0,0.0,0.0,0.214636,-0.018535,-0.003789,0.36733,-0.126794,-0.046998,0.492761,-0.197837,-0.108984,0.595206,-0.234647,-0.168362,0.242045,-0.566505,-0.033338,0.297871,-0.783824,-0.115651,0.384238,-0.856097,-0.157905,0.461296,-0.869092,-0.178567,0.155563,-0.588807,-0.076174,0.352638,-0.45485,-0.165344,0.301302,-0.28075,-0.16864,0.237497,-0.301926,-0.154778,0.08697,-0.537666,-0.124813,0.278654,-0.368752,-0.217221,0.227535,-0.231164,-0.18878,0.16805,-0.271515,-0.153469,0.032934,-0.451118,-0.174489,0.188982,-0.327956,-0.224116,0.160266,-0.227105,-0.189337,0.099547,-0.240459,-0.151973,0.0,0.0,0.0,-0.238171,0.013271,0.042571,-0.415598,-0.017747,0.003111,-0.547548,0.013648,-0.061868,-0.670901,0.05728,-0.12762,-0.424473,-0.457849,0.000912,-0.600809,-0.577686,-0.077701,-0.722391,-0.577831,-0.131077,-0.823016,-0.54269,-0.167725,-0.365861,-0.491955,-0.070998,-0.588682,-0.297056,-0.143089,-0.507416,-0.155059,-0.138575,-0.425531,-0.172527,-0.133371,-0.311608,-0.450322,-0.148339,-0.528685,-0.24841,-0.19621,-0.445619,-0.142962,-0.135381,-0.369544,-0.189538,-0.09922,-0.266127,-0.366429,-0.227686,-0.446452,-0.227725,-0.251563,-0.392546,-0.136379,-0.202876,-0.319852,-0.155774,-0.167878,S
0.0,0.0,0.0,0.212966,-0.0271,-0.008834,0.364544,-0.140836,-0.052956,0.489565,-0.21479,-0.114393,0.590796,-0.256717,-0.171606,0.228527,-0.576296,-0.037122,0.280262,-0.793082,-0.12131,0.368316,-0.866035,-0.163817,0.446651,-0.8757,-0.183445,0.144941,-0.594312,-0.076722,0.344643,-0.468311,-0.165167,0.295299,-0.297549,-0.165601,0.232952,-0.31413,-0.14879,0.080201,-0.539705,-0.123158,0.273369,-0.372336,-0.217549,0.223639,-0.234996,-0.189913,0.168305,-0.271421,-0.153178,0.032541,-0.450039,-0.170932,0.191533,-0.329964,-0.221122,0.16245,-0.233496,-0.187341,0.102166,-0.245416,-0.149879,0.0,0.0,0.0,-0.244191,0.014833,0.071756,-0.426681,-0.009132,0.040453,-0.55527,0.025799,-0.024912,-0.678383,0.070415,-0.093742,-0.433192,-0.454996,0.026548,-0.608483,-0.562268,-0.047871,-0.72739,-0.564401,-0.102485,-0.832282,-0.535332,-0.143968,-0.373314,-0.489496,-0.066796,-0.593483,-0.284,-0.133414,-0.502333,-0.142554,-0.126827,-0.418521,-0.162259,-0.123683,-0.317966,-0.449073,-0.164813,-0.531481,-0.236683,-0.207834,-0.437149,-0.132932,-0.144062,-0.355742,-0.181106,-0.110406,-0.26889,-0.369441,-0.263436,-0.444319,-0.227972,-0.289483,-0.387834,-0.137773,-0.242735,-0.313574,-0.156754,-0.211814,S
0.0,0.0,0.0,0.21199,-0.026827,-0.008902,0.366072,-0.148202,-0.05262,0.493562,-0.227107,-0.113823,0.593289,-0.268147,-0.171297,0.226262,-0.57763,-0.039391,0.272195,-0.806523,-0.125535,0.359711,-0.877296,-0.167834,0.436033,-0.880559,-0.18572,0.141985,-0.595881,-0.077706,0.341097,-0.472513,-0.168818,0.297761,-0.297333,-0.171339,0.233796,-0.312023,-0.154781,0.077611,-0.540971,-0.122417,0.270738,-0.371862,-0.218734,0.226278,-0.229715,-0.193087,0.169902,-0.26385,-0.156699,0.03066,-0.453317,-0.167995,0.186296,-0.326095,-0.217008,0.160806,-0.221785,-0.182523,0.102835,-0.227987,-0.144099,0.0,0.0,0.0,-0.225468,0.022417,0.036133,-0.415389,-0.004097,0.000884,-0.542273,0.026395,-0.057908,-0.657407,0.062055,-0.115571,-0.431855,-0.46068,-0.006391,-0.614832,-0.571497,-0.089383,-0.736552,-0.559011,-0.146679,-0.836456,-0.51527,-0.18665,-0.373197,-0.492262,-0.076303,-0.593755,-0.281191,-0.149953,-0.506645,-0.144197,-0.147224,-0.424795,-0.167376,-0.144842,-0.318299,-0.451025,-0.152882,-0.530279,-0.233428,-0.206929,-0.437456,-0.12906,-0.148352,-0.358103,-0.175993,-0.113161,-0.267284,-0.370749,-0.232272,-0.445925,-0.230487,-0.269087,-0.391441,-0.138413,-0.227569,-0.3183,-0.151608,-0.195836,S
0.0,0.0,0.0,0.216842,-0.032453,-0.007585,0.370924,-0.152664,-0.053195,0.496096,-0.228654,-0.116768,0.597041,-0.268816,-0.177043,0.221888,-0.580619,-0.04304,0.268968,-0.810839,-0.128202,0.357142,-0.876867,-0.176614,0.435317,-0.877303,-0.202085,0.138001,-0.592224,-0.083285,0.333915,-0.472336,-0.17447,0.295256,-0.311684,-0.183668,0.236783,-0.319214,-0.175881,0.076825,-0.52959,-0.128742,0.275029,-0.368817,-0.219142,0.231394,-0.243168,-0.194268,0.17797,-0.271734,-0.163319,0.036409,-0.436563,-0.175964,0.20011,-0.31601,-0.223674,0.168667,-0.222916,-0.191485,0.110859,-0.230722,-0.157343,0.0,0.0,0.0,-0.222335,0.02756,0.027256,-0.406438,0.004986,-0.012146,-0.534853,0.037356,-0.073332,-0.650987,0.074126,-0.131929,-0.439539,-0.444963,-0.016601,-0.625362,-0.559072,-0.100188,-0.747176,-0.541961,-0.154817,-0.845119,-0.498836,-0.192188,-0.379917,-0.471293,-0.081854,-0.588929,-0.24967,-0.156572,-0.498679,-0.119243,-0.152658,-0.418029,-0.146661,-0.149696,-0.323085,-0.426388,-0.154281,-0.512892,-0.203805,-0.207596,-0.415547,-0.112146,-0.148509,-0.339385,-0.160605,-0.114114,-0.269726,-0.346298,-0.230865,-0.416643,-0.200798,-0.267496,-0.361082,-0.120103,-0.228578,-0.29408,-0.13714,-0.199102,S
0.0,0.0,0.0,0.214934,-0.037577,-0.003063,0.364786,-0.158662,-0.047195,0.490257,-0.233017,-0.110453,0.590241,-0.272957,-0.170986,0.218205,-0.58432,-0.037087,0.267596,-0.816277,-0.118825,0.356973,-0.883263,-0.164377,0.434782,-0.880776,-0.187611,0.135774,-0.592829,-0.078171,0.337746,-0.471026,-0.166749,0.299018,-0.310353,-0.175644,0.238482,-0.316889,-0.16722,0.077282,-0.528145,-0.12386,0.277987,-0.363683,-0.210728,0.232471,-0.239055,-0.186382,0.177313,-0.268035,-0.15576,0.039939,-0.434807,-0.170876,0.20084,-0.311928,-0.214563,0.170052,-0.220632,-0.181739,0.113369,-0.230171,-0.14733,0.0,0.0,0.0,-0.223141,0.032594,0.008814,-0.40652,0.008362,-0.034561,-0.530619,0.042013,-0.096059,-0.64491,0.080339,-0.155602,-0.440962,-0.432105,-0.028218,-0.621039,-0.53705,-0.113544,-0.74297,-0.529309,-0.169806,-0.844555,-0.492837,-0.209376,-0.375553,-0.465058,-0.085583,-0.58407,-0.253425,-0.168659,-0.496368,-0.126528,-0.169338,-0.41713,-0.149155,-0.16642,-0.31076,-0.423863,-0.151147,-0.50235,-0.205561,-0.216046,-0.410429,-0.113796,-0.160601,-0.336976,-0.154869,-0.123875,-0.249295,-0.34358,-0.221691,-0.397914,-0.198479,-0.268985,-0.348053,-0.115295,-0.233325,-0.28488,-0.126457,-0.203149,S
0.0,0.0,0.0,0.214775,-0.042198,-0.004242,0.36676,-0.169471,-0.044625,0.490685,-0.241825,-0.103958,0.591235,-0.276326,-0.160749,0.217414,-0.589275,-0.028607,0.259128,-0.818605,-0.109215,0.343319,-0.887316,-0.158404,0.418906,-0.888892,-0.18544,0.136091,-0.597783,-0.068285,0.326277,-0.478832,-0.160014,0.290091,-0.318901,-0.175972,0.228681,-0.313876,-0.171985,0.076953,-0.533472,-0.112799,0.266484,-0.378769,-0.202515,0.22412,-0.25203,-0.182645,0.168964,-0.272275,-0.153918,0.036672,-0.440929,-0.158731,0.195528,-0.322262,-0.205504,0.164415,-0.228208,-0.175725,0.105637,-0.235091,-0.142945,0.0,0.0,0.0,-0.213988,0.031943,-0.000204,-0.408476,0.009717,-0.041218,-0.541623,0.044264,-0.097171,-0.656727,0.085827,-0.149966,-0.444458,-0.426674,-0.034527,-0.628032,-0.533146,-0.119304,-0.750605,-0.520481,-0.174148,-0.850983,-0.480352,-0.212344,-0.380361,-0.463275,-0.083751,-0.582173,-0.241972,-0.168713,-0.493897,-0.115535,-0.170769,-0.414826,-0.14054,-0.167868,-0.31463,-0.425207,-0.14148,-0.501265,-0.202434,-0.209341,-0.408332,-0.112543,-0.156829,-0.335542,-0.158126,-0.120588,-0.250357,-0.347961,-0.20449,-0.398253,-0.198125,-0.253926,-0.346052,-0.117652,-0.220546,-0.282154,-0.134351,-0.190933,S
0.0,0.0,0.0,0.207361,-0.035134,-0.010883,0.361259,-0.158296,-0.054017,0.486324,-0.231111,-0.11394,0.58591,-0.264408,-0.17154,0.210578,-0.577106,-0.041782,0.246719,-0.814029,-0.119274,0.326614,-0.891487,-0.164475,0.396702,-0.89836,-0.188617,0.124637,-0.596099,-0.076647,0.311561,-0.479542,-0.163614,0.278871,-0.320766,-0.176204,0.218434,-0.313158,-0.17052,0.060497,-0.540413,-0.115938,0.248905,-0.381011,-0.202544,0.209577,-0.256032,-0.183603,0.156178,-0.275314,-0.156111,0.013871,-0.45441,-0.156752,0.168604,-0.332715,-0.201469,0.144425,-0.239252,-0.172361,0.092314,-0.242052,-0.140275,0.0,0.0,0.0,-0.21294,0.029594,-9e-05,-0.403878,0.007246,-0.043717,-0.535302,0.042985,-0.10316,-0.652345,0.086561,-0.159977,-0.443363,-0.427102,-0.039412,-0.629783,-0.53173,-0.128845,-0.753095,-0.514634,-0.18729,-0.852964,-0.469866,-0.22733,-0.375939,-0.462076,-0.090594,-0.577004,-0.231668,-0.178858,-0.481749,-0.108068,-0.182237,-0.400682,-0.139793,-0.180327,-0.305705,-0.422884,-0.150225,-0.494639,-0.197924,-0.221537,-0.399772,-0.107634,-0.167466,-0.32679,-0.154017,-0.129601,-0.236545,-0.343937,-0.215119,-0.386728,-0.202091,-0.266452,-0.339154,-0.115387,-0.230848,-0.276269,-0.125127,-0.199123,S
0.0,0.0,0.0,0.20774,-0.031475,-0.01929,0.364795,-0.140682,-0.070631,0.490576,-0.20995,-0.138157,0.592861,-0.25083,-0.202112,0.217831,-0.565353,-0.054935,0.257919,-0.805294,-0.140934,0.337002,-0.880296,-0.18879,0.408014,-0.88775,-0.21313,0.129788,-0.591421,-0.088501,0.319455,-0.466455,-0.182078,0.287891,-0.301323,-0.194293,0.231174,-0.293954,-0.18675,0.062575,-0.539128,-0.127334,0.252846,-0.363562,-0.218654,0.211988,-0.235625,-0.197674,0.159711,-0.258842,-0.16727,0.013779,-0.454671,-0.168685,0.167735,-0.325023,-0.214676,0.142484,-0.231534,-0.183964,0.09139,-0.23749,-0.149481,0.0,0.0,0.0,-0.216268,0.038604,-0.002582,-0.411573,0.011979,-0.043382,-0.544264,0.042328,-0.099629,-0.660423,0.09258,-0.153203,-0.452707,-0.41256,-0.034723,-0.634452,-0.520906,-0.119472,-0.7566,-0.511225,-0.175636,-0.855793,-0.470476,-0.215107,-0.38488,-0.451451,-0.08432,-0.575228,-0.224889,-0.171808,-0.482702,-0.109109,-0.17866,-0.403681,-0.139426,-0.17903,-0.311443,-0.41742,-0.142239,-0.490697,-0.190459,-0.212742,-0.39842,-0.104306,-0.163335,-0.330414,-0.150035,-0.128739,-0.23985,-0.342571,-0.205565,-0.383567,-0.191992,-0.25447,-0.335044,-0.114261,-0.22076,-0.276192,-0.133695,-0.19117,S
0.0,0.0,0.0,0.213405,-0.026606,-0.017763,0.37191,-0.138408,-0.066047,0.50157,-0.204961,-0.130685,0.605859,-0.239669,-0.191362,0.228526,-0.564533,-0.047539,0.269939,-0.799581,-0.1328,0.348522,-0.873901,-0.178125,0.419699,-0.885168,-0.200823,0.140469,-0.590361,-0.08172,0.32732,-0.464614,-0.175505,0.289763,-0.29013,-0.183726,0.231203,-0.28872,-0.172631,0.070913,-0.539048,-0.122189,0.257684,-0.367872,-0.216819,0.213652,-0.233641,-0.194514,0.160223,-0.263047,-0.162275,0.018001,-0.455852,-0.16487,0.172034,-0.328079,-0.214574,0.144464,-0.231648,-0.184716,0.089172,-0.242238,-0.150529,0.0,0.0,0.0,-0.214409,0.039554,-0.004465,-0.412844,0.019358,-0.045943,-0.549666,0.056135,-0.102958,-0.668154,0.107895,-0.157376,-0.453586,-0.412061,-0.034878,-0.635601,-0.51913,-0.119921,-0.758714,-0.508284,-0.175312,-0.858881,-0.465172,-0.21433,-0.383795,-0.450503,-0.084768,-0.573596,-0.213071,-0.175193,-0.47893,-0.100679,-0.182704,-0.399937,-0.132667,-0.1825,-0.30679,-0.415959,-0.143285,-0.48329,-0.179169,-0.217882,-0.390566,-0.09834,-0.170198,-0.325422,-0.146753,-0.135184,-0.231655,-0.341853,-0.207152,-0.374472,-0.187386,-0.25959,-0.32757,-0.109761,-0.227813,-0.270932,-0.129068,-0.198593,S
0.0,0.0,0.0,0.20827,-0.02457,-0.017432,0.368189,-0.133623,-0.06637,0.497606,-0.198495,-0.131692,0.605334,-0.229957,-0.193954,0.230048,-0.557409,-0.046923,0.275448,-0.79108,-0.128297,0.351367,-0.871837,-0.170292,0.417643,-0.888348,-0.190821,0.140247,-0.583468,-0.080507,0.324347,-0.460151,-0.171718,0.287003,-0.285431,-0.177765,0.229475,-0.281095,-0.164705,0.06935,-0.535391,-0.120061,0.253493,-0.366179,-0.213543,0.209935,-0.229907,-0.19014,0.158328,-0.25559,-0.156684,0.015216,-0.456569,-0.161563,0.168543,-0.332035,-0.210359,0.140657,-0.23138,-0.179347,0.086122,-0.236893,-0.144275,0.0,0.0,0.0,-0.213839,0.036745,-0.00622,-0.405692,0.010838,-0.05016,-0.541432,0.036158,-0.109932,-0.659804,0.08692,-0.1673,-0.447439,-0.414001,-0.038875,-0.627245,-0.525189,-0.123852,-0.749048,-0.519527,-0.178159,-0.849375,-0.481355,-0.216472,-0.377813,-0.454055,-0.088906,-0.564578,-0.224086,-0.179444,-0.469257,-0.104833,-0.18467,-0.389034,-0.130396,-0.182231,-0.299824,-0.420519,-0.147518,-0.47485,-0.189974,-0.222558,-0.383657,-0.102355,-0.173408,-0.314531,-0.143031,-0.137003,-0.224545,-0.34703,-0.21183,-0.36541,-0.198426,-0.26591,-0.322482,-0.116164,-0.23528,-0.264007,-0.129853,-0.206328,S
0.0,0.0,0.0,0.21213,-0.020598,-0.018456,0.373695,-0.131356,-0.067403,0.504161,-0.199359,-0.132046,0.611358,-0.231217,-0.193429,0.233133,-0.556841,-0.053145,0.2791,-0.794141,-0.137034,0.354489,-0.872045,-0.180809,0.418436,-0.885434,-0.202283,0.141661,-0.585716,-0.086493,0.326483,-0.463108,-0.177354,0.291012,-0.290197,-0.183363,0.231504,-0.288077,-0.171464,0.06898,-0.537804,-0.125779,0.255828,-0.368849,-0.220748,0.214263,-0.230919,-0.198271,0.160042,-0.256761,-0.166108,0.01432,-0.456839,-0.166768,0.171901,-0.330523,-0.217771,0.146341,-0.226866,-0.187449,0.090368,-0.231068,-0.153223,0.0,0.0,0.0,-0.207327,0.023832,-0.004788,-0.399412,-0.004181,-0.048278,-0.535472,0.024357,-0.107927,-0.654038,0.074803,-0.165559,-0.436576,-0.428344,-0.036756,-0.616718,-0.541597,-0.120283,-0.73814,-0.53763,-0.173046,-0.837763,-0.503757,-0.210672,-0.365154,-0.466956,-0.088173,-0.557839,-0.241145,-0.178601,-0.466438,-0.117587,-0.183793,-0.386349,-0.139917,-0.181249,-0.285652,-0.433713,-0.148167,-0.4666,-0.205572,-0.224004,-0.376289,-0.113466,-0.173974,-0.308541,-0.155246,-0.136764,-0.206387,-0.364415,-0.213494,-0.355398,-0.217724,-0.267389,-0.312602,-0.132959,-0.234558,-0.253926,-0.147723,-0.204287,S
0.0,0.0,0.0,0.211003,-0.02547,-0.014824,0.36876,-0.132462,-0.063557,0.501119,-0.196051,-0.129662,0.607449,-0.22942,-0.192422,0.234776,-0.555287,-0.046176,0.285497,-0.782399,-0.12872,0.360533,-0.863703,-0.16993,0.426477,-0.884312,-0.190027,0.1438,-0.58463,-0.082574,0.323253,-0.454301,-0.174273,0.282276,-0.275297,-0.177572,0.224524,-0.273852,-0.162843,0.070762,-0.537571,-0.125412,0.252352,-0.367707,-0.220994,0.209287,-0.228865,-0.196411,0.156557,-0.257038,-0.162435,0.015051,-0.456667,-0.169907,0.165793,-0.333386,-0.220945,0.138377,-0.233741,-0.190501,0.08204,-0.242318,-0.156088,0.0,0.0,0.0,-0.216728,0.035437,-0.005319,-0.410568,0.007599,-0.050223,-0.549291,0.032904,-0.111413,-0.671727,0.082556,-0.170376,-0.448491,-0.420065,-0.030397,-0.624709,-0.529072,-0.11412,-0.74547,-0.527938,-0.1685,-0.842666,-0.497043,-0.207032,-0.375456,-0.463565,-0.081492,-0.563698,-0.237872,-0.168405,-0.471883,-0.111584,-0.172557,-0.391107,-0.136658,-0.169933,-0.294659,-0.433121,-0.141998,-0.467641,-0.197825,-0.21178,-0.377422,-0.102036,-0.160003,-0.310138,-0.146524,-0.123916,-0.215307,-0.362431,-0.208632,-0.357068,-0.199337,-0.257557,-0.309444,-0.116584,-0.223761,-0.249879,-0.140129,-0.194419,S
0.0,0.0,0.0,0.208794,-0.02143,-0.019347,0.36835,-0.127115,-0.070779,0.499766,-0.19249,-0.138412,0.607377,-0.225332,-0.202405,0.23792,-0.556903,-0.049937,0.286773,-0.784385,-0.136432,0.365186,-0.86301,-0.17997,0.43521,-0.877655,-0.200786,0.14695,-0.58421,-0.084346,0.334962,-0.458037,-0.177961,0.289239,-0.280177,-0.181194,0.229014,-0.283642,-0.165934,0.073153,-0.535907,-0.125694,0.259353,-0.364766,-0.222836,0.210237,-0.227173,-0.196886,0.15509,-0.257831,-0.161282,0.014561,-0.453801,-0.169189,0.170435,-0.323901,-0.220799,0.140806,-0.224059,-0.189292,0.082454,-0.23532,-0.15359,0.0,0.0,0.0,-0.21598,0.019869,0.00233,-0.411217,-0.009226,-0.040834,-0.547383,0.018854,-0.100606,-0.664417,0.067932,-0.159034,-0.440546,-0.434374,-0.040332,-0.62156,-0.536891,-0.125977,-0.73878,-0.532648,-0.181522,-0.835709,-0.502582,-0.221363,-0.363656,-0.47326,-0.094906,-0.560541,-0.243811,-0.179731,-0.470362,-0.122086,-0.181528,-0.392775,-0.152489,-0.180078,-0.282289,-0.436272,-0.157507,-0.466006,-0.201704,-0.22601,-0.378191,-0.109265,-0.17187,-0.31016,-0.158314,-0.135568,-0.203912,-0.35829,-0.225274,-0.361123,-0.203915,-0.275621,-0.320152,-0.119636,-0.241622,-0.260015,-0.138657,-0.2127,S
0.0,0.0,0.0,0.207809,-0.025951,-0.018703,0.36574,-0.13484,-0.068956,0.495271,-0.200175,-0.13496,0.600732,-0.229945,-0.197645,0.233798,-0.559476,-0.05134,0.280041,-0.786354,-0.136608,0.362023,-0.862228,-0.180231,0.436119,-0.877061,-0.201408,0.14442,-0.585865,-0.085204,0.33209,-0.457336,-0.178672,0.288155,-0.280623,-0.183864,0.225665,-0.286365,-0.169886,0.0729,-0.536732,-0.125266,0.257704,-0.36219,-0.219351,0.213047,-0.224347,-0.192861,0.157703,-0.254095,-0.157245,0.015781,-0.453781,-0.167636,0.169567,-0.319924,-0.21658,0.146185,-0.218197,-0.183842,0.091395,-0.226007,-0.147038,0.0,0.0,0.0,-0.219876,0.023423,-0.004704,-0.416479,-0.002846,-0.048703,-0.551478,0.028639,-0.107965,-0.669242,0.06849,-0.16505,-0.439907,-0.420406,-0.049412,-0.623385,-0.536129,-0.142351,-0.740366,-0.528821,-0.202006,-0.834819,-0.494417,-0.242135,-0.360907,-0.46269,-0.100334,-0.553013,-0.246735,-0.191438,-0.468158,-0.1211,-0.197667,-0.390908,-0.145193,-0.197538,-0.278275,-0.429511,-0.160275,-0.458265,-0.200283,-0.234399,-0.375947,-0.101362,-0.185488,-0.30938,-0.14681,-0.150226,-0.199219,-0.357249,-0.225647,-0.356791,-0.207818,-0.276415,-0.326456,-0.118251,-0.243788,-0.272849,-0.131124,-0.214816,S
0.0,0.0,0.0,0.209821,-0.024132,-0.017487,0.369165,-0.129768,-0.066548,0.499982,-0.193918,-0.131613,0.60594,-0.224841,-0.194354,0.241401,-0.555547,-0.046584,0.287923,-0.771726,-0.126549,0.367472,-0.851476,-0.168194,0.441073,-0.877115,-0.190061,0.15314,-0.577837,-0.081827,0.340633,-0.452165,-0.170951,0.294403,-0.275666,-0.175594,0.231334,-0.283412,-0.163119,0.080911,-0.526261,-0.123012,0.265867,-0.362493,-0.213919,0.218945,-0.226914,-0.186859,0.161221,-0.257447,-0.152678,0.021143,-0.441363,-0.16657,0.17693,-0.316837,-0.214608,0.150315,-0.21608,-0.181562,0.09246,-0.224812,-0.145841,0.0,0.0,0.0,-0.224318,0.027405,-0.000695,-0.421558,-0.002184,-0.047673,-0.558803,0.027105,-0.111831,-0.679258,0.073917,-0.174645,-0.44075,-0.421789,-0.046113,-0.625332,-0.541277,-0.13645,-0.741282,-0.532627,-0.192991,-0.837298,-0.495363,-0.231402,-0.365368,-0.466597,-0.099868,-0.550165,-0.24999,-0.192682,-0.459156,-0.1185,-0.198295,-0.380066,-0.141239,-0.197307,-0.283757,-0.438954,-0.161768,-0.455718,-0.208569,-0.236062,-0.364203,-0.109762,-0.184127,-0.294142,-0.157228,-0.147681,-0.20436,-0.373882,-0.228525,-0.352858,-0.221853,-0.277174,-0.304139,-0.134375,-0.240093,-0.240352,-0.157842,-0.208821,S
0.0,0.0,0.0,0.206065,-0.017792,-0.019426,0.366796,-0.126443,-0.067016,0.496018,-0.195269,-0.129566,0.604855,-0.223722,-0.189445,0.238007,-0.557609,-0.048051,0.286862,-0.779139,-0.127793,0.372174,-0.85431,-0.170982,0.448419,-0.872475,-0.194186,0.149445,-0.584153,-0.081144,0.332194,-0.449313,-0.167161,0.289633,-0.276684,-0.173653,0.225967,-0.287298,-0.164666,0.076097,-0.534625,-0.120207,0.257711,-0.364968,-0.208451,0.216248,-0.22918,-0.182632,0.15848,-0.258793,-0.150899,0.01408,-0.450867,-0.162034,0.16796,-0.320831,-0.209811,0.146281,-0.218043,-0.178205,0.088823,-0.225359,-0.144073,0.0,0.0,0.0,-0.221115,0.021689,-0.002532,-0.420217,-0.011959,-0.048061,-0.560071,0.017882,-0.110344,-0.683839,0.06367,-0.170963,-0.433877,-0.426224,-0.047104,-0.619527,-0.547468,-0.136978,-0.736258,-0.542574,-0.192309,-0.830253,-0.507968,-0.229453,-0.358435,-0.47078,-0.098782,-0.541133,-0.261682,-0.190609,-0.453239,-0.133866,-0.195385,-0.376997,-0.159056,-0.19336,-0.276048,-0.444342,-0.158779,-0.442802,-0.216834,-0.230685,-0.357023,-0.122048,-0.178988,-0.29225,-0.174875,-0.142685,-0.196548,-0.382018,-0.22405,-0.342572,-0.238141,-0.270306,-0.300998,-0.154456,-0.23334,-0.241936,-0.179461,-0.202149,S
0.0,0.0,0.0,0.209947,-0.015788,-0.015809,0.368089,-0.121013,-0.063911,0.499991,-0.18461,-0.12845,0.608988,-0.210984,-0.190889,0.241424,-0.552723,-0.046565,0.29485,-0.772213,-0.12389,0.376247,-0.852297,-0.165325,0.449812,-0.872964,-0.18869,0.153815,-0.579805,-0.082684,0.34335,-0.445522,-0.170036,0.296179,-0.2697,-0.176773,0.232242,-0.273738,-0.16797,0.08302,-0.529765,-0.124117,0.272577,-0.359577,-0.211655,0.223566,-0.223648,-0.18505,0.1637,-0.251828,-0.153789,0.023577,-0.443815,-0.16832,0.181263,-0.311085,-0.216743,0.154517,-0.212193,-0.186891,0.09799,-0.224718,-0.154794,0.0,0.0,0.0,-0.229999,0.025534,0.005618,-0.422203,-0.001745,-0.038531,-0.554794,0.026659,-0.101003,-0.672666,0.062618,-0.162153,-0.444186,-0.424032,-0.038109,-0.621967,-0.550786,-0.127484,-0.736702,-0.545747,-0.18386,-0.831828,-0.508774,-0.221837,-0.367625,-0.471192,-0.09392,-0.554261,-0.257736,-0.184298,-0.46817,-0.129362,-0.189842,-0.391601,-0.151761,-0.189126,-0.284873,-0.446201,-0.157651,-0.454767,-0.212315,-0.225229,-0.367273,-0.118296,-0.172569,-0.30149,-0.171914,-0.137213,-0.204507,-0.382035,-0.226243,-0.351414,-0.219863,-0.266621,-0.304155,-0.14089,-0.227371,-0.244186,-0.17511,-0.195972,S
0.0,0.0,0.0,0.208003,-0.015744,-0.014153,0.36322,-0.124104,-0.06205,0.492298,-0.193681,-0.126279,0.600293,-0.226762,-0.188597,0.23856,-0.555202,-0.048243,0.286057,-0.777187,-0.128443,0.367524,-0.859219,-0.170099,0.439974,-0.877226,-0.192089,0.150304,-0.580789,-0.085431,0.341868,-0.446141,-0.173208,0.295075,-0.270394,-0.176798,0.231659,-0.276007,-0.164928,0.078606,-0.530254,-0.128433,0.272114,-0.357494,-0.218331,0.223672,-0.224327,-0.191206,0.16369,-0.255216,-0.158798,0.01903,-0.444229,-0.173735,0.179285,-0.313787,-0.224699,0.154863,-0.215527,-0.194736,0.098109,-0.229069,-0.16197,0.0,0.0,0.0,-0.224546,0.019357,-0.001979,-0.417288,-0.014872,-0.045538,-0.548369,0.006138,-0.105655,-0.667524,0.044216,-0.164106,-0.434752,-0.431056,-0.040356,-0.608063,-0.557247,-0.132383,-0.722665,-0.557526,-0.192117,-0.818427,-0.52554,-0.232348,-0.357438,-0.471372,-0.09245,-0.542258,-0.263874,-0.184372,-0.457847,-0.138813,-0.190642,-0.384325,-0.160921,-0.189774,-0.278293,-0.441321,-0.153927,-0.452965,-0.218042,-0.227298,-0.366932,-0.123373,-0.176561,-0.300132,-0.167901,-0.139753,-0.202389,-0.372918,-0.220955,-0.352851,-0.223257,-0.270167,-0.311085,-0.142156,-0.235819,-0.253634,-0.163921,-0.205339,S
0.0,0.0,0.0,0.19866,-0.020499,-0.014349,0.352917,-0.123864,-0.065342,0.481161,-0.190015,-0.133364,0.588752,-0.225144,-0.19992,0.235234,-0.549222,-0.052009,0.284293,-0.770866,-0.133589,0.365983,-0.856,-0.177098,0.439009,-0.875922,-0.200081,0.148358,-0.576371,-0.088178,0.335224,-0.439016,-0.176845,0.292569,-0.267861,-0.182109,0.23247,-0.265498,-0.171596,0.079428,-0.52828,-0.129568,0.266939,-0.356796,-0.21621,0.219616,-0.231465,-0.189094,0.161036,-0.255321,-0.157528,0.022831,-0.446966,-0.173597,0.180407,-0.315044,-0.220669,0.155783,-0.223174,-0.191026,0.101634,-0.235411,-0.158997,0.0,0.0,0.0,-0.228915,0.019848,-0.003446,-0.418318,-0.013848,-0.045316,-0.54827,0.007424,-0.103299,-0.665406,0.043859,-0.159016,-0.434552,-0.434371,-0.031572,-0.60179,-0.568214,-0.118084,-0.719977,-0.570554,-0.175034,-0.817329,-0.535194,-0.213402,-0.35891,-0.475292,-0.080768,-0.539675,-0.265918,-0.168661,-0.460837,-0.14745,-0.177152,-0.389081,-0.167876,-0.17805,-0.281094,-0.446456,-0.139229,-0.449616,-0.213696,-0.209131,-0.365254,-0.126767,-0.16221,-0.302183,-0.170787,-0.128483,-0.207593,-0.376291,-0.20329,-0.351962,-0.208857,-0.248843,-0.302018,-0.136343,-0.214421,-0.243077,-0.164937,-0.18423,S
0.0,0.0,0.0,0.201503,-0.016145,-0.01744,0.357337,-0.117529,-0.071928,0.486702,-0.182614,-0.143018,0.599628,-0.218991,-0.212405,0.242915,-0.553364,-0.056085,0.296985,-0.774703,-0.140798,0.38262,-0.853874,-0.187803,0.45882,-0.862694,-0.212704,0.156074,-0.578409,-0.092454,0.350774,-0.435223,-0.182181,0.31126,-0.265973,-0.189746,0.253041,-0.258589,-0.181574,0.086756,-0.525754,-0.134374,0.278415,-0.346209,-0.219163,0.232329,-0.225207,-0.193058,0.175218,-0.247725,-0.163378,0.031193,-0.439309,-0.179598,0.191235,-0.302388,-0.223051,0.165271,-0.212175,-0.192541,0.110799,-0.222557,-0.160894,0.0,0.0,0.0,-0.225738,0.007953,-0.005429,-0.417297,-0.029099,-0.049597,-0.548426,-0.007948,-0.109328,-0.669236,0.02619,-0.16687,-0.418379,-0.451608,-0.03981,-0.582446,-0.585543,-0.12616,-0.700286,-0.59113,-0.182544,-0.797903,-0.560769,-0.221108,-0.340648,-0.4867,-0.088783,-0.527035,-0.278553,-0.176504,-0.450056,-0.161472,-0.184037,-0.378828,-0.181507,-0.184894,-0.263571,-0.451227,-0.146697,-0.440338,-0.223071,-0.217525,-0.360293,-0.138617,-0.170476,-0.297279,-0.179657,-0.136537,-0.192421,-0.376904,-0.210346,-0.346021,-0.219058,-0.258446,-0.306621,-0.144953,-0.225918,-0.251459,-0.162796,-0.196731,S
0.0,0.0,0.0,0.200578,-0.020898,-0.013736,0.355141,-0.124005,-0.065091,0.479547,-0.190275,-0.133841,0.586206,-0.220577,-0.200909,0.238927,-0.556838,-0.05148,0.297415,-0.774638,-0.132758,0.384125,-0.852614,-0.177668,0.462204,-0.863368,-0.202394,0.152722,-0.578109,-0.089147,0.345819,-0.430566,-0.178013,0.298648,-0.268424,-0.185919,0.239442,-0.270047,-0.178662,0.086151,-0.523047,-0.13178,0.275203,-0.339575,-0.214869,0.222854,-0.224122,-0.188704,0.16531,-0.252824,-0.15987,0.033158,-0.435287,-0.177645,0.190974,-0.294214,-0.221031,0.159514,-0.212639,-0.19208,0.102628,-0.232712,-0.162007,0.0,0.0,0.0,-0.224304,0.006786,-0.009234,-0.416965,-0.036075,-0.054477,-0.554181,-0.021116,-0.114303,-0.678696,0.008754,-0.171126,-0.413128,-0.454878,-0.042974,-0.577318,-0.590151,-0.1324,-0.693305,-0.597487,-0.189765,-0.789652,-0.569562,-0.228143,-0.336208,-0.488988,-0.090224,-0.522432,-0.289535,-0.179596,-0.44141,-0.167265,-0.184865,-0.368432,-0.187595,-0.183169,-0.259923,-0.452898,-0.147364,-0.433992,-0.236467,-0.219588,-0.353539,-0.145657,-0.171506,-0.290526,-0.18711,-0.136296,-0.189855,-0.37905,-0.210658,-0.34004,-0.234007,-0.259966,-0.304067,-0.156514,-0.228686,-0.251571,-0.174342,-0.200092,S
0.0,0.0,0.0,0.214478,-0.020075,-0.01652,0.372291,-0.128476,-0.063213,0.500024,-0.189622,-0.125524,0.604881,-0.211301,-0.185044,0.255313,-0.562714,-0.046417,0.313532,-0.782076,-0.126932,0.400705,-0.848177,-0.174425,0.476886,-0.855522,-0.201646,0.171374,-0.582855,-0.081183,0.356841,-0.436075,-0.169984,0.312832,-0.277226,-0.182065,0.251943,-0.285606,-0.178639,0.105169,-0.528007,-0.121434,0.288118,-0.3444,-0.204744,0.24114,-0.227291,-0.181336,0.185984,-0.260349,-0.154891,0.05512,-0.439593,-0.165372,0.206414,-0.29107,-0.211168,0.176926,-0.20299,-0.184169,0.124157,-0.220266,-0.155352,0.0,0.0,0.0,-0.231614,0.006965,0.033315,-0.410951,-0.039743,-0.005536,-0.537212,-0.028563,-0.0702,-0.659907,-0.005624,-0.135901,-0.413075,-0.456788,-0.017805,-0.586035,-0.60287,-0.101805,-0.706548,-0.605635,-0.154273,-0.801171,-0.567784,-0.189066,-0.341608,-0.490639,-0.089349,-0.536488,-0.295429,-0.172428,-0.457747,-0.153352,-0.172469,-0.377969,-0.158723,-0.168997,-0.269637,-0.452909,-0.166932,-0.452808,-0.246308,-0.228635,-0.36687,-0.142568,-0.172057,-0.291483,-0.174894,-0.1359,-0.202091,-0.380348,-0.247349,-0.35473,-0.253155,-0.286647,-0.315186,-0.159612,-0.246024,-0.253335,-0.166803,-0.214197,S
0.0,0.0,0.0,0.217003,-0.016694,-0.010152,0.383187,-0.125172,-0.053984,0.512142,-0.186287,-0.11506,0.621828,-0.21158,-0.173036,0.271177,-0.562493,-0.037819,0.330103,-0.784602,-0.117485,0.419184,-0.847561,-0.166698,0.498541,-0.84445,-0.19586,0.190425,-0.585816,-0.076053,0.374231,-0.440304,-0.165174,0.330718,-0.283292,-0.180769,0.272226,-0.279392,-0.180642,0.125103,-0.533456,-0.119267,0.305935,-0.348651,-0.199241,0.256856,-0.23555,-0.174113,0.202957,-0.260719,-0.148261,0.07375,-0.446682,-0.166275,0.229683,-0.293263,-0.208161,0.1939,-0.206644,-0.179693,0.138427,-0.22146,-0.151139,0.0,0.0,0.0,-0.22916,0.001672,0.016476,-0.407403,-0.042051,-0.023977,-0.532985,-0.021327,-0.085485,-0.653054,0.003584,-0.145566,-0.416266,-0.45626,-0.018886,-0.588843,-0.605991,-0.108451,-0.712134,-0.603404,-0.165788,-0.808376,-0.553395,-0.200705,-0.349674,-0.491372,-0.076985,-0.54262,-0.308326,-0.167758,-0.46708,-0.175598,-0.175222,-0.387317,-0.177918,-0.172415,-0.28044,-0.454803,-0.142712,-0.466443,-0.262307,-0.211578,-0.385309,-0.16409,-0.161006,-0.312395,-0.193345,-0.123077,-0.215,-0.379482,-0.212138,-0.364277,-0.258621,-0.250759,-0.3253,-0.166525,-0.210552,-0.265706,-0.173357,-0.175853,S
0.0,0.0,0.0,0.216453,-0.01668,-0.010984,0.377119,-0.118723,-0.057549,0.503933,-0.179238,-0.120963,0.612795,-0.208535,-0.181385,0.268573,-0.556967,-0.043232,0.323939,-0.780744,-0.123951,0.416624,-0.84768,-0.17256,0.493943,-0.846137,-0.200179,0.186149,-0.582091,-0.079959,0.371642,-0.439396,-0.166183,0.333777,-0.278939,-0.176979,0.273136,-0.276217,-0.173518,0.119407,-0.53148,-0.12182,0.30447,-0.351644,-0.20462,0.260203,-0.233399,-0.178695,0.20263,-0.260602,-0.151142,0.066328,-0.446671,-0.166429,0.226341,-0.298213,-0.210934,0.196286,-0.206076,-0.180753,0.138526,-0.220966,-0.150395,0.0,0.0,0.0,-0.21924,-0.004795,-0.001244,-0.402463,-0.051948,-0.044703,-0.533928,-0.03944,-0.105462,-0.653897,-0.012063,-0.164495,-0.408032,-0.466125,-0.033524,-0.579341,-0.6032,-0.124581,-0.698823,-0.605489,-0.182347,-0.794813,-0.566155,-0.218496,-0.336308,-0.503472,-0.083252,-0.519302,-0.311505,-0.178909,-0.440428,-0.178726,-0.188851,-0.364563,-0.177984,-0.186968,-0.260593,-0.467918,-0.141755,-0.432515,-0.264437,-0.218838,-0.34833,-0.170044,-0.173527,-0.277918,-0.197635,-0.136441,-0.189074,-0.396685,-0.20493,-0.337327,-0.277177,-0.250112,-0.302936,-0.188609,-0.21446,-0.250024,-0.193663,-0.181739,S
0.0,0.0,0.0,0.212521,-0.011075,-0.008217,0.375028,-0.121056,-0.047918,0.503145,-0.182629,-0.103737,0.605381,-0.209458,-0.156894,0.260396,-0.564578,-0.036695,0.321832,-0.785991,-0.112004,0.410855,-0.85471,-0.157473,0.484557,-0.855386,-0.183083,0.177212,-0.588556,-0.073397,0.364948,-0.437758,-0.155192,0.321788,-0.280937,-0.165755,0.259617,-0.282807,-0.162122,0.110503,-0.537394,-0.115043,0.300152,-0.351612,-0.196109,0.256274,-0.229925,-0.17258,0.20145,-0.25605,-0.146075,0.05779,-0.450667,-0.159042,0.219523,-0.306632,-0.203302,0.191391,-0.211603,-0.173503,0.135804,-0.221045,-0.143058,0.0,0.0,0.0,-0.228362,0.00167,0.010148,-0.413081,-0.042452,-0.034479,-0.544388,-0.021386,-0.099465,-0.664237,0.009965,-0.163454,-0.400563,-0.468817,-0.03304,-0.577407,-0.596787,-0.123472,-0.69664,-0.601444,-0.181248,-0.793389,-0.568145,-0.218507,-0.330342,-0.503797,-0.091568,-0.52505,-0.309081,-0.18182,-0.443777,-0.173646,-0.185361,-0.365333,-0.185251,-0.181621,-0.257943,-0.469422,-0.158127,-0.444207,-0.27133,-0.226047,-0.361069,-0.174242,-0.171568,-0.287301,-0.212578,-0.133172,-0.189281,-0.396664,-0.229526,-0.343271,-0.287263,-0.271005,-0.308607,-0.197254,-0.23092,-0.248699,-0.205756,-0.197306,S
0.0,0.0,0.0,0.210967,-0.009428,-0.004807,0.372653,-0.120143,-0.046721,0.500227,-0.182799,-0.1074,0.603353,-0.210148,-0.166577,0.254539,-0.561671,-0.027957,0.316879,-0.778374,-0.102091,0.407028,-0.853417,-0.144731,0.485517,-0.857829,-0.168532,0.175852,-0.582377,-0.069349,0.376074,-0.445121,-0.152509,0.328385,-0.28514,-0.162269,0.267652,-0.292638,-0.156347,0.11527,-0.531017,-0.115787,0.313994,-0.359481,-0.19582,0.263751,-0.238214,-0.170039,0.206738,-0.268335,-0.141376,0.067445,-0.444479,-0.164684,0.235452,-0.315503,-0.207587,0.206743,-0.224739,-0.176566,0.151214,-0.239089,-0.144644,0.0,0.0,0.0,-0.227456,-0.005693,0.003084,-0.418979,-0.050847,-0.038326,-0.556446,-0.021405,-0.097121,-0.678088,0.01158,-0.154011,-0.399308,-0.482804,-0.027286,-0.572829,-0.603688,-0.112176,-0.689727,-0.609628,-0.166556,-0.787809,-0.581757,-0.202275,-0.32986,-0.517313,-0.079025,-0.533355,-0.324875,-0.166793,-0.45462,-0.188825,-0.171887,-0.377841,-0.201478,-0.168297,-0.258566,-0.487533,-0.139218,-0.448133,-0.284084,-0.205968,-0.367632,-0.185048,-0.155443,-0.299604,-0.230124,-0.118397,-0.189916,-0.419145,-0.204432,-0.348999,-0.297663,-0.242266,-0.30935,-0.207666,-0.20217,-0.248697,-0.225368,-0.168475,S
0.0,0.0,0.0,0.211392,-0.010387,0.000281,0.365133,-0.113212,-0.04603,0.488967,-0.180523,-0.113068,0.594119,-0.208404,-0.178748,0.253366,-0.557511,-0.030165,0.312248,-0.766991,-0.109798,0.403545,-0.848437,-0.154408,0.483358,-0.857088,-0.178228,0.178146,-0.579647,-0.075637,0.375861,-0.432211,-0.162609,0.329818,-0.264463,-0.168658,0.270384,-0.263377,-0.158412,0.12069,-0.528728,-0.126114,0.310703,-0.350819,-0.208726,0.263483,-0.2229,-0.177721,0.208023,-0.24283,-0.144151,0.075451,-0.443263,-0.17886,0.23142,-0.310503,-0.219051,0.204252,-0.214898,-0.183652,0.152584,-0.221548,-0.148781,0.0,0.0,0.0,-0.219785,-0.00303,-0.009845,-0.418487,-0.04229,-0.055457,-0.560896,-0.012991,-0.115833,-0.685785,0.029293,-0.173976,-0.397407,-0.481235,-0.038646,-0.563087,-0.611635,-0.123532,-0.677596,-0.62148,-0.178962,-0.773838,-0.595414,-0.216003,-0.328493,-0.517504,-0.084114,-0.524331,-0.330469,-0.171674,-0.452695,-0.201237,-0.179971,-0.378884,-0.214607,-0.179867,-0.256905,-0.487487,-0.13905,-0.441109,-0.291685,-0.208972,-0.366101,-0.196747,-0.165746,-0.297312,-0.239317,-0.133344,-0.189628,-0.421341,-0.19982,-0.347981,-0.30739,-0.243782,-0.313575,-0.225357,-0.211223,-0.253179,-0.241341,-0.182143,S
0.0,0.0,0.0,0.206896,-0.014623,0.000336,0.359509,-0.11776,-0.045605,0.484197,-0.185917,-0.110874,0.591363,-0.219125,-0.1742,0.250117,-0.558963,-0.038269,0.305674,-0.775168,-0.122185,0.399872,-0.851426,-0.170946,0.479818,-0.854996,-0.19687,0.174897,-0.584654,-0.082885,0.371972,-0.428833,-0.173187,0.327325,-0.263435,-0.182342,0.262661,-0.259365,-0.174003,0.114872,-0.532074,-0.131769,0.309197,-0.34211,-0.216596,0.261813,-0.218537,-0.187636,0.202975,-0.237338,-0.154929,0.067272,-0.442447,-0.182446,0.227591,-0.296724,-0.224968,0.20282,-0.203312,-0.190624,0.152356,-0.208134,-0.155469,0.0,0.0,0.0,-0.211065,0.003166,-0.005391,-0.401223,-0.037656,-0.045848,-0.526792,-0.019453,-0.102096,-0.629662,0.015415,-0.155815,-0.403239,-0.471421,-0.031855,-0.563719,-0.610956,-0.117113,-0.676002,-0.623407,-0.174139,-0.772631,-0.598272,-0.212394,-0.330927,-0.508834,-0.079715,-0.516132,-0.313651,-0.166521,-0.441283,-0.193906,-0.177503,-0.367599,-0.208923,-0.179777,-0.256652,-0.480024,-0.136966,-0.430292,-0.269726,-0.205387,-0.349852,-0.181443,-0.164501,-0.283134,-0.223372,-0.134411,-0.186257,-0.414528,-0.20019,-0.33811,-0.276821,-0.243974,-0.293852,-0.199743,-0.212983,-0.234162,-0.219529,-0.185222,S
0.0,0.0,0.0,0.211227,-0.022348,-0.006894,0.37025,-0.123903,-0.057178,0.497101,-0.187965,-0.125249,0.601065,-0.231582,-0.190025,0.255807,-0.564455,-0.047127,0.30882,-0.792189,-0.129889,0.399681,-0.863446,-0.176317,0.474022,-0.857551,-0.199772,0.177016,-0.5803,-0.088929,0.377274,-0.428683,-0.175858,0.336044,-0.273996,-0.185293,0.273267,-0.278037,-0.178477,0.113847,-0.517989,-0.135062,0.31077,-0.330487,-0.215468,0.265395,-0.218477,-0.188653,0.209593,-0.246079,-0.159325,0.066292,-0.421294,-0.183586,0.226756,-0.278462,-0.221323,0.197942,-0.191785,-0.186086,0.143366,-0.201967,-0.151579,0.0,0.0,0.0,-0.206392,0.003992,-0.006161,-0.388411,-0.042446,-0.048928,-0.511798,-0.031052,-0.106811,-0.620349,-0.009361,-0.161508,-0.391832,-0.483573,-0.030282,-0.554058,-0.618798,-0.11734,-0.669443,-0.63078,-0.175308,-0.765766,-0.606598,-0.213638,-0.321765,-0.519247,-0.076834,-0.513836,-0.320668,-0.16155,-0.439043,-0.200001,-0.168672,-0.36658,-0.219469,-0.168489,-0.254638,-0.485918,-0.13336,-0.437815,-0.273316,-0.199743,-0.359834,-0.181383,-0.15272,-0.296837,-0.220727,-0.119357,-0.192335,-0.413391,-0.196232,-0.346177,-0.26601,-0.241232,-0.298217,-0.188235,-0.208115,-0.238291,-0.205479,-0.178306,S
0.0,0.0,0.0,0.211876,-0.019657,-0.00037,0.3677,-0.129087,-0.045637,0.489317,-0.197471,-0.109204,0.590991,-0.233853,-0.169671,0.249914,-0.556083,-0.046345,0.294878,-0.778145,-0.129894,0.384147,-0.854927,-0.175926,0.463129,-0.863227,-0.200875,0.171773,-0.579477,-0.090463,0.3676,-0.424652,-0.184646,0.322338,-0.266493,-0.194585,0.257945,-0.26674,-0.186439,0.109474,-0.525041,-0.138134,0.299348,-0.327098,-0.224551,0.250192,-0.211802,-0.199357,0.19156,-0.242304,-0.169924,0.062568,-0.435779,-0.18753,0.217848,-0.275508,-0.231368,0.181942,-0.189812,-0.202522,0.122065,-0.210488,-0.172543,0.0,0.0,0.0,-0.213133,0.002335,-0.001689,-0.391453,-0.045754,-0.04889,-0.51716,-0.02728,-0.112199,-0.628679,0.000704,-0.173094,-0.388516,-0.479016,-0.039348,-0.556844,-0.600173,-0.131305,-0.670353,-0.611815,-0.194562,-0.767647,-0.594995,-0.238115,-0.3153,-0.510919,-0.09124,-0.516031,-0.316157,-0.173319,-0.436952,-0.186449,-0.175173,-0.363492,-0.210866,-0.174383,-0.248373,-0.473265,-0.153106,-0.438158,-0.268619,-0.212255,-0.362431,-0.16889,-0.156436,-0.296315,-0.209876,-0.121471,-0.189781,-0.396315,-0.221968,-0.349019,-0.267258,-0.263428,-0.312156,-0.181679,-0.227175,-0.253896,-0.192472,-0.197784,S
0.0,0.0,0.0,0.223287,-0.013043,-0.00197,0.379974,-0.124632,-0.044801,0.50342,-0.192519,-0.107166,0.606277,-0.223999,-0.166486,0.256742,-0.570536,-0.030736,0.311176,-0.788135,-0.108382,0.399071,-0.860807,-0.149946,0.472298,-0.864482,-0.172065,0.177599,-0.584809,-0.074811,0.385621,-0.436705,-0.164728,0.335884,-0.270361,-0.17208,0.271659,-0.277907,-0.161213,0.119149,-0.524992,-0.123659,0.321548,-0.336956,-0.212557,0.269514,-0.207953,-0.185436,0.212948,-0.235856,-0.151652,0.076764,-0.431572,-0.174085,0.244181,-0.291103,-0.221721,0.20915,-0.199712,-0.19001,0.151021,-0.215943,-0.155496,0.0,0.0,0.0,-0.215292,-2.5e-05,0.012391,-0.399615,-0.048782,-0.029006,-0.53011,-0.031627,-0.090583,-0.642328,0.004085,-0.151187,-0.395385,-0.472115,-0.028069,-0.561977,-0.604031,-0.113701,-0.673661,-0.617579,-0.171102,-0.770347,-0.601486,-0.211612,-0.322465,-0.507823,-0.088353,-0.519044,-0.316947,-0.166768,-0.438261,-0.182844,-0.165776,-0.362631,-0.206523,-0.163844,-0.250788,-0.47358,-0.157378,-0.433511,-0.273465,-0.211956,-0.353746,-0.172068,-0.155178,-0.283746,-0.219485,-0.121653,-0.183579,-0.402591,-0.232265,-0.335498,-0.279134,-0.267201,-0.298248,-0.194014,-0.228573,-0.236971,-0.211797,-0.199941,S
0.0,0.0,0.0,0.222974,-0.022026,-0.00377,0.380316,-0.1247,-0.052484,0.50785,-0.191149,-0.1207,0.619833,-0.231793,-0.186507,0.264637,-0.566455,-0.036787,0.319532,-0.790184,-0.119382,0.412523,-0.859937,-0.164283,0.486823,-0.853529,-0.185718,0.184187,-0.584932,-0.078182,0.388799,-0.432559,-0.16391,0.3426,-0.265468,-0.167828,0.275638,-0.270246,-0.15551,0.120627,-0.527282,-0.12458,0.323223,-0.335529,-0.209872,0.275529,-0.210214,-0.178479,0.215613,-0.234169,-0.142613,0.07032,-0.436753,-0.17251,0.2377,-0.288896,-0.213297,0.208985,-0.188011,-0.173962,0.153033,-0.19257,-0.134351,0.0,0.0,0.0,-0.21444,-0.005237,-0.001538,-0.401943,-0.049072,-0.043376,-0.532452,-0.033893,-0.102289,-0.642163,-0.003896,-0.158626,-0.398596,-0.478136,-0.035346,-0.565057,-0.623043,-0.119232,-0.682776,-0.627083,-0.172435,-0.777753,-0.593287,-0.207632,-0.325418,-0.514905,-0.085162,-0.51753,-0.317727,-0.168339,-0.442317,-0.192521,-0.173847,-0.366713,-0.208969,-0.173769,-0.250108,-0.477655,-0.143638,-0.425979,-0.269138,-0.208506,-0.346128,-0.177301,-0.163728,-0.278244,-0.215044,-0.132953,-0.178244,-0.405213,-0.207841,-0.324233,-0.280534,-0.25052,-0.289043,-0.200193,-0.218692,-0.232917,-0.209608,-0.19116,S
0.0,0.0,0.0,0.220523,-0.018254,-0.005014,0.382011,-0.119338,-0.051858,0.511388,-0.181348,-0.117762,0.616941,-0.225937,-0.181585,0.261744,-0.563246,-0.032266,0.313277,-0.779413,-0.108936,0.40494,-0.858223,-0.15034,0.479346,-0.860908,-0.170482,0.181684,-0.58414,-0.07179,0.382173,-0.434446,-0.155698,0.340101,-0.269198,-0.161044,0.275337,-0.268188,-0.148666,0.118421,-0.532342,-0.116221,0.310347,-0.339745,-0.197871,0.264595,-0.217407,-0.169625,0.205718,-0.240811,-0.135744,0.066594,-0.447737,-0.162481,0.225679,-0.297382,-0.200041,0.196699,-0.197931,-0.16325,0.13948,-0.202893,-0.125731,0.0,0.0,0.0,-0.215298,-0.008977,-0.00613,-0.407163,-0.054731,-0.050329,-0.54252,-0.036347,-0.109825,-0.654735,-0.002162,-0.166673,-0.397276,-0.481568,-0.034704,-0.559622,-0.61556,-0.119031,-0.673789,-0.626538,-0.174117,-0.772101,-0.599231,-0.211616,-0.323112,-0.518299,-0.083027,-0.516005,-0.330916,-0.167159,-0.437788,-0.205651,-0.172865,-0.365376,-0.221155,-0.172616,-0.247131,-0.485368,-0.140678,-0.427487,-0.279836,-0.205998,-0.345107,-0.187159,-0.159401,-0.280777,-0.229024,-0.127684,-0.175839,-0.414549,-0.204327,-0.329831,-0.281901,-0.245195,-0.282336,-0.201583,-0.209511,-0.222036,-0.219121,-0.180191,S
0.0,0.0,0.0,0.217862,-0.015167,-0.005701,0.375076,-0.121052,-0.049669,0.501134,-0.185064,-0.111984,0.601123,-0.22084,-0.171829,0.250789,-0.570353,-0.03003,0.307677,-0.781363,-0.105018,0.400403,-0.858412,-0.145625,0.475049,-0.864091,-0.166357,0.170935,-0.591764,-0.068002,0.373245,-0.441147,-0.152092,0.327267,-0.279706,-0.157747,0.260277,-0.287273,-0.145998,0.109811,-0.537821,-0.110978,0.304229,-0.347871,-0.195813,0.257323,-0.222356,-0.170802,0.199151,-0.251039,-0.13869,0.062556,-0.449536,-0.155336,0.22184,-0.298586,-0.197776,0.189365,-0.201005,-0.165467,0.130191,-0.213464,-0.131193,0.0,0.0,0.0,-0.216109,-0.013414,0.005904,-0.403749,-0.057394,-0.039595,-0.539587,-0.036137,-0.103468,-0.651193,-0.003193,-0.166417,-0.390707,-0.487433,-0.037144,-0.555589,-0.607635,-0.126513,-0.669527,-0.61941,-0.186316,-0.768044,-0.598478,-0.227886,-0.313685,-0.52443,-0.093719,-0.51446,-0.339715,-0.174724,-0.436344,-0.201247,-0.1731,-0.362188,-0.21976,-0.170243,-0.234897,-0.490491,-0.15912,-0.424351,-0.295071,-0.217716,-0.347104,-0.188844,-0.158968,-0.278163,-0.231498,-0.122467,-0.160639,-0.416265,-0.230398,-0.32067,-0.299042,-0.26746,-0.285754,-0.208328,-0.225575,-0.224879,-0.221541,-0.193873,S
0.0,0.0,0.0,0.209462,-0.010982,-0.012084,0.365815,-0.116083,-0.05844,0.495297,-0.18309,-0.122086,0.594019,-0.223678,-0.182245,0.246011,-0.566211,-0.036796,0.298036,-0.786043,-0.119059,0.388216,-0.860249,-0.163718,0.46533,-0.865343,-0.186144,0.167787,-0.587355,-0.073218,0.36987,-0.436756,-0.167612,0.324393,-0.270251,-0.178879,0.261111,-0.275998,-0.168586,0.10796,-0.53518,-0.115124,0.300681,-0.344538,-0.208748,0.250323,-0.215244,-0.186182,0.194223,-0.245564,-0.152857,0.062945,-0.451883,-0.158674,0.221271,-0.302196,-0.206886,0.185298,-0.20561,-0.17602,0.125219,-0.219073,-0.140484,0.0,0.0,0.0,-0.213228,-0.005727,-0.003072,-0.409292,-0.055811,-0.043941,-0.549385,-0.031869,-0.101529,-0.665624,0.005156,-0.157139,-0.386983,-0.474507,-0.035215,-0.5579,-0.613972,-0.121394,-0.669202,-0.626605,-0.176427,-0.764183,-0.608311,-0.214433,-0.311174,-0.516848,-0.085993,-0.506811,-0.328682,-0.173837,-0.422583,-0.198103,-0.181056,-0.344798,-0.21784,-0.181329,-0.233437,-0.491207,-0.146042,-0.412438,-0.284794,-0.213107,-0.329243,-0.184855,-0.165909,-0.262648,-0.230443,-0.133898,-0.158736,-0.430108,-0.212029,-0.308945,-0.298038,-0.25485,-0.269085,-0.211782,-0.22101,-0.210789,-0.227914,-0.193165,S
0.0,0.0,0.0,0.221757,-0.01292,0.002666,0.376806,-0.123149,-0.036281,0.502976,-0.187943,-0.094587,0.598151,-0.223211,-0.149442,0.248003,-0.573595,-0.02697,0.30021,-0.794149,-0.102966,0.387089,-0.868928,-0.143854,0.458192,-0.873316,-0.165465,0.167691,-0.593976,-0.069912,0.371819,-0.444385,-0.156711,0.331368,-0.284474,-0.164979,0.270516,-0.295518,-0.156255,0.108974,-0.536677,-0.11708,0.30847,-0.343255,-0.203012,0.261569,-0.218308,-0.179182,0.205898,-0.252682,-0.149651,0.068059,-0.445613,-0.16516,0.229867,-0.29093,-0.211709,0.195323,-0.199064,-0.182993,0.134108,-0.217735,-0.151762,0.0,0.0,0.0,-0.210093,-0.00282,-0.014991,-0.407826,-0.050685,-0.055405,-0.544373,-0.026856,-0.108808,-0.656201,0.013001,-0.159532,-0.390811,-0.468822,-0.040864,-0.556826,-0.597111,-0.124356,-0.666766,-0.616833,-0.178667,-0.763777,-0.607845,-0.217186,-0.313999,-0.508223,-0.084505,-0.506813,-0.326838,-0.174213,-0.426652,-0.200929,-0.184911,-0.349958,-0.219319,-0.186267,-0.232532,-0.48207,-0.137679,-0.407362,-0.286594,-0.209419,-0.33115,-0.190612,-0.167405,-0.268291,-0.234795,-0.136289,-0.153612,-0.418567,-0.197321,-0.299737,-0.298474,-0.24298,-0.263544,-0.219135,-0.211333,-0.207095,-0.237266,-0.183845,S
0.0,0.0,0.0,0.218433,-0.01433,0.000584,0.373662,-0.124712,-0.041907,0.498772,-0.189251,-0.103755,0.595193,-0.221885,-0.162949,0.244788,-0.571031,-0.036102,0.298303,-0.798297,-0.117374,0.38843,-0.870735,-0.163237,0.461211,-0.867253,-0.187502,0.162533,-0.588785,-0.07917,0.369097,-0.441467,-0.169889,0.332286,-0.278783,-0.180078,0.270648,-0.283776,-0.172263,0.101458,-0.530712,-0.126191,0.305014,-0.346686,-0.214585,0.261243,-0.221135,-0.190396,0.203264,-0.251641,-0.160051,0.058021,-0.440817,-0.174224,0.222926,-0.293685,-0.221735,0.192932,-0.20043,-0.191148,0.132726,-0.216434,-0.15813,0.0,0.0,0.0,-0.210809,-0.002234,-0.010059,-0.40257,-0.048271,-0.05312,-0.535206,-0.026641,-0.111687,-0.649572,0.008525,-0.168236,-0.390717,-0.467443,-0.039011,-0.553941,-0.592751,-0.126852,-0.666925,-0.612436,-0.183999,-0.765601,-0.602811,-0.224665,-0.312741,-0.50607,-0.088081,-0.507141,-0.315689,-0.180519,-0.423535,-0.188183,-0.189467,-0.346848,-0.216033,-0.189726,-0.228594,-0.479657,-0.146805,-0.410215,-0.281554,-0.220466,-0.331969,-0.182476,-0.172016,-0.268446,-0.230372,-0.137068,-0.146282,-0.413516,-0.211941,-0.30056,-0.293708,-0.261174,-0.263923,-0.212933,-0.226436,-0.206047,-0.234174,-0.196329,S
0.0,0.0,0.0,0.219686,-0.014895,0.000845,0.378613,-0.129179,-0.039445,0.504814,-0.195087,-0.099229,0.602231,-0.224845,-0.156432,0.251339,-0.571899,-0.030602,0.300294,-0.801716,-0.10927,0.388981,-0.871791,-0.154169,0.462101,-0.868753,-0.17813,0.169476,-0.588435,-0.073119,0.372843,-0.445462,-0.161453,0.333818,-0.282071,-0.172139,0.271361,-0.288151,-0.165059,0.108079,-0.530323,-0.119726,0.310628,-0.349351,-0.205479,0.265655,-0.224295,-0.182329,0.208349,-0.255926,-0.153032,0.063807,-0.441103,-0.167487,0.229267,-0.296184,-0.21208,0.198092,-0.203123,-0.181643,0.138454,-0.219406,-0.149132,0.0,0.0,0.0,-0.205843,-0.000429,-0.012794,-0.401622,-0.048558,-0.055343,-0.537882,-0.025526,-0.111511,-0.654079,0.018214,-0.165776,-0.38972,-0.472353,-0.047488,-0.556721,-0.591759,-0.133413,-0.669371,-0.610527,-0.188939,-0.76589,-0.60083,-0.228946,-0.307537,-0.515671,-0.094433,-0.501821,-0.317136,-0.179412,-0.417008,-0.188077,-0.183136,-0.34018,-0.217631,-0.181754,-0.220297,-0.48864,-0.151104,-0.397889,-0.279984,-0.217996,-0.320131,-0.183117,-0.168214,-0.257889,-0.233319,-0.134781,-0.135156,-0.420443,-0.214716,-0.282883,-0.295813,-0.260831,-0.248425,-0.216782,-0.2271,-0.193289,-0.236468,-0.199112,S
0.0,0.0,0.0,0.2184,-0.021575,-0.001337,0.374734,-0.13187,-0.043471,0.49962,-0.192196,-0.105215,0.597352,-0.222563,-0.164309,0.248753,-0.570189,-0.025313,0.29578,-0.790625,-0.102476,0.382364,-0.868072,-0.147344,0.457234,-0.872609,-0.171726,0.168822,-0.58385,-0.067167,0.370774,-0.440617,-0.156558,0.330747,-0.277518,-0.168631,0.271077,-0.279022,-0.161218,0.108658,-0.527534,-0.113485,0.308566,-0.349505,-0.201519,0.261451,-0.223924,-0.177874,0.204462,-0.251642,-0.146412,0.063107,-0.441463,-0.161129,0.231441,-0.302691,-0.207556,0.199438,-0.207816,-0.176006,0.139485,-0.221187,-0.141484,0.0,0.0,0.0,-0.21138,0.001676,-0.01133,-0.407748,-0.044513,-0.053764,-0.544725,-0.016617,-0.110459,-0.657719,0.026504,-0.165142,-0.401142,-0.467349,-0.040232,-0.567951,-0.581785,-0.125593,-0.678722,-0.601196,-0.182229,-0.775149,-0.591125,-0.222969,-0.320331,-0.510865,-0.08747,-0.510408,-0.310057,-0.173089,-0.422853,-0.186048,-0.180756,-0.346297,-0.217629,-0.181907,-0.231936,-0.484728,-0.144326,-0.408115,-0.270051,-0.209987,-0.32782,-0.17415,-0.161843,-0.267695,-0.228062,-0.129686,-0.145584,-0.416118,-0.207968,-0.29992,-0.279048,-0.250141,-0.260631,-0.202623,-0.214389,-0.20504,-0.232194,-0.185613,S
0.0,0.0,0.0,0.218311,-0.016682,-0.006368,0.377745,-0.128593,-0.047395,0.500924,-0.190201,-0.10655,0.601242,-0.219026,-0.162894,0.251336,-0.570515,-0.025337,0.302187,-0.782871,-0.098406,0.386282,-0.861524,-0.141934,0.460664,-0.871775,-0.166727,0.174839,-0.584096,-0.064476,0.377454,-0.436659,-0.153293,0.33481,-0.278031,-0.168031,0.273893,-0.272433,-0.162522,0.117192,-0.527293,-0.108129,0.314624,-0.345675,-0.192412,0.266296,-0.223876,-0.170086,0.211037,-0.243123,-0.140214,0.073478,-0.440293,-0.15406,0.23965,-0.300248,-0.196386,0.204222,-0.206934,-0.165788,0.146164,-0.214259,-0.132828,0.0,0.0,0.0,-0.212065,0.004868,-0.012715,-0.414223,-0.038296,-0.052199,-0.551604,-0.010781,-0.105086,-0.662761,0.030552,-0.156068,-0.404818,-0.45534,-0.041231,-0.57222,-0.585349,-0.125886,-0.683007,-0.602491,-0.181781,-0.778994,-0.586951,-0.220582,-0.322731,-0.504671,-0.085182,-0.505674,-0.31314,-0.172314,-0.425732,-0.189508,-0.183281,-0.352936,-0.213689,-0.185435,-0.232917,-0.485025,-0.138293,-0.400714,-0.274037,-0.20635,-0.325143,-0.177727,-0.162927,-0.267305,-0.225828,-0.131686,-0.144563,-0.424386,-0.197776,-0.289999,-0.28718,-0.238801,-0.253014,-0.208744,-0.203667,-0.199226,-0.234387,-0.174217,S
0.0,0.0,0.0,0.213351,-0.014989,-0.010914,0.373328,-0.124926,-0.05283,0.4987,-0.185262,-0.111316,0.599517,-0.218073,-0.166609,0.246571,-0.565877,-0.0302,0.297752,-0.776913,-0.102867,0.38121,-0.858449,-0.145604,0.45461,-0.874278,-0.1702,0.171407,-0.58533,-0.06604,0.373417,-0.435359,-0.156097,0.330756,-0.277143,-0.172107,0.268882,-0.272646,-0.167156,0.114841,-0.533545,-0.106328,0.307982,-0.347937,-0.190571,0.25946,-0.228996,-0.169685,0.203915,-0.251976,-0.140907,0.070731,-0.451138,-0.149102,0.233175,-0.302323,-0.191084,0.197468,-0.211681,-0.162205,0.140183,-0.222857,-0.130585,0.0,0.0,0.0,-0.209455,0.004536,-0.011755,-0.41276,-0.038593,-0.050004,-0.548445,-0.012608,-0.101647,-0.657065,0.029592,-0.151089,-0.409763,-0.458282,-0.037386,-0.57656,-0.587186,-0.120592,-0.688402,-0.601821,-0.175453,-0.783492,-0.583279,-0.214305,-0.327935,-0.508174,-0.082442,-0.516067,-0.315772,-0.169959,-0.433545,-0.194527,-0.180862,-0.358373,-0.220131,-0.183139,-0.238174,-0.49015,-0.13682,-0.411087,-0.275536,-0.205719,-0.332334,-0.181525,-0.162145,-0.273181,-0.232208,-0.131193,-0.150304,-0.429999,-0.197488,-0.303209,-0.284991,-0.240608,-0.261685,-0.206888,-0.206189,-0.205799,-0.23519,-0.177523,S
0.0,0.0,0.0,0.214239,-0.019738,-0.006361,0.370932,-0.129221,-0.046925,0.493331,-0.191021,-0.105329,0.592693,-0.223875,-0.160948,0.239246,-0.570836,-0.023729,0.291213,-0.778341,-0.094818,0.374537,-0.860293,-0.137483,0.448509,-0.878887,-0.162475,0.164386,-0.586196,-0.061684,0.367414,-0.43952,-0.149594,0.325044,-0.282145,-0.164415,0.263968,-0.280718,-0.159349,0.109711,-0.53062,-0.103958,0.305761,-0.353079,-0.188438,0.257849,-0.233142,-0.167222,0.202107,-0.255758,-0.138176,0.068826,-0.445905,-0.148173,0.23448,-0.307469,-0.191469,0.199092,-0.21684,-0.162219,0.140539,-0.226985,-0.130394,0.0,0.0,0.0,-0.213604,0.004033,-0.011182,-0.413182,-0.03813,-0.052717,-0.546901,-0.006759,-0.108758,-0.656445,0.041384,-0.163594,-0.411644,-0.459062,-0.04014,-0.574905,-0.582057,-0.124547,-0.6855,-0.599517,-0.180036,-0.781342,-0.584163,-0.219679,-0.32711,-0.510477,-0.087691,-0.508518,-0.314884,-0.17349,-0.420826,-0.184276,-0.180721,-0.345039,-0.211275,-0.180571,-0.232388,-0.493644,-0.144699,-0.399341,-0.278217,-0.211811,-0.319501,-0.175252,-0.16321,-0.260622,-0.227104,-0.129494,-0.138071,-0.433705,-0.208327,-0.287278,-0.292231,-0.249398,-0.248359,-0.207819,-0.211163,-0.19249,-0.235727,-0.180378,S
0.0,0.0,0.0,0.210052,-0.025086,-0.005401,0.361821,-0.135526,-0.049996,0.484686,-0.196002,-0.113128,0.582266,-0.22961,-0.173255,0.226262,-0.577883,-0.028261,0.27505,-0.789978,-0.099866,0.35951,-0.873554,-0.139969,0.431765,-0.887279,-0.162221,0.150456,-0.590428,-0.068543,0.363972,-0.454643,-0.155247,0.328393,-0.294435,-0.166443,0.267509,-0.292824,-0.158442,0.096974,-0.534682,-0.113086,0.303451,-0.362465,-0.195502,0.260678,-0.241077,-0.171621,0.202669,-0.264334,-0.141053,0.057925,-0.449392,-0.159692,0.229799,-0.314919,-0.201177,0.203058,-0.223183,-0.170075,0.145675,-0.232697,-0.136968,0.0,0.0,0.0,-0.211872,0.012173,-0.015458,-0.414677,-0.024142,-0.057332,-0.554958,0.0129,-0.112845,-0.667604,0.066048,-0.166315,-0.419277,-0.445788,-0.037422,-0.583847,-0.568007,-0.122954,-0.694703,-0.586458,-0.177446,-0.791083,-0.572521,-0.215421,-0.336272,-0.499391,-0.081307,-0.514642,-0.299153,-0.169261,-0.425448,-0.171183,-0.176668,-0.351703,-0.20448,-0.175192,-0.243326,-0.487508,-0.135646,-0.405591,-0.265804,-0.20544,-0.323557,-0.16286,-0.158082,-0.267646,-0.220858,-0.123747,-0.150897,-0.433205,-0.196885,-0.295255,-0.280239,-0.238329,-0.25188,-0.195582,-0.201223,-0.197034,-0.230949,-0.170535,S
0.0,0.0,0.0,0.216298,-0.024173,0.00058,0.366922,-0.138673,-0.039715,0.489512,-0.203889,-0.099498,0.581612,-0.242027,-0.156401,0.226285,-0.578338,-0.023522,0.27002,-0.789177,-0.096647,0.354185,-0.873768,-0.138233,0.429554,-0.888533,-0.161218,0.152262,-0.589719,-0.065309,0.363937,-0.447911,-0.152377,0.324343,-0.287597,-0.162378,0.26304,-0.291825,-0.153694,0.101044,-0.531008,-0.111233,0.308818,-0.353765,-0.195743,0.26177,-0.23224,-0.172444,0.202799,-0.261521,-0.142307,0.065914,-0.443179,-0.158536,0.238704,-0.300324,-0.202104,0.203692,-0.208078,-0.172501,0.141512,-0.221362,-0.140509,0.0,0.0,0.0,-0.221413,0.015331,-0.003183,-0.422695,-0.01224,-0.04879,-0.559337,0.019866,-0.112341,-0.67631,0.071845,-0.175864,-0.423908,-0.441029,-0.040153,-0.593316,-0.558852,-0.128722,-0.704424,-0.574507,-0.185505,-0.799329,-0.556805,-0.225923,-0.337648,-0.498456,-0.095439,-0.517057,-0.290537,-0.18601,-0.422642,-0.160342,-0.191672,-0.344991,-0.192394,-0.190095,-0.240875,-0.485877,-0.160094,-0.408796,-0.261114,-0.230376,-0.323079,-0.156605,-0.177157,-0.261437,-0.209315,-0.140631,-0.143698,-0.43021,-0.230909,-0.29391,-0.277464,-0.276462,-0.253635,-0.19199,-0.238279,-0.197516,-0.222996,-0.20715,S
0.0,0.0,0.0,0.212211,-0.023279,-0.000282,0.357778,-0.138323,-0.040687,0.478953,-0.208338,-0.100115,0.572313,-0.242895,-0.156875,0.213869,-0.579644,-0.027366,0.26047,-0.791531,-0.102715,0.344535,-0.87529,-0.14496,0.418279,-0.892696,-0.16774,0.140216,-0.592094,-0.069087,0.356039,-0.452934,-0.158857,0.316154,-0.289351,-0.168906,0.252241,-0.294027,-0.159202,0.09083,-0.533718,-0.114801,0.301107,-0.359735,-0.202939,0.253371,-0.23192,-0.179425,0.192523,-0.259088,-0.147583,0.057741,-0.44627,-0.161501,0.230968,-0.30686,-0.207172,0.196683,-0.212246,-0.176864,0.134493,-0.224183,-0.143458,0.0,0.0,0.0,-0.210814,0.014025,-0.015066,-0.412043,-0.018929,-0.059759,-0.546328,0.015815,-0.118202,-0.658836,0.066951,-0.175457,-0.421152,-0.442921,-0.044822,-0.588606,-0.555139,-0.130032,-0.700984,-0.573295,-0.183679,-0.798144,-0.559861,-0.222535,-0.336563,-0.498566,-0.090699,-0.517518,-0.282011,-0.179468,-0.421912,-0.154432,-0.184491,-0.346019,-0.192878,-0.181996,-0.242809,-0.485805,-0.146424,-0.411597,-0.253182,-0.218569,-0.322621,-0.154073,-0.167876,-0.263511,-0.215753,-0.131984,-0.148524,-0.429475,-0.2087,-0.299708,-0.26772,-0.255703,-0.249695,-0.186209,-0.218523,-0.19175,-0.225106,-0.187685,S
0.0,0.0,0.0,0.216419,-0.025823,0.002437,0.356219,-0.139603,-0.038537,0.473565,-0.20614,-0.098998,0.565144,-0.246618,-0.157809,0.207146,-0.576063,-0.029996,0.251409,-0.790274,-0.104773,0.334727,-0.875914,-0.149624,0.406961,-0.896324,-0.176028,0.133789,-0.589362,-0.075074,0.354417,-0.456672,-0.16479,0.325665,-0.288725,-0.178906,0.261879,-0.282559,-0.174212,0.085244,-0.528302,-0.12329,0.300121,-0.361994,-0.208935,0.258753,-0.230188,-0.185967,0.195096,-0.250042,-0.157013,0.054488,-0.437539,-0.172615,0.228342,-0.305095,-0.217976,0.200917,-0.206958,-0.187474,0.139121,-0.212761,-0.155373,0.0,0.0,0.0,-0.203649,0.016775,-0.01469,-0.401077,-0.01569,-0.060657,-0.536414,0.012862,-0.120671,-0.652563,0.061067,-0.179286,-0.418462,-0.443916,-0.047074,-0.58732,-0.56843,-0.137108,-0.701156,-0.581808,-0.192794,-0.795541,-0.560378,-0.230415,-0.331131,-0.501346,-0.093159,-0.508277,-0.287559,-0.185354,-0.416932,-0.153752,-0.190853,-0.341398,-0.182812,-0.186772,-0.233377,-0.488489,-0.14924,-0.397934,-0.257524,-0.225602,-0.311981,-0.155647,-0.175459,-0.25107,-0.210754,-0.137376,-0.134514,-0.434004,-0.211574,-0.28246,-0.27912,-0.26097,-0.238154,-0.192835,-0.223649,-0.180706,-0.222907,-0.190462,S
0.0,0.0,0.0,0.219846,-0.02607,0.007647,0.358384,-0.139538,-0.032521,0.476589,-0.20669,-0.093369,0.566404,-0.250455,-0.152259,0.210278,-0.57747,-0.030054,0.257453,-0.788838,-0.104421,0.340097,-0.874523,-0.14581,0.410836,-0.8959,-0.169047,0.13829,-0.588414,-0.077465,0.360305,-0.450402,-0.163317,0.326342,-0.285082,-0.170863,0.261617,-0.289387,-0.162205,0.091638,-0.524286,-0.12784,0.308259,-0.353473,-0.210597,0.266132,-0.22188,-0.184416,0.201969,-0.246716,-0.15434,0.063926,-0.429397,-0.179027,0.240928,-0.293763,-0.222116,0.21274,-0.197854,-0.190511,0.149524,-0.207814,-0.158333,0.0,0.0,0.0,-0.201373,0.023817,-0.01508,-0.401442,-0.002985,-0.05591,-0.538014,0.023953,-0.109774,-0.64659,0.074339,-0.161406,-0.423282,-0.434253,-0.040877,-0.592717,-0.563067,-0.124634,-0.709477,-0.573192,-0.178715,-0.805491,-0.551705,-0.216348,-0.336091,-0.493092,-0.083444,-0.498976,-0.272652,-0.172594,-0.418109,-0.151705,-0.184996,-0.347085,-0.181219,-0.187316,-0.239764,-0.479593,-0.135147,-0.385442,-0.236868,-0.206294,-0.304574,-0.146223,-0.164077,-0.246407,-0.201465,-0.132146,-0.14509,-0.424779,-0.193419,-0.280244,-0.259969,-0.238634,-0.234524,-0.186178,-0.205603,-0.179259,-0.222456,-0.17576,S
0.0,0.0,0.0,0.219302,-0.017823,0.005226,0.358296,-0.130134,-0.034253,0.478751,-0.193398,-0.094057,0.568427,-0.236579,-0.150702,0.210796,-0.580626,-0.024404,0.260299,-0.793787,-0.101303,0.349172,-0.876133,-0.14291,0.423557,-0.890782,-0.164639,0.140584,-0.590267,-0.070406,0.363636,-0.450291,-0.158042,0.326915,-0.283083,-0.164192,0.26067,-0.295322,-0.15279,0.096793,-0.529657,-0.120806,0.314167,-0.354547,-0.206846,0.270841,-0.217943,-0.179984,0.207397,-0.249324,-0.147482,0.071878,-0.438088,-0.172211,0.246456,-0.294953,-0.216825,0.214544,-0.194475,-0.184768,0.149649,-0.207968,-0.151006,0.0,0.0,0.0,-0.205568,0.025306,-0.021726,-0.402031,0.000645,-0.070304,-0.540101,0.032571,-0.131219,-0.652908,0.085437,-0.190496,-0.421129,-0.429686,-0.058218,-0.592641,-0.551297,-0.149043,-0.711611,-0.562197,-0.2048,-0.806068,-0.539806,-0.24262,-0.327628,-0.493517,-0.099633,-0.488136,-0.267676,-0.19177,-0.398257,-0.13792,-0.197658,-0.327024,-0.176398,-0.194166,-0.225096,-0.480946,-0.15093,-0.365947,-0.231868,-0.223379,-0.287069,-0.13713,-0.173588,-0.232305,-0.197603,-0.136221,-0.126682,-0.42273,-0.209689,-0.259047,-0.260356,-0.255072,-0.223625,-0.183217,-0.218431,-0.174871,-0.219242,-0.186091,S
0.0,0.0,0.0,0.220098,-0.017812,0.010973,0.359564,-0.122034,-0.029469,0.480593,-0.184483,-0.092054,0.577231,-0.22294,-0.152483,0.222546,-0.575928,-0.019752,0.270733,-0.789424,-0.094514,0.359445,-0.871924,-0.134928,0.438071,-0.885184,-0.156661,0.154663,-0.589091,-0.06912,0.381071,-0.446479,-0.15516,0.341132,-0.273037,-0.160873,0.277514,-0.276981,-0.149236,0.111877,-0.528704,-0.122157,0.331577,-0.348802,-0.205389,0.284721,-0.213522,-0.177492,0.224245,-0.242256,-0.144812,0.086158,-0.43626,-0.175788,0.260855,-0.291289,-0.21686,0.224063,-0.193183,-0.183608,0.15976,-0.207759,-0.149659,0.0,0.0,0.0,-0.209125,0.021269,-0.014842,-0.412345,-0.003113,-0.063786,-0.555447,0.033851,-0.127072,-0.677851,0.091161,-0.189079,-0.427256,-0.435861,-0.052729,-0.599977,-0.545572,-0.141065,-0.7193,-0.556926,-0.194565,-0.813299,-0.533819,-0.231478,-0.337268,-0.494455,-0.098577,-0.508082,-0.265054,-0.18546,-0.417436,-0.135233,-0.187101,-0.346169,-0.179425,-0.182161,-0.235411,-0.477077,-0.154011,-0.389614,-0.226806,-0.222607,-0.306488,-0.135073,-0.170838,-0.248644,-0.199462,-0.13427,-0.1349,-0.414061,-0.216358,-0.27449,-0.251431,-0.263178,-0.235173,-0.184594,-0.228507,-0.181827,-0.229175,-0.198226,S
0.0,0.0,0.0,0.218762,-0.010031,0.007285,0.360192,-0.119122,-0.030734,0.480148,-0.181468,-0.089946,0.572178,-0.214246,-0.146598,0.221153,-0.57754,-0.019942,0.277855,-0.786412,-0.098266,0.370572,-0.864576,-0.142067,0.449707,-0.877705,-0.165524,0.154676,-0.588273,-0.06657,0.380396,-0.439532,-0.158362,0.335248,-0.272352,-0.167156,0.26757,-0.284232,-0.156172,0.113431,-0.527785,-0.117322,0.329619,-0.344425,-0.206328,0.278653,-0.210071,-0.179845,0.215038,-0.241465,-0.146149,0.089438,-0.436022,-0.168751,0.261692,-0.285998,-0.213611,0.221242,-0.187389,-0.181047,0.156986,-0.203741,-0.146496,0.0,0.0,0.0,-0.201958,0.015343,-0.017777,-0.404004,-0.009137,-0.063559,-0.540994,0.02462,-0.121172,-0.654067,0.076457,-0.177455,-0.41981,-0.436754,-0.061462,-0.59341,-0.548712,-0.155023,-0.707548,-0.557689,-0.214935,-0.803364,-0.537463,-0.256398,-0.327543,-0.493533,-0.106195,-0.509724,-0.264842,-0.198106,-0.417931,-0.135744,-0.204766,-0.341084,-0.171221,-0.203253,-0.226616,-0.472898,-0.160604,-0.38999,-0.229479,-0.235481,-0.306337,-0.138543,-0.187733,-0.245145,-0.19797,-0.152067,-0.125108,-0.40883,-0.221654,-0.272491,-0.257683,-0.272968,-0.235854,-0.185134,-0.239659,-0.183559,-0.215684,-0.209475,S
0.0,0.0,0.0,0.22067,-0.010782,0.013997,0.352357,-0.119989,-0.023183,0.469801,-0.183156,-0.082531,0.568157,-0.215997,-0.140278,0.209284,-0.579244,-0.020693,0.268691,-0.786243,-0.093824,0.365735,-0.865412,-0.134631,0.44539,-0.881272,-0.158075,0.145825,-0.592277,-0.072891,0.380805,-0.447281,-0.158327,0.342356,-0.275971,-0.165584,0.271105,-0.286339,-0.156568,0.108095,-0.531096,-0.128018,0.334073,-0.352706,-0.212658,0.286929,-0.209164,-0.183916,0.2168,-0.237665,-0.151171,0.086356,-0.435396,-0.183328,0.265343,-0.296292,-0.227335,0.233189,-0.192245,-0.192351,0.164631,-0.203848,-0.157429,0.0,0.0,0.0,-0.201297,0.018399,-0.021736,-0.399249,-0.007645,-0.068415,-0.537716,0.020034,-0.127347,-0.651569,0.070199,-0.184723,-0.422066,-0.430159,-0.054274,-0.590349,-0.551624,-0.143152,-0.710148,-0.564308,-0.200264,-0.805089,-0.542584,-0.239654,-0.329352,-0.49454,-0.094321,-0.483335,-0.264213,-0.186796,-0.398545,-0.140303,-0.197836,-0.328503,-0.172207,-0.197888,-0.223652,-0.478756,-0.143754,-0.35883,-0.226005,-0.219563,-0.278231,-0.140418,-0.177152,-0.221368,-0.197138,-0.143231,-0.118862,-0.420371,-0.200083,-0.2435,-0.261118,-0.251875,-0.207054,-0.193199,-0.221652,-0.158636,-0.230373,-0.19205,S
0.0,0.0,0.0,0.223798,-0.006747,0.016436,0.358254,-0.11535,-0.023391,0.475575,-0.181639,-0.087096,0.570393,-0.213938,-0.148999,0.21962,-0.578981,-0.022669,0.273438,-0.796943,-0.101735,0.371554,-0.870517,-0.14524,0.454333,-0.874645,-0.16905,0.151863,-0.594341,-0.076364,0.38426,-0.450516,-0.166455,0.345715,-0.27742,-0.173017,0.276864,-0.284851,-0.162617,0.110271,-0.534295,-0.133061,0.336338,-0.350062,-0.218206,0.288571,-0.210269,-0.188301,0.219853,-0.238192,-0.154988,0.086877,-0.4408,-0.190187,0.266797,-0.291647,-0.231847,0.231276,-0.189992,-0.196771,0.163055,-0.203573,-0.162132,0.0,0.0,0.0,-0.200596,0.018941,-0.0272,-0.397849,-0.008509,-0.074067,-0.541527,0.019431,-0.130741,-0.660783,0.072486,-0.186086,-0.40997,-0.426864,-0.062472,-0.578959,-0.547549,-0.150527,-0.702762,-0.559301,-0.20874,-0.803007,-0.541222,-0.249518,-0.32105,-0.491318,-0.098298,-0.479251,-0.263723,-0.188332,-0.399858,-0.138189,-0.200955,-0.328658,-0.159117,-0.203028,-0.217838,-0.473189,-0.142933,-0.354245,-0.218019,-0.216576,-0.278067,-0.131432,-0.177907,-0.2179,-0.17778,-0.146779,-0.116971,-0.410127,-0.194745,-0.239111,-0.249294,-0.247239,-0.20787,-0.176064,-0.22067,-0.158751,-0.197108,-0.193059,S
0.0,0.0,0.0,0.223385,-0.002964,0.010095,0.365547,-0.112105,-0.030023,0.48464,-0.17868,-0.091911,0.57824,-0.208059,-0.151564,0.236844,-0.581865,-0.025913,0.289489,-0.798263,-0.103989,0.385002,-0.874424,-0.147319,0.463897,-0.869467,-0.169787,0.167089,-0.593441,-0.074749,0.396482,-0.447539,-0.162334,0.357972,-0.280302,-0.168934,0.29206,-0.282864,-0.158058,0.123104,-0.531771,-0.127098,0.346888,-0.348004,-0.209441,0.300733,-0.217331,-0.182065,0.235722,-0.243163,-0.15052,0.097409,-0.436571,-0.180355,0.27918,-0.287174,-0.22073,0.244833,-0.191617,-0.18794,0.180445,-0.205727,-0.154659,0.0,0.0,0.0,-0.197995,0.01525,-0.017338,-0.392194,-0.018028,-0.059773,-0.529735,0.000615,-0.113742,-0.641327,0.04622,-0.166192,-0.409142,-0.431746,-0.047224,-0.575361,-0.557635,-0.130882,-0.693157,-0.575517,-0.187093,-0.793177,-0.564949,-0.227384,-0.322529,-0.492528,-0.088268,-0.487687,-0.276737,-0.174302,-0.408849,-0.15385,-0.185029,-0.337245,-0.174769,-0.187093,-0.226411,-0.474591,-0.138047,-0.373801,-0.235511,-0.206677,-0.296003,-0.146549,-0.164211,-0.234156,-0.191933,-0.132816,-0.132085,-0.411486,-0.194458,-0.268997,-0.251424,-0.241966,-0.227775,-0.173736,-0.21144,-0.17026,-0.195099,-0.182931,S
0.0,0.0,0.0,0.219703,-0.011856,0.004641,0.363178,-0.106999,-0.043567,0.473924,-0.16403,-0.112059,0.568254,-0.18482,-0.17704,0.244966,-0.559112,-0.034173,0.291832,-0.778521,-0.11739,0.398069,-0.851539,-0.168843,0.487301,-0.850551,-0.197738,0.179057,-0.563093,-0.08397,0.405243,-0.434394,-0.178647,0.382306,-0.274618,-0.194422,0.319837,-0.269529,-0.190783,0.137387,-0.500961,-0.137122,0.360119,-0.344574,-0.219136,0.327914,-0.222388,-0.192203,0.262691,-0.241808,-0.162145,0.11404,-0.40495,-0.192258,0.295291,-0.277079,-0.230834,0.269623,-0.186045,-0.196784,0.207617,-0.196184,-0.16327,0.0,0.0,0.0,-0.196027,0.023622,-0.018426,-0.3878,-0.011575,-0.057523,-0.518258,-0.000981,-0.109054,-0.627418,0.046228,-0.15949,-0.411797,-0.41958,-0.042812,-0.572354,-0.558875,-0.124251,-0.692232,-0.583386,-0.18127,-0.792964,-0.568105,-0.220149,-0.336521,-0.469112,-0.082153,-0.48385,-0.263403,-0.174616,-0.411057,-0.147153,-0.19477,-0.337522,-0.147322,-0.199805,-0.247753,-0.445124,-0.129179,-0.384599,-0.235052,-0.204824,-0.315226,-0.138876,-0.171684,-0.256791,-0.154206,-0.141632,-0.15703,-0.381994,-0.182451,-0.270587,-0.241751,-0.230519,-0.237646,-0.165126,-0.202278,-0.188046,-0.169315,-0.172457,S
0.0,0.0,0.0,0.227768,-0.019738,0.012405,0.363118,-0.12442,-0.023351,0.470492,-0.184445,-0.080784,0.555807,-0.20691,-0.135079,0.225422,-0.559545,-0.022524,0.311339,-0.782344,-0.096713,0.429708,-0.84248,-0.144169,0.52243,-0.834928,-0.173095,0.168356,-0.540113,-0.076459,0.407786,-0.43868,-0.175725,0.383941,-0.269084,-0.199083,0.320084,-0.241722,-0.199593,0.141128,-0.464771,-0.132652,0.375614,-0.332791,-0.221059,0.346462,-0.196021,-0.198755,0.284289,-0.191579,-0.169714,0.13341,-0.361229,-0.189451,0.328726,-0.265025,-0.238048,0.31268,-0.161041,-0.207719,0.263342,-0.146552,-0.17537,0.0,0.0,0.0,-0.228736,-0.005921,-0.00775,-0.431095,-0.056554,-0.042626,-0.572937,-0.072224,-0.096361,-0.706006,-0.08785,-0.146816,-0.456617,-0.458642,-0.022592,-0.612399,-0.697309,-0.115635,-0.691268,-0.699781,-0.180156,-0.723172,-0.649649,-0.213762,-0.361393,-0.47747,-0.069308,-0.5211,-0.475277,-0.167874,-0.525182,-0.307512,-0.196221,-0.479495,-0.230257,-0.200354,-0.250759,-0.444492,-0.125593,-0.388991,-0.427845,-0.206539,-0.384536,-0.279854,-0.181182,-0.344025,-0.207093,-0.147935,-0.134642,-0.382431,-0.185727,-0.241974,-0.401579,-0.228589,-0.267543,-0.295389,-0.195598,-0.25243,-0.220711,-0.157489,S
