0.0,0.0,0.0,0.13546,-0.094271,-0.08296,0.23924,-0.281755,-0.118711,0.311257,-0.441799,-0.149806,0.392095,-0.526113,-0.178724,0.083463,-0.529376,-0.057148,0.070893,-0.743398,-0.106194,0.05306,-0.874845,-0.132451,0.033634,-0.987777,-0.152202,-0.002287,-0.495433,-0.046113,-0.077176,-0.544235,-0.133468,-0.043265,-0.404518,-0.152199,8.6e-05,-0.346923,-0.144618,-0.080233,-0.43546,-0.045217,-0.144066,-0.452921,-0.137022,-0.094562,-0.329357,-0.124212,-0.044044,-0.300868,-0.09248,-0.150225,-0.364794,-0.051444,-0.200556,-0.386089,-0.114193,-0.156324,-0.290442,-0.101563,-0.108203,-0.259158,-0.07532,0.0,0.0,0.0,-0.1539,-0.111664,-0.059589,-0.269649,-0.285664,-0.099863,-0.338075,-0.429874,-0.143781,-0.399253,-0.53185,-0.185992,-0.077669,-0.529157,-0.057321,-0.030064,-0.752005,-0.110695,0.003692,-0.877828,-0.139455,0.030657,-0.986951,-0.158076,0.023156,-0.494182,-0.063499,0.045237,-0.578576,-0.167565,0.006494,-0.407948,-0.189814,-0.028671,-0.298404,-0.178813,0.109819,-0.44098,-0.077463,0.132723,-0.513809,-0.182112,0.090883,-0.364375,-0.170229,0.049457,-0.272271,-0.130884,0.188374,-0.373271,-0.09513,0.250862,-0.50636,-0.159632,0.238433,-0.485942,-0.146792,0.211724,-0.467804,-0.117943,W
0.0,0.0,0.0,0.13421,-0.097519,-0.077451,0.238103,-0.283235,-0.10774,0.306419,-0.44256,-0.134787,0.383521,-0.536336,-0.161246,0.081356,-0.529785,-0.049086,0.067812,-0.746296,-0.093049,0.050321,-0.880734,-0.120186,0.029635,-0.989502,-0.141449,-0.003812,-0.500191,-0.038781,-0.08143,-0.548156,-0.125666,-0.050925,-0.408055,-0.150199,-0.013553,-0.332807,-0.146873,-0.080931,-0.445814,-0.037652,-0.145124,-0.468627,-0.125681,-0.09921,-0.344247,-0.116307,-0.054756,-0.293608,-0.087636,-0.150873,-0.381306,-0.043642,-0.198677,-0.41558,-0.104029,-0.160845,-0.317839,-0.093152,-0.119351,-0.270278,-0.068488,0.0,0.0,0.0,-0.143253,-0.12389,-0.063978,-0.256855,-0.296561,-0.106432,-0.32685,-0.447363,-0.152212,-0.383468,-0.548918,-0.195317,-0.075392,-0.528023,-0.053225,-0.019292,-0.75089,-0.108792,0.021631,-0.877921,-0.139076,0.049898,-0.986138,-0.158244,0.023478,-0.491692,-0.057116,0.052203,-0.557865,-0.163044,0.016171,-0.397253,-0.18771,-0.022076,-0.297453,-0.177396,0.10981,-0.436755,-0.069671,0.135191,-0.486343,-0.174219,0.093857,-0.348011,-0.163921,0.051931,-0.267856,-0.12528,0.188433,-0.369738,-0.086454,0.239863,-0.473336,-0.147175,0.222632,-0.427597,-0.131912,0.199201,-0.39522,-0.10096,W
0.0,0.0,0.0,0.136388,-0.086311,-0.079587,0.244992,-0.271632,-0.110516,0.312236,-0.432226,-0.138187,0.385693,-0.529041,-0.165149,0.094761,-0.521673,-0.047827,0.075848,-0.738699,-0.095607,0.055078,-0.876838,-0.12264,0.035628,-0.989221,-0.142028,0.014875,-0.498371,-0.035942,-0.068363,-0.551508,-0.124045,-0.041873,-0.403659,-0.144088,0.00259,-0.33041,-0.135904,-0.058532,-0.450111,-0.034192,-0.132158,-0.481658,-0.123158,-0.097445,-0.350271,-0.108485,-0.051605,-0.297594,-0.074731,-0.126524,-0.38964,-0.039839,-0.185242,-0.425713,-0.099414,-0.149274,-0.32568,-0.085126,-0.1,-0.275571,-0.056677,0.0,0.0,0.0,-0.144444,-0.105728,-0.061398,-0.260956,-0.280127,-0.102014,-0.331964,-0.419758,-0.145651,-0.38368,-0.523542,-0.187016,-0.076629,-0.510462,-0.059298,-0.014183,-0.742757,-0.115778,0.034322,-0.871951,-0.148761,0.070122,-0.982623,-0.171855,0.02047,-0.469324,-0.066709,0.062365,-0.536469,-0.173552,0.031258,-0.378512,-0.199054,-0.007504,-0.279221,-0.191994,0.106769,-0.410751,-0.082085,0.139538,-0.459139,-0.180296,0.100148,-0.324329,-0.164938,0.058034,-0.253642,-0.128605,0.184848,-0.338479,-0.102315,0.232793,-0.428816,-0.157811,0.201784,-0.352647,-0.136429,0.167615,-0.302452,-0.104723,W
0.0,0.0,0.0,0.131619,-0.099145,-0.066506,0.234612,-0.287071,-0.096134,0.316,-0.438267,-0.124945,0.396571,-0.522914,-0.153534,0.090783,-0.519721,-0.048609,0.07277,-0.734348,-0.095436,0.054462,-0.870928,-0.123828,0.035306,-0.988537,-0.146791,0.008374,-0.492258,-0.046038,-0.063188,-0.539055,-0.127099,-0.031416,-0.406219,-0.145068,0.010306,-0.354677,-0.141437,-0.069766,-0.433857,-0.051911,-0.131146,-0.463487,-0.13382,-0.089034,-0.34283,-0.114161,-0.041383,-0.307418,-0.083283,-0.139791,-0.362573,-0.064728,-0.19063,-0.392412,-0.121559,-0.147161,-0.295591,-0.103919,-0.096128,-0.252106,-0.076721,0.0,0.0,0.0,-0.143686,-0.103311,-0.063318,-0.270504,-0.283601,-0.104269,-0.350485,-0.426172,-0.146696,-0.412924,-0.52637,-0.186862,-0.088654,-0.511933,-0.063033,-0.025076,-0.744555,-0.116464,0.023012,-0.875203,-0.147063,0.058444,-0.984011,-0.168247,0.007947,-0.474634,-0.066104,0.056298,-0.557523,-0.164185,0.019962,-0.410158,-0.184455,-0.024242,-0.313221,-0.175753,0.091868,-0.421872,-0.0771,0.131713,-0.483561,-0.166019,0.090316,-0.35443,-0.148929,0.045046,-0.284513,-0.114557,0.164294,-0.356758,-0.093292,0.222084,-0.441566,-0.144165,0.191243,-0.362704,-0.124257,0.153824,-0.312178,-0.09528,W
0.0,0.0,0.0,0.133165,-0.098106,-0.070032,0.240509,-0.279707,-0.104748,0.318881,-0.432789,-0.13702,0.39661,-0.530366,-0.167246,0.09765,-0.525505,-0.053645,0.081259,-0.741845,-0.099154,0.065974,-0.875566,-0.123168,0.050532,-0.988655,-0.141449,0.009591,-0.49555,-0.049303,-0.049029,-0.547505,-0.129015,-0.015207,-0.411366,-0.144527,0.02191,-0.361762,-0.137602,-0.069098,-0.439113,-0.053587,-0.117467,-0.464823,-0.135825,-0.07119,-0.343705,-0.117847,-0.027104,-0.31294,-0.086225,-0.138866,-0.369253,-0.064549,-0.179695,-0.403914,-0.121605,-0.136371,-0.309552,-0.105531,-0.092174,-0.272127,-0.0783,0.0,0.0,0.0,-0.14486,-0.099008,-0.063537,-0.271508,-0.289407,-0.100627,-0.350092,-0.443155,-0.138871,-0.427493,-0.536997,-0.175512,-0.091407,-0.527739,-0.057243,-0.027158,-0.758959,-0.109694,0.019265,-0.88259,-0.139165,0.053224,-0.9855,-0.16111,0.008356,-0.491644,-0.059706,0.058373,-0.549924,-0.157929,0.015963,-0.395175,-0.176191,-0.032643,-0.316918,-0.168188,0.094945,-0.43731,-0.071163,0.142095,-0.473923,-0.164771,0.095155,-0.339521,-0.147536,0.04339,-0.284551,-0.115093,0.169636,-0.368919,-0.087495,0.231697,-0.43009,-0.145899,0.190322,-0.334724,-0.128741,0.139126,-0.287142,-0.102226,W
0.0,0.0,0.0,0.136771,-0.101498,-0.065099,0.25469,-0.282671,-0.099344,0.33935,-0.431426,-0.132594,0.415236,-0.527427,-0.164786,0.115877,-0.532592,-0.046973,0.105517,-0.746474,-0.093261,0.087618,-0.878595,-0.119166,0.069973,-0.987944,-0.138093,0.026216,-0.50818,-0.044214,-0.021778,-0.556595,-0.123463,0.003859,-0.414748,-0.140774,0.034722,-0.358339,-0.134763,-0.057218,-0.451837,-0.049366,-0.102608,-0.486674,-0.132705,-0.064231,-0.356868,-0.114272,-0.026246,-0.311248,-0.080993,-0.135882,-0.37965,-0.060169,-0.173329,-0.414385,-0.118045,-0.131162,-0.316831,-0.099999,-0.089338,-0.272551,-0.069922,0.0,0.0,0.0,-0.14824,-0.104102,-0.060532,-0.274888,-0.2957,-0.096571,-0.352835,-0.451619,-0.13386,-0.434344,-0.542947,-0.169267,-0.093752,-0.531388,-0.049827,-0.032751,-0.763979,-0.098062,0.01502,-0.885384,-0.128848,0.049409,-0.986934,-0.153361,0.003384,-0.492667,-0.053398,0.059452,-0.551622,-0.147081,0.027038,-0.408644,-0.169502,-0.023356,-0.330062,-0.167539,0.087368,-0.436608,-0.065382,0.135014,-0.474794,-0.151089,0.095535,-0.350649,-0.136253,0.040806,-0.295036,-0.109544,0.159395,-0.366278,-0.082455,0.214873,-0.418923,-0.135658,0.17529,-0.325925,-0.119786,0.119589,-0.276845,-0.096985,W
0.0,0.0,0.0,0.140177,-0.097484,-0.062514,0.256796,-0.280315,-0.091977,0.341312,-0.425936,-0.12068,0.417053,-0.518514,-0.148241,0.123686,-0.532037,-0.041255,0.118898,-0.749669,-0.08529,0.103505,-0.880826,-0.11187,0.087248,-0.987434,-0.131766,0.034666,-0.506036,-0.039861,-0.012026,-0.57426,-0.120931,0.012309,-0.438999,-0.143793,0.042136,-0.36945,-0.140922,-0.049071,-0.451012,-0.046014,-0.09131,-0.50132,-0.12867,-0.054391,-0.375432,-0.115098,-0.016426,-0.32209,-0.085,-0.12764,-0.380851,-0.057737,-0.159215,-0.428398,-0.113665,-0.121531,-0.335011,-0.098057,-0.082037,-0.287875,-0.070666,0.0,0.0,0.0,-0.147128,-0.105959,-0.059106,-0.269493,-0.303113,-0.095503,-0.348173,-0.464041,-0.134037,-0.431328,-0.554418,-0.171449,-0.087545,-0.535006,-0.051657,-0.023615,-0.765176,-0.103573,0.028149,-0.88444,-0.13608,0.066281,-0.984829,-0.160371,0.008923,-0.496776,-0.055986,0.062116,-0.557221,-0.152996,0.021515,-0.401409,-0.174798,-0.031113,-0.314878,-0.170546,0.091279,-0.437677,-0.068358,0.135626,-0.477002,-0.15803,0.091326,-0.341988,-0.141572,0.036244,-0.274958,-0.110806,0.160197,-0.362053,-0.085164,0.218028,-0.427043,-0.13863,0.175643,-0.332613,-0.119141,0.118912,-0.275625,-0.092059,W
0.0,0.0,0.0,0.13747,-0.091664,-0.066028,0.244737,-0.280929,-0.094787,0.321762,-0.439083,-0.121998,0.41212,-0.521111,-0.148067,0.11158,-0.53254,-0.038574,0.102157,-0.746596,-0.081666,0.091517,-0.876444,-0.108393,0.079709,-0.988295,-0.130074,0.026648,-0.507816,-0.035289,-0.03313,-0.580574,-0.116562,-0.003945,-0.441114,-0.137445,0.031986,-0.371138,-0.134246,-0.051843,-0.454032,-0.040307,-0.10578,-0.511361,-0.125295,-0.066187,-0.37916,-0.109122,-0.023196,-0.326141,-0.078178,-0.124135,-0.383616,-0.051348,-0.167268,-0.438463,-0.111622,-0.125518,-0.33385,-0.096125,-0.079429,-0.280423,-0.069154,0.0,0.0,0.0,-0.137592,-0.121028,-0.057213,-0.256955,-0.317756,-0.091353,-0.334577,-0.469118,-0.128965,-0.401785,-0.574293,-0.165401,-0.057029,-0.515445,-0.052154,0.012596,-0.746374,-0.105713,0.062363,-0.874865,-0.137116,0.100043,-0.982165,-0.159195,0.039875,-0.477235,-0.058308,0.073171,-0.555869,-0.157337,0.031067,-0.403636,-0.176602,-0.005305,-0.305683,-0.168291,0.121919,-0.423209,-0.07294,0.15033,-0.476991,-0.161803,0.103657,-0.343977,-0.142299,0.063991,-0.268221,-0.10766,0.19369,-0.354106,-0.092658,0.239141,-0.430103,-0.142865,0.193588,-0.342424,-0.121651,0.151155,-0.282932,-0.092945,W
0.0,0.0,0.0,0.142912,-0.089753,-0.068099,0.253712,-0.270063,-0.095026,0.331656,-0.425381,-0.120768,0.410492,-0.512767,-0.146138,0.116826,-0.525231,-0.035076,0.107654,-0.74173,-0.079572,0.09703,-0.873985,-0.106851,0.083971,-0.988161,-0.128402,0.036791,-0.505391,-0.030367,-0.027465,-0.591134,-0.115551,-0.005384,-0.440385,-0.138033,0.02431,-0.365006,-0.133172,-0.039543,-0.461051,-0.034779,-0.09929,-0.525896,-0.121445,-0.065803,-0.38746,-0.105431,-0.029845,-0.328592,-0.072535,-0.112078,-0.402741,-0.04572,-0.159074,-0.45675,-0.105024,-0.124777,-0.349889,-0.089877,-0.083975,-0.292327,-0.062346,0.0,0.0,0.0,-0.12928,-0.119819,-0.065634,-0.240052,-0.321126,-0.102971,-0.31525,-0.470694,-0.142806,-0.371286,-0.579708,-0.181027,-0.052957,-0.522224,-0.054536,0.022336,-0.746285,-0.109806,0.078805,-0.869974,-0.142716,0.121443,-0.978574,-0.166268,0.046809,-0.479726,-0.058978,0.094273,-0.553261,-0.16175,0.055336,-0.395821,-0.184439,0.014124,-0.304687,-0.177347,0.133338,-0.423058,-0.072801,0.171086,-0.478534,-0.165819,0.123799,-0.34312,-0.148301,0.07987,-0.278121,-0.11376,0.208384,-0.355167,-0.092434,0.261824,-0.438765,-0.14506,0.218037,-0.349693,-0.123273,0.174963,-0.298209,-0.093639,W
0.0,0.0,0.0,0.142072,-0.077158,-0.068915,0.256658,-0.259341,-0.095597,0.335052,-0.41999,-0.118978,0.414453,-0.504594,-0.142321,0.114792,-0.511057,-0.052732,0.10545,-0.737542,-0.093708,0.089357,-0.869929,-0.118551,0.070778,-0.987663,-0.139687,0.033307,-0.489068,-0.044792,-0.026401,-0.554924,-0.120567,-0.00734,-0.413823,-0.138274,0.018624,-0.347592,-0.135981,-0.041557,-0.445289,-0.044594,-0.093562,-0.495042,-0.123446,-0.064305,-0.362478,-0.106855,-0.032748,-0.306167,-0.078484,-0.112096,-0.391047,-0.050898,-0.148874,-0.445029,-0.10696,-0.119976,-0.338551,-0.092582,-0.084035,-0.280638,-0.068241,0.0,0.0,0.0,-0.132456,-0.114673,-0.066132,-0.233931,-0.318398,-0.104873,-0.298185,-0.47746,-0.146003,-0.34631,-0.597118,-0.185489,-0.032268,-0.518394,-0.058413,0.043383,-0.749967,-0.11066,0.10014,-0.869869,-0.141938,0.146353,-0.975327,-0.165283,0.061775,-0.472813,-0.06185,0.092854,-0.529641,-0.158846,0.048085,-0.38119,-0.180847,0.012263,-0.294023,-0.175937,0.144309,-0.407187,-0.074242,0.169804,-0.455715,-0.160153,0.121052,-0.329468,-0.141845,0.084815,-0.266028,-0.109905,0.220169,-0.326904,-0.09297,0.261001,-0.409864,-0.143562,0.216005,-0.329355,-0.122504,0.177753,-0.274644,-0.094159,W
0.0,0.0,0.0,0.136525,-0.074267,-0.075499,0.255044,-0.257686,-0.102615,0.33071,-0.412387,-0.125692,0.409483,-0.502329,-0.147658,0.112409,-0.513298,-0.049823,0.10333,-0.73588,-0.093411,0.08986,-0.869999,-0.118145,0.074577,-0.987624,-0.137973,0.02821,-0.488226,-0.040172,-0.044615,-0.5439,-0.122104,-0.01977,-0.398174,-0.140739,0.018586,-0.331979,-0.136274,-0.04924,-0.438333,-0.039895,-0.113734,-0.475029,-0.125675,-0.078267,-0.341566,-0.110454,-0.034096,-0.290379,-0.080244,-0.120436,-0.377654,-0.046582,-0.169028,-0.423561,-0.106592,-0.13695,-0.316039,-0.092051,-0.092467,-0.259427,-0.065619,0.0,0.0,0.0,-0.153004,-0.118791,-0.05474,-0.261139,-0.316572,-0.088668,-0.315237,-0.4691,-0.126508,-0.354237,-0.587729,-0.163507,-0.044674,-0.520923,-0.047621,0.033358,-0.749078,-0.094019,0.090352,-0.875212,-0.120357,0.134619,-0.981205,-0.138256,0.048432,-0.472168,-0.052953,0.081061,-0.537454,-0.150832,0.031222,-0.38723,-0.177077,-0.014239,-0.283984,-0.169896,0.127425,-0.404121,-0.064784,0.150845,-0.453477,-0.157505,0.101926,-0.324013,-0.147856,0.057789,-0.244205,-0.113199,0.199909,-0.319206,-0.080273,0.250479,-0.422475,-0.135746,0.235407,-0.392389,-0.121034,0.21415,-0.369468,-0.091796,W
0.0,0.0,0.0,0.135112,-0.09502,-0.073859,0.245854,-0.263925,-0.111903,0.330248,-0.406599,-0.147809,0.409881,-0.49694,-0.181823,0.110396,-0.51841,-0.060792,0.10486,-0.7359,-0.113121,0.092923,-0.867562,-0.141619,0.076355,-0.98365,-0.163101,0.019369,-0.495497,-0.056121,-0.033265,-0.536321,-0.138427,-0.004528,-0.389151,-0.153106,0.027409,-0.344132,-0.147382,-0.066954,-0.438007,-0.06073,-0.114335,-0.472211,-0.146714,-0.070426,-0.34053,-0.124303,-0.031561,-0.307318,-0.0906,-0.146031,-0.366188,-0.072253,-0.184174,-0.398898,-0.131794,-0.139888,-0.299382,-0.112302,-0.101236,-0.25847,-0.082945,0.0,0.0,0.0,-0.151284,-0.124491,-0.062055,-0.251607,-0.325676,-0.098903,-0.306478,-0.48749,-0.13702,-0.359417,-0.598572,-0.173234,-0.038245,-0.524495,-0.061854,0.0395,-0.742274,-0.119512,0.09858,-0.870008,-0.151693,0.143544,-0.974548,-0.172198,0.055455,-0.470062,-0.063734,0.087612,-0.560247,-0.172836,0.034123,-0.397002,-0.196043,-0.012603,-0.290761,-0.18362,0.135204,-0.400587,-0.073281,0.168348,-0.475435,-0.179381,0.115661,-0.344897,-0.167836,0.062569,-0.269345,-0.127926,0.205748,-0.319284,-0.086364,0.273824,-0.433584,-0.151972,0.264481,-0.419618,-0.140468,0.241088,-0.417859,-0.111717,W
0.0,0.0,0.0,0.131522,-0.092436,-0.073053,0.246331,-0.246409,-0.113157,0.328851,-0.385887,-0.149973,0.402924,-0.486579,-0.186226,0.118473,-0.50894,-0.065991,0.116179,-0.729541,-0.114781,0.100012,-0.869073,-0.142188,0.085065,-0.983158,-0.161752,0.029695,-0.491038,-0.057737,-0.039531,-0.543066,-0.13913,-0.018122,-0.405747,-0.154793,0.019439,-0.335186,-0.147621,-0.053045,-0.442447,-0.057162,-0.11546,-0.477628,-0.136694,-0.081273,-0.356512,-0.117144,-0.039502,-0.304068,-0.084744,-0.128532,-0.378992,-0.063256,-0.181398,-0.416029,-0.116563,-0.148468,-0.31825,-0.098067,-0.1073,-0.265956,-0.068885,0.0,0.0,0.0,-0.13928,-0.144671,-0.081315,-0.246275,-0.323224,-0.130999,-0.31897,-0.46968,-0.179149,-0.36948,-0.597629,-0.221818,-0.05684,-0.542081,-0.059285,0.017727,-0.759767,-0.11107,0.073299,-0.879858,-0.1415,0.120768,-0.979512,-0.161156,0.03632,-0.492864,-0.051479,0.084529,-0.570445,-0.14858,0.037124,-0.434079,-0.172189,-0.005534,-0.348888,-0.164135,0.118075,-0.432386,-0.054444,0.162528,-0.494275,-0.150423,0.11126,-0.373852,-0.141235,0.066274,-0.313162,-0.107132,0.193715,-0.364269,-0.063183,0.267548,-0.45945,-0.120572,0.237698,-0.402889,-0.107503,0.200999,-0.366556,-0.080096,W
0.0,0.0,0.0,0.137645,-0.093279,-0.080799,0.241839,-0.256812,-0.120312,0.317985,-0.410197,-0.155275,0.395727,-0.505921,-0.188995,0.10425,-0.528995,-0.057566,0.095792,-0.735621,-0.106235,0.074375,-0.870074,-0.137044,0.051859,-0.985592,-0.160992,0.017551,-0.505142,-0.045824,-0.058422,-0.561935,-0.132663,-0.031931,-0.415465,-0.151682,0.007925,-0.346428,-0.145364,-0.064612,-0.452288,-0.043701,-0.131406,-0.490175,-0.13043,-0.090268,-0.361287,-0.113338,-0.044879,-0.310297,-0.080614,-0.140846,-0.387571,-0.049101,-0.192309,-0.42474,-0.110679,-0.151282,-0.325437,-0.097089,-0.103438,-0.2787,-0.070123,0.0,0.0,0.0,-0.138184,-0.154229,-0.063254,-0.242545,-0.336318,-0.10092,-0.310862,-0.490774,-0.141571,-0.366118,-0.604291,-0.179512,-0.052987,-0.549727,-0.03418,0.019164,-0.758102,-0.086844,0.068845,-0.875287,-0.123454,0.110717,-0.982664,-0.148707,0.044406,-0.50605,-0.035627,0.090319,-0.583598,-0.136336,0.040016,-0.432931,-0.165318,-0.004868,-0.343697,-0.160084,0.129082,-0.451206,-0.046704,0.172957,-0.518849,-0.141293,0.115052,-0.383755,-0.129404,0.066752,-0.314198,-0.093502,0.201807,-0.38763,-0.062624,0.264508,-0.480225,-0.115889,0.222228,-0.404827,-0.096533,0.180961,-0.358325,-0.06488,W
0.0,0.0,0.0,0.136584,-0.092124,-0.070194,0.241625,-0.292316,-0.100119,0.316979,-0.453231,-0.127356,0.40251,-0.529886,-0.153445,0.086403,-0.537038,-0.049556,0.073898,-0.752175,-0.096872,0.055497,-0.879716,-0.125219,0.037384,-0.988407,-0.14715,-0.003927,-0.501406,-0.045328,-0.070924,-0.568006,-0.13636,-0.042615,-0.424795,-0.160705,-0.007727,-0.35067,-0.156323,-0.083775,-0.441594,-0.049231,-0.141725,-0.4723,-0.140252,-0.092934,-0.342943,-0.128372,-0.048466,-0.292453,-0.097107,-0.155989,-0.368068,-0.059245,-0.199053,-0.407432,-0.118836,-0.154403,-0.310203,-0.104151,-0.108892,-0.267915,-0.076931,0.0,0.0,0.0,-0.149246,-0.134937,-0.062475,-0.259196,-0.317365,-0.10226,-0.326047,-0.468425,-0.144353,-0.380398,-0.580249,-0.183602,-0.057735,-0.538193,-0.052065,0.010901,-0.754766,-0.104742,0.059729,-0.877319,-0.133905,0.099786,-0.983258,-0.152471,0.040139,-0.493811,-0.054041,0.074128,-0.569055,-0.164749,0.027233,-0.398179,-0.190784,-0.012952,-0.286143,-0.178267,0.124456,-0.429375,-0.063554,0.153055,-0.482691,-0.171455,0.101836,-0.344827,-0.162746,0.056924,-0.261552,-0.122236,0.200033,-0.352288,-0.076279,0.25422,-0.456252,-0.138666,0.23546,-0.421997,-0.124596,0.21146,-0.401196,-0.09299,W
0.0,0.0,0.0,0.137343,-0.108326,-0.072492,0.236572,-0.306698,-0.103608,0.311579,-0.471077,-0.133114,0.397054,-0.561547,-0.161341,0.090718,-0.544439,-0.042302,0.075489,-0.756539,-0.087222,0.053037,-0.883924,-0.114778,0.030066,-0.990179,-0.136536,6e-05,-0.508294,-0.037587,-0.066324,-0.580753,-0.122363,-0.035103,-0.435273,-0.144048,0.004387,-0.365094,-0.138701,-0.08349,-0.446395,-0.042173,-0.136478,-0.481927,-0.130145,-0.088304,-0.347569,-0.117362,-0.041772,-0.301212,-0.08594,-0.160063,-0.372716,-0.053437,-0.199903,-0.416974,-0.111579,-0.155976,-0.315586,-0.095323,-0.110995,-0.271093,-0.067299,0.0,0.0,0.0,-0.155114,-0.115693,-0.06832,-0.273867,-0.30981,-0.109735,-0.348685,-0.476293,-0.152173,-0.4208,-0.575701,-0.192218,-0.075805,-0.534352,-0.060633,-0.002148,-0.761903,-0.112661,0.05218,-0.881571,-0.13989,0.093783,-0.982935,-0.158254,0.024811,-0.493929,-0.059848,0.060352,-0.574628,-0.161285,0.019237,-0.409368,-0.179799,-0.019108,-0.310085,-0.167322,0.111442,-0.436629,-0.067429,0.146523,-0.497787,-0.167983,0.099208,-0.35569,-0.152159,0.05369,-0.278669,-0.1128,0.187191,-0.367767,-0.079285,0.25133,-0.469627,-0.138915,0.224495,-0.399355,-0.120003,0.189448,-0.350873,-0.088016,W
0.0,0.0,0.0,0.130112,-0.113552,-0.067721,0.228419,-0.302796,-0.100605,0.303619,-0.457532,-0.1336,0.37238,-0.560146,-0.164216,0.082781,-0.543866,-0.041642,0.062682,-0.755504,-0.090902,0.039243,-0.883731,-0.116891,0.015253,-0.990598,-0.135953,-0.008541,-0.50997,-0.041121,-0.070101,-0.574994,-0.124033,-0.036445,-0.424313,-0.137756,0.00024,-0.37108,-0.127129,-0.092706,-0.44576,-0.050546,-0.142658,-0.477341,-0.136686,-0.094366,-0.345471,-0.115707,-0.053076,-0.313444,-0.080232,-0.167751,-0.368719,-0.066795,-0.207711,-0.4011,-0.122804,-0.160763,-0.304255,-0.102025,-0.117139,-0.26868,-0.071459,0.0,0.0,0.0,-0.147998,-0.10341,-0.06747,-0.273772,-0.306309,-0.104571,-0.350889,-0.477699,-0.141218,-0.427003,-0.575258,-0.176902,-0.083003,-0.533033,-0.05963,-0.010747,-0.763756,-0.108937,0.041464,-0.881081,-0.136043,0.079128,-0.984496,-0.156545,0.013175,-0.496586,-0.058941,0.065639,-0.573484,-0.150521,0.022828,-0.416756,-0.165743,-0.028985,-0.334978,-0.15621,0.096307,-0.445227,-0.067147,0.141721,-0.502293,-0.156716,0.093469,-0.36058,-0.138955,0.038283,-0.302628,-0.106455,0.16681,-0.384109,-0.080291,0.224483,-0.449843,-0.136508,0.183079,-0.348296,-0.119068,0.130903,-0.300568,-0.09332,W
0.0,0.0,0.0,0.122086,-0.111059,-0.072255,0.218234,-0.309634,-0.105323,0.294073,-0.470527,-0.136285,0.368567,-0.574703,-0.165135,0.071255,-0.54719,-0.050066,0.048979,-0.756841,-0.098843,0.023098,-0.881615,-0.127136,-0.00197,-0.988747,-0.149586,-0.013734,-0.509574,-0.047466,-0.079574,-0.56671,-0.12845,-0.039646,-0.431838,-0.146436,0.00312,-0.382082,-0.14212,-0.091382,-0.440794,-0.054633,-0.144612,-0.46483,-0.138201,-0.096295,-0.341757,-0.122346,-0.052683,-0.310917,-0.093317,-0.161886,-0.359624,-0.069207,-0.20209,-0.381056,-0.126052,-0.158204,-0.28944,-0.111211,-0.114274,-0.260891,-0.086759,0.0,0.0,0.0,-0.142906,-0.098354,-0.062084,-0.272693,-0.298515,-0.098841,-0.352224,-0.468265,-0.13702,-0.428631,-0.565793,-0.174101,-0.09418,-0.52728,-0.056889,-0.024438,-0.760041,-0.110017,0.029847,-0.881498,-0.138339,0.070168,-0.984795,-0.158918,0.000819,-0.492073,-0.060592,0.054743,-0.56445,-0.154998,0.013302,-0.406203,-0.16945,-0.035348,-0.33599,-0.158889,0.085177,-0.441077,-0.072991,0.132119,-0.495387,-0.165596,0.085097,-0.355088,-0.145545,0.032601,-0.303754,-0.110717,0.156651,-0.379755,-0.089971,0.212561,-0.448566,-0.147409,0.170424,-0.348322,-0.127202,0.119052,-0.301872,-0.098616,W
0.0,0.0,0.0,0.125097,-0.123885,-0.067128,0.214195,-0.327555,-0.099687,0.281629,-0.48981,-0.132929,0.359485,-0.582169,-0.163466,0.054337,-0.546794,-0.035893,0.021645,-0.756536,-0.084226,-0.007309,-0.881217,-0.112429,-0.034807,-0.990328,-0.134309,-0.026864,-0.508647,-0.034234,-0.079526,-0.567138,-0.117111,-0.03705,-0.426465,-0.135068,0.0007,-0.376575,-0.128667,-0.10176,-0.443171,-0.042122,-0.148958,-0.4868,-0.124365,-0.098688,-0.363482,-0.10355,-0.056992,-0.329963,-0.070078,-0.170572,-0.366955,-0.05729,-0.206284,-0.403221,-0.110494,-0.157257,-0.311647,-0.090224,-0.113157,-0.275345,-0.061075,0.0,0.0,0.0,-0.147129,-0.113493,-0.061062,-0.282801,-0.303384,-0.098665,-0.372774,-0.451778,-0.138753,-0.448041,-0.547548,-0.176653,-0.111029,-0.516143,-0.053167,-0.043101,-0.749733,-0.106441,0.01197,-0.877389,-0.136976,0.052196,-0.985978,-0.158502,-0.014153,-0.486674,-0.057499,0.037125,-0.562618,-0.155574,0.010044,-0.408925,-0.176255,-0.031257,-0.312073,-0.168332,0.070111,-0.44179,-0.070148,0.114497,-0.499544,-0.161967,0.080456,-0.365853,-0.146106,0.03544,-0.291101,-0.11192,0.141061,-0.384051,-0.087429,0.198912,-0.463059,-0.139923,0.172631,-0.377808,-0.120523,0.13504,-0.323827,-0.091814,W
0.0,0.0,0.0,0.126222,-0.124737,-0.063982,0.211266,-0.332482,-0.09504,0.27017,-0.49536,-0.12586,0.348654,-0.59276,-0.155069,0.042779,-0.547101,-0.042069,0.001652,-0.754201,-0.091439,-0.028805,-0.880045,-0.121138,-0.054587,-0.988157,-0.143411,-0.035754,-0.509437,-0.039689,-0.096884,-0.560746,-0.118076,-0.055561,-0.434169,-0.133912,-0.01199,-0.389791,-0.129139,-0.106515,-0.443182,-0.046041,-0.165753,-0.477806,-0.124291,-0.116535,-0.36016,-0.101787,-0.068011,-0.330349,-0.069946,-0.17145,-0.366086,-0.059354,-0.220974,-0.399109,-0.110401,-0.17255,-0.30481,-0.088578,-0.121779,-0.266033,-0.059729,0.0,0.0,0.0,-0.146279,-0.122836,-0.05839,-0.277579,-0.305791,-0.089023,-0.367983,-0.447516,-0.123255,-0.433734,-0.548384,-0.1542,-0.106841,-0.517865,-0.036128,-0.047274,-0.74947,-0.086041,0.003533,-0.878899,-0.116433,0.042578,-0.989543,-0.137809,-0.014242,-0.485634,-0.039506,0.025669,-0.564635,-0.135507,0.008246,-0.417741,-0.159547,-0.017453,-0.322186,-0.153723,0.066592,-0.442207,-0.052124,0.102353,-0.501648,-0.137402,0.073678,-0.374006,-0.123964,0.03943,-0.301216,-0.092344,0.136766,-0.382963,-0.070111,0.180901,-0.463879,-0.115845,0.151035,-0.381031,-0.097543,0.11726,-0.321934,-0.070615,W
0.0,0.0,0.0,0.12425,-0.126825,-0.062596,0.202548,-0.345214,-0.092149,0.257102,-0.509301,-0.121237,0.335275,-0.6031,-0.148531,0.033263,-0.547298,-0.044447,-0.014524,-0.756677,-0.094067,-0.048305,-0.881002,-0.123177,-0.07767,-0.986373,-0.145036,-0.048119,-0.502468,-0.043173,-0.105553,-0.560137,-0.12739,-0.060313,-0.426125,-0.144445,-0.017315,-0.370236,-0.138183,-0.120456,-0.432748,-0.050075,-0.17511,-0.476158,-0.132657,-0.120961,-0.354648,-0.109923,-0.073778,-0.316062,-0.075501,-0.18572,-0.35139,-0.063408,-0.229147,-0.397935,-0.115658,-0.178077,-0.305033,-0.092395,-0.130103,-0.264547,-0.061685,0.0,0.0,0.0,-0.150071,-0.114213,-0.053608,-0.286945,-0.306163,-0.085292,-0.381866,-0.450582,-0.121453,-0.459709,-0.54125,-0.155258,-0.11114,-0.520241,-0.040072,-0.053823,-0.755692,-0.094953,-0.002365,-0.882433,-0.128064,0.040269,-0.987801,-0.150424,-0.016256,-0.485993,-0.047356,0.027312,-0.555154,-0.149139,-0.00468,-0.405042,-0.173062,-0.03942,-0.314221,-0.165836,0.064892,-0.438286,-0.063446,0.099814,-0.491618,-0.154633,0.060545,-0.361579,-0.141251,0.020765,-0.293209,-0.10793,0.135248,-0.37555,-0.08398,0.178299,-0.452508,-0.134434,0.146902,-0.372678,-0.11641,0.110143,-0.322378,-0.088136,W
0.0,0.0,0.0,0.120743,-0.128203,-0.061964,0.19877,-0.339245,-0.090997,0.258063,-0.498569,-0.120774,0.333362,-0.593901,-0.148941,0.027289,-0.551852,-0.034383,-0.020095,-0.755814,-0.081512,-0.056604,-0.882931,-0.11269,-0.088321,-0.986738,-0.136191,-0.050717,-0.50973,-0.032908,-0.107583,-0.561367,-0.111535,-0.063313,-0.443871,-0.132777,-0.019645,-0.391345,-0.130809,-0.121175,-0.439453,-0.039812,-0.173025,-0.473049,-0.115086,-0.122152,-0.366635,-0.097005,-0.075371,-0.332309,-0.067569,-0.1841,-0.35726,-0.053845,-0.225076,-0.393745,-0.101181,-0.175696,-0.311483,-0.08036,-0.127884,-0.274416,-0.05216,0.0,0.0,0.0,-0.146178,-0.108959,-0.054732,-0.287215,-0.302096,-0.084807,-0.386374,-0.444354,-0.118715,-0.465935,-0.5319,-0.150772,-0.114119,-0.51918,-0.042103,-0.05504,-0.754506,-0.095627,-0.004835,-0.882107,-0.127437,0.03418,-0.988222,-0.149161,-0.016459,-0.492931,-0.048202,0.023693,-0.571192,-0.144994,-0.005102,-0.421011,-0.166401,-0.037295,-0.331405,-0.158811,0.069225,-0.453557,-0.063067,0.102998,-0.513281,-0.150232,0.067068,-0.381738,-0.134379,0.029519,-0.312743,-0.101233,0.143974,-0.399216,-0.082609,0.184692,-0.47862,-0.130268,0.15297,-0.389181,-0.109486,0.117286,-0.332531,-0.080383,W
0.0,0.0,0.0,0.118248,-0.140513,-0.064936,0.198695,-0.343454,-0.098372,0.267853,-0.505374,-0.132336,0.342616,-0.607007,-0.16449,0.035186,-0.558564,-0.03896,-0.003609,-0.76133,-0.086002,-0.038845,-0.885072,-0.118548,-0.072301,-0.986989,-0.143615,-0.046496,-0.519043,-0.038017,-0.100064,-0.583316,-0.11214,-0.056508,-0.476013,-0.133678,-0.014874,-0.42437,-0.133954,-0.12233,-0.448928,-0.045836,-0.165464,-0.49377,-0.113899,-0.117529,-0.395848,-0.095706,-0.074791,-0.362661,-0.069247,-0.189544,-0.36693,-0.061677,-0.220418,-0.40746,-0.102981,-0.174162,-0.332355,-0.082133,-0.131755,-0.298732,-0.056093,0.0,0.0,0.0,-0.145075,-0.106194,-0.061379,-0.288994,-0.303451,-0.101808,-0.389394,-0.461382,-0.145202,-0.482722,-0.553496,-0.186289,-0.121962,-0.536751,-0.049357,-0.059072,-0.769706,-0.107638,-0.006057,-0.88797,-0.139841,0.035523,-0.986053,-0.162598,-0.028339,-0.508221,-0.055951,0.024235,-0.585357,-0.151864,-0.00902,-0.423538,-0.167211,-0.052567,-0.356655,-0.157265,0.055055,-0.461044,-0.072411,0.10168,-0.522513,-0.165095,0.06647,-0.380069,-0.141281,0.018476,-0.323729,-0.103836,0.125995,-0.398345,-0.09391,0.176066,-0.470773,-0.149064,0.145517,-0.368436,-0.124516,0.099612,-0.318205,-0.092754,W
0.0,0.0,0.0,0.107107,-0.124681,-0.068522,0.187931,-0.317829,-0.102747,0.259444,-0.463934,-0.137668,0.313499,-0.57223,-0.170823,0.035543,-0.543185,-0.037046,-0.002231,-0.748368,-0.087266,-0.036281,-0.880226,-0.122358,-0.067158,-0.98669,-0.148099,-0.04337,-0.50777,-0.034695,-0.086508,-0.582275,-0.118228,-0.050881,-0.462293,-0.146901,-0.016568,-0.389353,-0.147493,-0.118245,-0.440841,-0.041287,-0.157037,-0.498514,-0.118699,-0.115552,-0.390901,-0.106632,-0.078234,-0.335438,-0.079521,-0.185185,-0.359639,-0.055463,-0.213465,-0.398227,-0.106831,-0.169615,-0.321904,-0.091911,-0.129345,-0.278183,-0.066297,0.0,0.0,0.0,-0.147684,-0.100511,-0.067792,-0.28364,-0.295058,-0.113439,-0.379258,-0.45538,-0.160939,-0.477884,-0.53845,-0.207611,-0.12942,-0.527827,-0.062201,-0.060493,-0.757557,-0.129774,-0.002687,-0.879101,-0.170502,0.045444,-0.97907,-0.198388,-0.035804,-0.496319,-0.068811,0.024194,-0.5879,-0.172906,-0.010771,-0.420757,-0.192856,-0.06094,-0.352573,-0.185538,0.045891,-0.445982,-0.085268,0.098233,-0.515983,-0.18696,0.057222,-0.361211,-0.163885,0.000947,-0.301957,-0.12549,0.110617,-0.376835,-0.106947,0.162525,-0.440511,-0.166911,0.125099,-0.32901,-0.14091,0.07049,-0.276831,-0.108071,W
0.0,0.0,0.0,0.117593,-0.135139,-0.066685,0.202566,-0.338169,-0.100802,0.278742,-0.497062,-0.136238,0.354289,-0.595959,-0.170331,0.0398,-0.553389,-0.036671,0.000598,-0.759759,-0.084588,-0.032252,-0.885326,-0.117779,-0.060967,-0.987771,-0.143498,-0.039623,-0.514004,-0.035948,-0.085538,-0.57383,-0.114553,-0.044785,-0.456293,-0.138528,-0.007629,-0.395517,-0.138772,-0.114268,-0.441663,-0.044522,-0.152623,-0.483288,-0.116911,-0.106811,-0.378984,-0.100743,-0.066162,-0.336076,-0.074079,-0.182953,-0.355841,-0.061229,-0.208386,-0.385914,-0.107391,-0.161172,-0.30854,-0.089714,-0.11844,-0.273082,-0.064615,0.0,0.0,0.0,-0.143427,-0.11637,-0.06169,-0.274262,-0.314663,-0.104355,-0.374363,-0.471001,-0.150712,-0.473137,-0.555166,-0.196163,-0.110194,-0.5412,-0.04752,-0.049939,-0.765466,-0.114462,0.003705,-0.883007,-0.157806,0.050549,-0.980979,-0.187419,-0.020919,-0.506878,-0.057159,0.034217,-0.590521,-0.161916,-0.004749,-0.429093,-0.187313,-0.051096,-0.358908,-0.183327,0.055212,-0.450199,-0.076683,0.099244,-0.51744,-0.177699,0.056933,-0.372558,-0.159745,0.008575,-0.314437,-0.124005,0.115591,-0.374886,-0.100977,0.164756,-0.447665,-0.161225,0.125103,-0.344567,-0.137307,0.073257,-0.290954,-0.104899,W
0.0,0.0,0.0,0.129226,-0.123473,-0.058085,0.212875,-0.339941,-0.086855,0.278036,-0.504896,-0.116485,0.361879,-0.589415,-0.14595,0.05591,-0.55671,-0.040457,0.00771,-0.761643,-0.084913,-0.028431,-0.886214,-0.11657,-0.059031,-0.988137,-0.141778,-0.026676,-0.518361,-0.040959,-0.059711,-0.569877,-0.11669,-0.0238,-0.442046,-0.139162,0.002644,-0.374081,-0.139757,-0.101001,-0.448404,-0.048441,-0.129755,-0.483588,-0.116715,-0.08747,-0.373105,-0.099734,-0.054882,-0.324476,-0.073872,-0.167547,-0.365399,-0.062829,-0.189294,-0.408857,-0.105016,-0.146257,-0.324346,-0.084517,-0.109925,-0.278849,-0.058555,0.0,0.0,0.0,-0.138097,-0.148322,-0.049037,-0.276749,-0.346556,-0.083231,-0.380322,-0.488941,-0.124204,-0.472503,-0.578167,-0.164186,-0.116766,-0.545283,-0.02645,-0.061183,-0.764024,-0.082464,-0.00391,-0.888197,-0.119383,0.039614,-0.988509,-0.14588,-0.034602,-0.518338,-0.038632,0.030757,-0.594081,-0.129612,0.019605,-0.448318,-0.153836,-0.019345,-0.380749,-0.152368,0.040631,-0.472702,-0.060518,0.099174,-0.532406,-0.145204,0.07849,-0.403782,-0.131392,0.032608,-0.352684,-0.103374,0.101801,-0.407161,-0.087103,0.160655,-0.467929,-0.133123,0.137076,-0.379818,-0.112876,0.092337,-0.338212,-0.087325,W
0.0,0.0,0.0,0.122134,-0.140481,-0.050482,0.20481,-0.343856,-0.082801,0.281601,-0.498121,-0.118913,0.363319,-0.587962,-0.155375,0.056049,-0.554956,-0.039025,0.019675,-0.761257,-0.088088,-0.015388,-0.887369,-0.123746,-0.047607,-0.987404,-0.150889,-0.033021,-0.519731,-0.045659,-0.046522,-0.576068,-0.121627,-0.009883,-0.444919,-0.144091,0.009253,-0.369451,-0.146373,-0.111763,-0.451315,-0.058971,-0.117552,-0.494626,-0.12601,-0.077435,-0.383199,-0.105672,-0.053059,-0.321299,-0.079312,-0.182033,-0.369295,-0.078914,-0.178649,-0.419279,-0.119691,-0.13795,-0.332625,-0.096434,-0.110642,-0.276867,-0.069398,0.0,0.0,0.0,-0.135944,-0.15616,-0.053638,-0.265929,-0.354144,-0.08484,-0.368366,-0.500292,-0.120982,-0.465128,-0.578005,-0.155536,-0.122509,-0.545981,-0.021855,-0.067495,-0.765887,-0.078224,-0.007771,-0.886402,-0.120615,0.041923,-0.987766,-0.150201,-0.045425,-0.51799,-0.029182,0.027504,-0.595969,-0.120778,0.024699,-0.467036,-0.155411,-0.005305,-0.392061,-0.161541,0.023902,-0.472848,-0.046085,0.090264,-0.540258,-0.130288,0.072686,-0.419438,-0.12441,0.03213,-0.355682,-0.100703,0.078185,-0.407455,-0.067971,0.146465,-0.4795,-0.114423,0.127254,-0.394174,-0.097428,0.088372,-0.339081,-0.072858,W
0.0,0.0,0.0,0.12928,-0.116958,-0.059976,0.222708,-0.321372,-0.092602,0.304022,-0.471928,-0.12619,0.391889,-0.551797,-0.158979,0.064799,-0.539775,-0.047395,0.021224,-0.754783,-0.095371,-0.009441,-0.882953,-0.126218,-0.038588,-0.98791,-0.150151,-0.019176,-0.504235,-0.049514,-0.040547,-0.573681,-0.127281,-0.000253,-0.440889,-0.145959,0.023961,-0.370057,-0.143591,-0.097514,-0.439319,-0.059192,-0.109355,-0.483551,-0.131598,-0.065462,-0.364904,-0.110982,-0.037347,-0.316295,-0.081527,-0.170683,-0.362809,-0.075735,-0.173536,-0.411854,-0.118857,-0.129995,-0.323369,-0.095347,-0.10236,-0.280448,-0.067371,0.0,0.0,0.0,-0.125356,-0.157109,-0.073108,-0.255655,-0.349627,-0.108878,-0.361845,-0.490406,-0.145599,-0.446583,-0.580829,-0.178971,-0.104798,-0.553308,-0.032258,-0.045882,-0.768693,-0.087926,0.011217,-0.887278,-0.126591,0.059248,-0.986549,-0.152352,-0.026346,-0.521883,-0.027493,0.047877,-0.590068,-0.120871,0.033801,-0.460218,-0.154153,-0.002219,-0.385325,-0.156193,0.039812,-0.475863,-0.034362,0.110449,-0.525429,-0.12231,0.083867,-0.410266,-0.120977,0.040651,-0.350651,-0.096735,0.092243,-0.412929,-0.0475,0.162601,-0.465229,-0.098073,0.14133,-0.385021,-0.087967,0.100492,-0.335854,-0.065684,W
0.0,0.0,0.0,0.141219,-0.103269,-0.068653,0.242833,-0.290562,-0.104745,0.316757,-0.439559,-0.139665,0.399848,-0.524124,-0.173171,0.065646,-0.529588,-0.051003,0.025201,-0.750543,-0.098085,-0.002407,-0.88146,-0.126763,-0.02797,-0.988528,-0.148422,-0.020886,-0.497397,-0.047592,-0.044236,-0.57529,-0.12292,-0.007194,-0.440701,-0.138202,0.018148,-0.373235,-0.132787,-0.099578,-0.435736,-0.052461,-0.110189,-0.487488,-0.126598,-0.069392,-0.366485,-0.104439,-0.041101,-0.322162,-0.072538,-0.173807,-0.363419,-0.064536,-0.181465,-0.418489,-0.110578,-0.139437,-0.327244,-0.086717,-0.108621,-0.282512,-0.057099,0.0,0.0,0.0,-0.130499,-0.139633,-0.056551,-0.253658,-0.34889,-0.088682,-0.341964,-0.511724,-0.124483,-0.419694,-0.610643,-0.158246,-0.088972,-0.54307,-0.041983,-0.022167,-0.774149,-0.103154,0.031277,-0.884651,-0.139923,0.078801,-0.98313,-0.165065,0.001557,-0.508792,-0.04992,0.067594,-0.586583,-0.156193,0.026089,-0.424953,-0.181514,-0.020181,-0.342776,-0.175414,0.079282,-0.460223,-0.06721,0.139272,-0.512454,-0.165123,0.091303,-0.370531,-0.14977,0.040037,-0.313484,-0.115259,0.145469,-0.396122,-0.089129,0.209343,-0.452693,-0.14443,0.171679,-0.355372,-0.124626,0.12346,-0.312257,-0.095523,W
0.0,0.0,0.0,0.14243,-0.108081,-0.078403,0.250911,-0.286952,-0.120283,0.33265,-0.434674,-0.160719,0.418145,-0.518778,-0.199188,0.086656,-0.53063,-0.053487,0.055188,-0.747973,-0.103486,0.025907,-0.882673,-0.128075,-0.002948,-0.989454,-0.144819,-0.005208,-0.487112,-0.047882,-0.044551,-0.576593,-0.130406,0.001645,-0.428665,-0.14012,0.038887,-0.364738,-0.125008,-0.089844,-0.419011,-0.052809,-0.113602,-0.468283,-0.139797,-0.06074,-0.327985,-0.115946,-0.026596,-0.283778,-0.075949,-0.167594,-0.344277,-0.065221,-0.185929,-0.407793,-0.118487,-0.137117,-0.307296,-0.09395,-0.102788,-0.260475,-0.06055,0.0,0.0,0.0,-0.125534,-0.130362,-0.062172,-0.239446,-0.336331,-0.097198,-0.31441,-0.512003,-0.133841,-0.385311,-0.614525,-0.167763,-0.07388,-0.543766,-0.053221,0.000593,-0.778394,-0.111532,0.057421,-0.886531,-0.143558,0.107742,-0.980327,-0.165381,0.022657,-0.498865,-0.057023,0.098232,-0.573402,-0.161439,0.047405,-0.415366,-0.182797,-0.005965,-0.331852,-0.17409,0.106489,-0.441142,-0.069965,0.171518,-0.487249,-0.172631,0.112607,-0.349006,-0.158964,0.054725,-0.287355,-0.123857,0.179262,-0.371396,-0.086814,0.249892,-0.442266,-0.149127,0.204358,-0.353394,-0.132741,0.150744,-0.306032,-0.104452,W
0.0,0.0,0.0,0.144274,-0.099586,-0.092009,0.247701,-0.267944,-0.142429,0.333234,-0.422219,-0.188761,0.419182,-0.508858,-0.230202,0.090702,-0.533903,-0.060224,0.062659,-0.742959,-0.113364,0.0367,-0.881306,-0.131274,0.009331,-0.989904,-0.141434,-0.000596,-0.486001,-0.047622,-0.034713,-0.561239,-0.121665,0.005848,-0.391489,-0.110873,0.034788,-0.358953,-0.081782,-0.082462,-0.419688,-0.049427,-0.107364,-0.460583,-0.132196,-0.055509,-0.31521,-0.092862,-0.027224,-0.299353,-0.043953,-0.157841,-0.345564,-0.060784,-0.182439,-0.39884,-0.110536,-0.132202,-0.294493,-0.07922,-0.102804,-0.260069,-0.041914,0.0,0.0,0.0,-0.1363,-0.131109,-0.065217,-0.241046,-0.324989,-0.104589,-0.30249,-0.490003,-0.146727,-0.353279,-0.608822,-0.186307,-0.048484,-0.542251,-0.055627,0.034102,-0.764481,-0.115979,0.095,-0.87324,-0.151929,0.145577,-0.973619,-0.175707,0.052299,-0.489126,-0.060556,0.112488,-0.561427,-0.175921,0.06507,-0.401801,-0.208513,0.014494,-0.309861,-0.202833,0.139132,-0.422149,-0.073625,0.193791,-0.470193,-0.185565,0.141261,-0.334156,-0.178486,0.087558,-0.268076,-0.141794,0.212737,-0.345939,-0.090326,0.285366,-0.431907,-0.15667,0.250297,-0.359033,-0.141159,0.20647,-0.317491,-0.10952,W
0.0,0.0,0.0,0.148052,-0.091041,-0.068123,0.256254,-0.283139,-0.099281,0.337714,-0.433011,-0.129316,0.426547,-0.503149,-0.158626,0.090689,-0.529447,-0.047601,0.061882,-0.750399,-0.091084,0.039681,-0.882247,-0.115262,0.016961,-0.990644,-0.135414,0.004467,-0.488615,-0.04457,-0.027473,-0.557903,-0.124634,0.011282,-0.410242,-0.139453,0.040503,-0.340377,-0.132431,-0.075863,-0.420297,-0.050263,-0.097114,-0.465576,-0.135327,-0.046094,-0.328392,-0.116805,-0.011514,-0.279144,-0.084419,-0.152187,-0.341671,-0.062124,-0.167264,-0.392093,-0.118772,-0.115734,-0.291172,-0.101139,-0.078494,-0.246558,-0.074947,0.0,0.0,0.0,-0.129266,-0.134817,-0.080663,-0.232476,-0.337922,-0.126963,-0.295935,-0.507578,-0.172844,-0.345433,-0.630768,-0.214438,-0.039979,-0.550143,-0.070602,0.042775,-0.768165,-0.133215,0.103359,-0.874719,-0.166972,0.154115,-0.969915,-0.18845,0.059537,-0.501399,-0.067595,0.123825,-0.570785,-0.182601,0.067524,-0.399974,-0.207727,0.010591,-0.304504,-0.19642,0.145092,-0.436155,-0.074869,0.198145,-0.476778,-0.188186,0.138107,-0.328822,-0.177002,0.081407,-0.258051,-0.136902,0.218724,-0.360781,-0.08729,0.296295,-0.450671,-0.154876,0.255788,-0.377359,-0.13925,0.205511,-0.332933,-0.107692,W
0.0,0.0,0.0,0.138056,-0.102201,-0.06541,0.251224,-0.275209,-0.100154,0.330246,-0.4224,-0.133717,0.412766,-0.504098,-0.165872,0.097554,-0.510718,-0.05103,0.07076,-0.740802,-0.093888,0.050714,-0.87872,-0.118666,0.029062,-0.990045,-0.137718,0.011633,-0.48316,-0.04878,-0.010744,-0.562269,-0.119439,0.018822,-0.440738,-0.133634,0.039896,-0.380148,-0.129038,-0.067007,-0.427548,-0.054113,-0.079889,-0.467728,-0.124702,-0.041825,-0.354123,-0.103532,-0.012636,-0.314814,-0.073587,-0.1438,-0.361721,-0.06621,-0.154248,-0.401498,-0.109482,-0.113131,-0.312783,-0.086903,-0.082285,-0.272873,-0.058938,0.0,0.0,0.0,-0.125005,-0.126972,-0.070079,-0.236671,-0.344365,-0.110752,-0.308373,-0.519128,-0.151663,-0.377934,-0.632412,-0.190019,-0.061294,-0.548497,-0.061444,0.02701,-0.764097,-0.120554,0.091941,-0.875628,-0.153451,0.145371,-0.973503,-0.176519,0.035723,-0.504466,-0.062208,0.10457,-0.553487,-0.160962,0.050755,-0.407642,-0.177584,-0.002876,-0.3443,-0.169215,0.12033,-0.447966,-0.073513,0.180533,-0.477155,-0.16849,0.120127,-0.346757,-0.148859,0.062393,-0.300034,-0.114912,0.193858,-0.380269,-0.090875,0.262039,-0.426488,-0.149579,0.210655,-0.335314,-0.132132,0.154524,-0.297026,-0.105829,W
0.0,0.0,0.0,0.12546,-0.110746,-0.051801,0.225908,-0.290272,-0.084344,0.313503,-0.42283,-0.119439,0.391475,-0.500805,-0.15459,0.09243,-0.512644,-0.045058,0.063492,-0.738129,-0.092646,0.044229,-0.87588,-0.123516,0.026142,-0.98876,-0.147206,0.012078,-0.482544,-0.052029,-0.004546,-0.565871,-0.132073,0.017911,-0.437373,-0.154296,0.03565,-0.363736,-0.153925,-0.061093,-0.426262,-0.065127,-0.079,-0.486908,-0.13572,-0.049967,-0.379015,-0.114289,-0.023393,-0.32527,-0.084977,-0.130604,-0.354001,-0.084519,-0.142386,-0.39675,-0.127598,-0.111437,-0.316353,-0.105311,-0.083472,-0.271551,-0.077894,0.0,0.0,0.0,-0.125602,-0.124919,-0.084485,-0.236715,-0.338731,-0.139502,-0.313029,-0.517532,-0.19391,-0.406285,-0.626219,-0.244157,-0.071364,-0.567978,-0.071821,0.016006,-0.77651,-0.138525,0.082512,-0.88068,-0.171223,0.142274,-0.970751,-0.193393,0.020068,-0.523099,-0.069174,0.10204,-0.551954,-0.164145,0.042586,-0.388196,-0.168685,-0.011076,-0.37168,-0.155381,0.103032,-0.458641,-0.0799,0.174863,-0.472315,-0.175194,0.113055,-0.336881,-0.144958,0.052682,-0.319515,-0.10836,0.172083,-0.377095,-0.098434,0.245263,-0.411909,-0.161596,0.186262,-0.307627,-0.13976,0.118692,-0.274404,-0.111638,W
0.0,0.0,0.0,0.131395,-0.119396,-0.058546,0.242172,-0.295789,-0.09234,0.335266,-0.426473,-0.127769,0.401128,-0.51134,-0.162292,0.102397,-0.528391,-0.036073,0.077639,-0.742553,-0.078835,0.057365,-0.880814,-0.107621,0.037712,-0.990922,-0.12904,0.018995,-0.495138,-0.037974,0.006476,-0.568475,-0.113838,0.032935,-0.434261,-0.136298,0.050596,-0.359945,-0.134497,-0.053893,-0.439615,-0.047363,-0.06859,-0.492619,-0.117859,-0.035439,-0.377057,-0.100542,-0.008786,-0.318106,-0.071392,-0.119936,-0.370332,-0.063308,-0.131824,-0.421331,-0.108303,-0.098359,-0.332398,-0.087671,-0.069613,-0.276988,-0.059033,0.0,0.0,0.0,-0.122394,-0.128668,-0.083607,-0.22227,-0.330784,-0.137043,-0.302109,-0.5005,-0.188787,-0.391318,-0.612315,-0.237542,-0.05089,-0.55342,-0.075485,0.03234,-0.764352,-0.14072,0.092516,-0.874011,-0.180289,0.144347,-0.967236,-0.208849,0.04097,-0.511612,-0.071759,0.102877,-0.541311,-0.17184,0.038499,-0.388954,-0.190528,-0.017573,-0.345918,-0.187818,0.119896,-0.446153,-0.079274,0.176511,-0.466488,-0.173252,0.109327,-0.338627,-0.151278,0.048474,-0.30122,-0.120352,0.185307,-0.365971,-0.094126,0.246139,-0.408334,-0.155556,0.183177,-0.31112,-0.136597,0.117745,-0.268125,-0.110234,W
0.0,0.0,0.0,0.12577,-0.124022,-0.068308,0.222478,-0.315376,-0.104271,0.31708,-0.456928,-0.1389,0.390455,-0.535883,-0.171088,0.08584,-0.540714,-0.045804,0.051385,-0.739546,-0.09667,0.025992,-0.872517,-0.128079,0.002895,-0.988553,-0.150847,0.004947,-0.502605,-0.0428,-0.037696,-0.567559,-0.119307,-0.008553,-0.427879,-0.134108,0.022396,-0.371086,-0.127948,-0.065406,-0.437976,-0.049527,-0.108715,-0.485073,-0.128859,-0.068205,-0.364707,-0.108345,-0.02701,-0.324073,-0.076161,-0.124872,-0.3586,-0.062945,-0.162787,-0.397397,-0.116019,-0.120073,-0.306788,-0.095339,-0.07514,-0.260416,-0.066295,0.0,0.0,0.0,-0.12342,-0.140328,-0.070207,-0.226263,-0.363703,-0.109512,-0.306189,-0.53129,-0.149854,-0.398179,-0.627931,-0.187856,-0.067487,-0.557003,-0.053731,0.018722,-0.767196,-0.108902,0.08004,-0.877746,-0.146061,0.13306,-0.975537,-0.174995,0.02104,-0.520075,-0.055342,0.085725,-0.544971,-0.141721,0.034313,-0.41364,-0.161107,-0.01281,-0.376088,-0.162858,0.100775,-0.457321,-0.067687,0.159959,-0.48601,-0.147062,0.103692,-0.373165,-0.128399,0.051333,-0.338649,-0.103853,0.167599,-0.378679,-0.087369,0.230031,-0.430969,-0.13694,0.176671,-0.34894,-0.118406,0.120489,-0.308052,-0.096063,W
0.0,0.0,0.0,0.127006,-0.135601,-0.050683,0.225254,-0.346433,-0.074789,0.310697,-0.49122,-0.101471,0.387716,-0.559139,-0.129431,0.080041,-0.54854,-0.024114,0.041136,-0.751589,-0.061372,0.01546,-0.882019,-0.090045,-0.005601,-0.993461,-0.114033,0.000444,-0.508638,-0.027803,-0.054602,-0.577197,-0.099019,-0.029987,-0.456729,-0.125414,-0.002582,-0.385687,-0.129154,-0.069927,-0.444827,-0.038046,-0.121464,-0.487419,-0.105486,-0.082861,-0.379351,-0.093915,-0.043669,-0.324305,-0.070568,-0.132471,-0.365372,-0.054219,-0.174717,-0.406981,-0.097692,-0.135152,-0.322242,-0.080618,-0.091138,-0.269292,-0.05628,0.0,0.0,0.0,-0.114593,-0.139866,-0.073484,-0.216943,-0.338272,-0.118131,-0.297311,-0.495832,-0.162851,-0.370599,-0.607585,-0.20459,-0.048101,-0.541293,-0.066914,0.024437,-0.761887,-0.127276,0.092098,-0.876293,-0.168505,0.146929,-0.969065,-0.198305,0.041405,-0.505638,-0.066604,0.095232,-0.534153,-0.159792,0.055087,-0.403388,-0.184913,0.008745,-0.348274,-0.188384,0.11952,-0.445915,-0.07596,0.163674,-0.474977,-0.158606,0.118509,-0.365134,-0.142645,0.069313,-0.322509,-0.117834,0.182976,-0.371922,-0.092498,0.231072,-0.415828,-0.142883,0.185259,-0.334939,-0.123914,0.135369,-0.292079,-0.099402,W
0.0,0.0,0.0,0.123162,-0.147859,-0.057668,0.224001,-0.357655,-0.085668,0.316488,-0.502028,-0.11431,0.389722,-0.559368,-0.143579,0.084467,-0.554334,-0.027516,0.048156,-0.751698,-0.06475,0.022964,-0.882936,-0.094668,-0.001243,-0.992979,-0.11828,0.006558,-0.514951,-0.025257,-0.045775,-0.577808,-0.092717,-0.022964,-0.457279,-0.11727,-0.000383,-0.387045,-0.118922,-0.061751,-0.453147,-0.029978,-0.108591,-0.495834,-0.094596,-0.073022,-0.389023,-0.084284,-0.040769,-0.329277,-0.060451,-0.121316,-0.378726,-0.041133,-0.158415,-0.423084,-0.082878,-0.12394,-0.338104,-0.066319,-0.086753,-0.278063,-0.040954,0.0,0.0,0.0,-0.115901,-0.141791,-0.066069,-0.210279,-0.340182,-0.107575,-0.284677,-0.490705,-0.150667,-0.356596,-0.593007,-0.191726,-0.043227,-0.540246,-0.060131,0.039437,-0.756039,-0.114471,0.106455,-0.87286,-0.153322,0.163943,-0.969358,-0.182944,0.04806,-0.5098,-0.06212,0.09442,-0.532138,-0.143171,0.046084,-0.417717,-0.163252,0.007084,-0.375927,-0.166699,0.127395,-0.450457,-0.073171,0.164824,-0.475412,-0.138917,0.110706,-0.380459,-0.118018,0.070423,-0.346967,-0.095171,0.191026,-0.376792,-0.092507,0.23384,-0.413646,-0.129659,0.181619,-0.345522,-0.108251,0.138031,-0.309518,-0.085272,W
0.0,0.0,0.0,0.124409,-0.153219,-0.044419,0.221357,-0.352805,-0.072017,0.314361,-0.479492,-0.10284,0.382456,-0.5376,-0.134145,0.08881,-0.536254,-0.031137,0.050875,-0.748428,-0.07466,0.018949,-0.881964,-0.110228,-0.013383,-0.990465,-0.137113,0.006771,-0.497479,-0.037465,-0.027273,-0.574543,-0.102387,-0.006503,-0.462676,-0.1254,0.009451,-0.395732,-0.130624,-0.066557,-0.433521,-0.049684,-0.095836,-0.499542,-0.108736,-0.066672,-0.404003,-0.092231,-0.043306,-0.345902,-0.0687,-0.130606,-0.355866,-0.067481,-0.149205,-0.422607,-0.102227,-0.12137,-0.349383,-0.078081,-0.09751,-0.29139,-0.050997,0.0,0.0,0.0,-0.111149,-0.130562,-0.067025,-0.205443,-0.324815,-0.110994,-0.278421,-0.473789,-0.156153,-0.348955,-0.579087,-0.199515,-0.045993,-0.539994,-0.066934,0.036644,-0.755417,-0.127128,0.105877,-0.872573,-0.168266,0.162119,-0.966744,-0.197795,0.043697,-0.508523,-0.06901,0.086009,-0.526403,-0.155867,0.036858,-0.401144,-0.175007,-0.005518,-0.355893,-0.175789,0.121603,-0.449553,-0.080325,0.156096,-0.469479,-0.150889,0.10594,-0.367537,-0.127448,0.063382,-0.333626,-0.101364,0.183504,-0.377258,-0.09973,0.223996,-0.40941,-0.140183,0.175795,-0.333258,-0.116057,0.131742,-0.29689,-0.089528,W
0.0,0.0,0.0,0.127891,-0.055448,-0.112341,0.217371,-0.257472,-0.16473,0.290756,-0.443733,-0.204054,0.384889,-0.54915,-0.238975,0.073605,-0.467016,-0.112329,0.036877,-0.69416,-0.181583,0.014569,-0.839484,-0.210718,-0.002173,-0.972778,-0.231729,-0.019776,-0.433365,-0.090412,-0.106159,-0.498101,-0.191392,-0.077005,-0.334718,-0.192521,-0.024697,-0.288685,-0.172667,-0.099314,-0.372444,-0.082988,-0.171919,-0.419766,-0.18238,-0.133409,-0.287867,-0.148562,-0.078942,-0.264809,-0.105446,-0.160852,-0.296547,-0.085708,-0.223975,-0.339447,-0.155163,-0.189239,-0.237395,-0.137569,-0.139242,-0.200862,-0.109847,0.0,0.0,0.0,-0.136451,-0.107049,-0.05948,-0.239495,-0.303395,-0.097896,-0.297495,-0.46796,-0.139815,-0.359024,-0.573462,-0.18076,-0.027163,-0.515154,-0.056584,0.057323,-0.742774,-0.110227,0.114653,-0.868698,-0.139931,0.161161,-0.973676,-0.16119,0.061843,-0.479057,-0.06268,0.080835,-0.539092,-0.153352,0.027871,-0.389253,-0.163643,0.003631,-0.323127,-0.152452,0.138312,-0.426848,-0.077807,0.161333,-0.477481,-0.159396,0.102139,-0.349335,-0.130249,0.07058,-0.300989,-0.093231,0.207948,-0.362395,-0.099368,0.247512,-0.432959,-0.143811,0.189877,-0.342322,-0.115039,0.151138,-0.2939,-0.082805,W
0.0,0.0,0.0,0.127991,-0.084741,-0.109555,0.218066,-0.287878,-0.154685,0.284074,-0.470809,-0.18941,0.366033,-0.582318,-0.21809,0.077253,-0.521944,-0.074588,0.050432,-0.730436,-0.133927,0.027552,-0.865908,-0.152532,0.004298,-0.986626,-0.162945,-0.012632,-0.477165,-0.049875,-0.118693,-0.534155,-0.14378,-0.067974,-0.368935,-0.142524,-0.009649,-0.331332,-0.115681,-0.09007,-0.412255,-0.041335,-0.17503,-0.429601,-0.144672,-0.113261,-0.289692,-0.115936,-0.056077,-0.277197,-0.068366,-0.15307,-0.336345,-0.042242,-0.22039,-0.36635,-0.111419,-0.170187,-0.259409,-0.094454,-0.116437,-0.23059,-0.06229,0.0,0.0,0.0,-0.136458,-0.119983,-0.034842,-0.224042,-0.319206,-0.055443,-0.26751,-0.456159,-0.084225,-0.308776,-0.55274,-0.113362,0.000539,-0.514196,-0.032757,0.08774,-0.735638,-0.079002,0.145592,-0.868682,-0.103925,0.193495,-0.973883,-0.118791,0.087024,-0.460748,-0.048054,0.082381,-0.567051,-0.145017,0.021686,-0.415235,-0.165507,-0.003354,-0.293462,-0.152397,0.159563,-0.394962,-0.06938,0.15584,-0.484687,-0.160353,0.09542,-0.365265,-0.149181,0.065646,-0.270863,-0.111893,0.232487,-0.320166,-0.093292,0.282349,-0.467471,-0.145395,0.238639,-0.459652,-0.129958,0.198016,-0.425249,-0.100557,W
0.0,0.0,0.0,0.120968,-0.110665,-0.075995,0.196731,-0.318999,-0.103739,0.248743,-0.496242,-0.128044,0.322155,-0.60191,-0.151056,0.051926,-0.53406,-0.047379,0.028755,-0.749407,-0.093304,0.006927,-0.878452,-0.118334,-0.019622,-0.990004,-0.139667,-0.035229,-0.490451,-0.040255,-0.121717,-0.556207,-0.127405,-0.074951,-0.417444,-0.150034,-0.02904,-0.354567,-0.147317,-0.11124,-0.419996,-0.042957,-0.184477,-0.470071,-0.138069,-0.120356,-0.341302,-0.127024,-0.068109,-0.29254,-0.097224,-0.176638,-0.333968,-0.05197,-0.232263,-0.37668,-0.12199,-0.178722,-0.281588,-0.114273,-0.127755,-0.239548,-0.092032,0.0,0.0,0.0,-0.135379,-0.118452,-0.049659,-0.22659,-0.311321,-0.082504,-0.273769,-0.4578,-0.121436,-0.311256,-0.553805,-0.159702,-0.000705,-0.514429,-0.048069,0.08489,-0.737152,-0.095726,0.140519,-0.865969,-0.120138,0.185826,-0.9731,-0.136177,0.082897,-0.464292,-0.056657,0.081857,-0.545755,-0.150698,0.023441,-0.383561,-0.165731,0.001733,-0.279804,-0.151526,0.155825,-0.401488,-0.072496,0.159139,-0.479872,-0.161966,0.098332,-0.350265,-0.143327,0.069371,-0.271093,-0.10296,0.22889,-0.331007,-0.092578,0.273377,-0.467337,-0.143451,0.238524,-0.437712,-0.123015,0.216152,-0.405586,-0.090465,W
0.0,0.0,0.0,0.121041,-0.112623,-0.080017,0.199266,-0.316837,-0.109018,0.251511,-0.498183,-0.133907,0.318936,-0.612045,-0.158492,0.059157,-0.536075,-0.047249,0.039874,-0.746434,-0.09318,0.00957,-0.878128,-0.123323,-0.022211,-0.98877,-0.147788,-0.028271,-0.494354,-0.037451,-0.119736,-0.569514,-0.125796,-0.087083,-0.444455,-0.154568,-0.045669,-0.3711,-0.154548,-0.105284,-0.4265,-0.036968,-0.180911,-0.475561,-0.128087,-0.125393,-0.355999,-0.120094,-0.076961,-0.299866,-0.091871,-0.170977,-0.344568,-0.043432,-0.226948,-0.389694,-0.106385,-0.178885,-0.297347,-0.095872,-0.130969,-0.249348,-0.07165,0.0,0.0,0.0,-0.138678,-0.117987,-0.051911,-0.230913,-0.310228,-0.083367,-0.278637,-0.459394,-0.120998,-0.317724,-0.55546,-0.15869,-0.002321,-0.516194,-0.044982,0.075083,-0.736297,-0.092673,0.129143,-0.866399,-0.119404,0.172522,-0.975381,-0.13736,0.085176,-0.467513,-0.052972,0.072552,-0.544294,-0.146837,0.016313,-0.379254,-0.163588,-0.006433,-0.269306,-0.150958,0.160134,-0.405055,-0.068646,0.151884,-0.481263,-0.162133,0.091783,-0.340479,-0.145046,0.064494,-0.247516,-0.104537,0.234884,-0.335478,-0.088582,0.278996,-0.475205,-0.142403,0.236633,-0.43216,-0.12066,0.205096,-0.3816,-0.086798,W
0.0,0.0,0.0,0.116715,-0.113658,-0.084798,0.190239,-0.322702,-0.114579,0.242634,-0.505831,-0.139395,0.315512,-0.616617,-0.161436,0.050695,-0.547311,-0.044334,0.027112,-0.752677,-0.090643,-0.002993,-0.879226,-0.117434,-0.033928,-0.989659,-0.139372,-0.035847,-0.503587,-0.032248,-0.136527,-0.557126,-0.120956,-0.096573,-0.422985,-0.144513,-0.044313,-0.365168,-0.140004,-0.111635,-0.433019,-0.03154,-0.195117,-0.455649,-0.12297,-0.134644,-0.341486,-0.113655,-0.07403,-0.310688,-0.084626,-0.174573,-0.348842,-0.038845,-0.237292,-0.368866,-0.102921,-0.187571,-0.281218,-0.095697,-0.130897,-0.253492,-0.073783,0.0,0.0,0.0,-0.139179,-0.117706,-0.045051,-0.233135,-0.316606,-0.071582,-0.283936,-0.468166,-0.105055,-0.330683,-0.552222,-0.139113,-0.010216,-0.520996,-0.039201,0.067687,-0.740983,-0.085536,0.121313,-0.870317,-0.11021,0.166273,-0.977943,-0.126414,0.077956,-0.474427,-0.049401,0.058628,-0.561919,-0.145336,0.00065,-0.396291,-0.161935,-0.017,-0.282044,-0.147298,0.152899,-0.410985,-0.066574,0.138895,-0.490565,-0.161797,0.077876,-0.349143,-0.145918,0.055216,-0.253742,-0.104501,0.227982,-0.339624,-0.087142,0.271377,-0.483381,-0.1414,0.228115,-0.449752,-0.121342,0.19844,-0.405316,-0.088355,W
0.0,0.0,0.0,0.119497,-0.11241,-0.086133,0.192921,-0.312842,-0.121203,0.240206,-0.492475,-0.151026,0.310247,-0.607917,-0.178295,0.045328,-0.544857,-0.053872,0.021671,-0.752098,-0.101342,-0.006548,-0.878012,-0.129638,-0.036378,-0.987526,-0.153199,-0.040625,-0.501201,-0.042603,-0.133083,-0.54868,-0.131962,-0.091217,-0.412481,-0.155663,-0.039646,-0.354879,-0.152286,-0.115289,-0.429836,-0.04193,-0.188357,-0.451981,-0.135047,-0.126426,-0.334048,-0.125413,-0.067173,-0.304741,-0.096848,-0.177532,-0.344582,-0.049085,-0.231208,-0.363721,-0.11681,-0.17739,-0.273212,-0.110164,-0.120667,-0.246673,-0.088562,0.0,0.0,0.0,-0.13543,-0.112738,-0.03875,-0.23085,-0.316083,-0.061577,-0.285788,-0.474755,-0.092291,-0.345118,-0.550486,-0.124186,-0.014882,-0.51935,-0.036112,0.061192,-0.744234,-0.080714,0.112912,-0.871667,-0.105325,0.157263,-0.979925,-0.122539,0.06983,-0.475181,-0.048391,0.050288,-0.550241,-0.140958,-0.003613,-0.377941,-0.156947,-0.018004,-0.269569,-0.144187,0.145497,-0.414277,-0.066757,0.132225,-0.488274,-0.159177,0.071864,-0.337836,-0.141921,0.051205,-0.244674,-0.101752,0.222784,-0.345713,-0.087928,0.264054,-0.485757,-0.141254,0.212204,-0.431874,-0.119283,0.175362,-0.374304,-0.085867,W
0.0,0.0,0.0,0.120683,-0.116456,-0.09139,0.192845,-0.318131,-0.131671,0.23939,-0.501865,-0.166767,0.311609,-0.6141,-0.196732,0.045089,-0.550296,-0.055532,0.014065,-0.752258,-0.107097,-0.015687,-0.875274,-0.128652,-0.045628,-0.988439,-0.144589,-0.040824,-0.505377,-0.040757,-0.126423,-0.533864,-0.125587,-0.077562,-0.387515,-0.132064,-0.027162,-0.363757,-0.11603,-0.115701,-0.433998,-0.039069,-0.18816,-0.44655,-0.131364,-0.124913,-0.322211,-0.107776,-0.070119,-0.319203,-0.069754,-0.182397,-0.352025,-0.046156,-0.239024,-0.361966,-0.110975,-0.184301,-0.271191,-0.097117,-0.130246,-0.258398,-0.070153,0.0,0.0,0.0,-0.136673,-0.117273,-0.043635,-0.227833,-0.311299,-0.071157,-0.282477,-0.453219,-0.10464,-0.344099,-0.536526,-0.137975,-0.01956,-0.533857,-0.038509,0.05262,-0.747578,-0.082591,0.101753,-0.875623,-0.108517,0.145139,-0.9813,-0.126432,0.067835,-0.485737,-0.048205,0.060938,-0.549042,-0.140497,0.011906,-0.381963,-0.159468,-0.007391,-0.263245,-0.148166,0.14512,-0.415485,-0.064187,0.14226,-0.487716,-0.153594,0.086969,-0.351466,-0.138222,0.059325,-0.257382,-0.099654,0.222094,-0.334019,-0.08338,0.270856,-0.462372,-0.133384,0.238291,-0.465977,-0.11594,0.207337,-0.463331,-0.086402,W
0.0,0.0,0.0,0.120109,-0.118918,-0.082974,0.19718,-0.328709,-0.117546,0.247049,-0.510562,-0.148684,0.322942,-0.620722,-0.175572,0.051889,-0.556957,-0.04233,0.014899,-0.761743,-0.093756,-0.018503,-0.880505,-0.118544,-0.046935,-0.989591,-0.136038,-0.03132,-0.51237,-0.030432,-0.12187,-0.551394,-0.121827,-0.0727,-0.410917,-0.138357,-0.020132,-0.374146,-0.125788,-0.104096,-0.442208,-0.03017,-0.184234,-0.454659,-0.126985,-0.121096,-0.327993,-0.110757,-0.064256,-0.310283,-0.073661,-0.17013,-0.361318,-0.037483,-0.234658,-0.36594,-0.104988,-0.180029,-0.272254,-0.093772,-0.122878,-0.248925,-0.065912,0.0,0.0,0.0,-0.139894,-0.115317,-0.048091,-0.239124,-0.29716,-0.08234,-0.299581,-0.43164,-0.121615,-0.354948,-0.518165,-0.160296,-0.027751,-0.526601,-0.049455,0.041006,-0.746288,-0.096707,0.089308,-0.875129,-0.123838,0.128464,-0.981452,-0.142302,0.062049,-0.482678,-0.058608,0.063182,-0.532772,-0.153981,0.016018,-0.366751,-0.173734,-0.008912,-0.258923,-0.163012,0.14157,-0.418131,-0.073904,0.14416,-0.471346,-0.165124,0.09265,-0.335399,-0.149628,0.061161,-0.253801,-0.111516,0.218295,-0.343577,-0.092393,0.258897,-0.45777,-0.143646,0.227877,-0.426011,-0.122618,0.200321,-0.402636,-0.089741,W
0.0,0.0,0.0,0.113163,-0.113083,-0.080103,0.183308,-0.320783,-0.114666,0.227679,-0.499611,-0.145463,0.305607,-0.601196,-0.17233,0.027158,-0.541224,-0.054825,-0.011851,-0.752622,-0.108157,-0.044438,-0.875073,-0.132683,-0.07564,-0.985764,-0.150158,-0.056506,-0.492245,-0.045509,-0.151228,-0.528688,-0.139371,-0.098969,-0.386897,-0.15388,-0.046844,-0.347245,-0.140977,-0.127621,-0.421146,-0.046777,-0.207982,-0.422306,-0.14412,-0.139685,-0.299949,-0.125945,-0.08111,-0.286176,-0.088829,-0.191172,-0.341248,-0.055239,-0.256685,-0.355109,-0.12077,-0.197586,-0.263487,-0.106392,-0.138311,-0.240152,-0.07767,0.0,0.0,0.0,-0.141413,-0.108094,-0.047598,-0.241358,-0.289302,-0.081869,-0.302355,-0.424353,-0.121884,-0.359164,-0.514088,-0.161608,-0.031249,-0.51781,-0.050736,0.038108,-0.740616,-0.098223,0.086317,-0.87277,-0.12585,0.125244,-0.981481,-0.144946,0.058577,-0.477121,-0.060308,0.064857,-0.524479,-0.154019,0.021879,-0.371651,-0.174029,-0.002641,-0.269017,-0.165506,0.138969,-0.413127,-0.075931,0.149587,-0.471804,-0.165787,0.101377,-0.347378,-0.150446,0.067729,-0.265271,-0.114319,0.215166,-0.336248,-0.09495,0.267038,-0.453428,-0.148508,0.23814,-0.430274,-0.129971,0.206099,-0.406702,-0.099378,W
0.0,0.0,0.0,0.119511,-0.113959,-0.077604,0.194051,-0.318262,-0.112774,0.2418,-0.495051,-0.145318,0.315142,-0.602957,-0.175049,0.03698,-0.541328,-0.052891,-0.003025,-0.75062,-0.10384,-0.036016,-0.876184,-0.129342,-0.063442,-0.986965,-0.147905,-0.044256,-0.493561,-0.045024,-0.137546,-0.538035,-0.13269,-0.085133,-0.409179,-0.147107,-0.027383,-0.370441,-0.136321,-0.114783,-0.422027,-0.047316,-0.192989,-0.449064,-0.135896,-0.132627,-0.335558,-0.114845,-0.075383,-0.315809,-0.078628,-0.176037,-0.341965,-0.057294,-0.237034,-0.37588,-0.115758,-0.188426,-0.292421,-0.098391,-0.134294,-0.265994,-0.069499,0.0,0.0,0.0,-0.143558,-0.110697,-0.055074,-0.252608,-0.292413,-0.092633,-0.323641,-0.431395,-0.134256,-0.382634,-0.519255,-0.174325,-0.051014,-0.52117,-0.053104,0.019785,-0.747954,-0.10217,0.069402,-0.874582,-0.131114,0.110611,-0.982266,-0.151387,0.041067,-0.48512,-0.059013,0.057122,-0.554555,-0.147754,0.018379,-0.408271,-0.161485,-0.000555,-0.314151,-0.150185,0.123654,-0.43018,-0.072803,0.139427,-0.492565,-0.153262,0.090666,-0.367263,-0.131213,0.064081,-0.293302,-0.094924,0.200394,-0.36133,-0.091773,0.245216,-0.463587,-0.135665,0.195968,-0.390553,-0.110391,0.156243,-0.329571,-0.078198,W
0.0,0.0,0.0,0.118456,-0.120796,-0.086451,0.194051,-0.320725,-0.125322,0.242875,-0.496239,-0.159185,0.315839,-0.608089,-0.189684,0.036298,-0.54305,-0.060953,-0.005132,-0.750095,-0.112956,-0.039328,-0.875357,-0.139675,-0.069923,-0.984797,-0.159016,-0.046808,-0.490647,-0.048884,-0.145607,-0.537991,-0.136686,-0.090999,-0.412326,-0.151543,-0.031022,-0.37221,-0.140882,-0.117382,-0.415541,-0.047617,-0.197973,-0.435197,-0.13882,-0.13187,-0.321746,-0.120464,-0.070463,-0.303073,-0.085365,-0.177851,-0.333548,-0.054454,-0.241055,-0.359256,-0.117486,-0.184247,-0.272031,-0.102676,-0.123507,-0.244105,-0.074619,0.0,0.0,0.0,-0.150019,-0.108683,-0.051166,-0.256268,-0.294687,-0.087805,-0.320583,-0.436333,-0.129,-0.382233,-0.523842,-0.169407,-0.051701,-0.514567,-0.053204,0.015331,-0.744762,-0.103545,0.066705,-0.875525,-0.133043,0.108576,-0.982251,-0.152953,0.041469,-0.47318,-0.061864,0.063085,-0.547255,-0.157714,0.022945,-0.400404,-0.175873,-0.005088,-0.300027,-0.164594,0.124455,-0.415601,-0.077017,0.143992,-0.478321,-0.163473,0.098946,-0.350325,-0.143727,0.066764,-0.273157,-0.105745,0.20128,-0.347065,-0.096437,0.25189,-0.454273,-0.145716,0.219616,-0.389999,-0.122322,0.189542,-0.338795,-0.089096,W
0.0,0.0,0.0,0.121336,-0.123145,-0.0755,0.199825,-0.324453,-0.108699,0.249535,-0.493363,-0.139539,0.317731,-0.599521,-0.168513,0.0351,-0.539547,-0.052467,-0.00179,-0.752059,-0.102782,-0.034536,-0.87855,-0.132402,-0.065641,-0.985732,-0.154996,-0.049248,-0.488074,-0.047515,-0.13565,-0.550263,-0.135695,-0.087577,-0.422479,-0.157023,-0.033052,-0.36729,-0.151893,-0.12231,-0.411349,-0.05184,-0.19288,-0.450762,-0.141559,-0.133556,-0.333379,-0.125523,-0.078025,-0.299344,-0.092823,-0.185155,-0.323961,-0.063484,-0.241895,-0.365966,-0.125173,-0.188602,-0.279202,-0.109407,-0.133128,-0.24415,-0.081592,0.0,0.0,0.0,-0.144505,-0.114094,-0.062015,-0.254582,-0.304159,-0.10261,-0.327697,-0.45135,-0.144427,-0.401579,-0.53505,-0.184144,-0.060443,-0.523462,-0.063472,0.005764,-0.748834,-0.111859,0.057628,-0.876496,-0.13829,0.101377,-0.982424,-0.156737,0.031953,-0.485491,-0.064075,0.062009,-0.544831,-0.150935,0.022039,-0.398572,-0.161915,-0.006422,-0.308477,-0.148911,0.113557,-0.425752,-0.072337,0.145695,-0.483207,-0.154485,0.098559,-0.365204,-0.135145,0.060323,-0.299741,-0.09966,0.187309,-0.355413,-0.085662,0.249143,-0.454121,-0.13577,0.223531,-0.412896,-0.118466,0.19395,-0.385968,-0.090567,W
0.0,0.0,0.0,0.118528,-0.123643,-0.074498,0.194461,-0.325702,-0.108819,0.246588,-0.496319,-0.141085,0.318516,-0.6069,-0.17089,0.031622,-0.544796,-0.047769,-0.008726,-0.755869,-0.095582,-0.041893,-0.880577,-0.12105,-0.072069,-0.987451,-0.140524,-0.050771,-0.496252,-0.041189,-0.134438,-0.542486,-0.12569,-0.081769,-0.40671,-0.141264,-0.027702,-0.357961,-0.132047,-0.122793,-0.419726,-0.04439,-0.190123,-0.44789,-0.132811,-0.12764,-0.32553,-0.114636,-0.072836,-0.296055,-0.08015,-0.184986,-0.332459,-0.05462,-0.239045,-0.363989,-0.11593,-0.183968,-0.274394,-0.100619,-0.129211,-0.242905,-0.072616,0.0,0.0,0.0,-0.149518,-0.110302,-0.063024,-0.262777,-0.294039,-0.103684,-0.329563,-0.443886,-0.145723,-0.393711,-0.541184,-0.185241,-0.066657,-0.519034,-0.067642,0.000954,-0.74816,-0.11898,0.052868,-0.875557,-0.14462,0.09514,-0.982334,-0.161148,0.028494,-0.482907,-0.067971,0.054764,-0.547373,-0.162626,0.015525,-0.394149,-0.175869,-0.012627,-0.299067,-0.161656,0.11182,-0.426329,-0.075786,0.138295,-0.47773,-0.169273,0.094369,-0.350577,-0.153138,0.058001,-0.2807,-0.115614,0.187865,-0.35884,-0.087772,0.244925,-0.459672,-0.14424,0.22504,-0.42803,-0.129077,0.200122,-0.4109,-0.100765,W
0.0,0.0,0.0,0.118737,-0.122558,-0.074882,0.189421,-0.327212,-0.107827,0.243028,-0.499669,-0.138354,0.315096,-0.601432,-0.167184,0.023293,-0.542665,-0.052028,-0.008438,-0.753242,-0.098577,-0.038657,-0.878377,-0.125452,-0.074305,-0.986304,-0.147249,-0.059391,-0.492187,-0.04616,-0.131165,-0.551892,-0.128353,-0.075527,-0.419769,-0.145792,-0.032757,-0.367027,-0.139105,-0.130677,-0.412981,-0.04925,-0.183585,-0.442403,-0.135928,-0.116089,-0.318845,-0.119596,-0.071804,-0.286944,-0.087255,-0.191057,-0.324582,-0.059254,-0.228906,-0.358798,-0.118401,-0.169475,-0.270315,-0.102474,-0.122965,-0.23955,-0.075338,0.0,0.0,0.0,-0.148726,-0.108466,-0.063029,-0.266383,-0.290668,-0.103513,-0.335557,-0.438168,-0.145049,-0.400089,-0.532007,-0.184362,-0.064377,-0.519,-0.066869,0.00023,-0.746731,-0.118749,0.051057,-0.875922,-0.146479,0.092555,-0.982034,-0.164449,0.031867,-0.479305,-0.067757,0.062908,-0.546438,-0.164013,0.022665,-0.4034,-0.180452,-0.010077,-0.303165,-0.168002,0.11368,-0.420883,-0.076064,0.145002,-0.47028,-0.169443,0.098879,-0.348515,-0.154808,0.05887,-0.273673,-0.118111,0.187512,-0.350541,-0.088658,0.247095,-0.442842,-0.144714,0.230369,-0.408514,-0.130064,0.207201,-0.386742,-0.10187,W
0.0,0.0,0.0,0.118682,-0.126794,-0.070634,0.189311,-0.328999,-0.103324,0.243378,-0.497906,-0.134682,0.316352,-0.602303,-0.165233,0.025368,-0.539378,-0.049592,-0.012382,-0.752837,-0.095282,-0.044987,-0.881204,-0.123408,-0.078421,-0.986202,-0.145792,-0.056565,-0.490792,-0.045198,-0.12661,-0.544377,-0.128149,-0.076361,-0.41262,-0.14805,-0.031113,-0.349979,-0.142805,-0.128928,-0.414097,-0.049067,-0.181735,-0.445434,-0.131311,-0.120349,-0.32716,-0.114313,-0.072693,-0.285282,-0.082321,-0.191827,-0.325692,-0.059995,-0.233326,-0.356338,-0.115105,-0.178589,-0.272985,-0.098344,-0.12941,-0.239304,-0.070677,0.0,0.0,0.0,-0.148247,-0.101569,-0.05761,-0.265917,-0.295716,-0.094821,-0.333096,-0.452979,-0.134569,-0.404139,-0.54223,-0.173628,-0.058829,-0.520027,-0.063795,0.010911,-0.747909,-0.113534,0.061655,-0.875092,-0.13937,0.099262,-0.982509,-0.157553,0.038685,-0.483904,-0.068441,0.059651,-0.557247,-0.156811,0.017944,-0.406251,-0.166634,-0.011071,-0.318593,-0.153412,0.123744,-0.427451,-0.08031,0.150446,-0.488668,-0.165567,0.100995,-0.357606,-0.143195,0.063923,-0.291503,-0.10662,0.200312,-0.359671,-0.096606,0.256038,-0.457956,-0.145193,0.217733,-0.383185,-0.12185,0.181414,-0.333714,-0.0912,W
0.0,0.0,0.0,0.117882,-0.122436,-0.071453,0.195599,-0.329486,-0.102245,0.253091,-0.4968,-0.13195,0.316398,-0.599568,-0.160092,0.036236,-0.543569,-0.045176,-0.003003,-0.755143,-0.092691,-0.03662,-0.879386,-0.121268,-0.071698,-0.987024,-0.143675,-0.045583,-0.494959,-0.040951,-0.119441,-0.544574,-0.129365,-0.065128,-0.409338,-0.152217,-0.017857,-0.351217,-0.147137,-0.118644,-0.420102,-0.045545,-0.175637,-0.442832,-0.135311,-0.108954,-0.321401,-0.121339,-0.059135,-0.283446,-0.088647,-0.182775,-0.335041,-0.056879,-0.224724,-0.367941,-0.117408,-0.165639,-0.277754,-0.101758,-0.113909,-0.240973,-0.073151,0.0,0.0,0.0,-0.150081,-0.102618,-0.069314,-0.264033,-0.293081,-0.1112,-0.331584,-0.451544,-0.15375,-0.403399,-0.539574,-0.194852,-0.067154,-0.530339,-0.066884,0.001527,-0.752337,-0.115998,0.052692,-0.876415,-0.142409,0.092334,-0.982637,-0.16093,0.030844,-0.499158,-0.065123,0.062121,-0.549624,-0.15689,0.018993,-0.39661,-0.172942,-0.01421,-0.311191,-0.16195,0.116977,-0.445805,-0.071098,0.150873,-0.491237,-0.161152,0.103365,-0.363592,-0.145303,0.065408,-0.30096,-0.110167,0.193836,-0.383234,-0.082078,0.255722,-0.473427,-0.13484,0.222773,-0.397644,-0.114394,0.187038,-0.345819,-0.083255,W
0.0,0.0,0.0,0.122854,-0.11979,-0.069934,0.200456,-0.325729,-0.098904,0.257593,-0.491906,-0.126256,0.320625,-0.594523,-0.15219,0.039018,-0.54083,-0.048247,0.000955,-0.754116,-0.093732,-0.033535,-0.881392,-0.122105,-0.069251,-0.98699,-0.145106,-0.043306,-0.493703,-0.044846,-0.116824,-0.539653,-0.131711,-0.068612,-0.409101,-0.155898,-0.021425,-0.345577,-0.152695,-0.116058,-0.417834,-0.049546,-0.169711,-0.429068,-0.136346,-0.105311,-0.313654,-0.125267,-0.053404,-0.277135,-0.096211,-0.179049,-0.329932,-0.060975,-0.216098,-0.345217,-0.119901,-0.15931,-0.260009,-0.107016,-0.10726,-0.2289,-0.081509,0.0,0.0,0.0,-0.154437,-0.108579,-0.064917,-0.272223,-0.296855,-0.104272,-0.341129,-0.451229,-0.143413,-0.411757,-0.545663,-0.181017,-0.070647,-0.527992,-0.070252,-0.000674,-0.749459,-0.117949,0.051474,-0.875487,-0.141524,0.090436,-0.983364,-0.157531,0.026384,-0.49121,-0.068057,0.066549,-0.543979,-0.160277,0.025086,-0.390814,-0.1762,-0.016331,-0.300053,-0.16435,0.109891,-0.430903,-0.072265,0.14581,-0.469995,-0.169605,0.101422,-0.338407,-0.157924,0.053836,-0.272663,-0.121971,0.184246,-0.359653,-0.079594,0.246244,-0.457419,-0.140401,0.243436,-0.433572,-0.127683,0.226082,-0.430297,-0.10003,W
0.0,0.0,0.0,0.126994,-0.11663,-0.071967,0.202894,-0.319,-0.104403,0.258638,-0.492893,-0.135747,0.329608,-0.603223,-0.165965,0.037512,-0.54191,-0.046715,-0.002786,-0.754826,-0.094089,-0.038533,-0.880598,-0.121706,-0.073968,-0.986857,-0.14367,-0.044591,-0.492485,-0.042506,-0.112622,-0.541413,-0.129371,-0.062719,-0.403881,-0.149498,-0.018445,-0.348744,-0.143581,-0.116966,-0.416671,-0.047402,-0.171056,-0.439812,-0.137489,-0.108655,-0.312275,-0.120907,-0.06064,-0.276186,-0.087509,-0.18128,-0.330698,-0.059023,-0.224592,-0.35984,-0.12012,-0.169705,-0.264599,-0.10325,-0.12061,-0.228049,-0.074594,0.0,0.0,0.0,-0.154592,-0.11567,-0.063462,-0.268064,-0.30249,-0.104178,-0.340192,-0.455511,-0.146809,-0.41129,-0.547618,-0.188316,-0.072706,-0.530026,-0.063723,-0.005513,-0.749823,-0.118376,0.044468,-0.872538,-0.149124,0.083342,-0.981957,-0.169747,0.022208,-0.497062,-0.06423,0.055116,-0.56377,-0.160087,0.012841,-0.407026,-0.178967,-0.024863,-0.322409,-0.169175,0.107391,-0.442432,-0.07203,0.139437,-0.495866,-0.168427,0.094069,-0.360114,-0.154569,0.051319,-0.294331,-0.117827,0.183609,-0.376432,-0.083596,0.246693,-0.485434,-0.13994,0.221899,-0.429458,-0.120716,0.18766,-0.392775,-0.089081,W
0.0,0.0,0.0,0.131337,-0.116122,-0.071704,0.211462,-0.323161,-0.102714,0.268142,-0.496455,-0.13196,0.338435,-0.604271,-0.159789,0.047226,-0.546082,-0.047267,0.006256,-0.760006,-0.092749,-0.03147,-0.887301,-0.117928,-0.066055,-0.988361,-0.137036,-0.037931,-0.497096,-0.041239,-0.103066,-0.548126,-0.125332,-0.058053,-0.409254,-0.142241,-0.013242,-0.349819,-0.133558,-0.112344,-0.423454,-0.044318,-0.162773,-0.44034,-0.129506,-0.107239,-0.315094,-0.111841,-0.061008,-0.278829,-0.078056,-0.177524,-0.339068,-0.054306,-0.220219,-0.36499,-0.109312,-0.172554,-0.273093,-0.090957,-0.127822,-0.238069,-0.061907,0.0,0.0,0.0,-0.152197,-0.106905,-0.062206,-0.267853,-0.295512,-0.100846,-0.336693,-0.448584,-0.141743,-0.402764,-0.542993,-0.180786,-0.076588,-0.527111,-0.062776,-0.008842,-0.754058,-0.116593,0.044423,-0.87652,-0.145091,0.084788,-0.982792,-0.164106,0.020335,-0.492483,-0.065807,0.051208,-0.555948,-0.161002,0.018066,-0.399518,-0.178243,-0.014703,-0.318628,-0.167868,0.107864,-0.435399,-0.076409,0.138118,-0.485005,-0.174999,0.103045,-0.347119,-0.160227,0.066679,-0.283948,-0.122793,0.187469,-0.365768,-0.090582,0.247161,-0.479096,-0.149489,0.229319,-0.417951,-0.128705,0.199955,-0.377533,-0.095456,W
0.0,0.0,0.0,0.130216,-0.115455,-0.072069,0.207487,-0.317089,-0.106452,0.255363,-0.4914,-0.138993,0.325977,-0.59867,-0.170337,0.04001,-0.539899,-0.055278,-0.007568,-0.751912,-0.104591,-0.045953,-0.879591,-0.131338,-0.085157,-0.984666,-0.152252,-0.046753,-0.48581,-0.05063,-0.110751,-0.536388,-0.136256,-0.057797,-0.388776,-0.149953,-0.017561,-0.333208,-0.140303,-0.120337,-0.406915,-0.054935,-0.173332,-0.430114,-0.144054,-0.109036,-0.298757,-0.120987,-0.065796,-0.262751,-0.084115,-0.184923,-0.316968,-0.065869,-0.230221,-0.352151,-0.125376,-0.174752,-0.256614,-0.104219,-0.131106,-0.21915,-0.0735,0.0,0.0,0.0,-0.152734,-0.117074,-0.055258,-0.26973,-0.302799,-0.090317,-0.341021,-0.449087,-0.128802,-0.406519,-0.536505,-0.166386,-0.073991,-0.534175,-0.057023,-0.005868,-0.755035,-0.109141,0.044232,-0.877721,-0.138358,0.084002,-0.983944,-0.157472,0.02427,-0.498362,-0.061703,0.062568,-0.546877,-0.158879,0.023413,-0.39311,-0.180444,-0.014432,-0.3062,-0.171662,0.111484,-0.440822,-0.072847,0.14495,-0.480127,-0.171783,0.103783,-0.344659,-0.160723,0.062802,-0.273979,-0.124278,0.189238,-0.372227,-0.086777,0.251236,-0.47931,-0.14681,0.23519,-0.43151,-0.129221,0.207683,-0.398395,-0.096989,W
0.0,0.0,0.0,0.133851,-0.104849,-0.078597,0.214063,-0.307858,-0.112111,0.262249,-0.489213,-0.141706,0.328697,-0.600016,-0.16981,0.045727,-0.534796,-0.060215,0.00287,-0.75311,-0.107973,-0.034337,-0.881515,-0.135474,-0.070334,-0.985127,-0.156776,-0.039465,-0.484498,-0.051295,-0.106163,-0.541802,-0.139292,-0.058601,-0.410355,-0.15963,-0.014951,-0.348053,-0.153387,-0.111908,-0.409224,-0.051111,-0.162891,-0.431902,-0.139089,-0.103621,-0.313736,-0.124583,-0.057059,-0.276536,-0.093143,-0.174577,-0.323074,-0.058079,-0.214133,-0.353125,-0.117206,-0.162075,-0.266351,-0.102796,-0.115498,-0.232971,-0.07654,0.0,0.0,0.0,-0.143575,-0.115951,-0.061469,-0.260191,-0.307933,-0.098003,-0.336584,-0.453646,-0.136714,-0.406952,-0.539869,-0.17365,-0.078524,-0.532655,-0.058932,-0.01428,-0.757678,-0.111254,0.038722,-0.879689,-0.138921,0.07741,-0.984427,-0.157835,0.020201,-0.496242,-0.061824,0.048666,-0.559425,-0.161097,0.015811,-0.388832,-0.179602,-0.01813,-0.298592,-0.168484,0.110807,-0.436949,-0.07242,0.138851,-0.487237,-0.172307,0.101742,-0.34397,-0.158166,0.061906,-0.276626,-0.120842,0.192207,-0.364795,-0.08644,0.249562,-0.471976,-0.146145,0.224759,-0.405891,-0.126791,0.188209,-0.36338,-0.094832,W
0.0,0.0,0.0,0.132096,-0.108038,-0.078497,0.205677,-0.320603,-0.109333,0.250024,-0.500368,-0.135518,0.321658,-0.607144,-0.159891,0.033378,-0.539837,-0.060503,-0.013248,-0.755176,-0.106587,-0.049664,-0.87792,-0.133058,-0.087456,-0.984061,-0.15484,-0.051471,-0.486056,-0.050924,-0.114992,-0.535043,-0.13521,-0.058931,-0.401677,-0.153145,-0.013575,-0.344037,-0.147722,-0.123056,-0.407411,-0.050177,-0.169164,-0.427787,-0.138112,-0.101402,-0.304276,-0.122149,-0.053381,-0.267474,-0.090981,-0.185406,-0.319085,-0.056438,-0.219814,-0.352784,-0.117802,-0.162313,-0.261341,-0.103597,-0.115623,-0.226068,-0.078101,0.0,0.0,0.0,-0.14862,-0.117734,-0.056233,-0.261514,-0.301513,-0.091686,-0.334635,-0.442728,-0.130917,-0.398738,-0.538943,-0.168028,-0.074714,-0.540312,-0.049361,-0.011745,-0.763907,-0.100841,0.038685,-0.88357,-0.129836,0.07731,-0.985736,-0.149489,0.023054,-0.499342,-0.055585,0.04933,-0.564433,-0.153903,0.011611,-0.398464,-0.175916,-0.022961,-0.30587,-0.1675,0.111806,-0.43527,-0.069353,0.137043,-0.493267,-0.16848,0.095507,-0.351646,-0.15595,0.055336,-0.279214,-0.119466,0.191491,-0.357118,-0.086218,0.250743,-0.473062,-0.145735,0.227234,-0.420587,-0.127187,0.193107,-0.384441,-0.095426,W
0.0,0.0,0.0,0.138522,-0.10488,-0.079795,0.219322,-0.315581,-0.113008,0.266382,-0.498794,-0.141859,0.335493,-0.611484,-0.169429,0.045377,-0.541976,-0.060107,-0.000204,-0.757888,-0.107146,-0.040897,-0.884248,-0.133425,-0.077988,-0.98501,-0.153863,-0.03876,-0.49196,-0.049479,-0.106485,-0.539904,-0.137365,-0.059125,-0.400024,-0.155798,-0.013011,-0.335543,-0.147972,-0.11114,-0.41719,-0.04781,-0.164101,-0.428789,-0.136727,-0.105594,-0.306437,-0.121117,-0.057053,-0.270125,-0.088636,-0.17535,-0.330752,-0.053292,-0.217768,-0.35265,-0.113424,-0.164919,-0.261196,-0.098482,-0.116525,-0.226556,-0.071535,0.0,0.0,0.0,-0.148935,-0.111047,-0.059758,-0.264127,-0.286756,-0.09798,-0.338836,-0.428703,-0.138586,-0.401476,-0.524108,-0.17711,-0.074563,-0.540351,-0.056484,-0.012653,-0.757186,-0.109226,0.036319,-0.879617,-0.140409,0.074165,-0.984037,-0.161775,0.025234,-0.501016,-0.060991,0.054707,-0.555503,-0.160689,0.018317,-0.394366,-0.185578,-0.01863,-0.299651,-0.178807,0.114538,-0.434712,-0.072517,0.138862,-0.480898,-0.172642,0.100787,-0.343135,-0.162069,0.060838,-0.268972,-0.126299,0.193965,-0.35361,-0.087416,0.249587,-0.45705,-0.149166,0.23414,-0.418601,-0.133396,0.207974,-0.395732,-0.102825,W
0.0,0.0,0.0,0.131916,-0.108466,-0.076706,0.205863,-0.324026,-0.106848,0.252788,-0.50784,-0.133162,0.329416,-0.607185,-0.158154,0.029372,-0.538511,-0.056808,-0.018838,-0.754857,-0.100588,-0.057322,-0.879631,-0.124986,-0.096026,-0.984728,-0.145224,-0.053933,-0.479526,-0.048412,-0.120911,-0.535684,-0.13297,-0.063573,-0.40066,-0.150687,-0.016741,-0.338172,-0.144148,-0.125079,-0.398775,-0.048681,-0.174568,-0.421377,-0.136755,-0.106019,-0.296295,-0.121112,-0.059011,-0.255714,-0.089248,-0.187707,-0.310537,-0.055692,-0.225308,-0.351144,-0.113941,-0.169788,-0.260943,-0.097948,-0.12609,-0.223809,-0.071698,0.0,0.0,0.0,-0.144002,-0.112835,-0.054981,-0.257288,-0.296776,-0.089343,-0.332388,-0.433308,-0.126876,-0.3972,-0.522794,-0.162592,-0.082634,-0.542833,-0.054768,-0.020517,-0.764631,-0.10284,0.027508,-0.884382,-0.12833,0.063747,-0.987282,-0.145636,0.014465,-0.509733,-0.05913,0.047269,-0.561274,-0.152643,0.008751,-0.397247,-0.173201,-0.029704,-0.309356,-0.164911,0.10248,-0.449579,-0.069832,0.134101,-0.497888,-0.165839,0.092628,-0.360676,-0.155428,0.050115,-0.291163,-0.121133,0.180917,-0.375548,-0.083134,0.240366,-0.492582,-0.142604,0.224247,-0.449293,-0.126542,0.196969,-0.41655,-0.096367,W
0.0,0.0,0.0,0.13217,-0.114658,-0.075734,0.204499,-0.325041,-0.109215,0.249954,-0.504216,-0.14019,0.317369,-0.615236,-0.169312,0.035538,-0.541074,-0.056293,-0.014282,-0.753559,-0.106131,-0.05403,-0.877865,-0.13158,-0.094508,-0.984022,-0.150893,-0.046076,-0.485271,-0.048742,-0.10683,-0.529549,-0.134727,-0.049413,-0.388158,-0.147143,-0.005571,-0.343367,-0.136094,-0.116447,-0.408019,-0.050813,-0.165681,-0.427201,-0.140874,-0.098486,-0.300182,-0.117998,-0.052065,-0.272315,-0.080827,-0.17918,-0.321747,-0.059913,-0.218061,-0.353647,-0.120977,-0.160618,-0.257885,-0.101422,-0.114566,-0.221665,-0.071116,0.0,0.0,0.0,-0.148209,-0.112425,-0.053157,-0.263179,-0.293701,-0.08502,-0.333548,-0.433244,-0.120696,-0.395253,-0.522036,-0.154863,-0.080699,-0.539751,-0.048714,-0.019811,-0.759921,-0.09984,0.028741,-0.882693,-0.129156,0.066798,-0.986603,-0.148836,0.019637,-0.505891,-0.054684,0.050667,-0.568998,-0.151527,0.019708,-0.402649,-0.172468,-0.011058,-0.30591,-0.163429,0.109862,-0.447477,-0.067807,0.138032,-0.498253,-0.16446,0.098816,-0.357413,-0.152239,0.060309,-0.281243,-0.116437,0.190494,-0.373776,-0.083953,0.252291,-0.485034,-0.14148,0.227317,-0.430205,-0.123606,0.191403,-0.388112,-0.092732,W
0.0,0.0,0.0,0.128461,-0.121663,-0.074876,0.203082,-0.326739,-0.108503,0.246509,-0.502427,-0.139461,0.314765,-0.61647,-0.169056,0.033314,-0.534375,-0.058055,-0.01938,-0.750247,-0.107201,-0.059707,-0.876399,-0.136537,-0.101386,-0.982002,-0.159351,-0.051604,-0.476638,-0.052011,-0.106112,-0.531395,-0.140915,-0.055089,-0.392945,-0.161529,-0.016901,-0.32967,-0.156243,-0.124318,-0.397222,-0.054456,-0.165816,-0.426126,-0.144041,-0.105202,-0.302303,-0.126878,-0.064821,-0.262501,-0.093723,-0.188954,-0.309811,-0.06365,-0.220796,-0.356645,-0.122209,-0.167708,-0.264616,-0.102946,-0.127553,-0.223412,-0.073649,0.0,0.0,0.0,-0.150961,-0.107134,-0.055519,-0.266579,-0.296726,-0.088337,-0.335921,-0.444628,-0.124087,-0.405012,-0.531952,-0.158922,-0.077927,-0.537376,-0.053668,-0.016784,-0.757391,-0.103853,0.031125,-0.879159,-0.132551,0.068205,-0.985929,-0.15262,0.020542,-0.502456,-0.058491,0.057921,-0.561577,-0.15287,0.02135,-0.401935,-0.174764,-0.017506,-0.316466,-0.167591,0.10978,-0.442057,-0.069931,0.143259,-0.489406,-0.168084,0.105199,-0.350253,-0.157863,0.063545,-0.283985,-0.123474,0.189523,-0.368338,-0.084037,0.252263,-0.477254,-0.143276,0.240075,-0.433964,-0.126384,0.214342,-0.409198,-0.096268,W
0.0,0.0,0.0,0.12346,-0.123183,-0.070356,0.195496,-0.324014,-0.103431,0.236139,-0.49116,-0.134974,0.293351,-0.60616,-0.164895,0.023738,-0.536707,-0.053796,-0.029399,-0.752599,-0.102442,-0.069743,-0.879927,-0.1317,-0.11009,-0.981988,-0.153557,-0.061092,-0.478914,-0.049985,-0.112335,-0.535314,-0.13738,-0.060893,-0.400077,-0.158604,-0.023613,-0.335681,-0.153778,-0.134193,-0.398401,-0.054256,-0.170581,-0.432924,-0.140933,-0.110066,-0.311302,-0.123288,-0.07284,-0.268359,-0.090029,-0.19981,-0.30876,-0.064965,-0.226411,-0.360618,-0.119331,-0.173169,-0.27325,-0.097994,-0.136131,-0.231998,-0.067424,0.0,0.0,0.0,-0.148914,-0.106309,-0.059909,-0.265244,-0.295492,-0.095268,-0.331307,-0.452349,-0.132205,-0.401629,-0.539952,-0.167417,-0.082018,-0.530169,-0.058047,-0.014554,-0.754175,-0.107712,0.035941,-0.878653,-0.133632,0.072797,-0.985754,-0.151626,0.019831,-0.498094,-0.060433,0.064295,-0.559183,-0.163001,0.030475,-0.384629,-0.184644,-0.008461,-0.278373,-0.17302,0.109887,-0.442084,-0.069471,0.151552,-0.485178,-0.172874,0.113782,-0.342869,-0.162684,0.069582,-0.268508,-0.125366,0.188061,-0.373669,-0.081268,0.251186,-0.463879,-0.142532,0.233239,-0.417357,-0.128119,0.201312,-0.395677,-0.098796,W
0.0,0.0,0.0,0.121533,-0.121039,-0.088482,0.191968,-0.319186,-0.128631,0.232862,-0.491676,-0.163893,0.289737,-0.609068,-0.194663,0.027365,-0.539096,-0.063154,-0.022175,-0.746743,-0.118341,-0.062208,-0.876492,-0.1443,-0.099824,-0.981804,-0.161544,-0.056961,-0.482616,-0.051727,-0.11196,-0.542165,-0.144239,-0.056817,-0.392277,-0.155045,-0.015598,-0.3378,-0.137926,-0.129509,-0.405984,-0.052161,-0.169456,-0.425674,-0.146615,-0.105652,-0.299141,-0.12391,-0.066222,-0.27589,-0.082793,-0.19369,-0.322477,-0.060701,-0.226115,-0.355631,-0.11838,-0.170658,-0.266077,-0.096656,-0.132223,-0.238799,-0.063874,0.0,0.0,0.0,-0.150224,-0.102365,-0.061171,-0.263859,-0.29004,-0.094948,-0.325478,-0.446477,-0.131085,-0.387653,-0.536456,-0.165713,-0.077829,-0.532321,-0.051912,-0.012061,-0.757301,-0.103111,0.037545,-0.87843,-0.132322,0.076671,-0.985289,-0.152735,0.021069,-0.497453,-0.054691,0.058266,-0.566391,-0.150917,0.017227,-0.406811,-0.171848,-0.019251,-0.321405,-0.163177,0.109704,-0.443036,-0.065532,0.145624,-0.500932,-0.161459,0.101404,-0.36384,-0.147852,0.062877,-0.29933,-0.112091,0.188843,-0.378379,-0.08036,0.252959,-0.481233,-0.136055,0.223339,-0.410652,-0.116153,0.18812,-0.366038,-0.084731,W
0.0,0.0,0.0,0.124432,-0.124861,-0.07991,0.19034,-0.326109,-0.114365,0.228803,-0.496254,-0.145387,0.284546,-0.612261,-0.172918,0.024838,-0.542118,-0.055409,-0.023521,-0.75138,-0.106386,-0.06045,-0.878693,-0.131416,-0.097277,-0.984025,-0.149101,-0.05931,-0.484335,-0.047665,-0.1106,-0.540702,-0.135223,-0.05364,-0.393893,-0.14722,-0.016384,-0.342131,-0.133391,-0.131757,-0.404741,-0.05062,-0.169706,-0.430171,-0.141551,-0.104858,-0.304764,-0.119627,-0.06999,-0.281004,-0.081188,-0.197351,-0.318255,-0.060854,-0.227037,-0.356231,-0.11821,-0.169635,-0.266192,-0.096094,-0.133711,-0.235468,-0.063895,0.0,0.0,0.0,-0.143357,-0.10165,-0.065091,-0.255554,-0.293385,-0.101874,-0.318239,-0.454325,-0.139068,-0.385192,-0.550171,-0.174464,-0.074907,-0.532514,-0.060262,-0.013295,-0.755546,-0.109644,0.035512,-0.879988,-0.137174,0.071314,-0.985033,-0.15692,0.019081,-0.492291,-0.060456,0.068946,-0.566757,-0.155624,0.030394,-0.414842,-0.176007,-0.016681,-0.330031,-0.166631,0.104344,-0.429884,-0.06826,0.148407,-0.488993,-0.164132,0.107962,-0.363507,-0.153855,0.059824,-0.306457,-0.120223,0.178797,-0.357045,-0.079828,0.241904,-0.453674,-0.138941,0.226455,-0.4045,-0.125399,0.19793,-0.380074,-0.098218,W
0.0,0.0,0.0,0.117778,-0.124962,-0.07647,0.183629,-0.328304,-0.107993,0.225259,-0.496512,-0.136524,0.281224,-0.609842,-0.161583,0.027668,-0.542761,-0.050879,-0.017423,-0.752891,-0.099806,-0.0523,-0.878652,-0.124305,-0.086788,-0.986109,-0.141624,-0.056364,-0.487844,-0.043899,-0.103216,-0.552867,-0.13038,-0.051185,-0.40783,-0.144831,-0.01769,-0.350754,-0.132334,-0.128864,-0.410604,-0.046856,-0.16167,-0.443262,-0.136434,-0.100237,-0.315767,-0.116863,-0.067967,-0.285418,-0.079319,-0.194424,-0.326129,-0.056599,-0.220636,-0.371873,-0.111841,-0.167339,-0.281634,-0.089854,-0.135374,-0.247178,-0.057483,0.0,0.0,0.0,-0.136622,-0.106526,-0.069086,-0.243823,-0.290373,-0.109873,-0.30997,-0.453442,-0.150979,-0.37512,-0.554845,-0.189428,-0.068727,-0.524839,-0.062622,-0.01542,-0.748463,-0.11577,0.026587,-0.876792,-0.144032,0.059216,-0.984751,-0.163583,0.026592,-0.486921,-0.06106,0.062279,-0.548582,-0.162107,0.022454,-0.387055,-0.182042,-0.015637,-0.303545,-0.170672,0.112427,-0.42296,-0.067668,0.148537,-0.478486,-0.169623,0.1074,-0.349361,-0.156285,0.064842,-0.292923,-0.117993,0.186207,-0.348336,-0.078333,0.244434,-0.446004,-0.141138,0.228042,-0.410262,-0.127247,0.203493,-0.402651,-0.098094,W
0.0,0.0,0.0,0.121847,-0.11444,-0.079746,0.194484,-0.315313,-0.113363,0.236562,-0.489019,-0.143602,0.285495,-0.611449,-0.170649,0.046972,-0.536535,-0.055616,0.008655,-0.753373,-0.107567,-0.02559,-0.878445,-0.135396,-0.05909,-0.986164,-0.154886,-0.035744,-0.488103,-0.047486,-0.08357,-0.563311,-0.140732,-0.039019,-0.421437,-0.161076,-0.004328,-0.358872,-0.151456,-0.109083,-0.420491,-0.048971,-0.147967,-0.459863,-0.142431,-0.0929,-0.330386,-0.124619,-0.056732,-0.290595,-0.087102,-0.176164,-0.346413,-0.057509,-0.206321,-0.398886,-0.115574,-0.158342,-0.304753,-0.094779,-0.122154,-0.263959,-0.062307,0.0,0.0,0.0,-0.139862,-0.104253,-0.072267,-0.245847,-0.277896,-0.113165,-0.311012,-0.435663,-0.154535,-0.360644,-0.550175,-0.192552,-0.090013,-0.503758,-0.062291,-0.051808,-0.732959,-0.121885,-0.019667,-0.865441,-0.156663,0.006218,-0.983592,-0.180301,0.005585,-0.482432,-0.061369,0.023126,-0.544351,-0.169317,-0.004521,-0.382467,-0.194009,-0.03054,-0.284624,-0.184676,0.094122,-0.437348,-0.069914,0.111302,-0.487075,-0.174274,0.076454,-0.352244,-0.16188,0.045663,-0.281309,-0.123459,0.175323,-0.380281,-0.083799,0.214195,-0.480535,-0.145078,0.184196,-0.417475,-0.128171,0.153759,-0.376053,-0.0972,W
0.0,0.0,0.0,0.127522,-0.123781,-0.068705,0.199842,-0.323798,-0.094418,0.24021,-0.495845,-0.118494,0.286685,-0.621641,-0.139891,0.063309,-0.536232,-0.037792,0.03953,-0.753398,-0.08057,0.014633,-0.881026,-0.104772,-0.016588,-0.992222,-0.123367,-0.019018,-0.496409,-0.03298,-0.052708,-0.586118,-0.114097,-0.011014,-0.447034,-0.133645,0.014908,-0.37819,-0.125885,-0.094276,-0.434336,-0.036816,-0.118562,-0.496,-0.123093,-0.067468,-0.363581,-0.107039,-0.041106,-0.319412,-0.072407,-0.166253,-0.365507,-0.046569,-0.177669,-0.433159,-0.10256,-0.129836,-0.340172,-0.083603,-0.101664,-0.29783,-0.053569,0.0,0.0,0.0,-0.144927,-0.086361,-0.066875,-0.2592,-0.261317,-0.102924,-0.311082,-0.426118,-0.140748,-0.349925,-0.554664,-0.17515,-0.109322,-0.500918,-0.052662,-0.084191,-0.732911,-0.107643,-0.060095,-0.867153,-0.139002,-0.041187,-0.986128,-0.160796,-0.014403,-0.481505,-0.055998,-0.010962,-0.547735,-0.157107,-0.036629,-0.384963,-0.180071,-0.052598,-0.293607,-0.171517,0.075381,-0.439447,-0.068777,0.080971,-0.498788,-0.168476,0.046857,-0.354384,-0.153234,0.02818,-0.28474,-0.115455,0.164301,-0.384724,-0.086819,0.1857,-0.4992,-0.144856,0.149356,-0.417278,-0.123697,0.124685,-0.358643,-0.091209,W
0.0,0.0,0.0,0.125437,-0.124491,-0.051207,0.200615,-0.324723,-0.069063,0.243508,-0.489394,-0.088809,0.287855,-0.606275,-0.108047,0.088452,-0.528986,-0.028675,0.080492,-0.750458,-0.070092,0.067136,-0.881434,-0.095495,0.047413,-0.992279,-0.114608,0.005328,-0.492689,-0.033062,-0.022014,-0.608362,-0.111757,0.010301,-0.473537,-0.134041,0.029649,-0.384694,-0.129801,-0.07262,-0.432676,-0.044118,-0.088717,-0.526664,-0.124998,-0.048449,-0.396623,-0.108918,-0.031932,-0.327637,-0.076144,-0.148548,-0.359676,-0.059753,-0.159027,-0.465873,-0.10931,-0.118886,-0.379501,-0.087145,-0.099727,-0.318521,-0.056982,0.0,0.0,0.0,-0.159101,-0.101852,-0.062984,-0.276387,-0.277005,-0.097849,-0.335968,-0.435126,-0.134631,-0.373102,-0.568027,-0.166645,-0.132418,-0.513096,-0.050691,-0.123419,-0.739765,-0.104519,-0.11051,-0.870827,-0.133358,-0.100334,-0.983332,-0.151629,-0.035122,-0.49351,-0.05439,-0.045832,-0.578709,-0.156713,-0.067856,-0.417526,-0.179432,-0.0766,-0.306295,-0.167751,0.055171,-0.449044,-0.066949,0.052633,-0.511428,-0.169215,0.022155,-0.368804,-0.157569,0.006517,-0.28014,-0.117955,0.145444,-0.387963,-0.083778,0.165627,-0.508777,-0.142722,0.139775,-0.476558,-0.127997,0.120946,-0.449335,-0.098197,W
0.0,0.0,0.0,0.129864,-0.096498,-0.060382,0.225691,-0.286037,-0.085051,0.268652,-0.457785,-0.109654,0.279109,-0.585611,-0.132765,0.144697,-0.507181,-0.044939,0.149148,-0.736562,-0.089282,0.143972,-0.868931,-0.116038,0.134445,-0.981613,-0.135498,0.054504,-0.495604,-0.04434,0.042966,-0.59088,-0.127413,0.065439,-0.448425,-0.149648,0.078137,-0.339037,-0.145808,-0.032783,-0.455313,-0.050388,-0.042053,-0.544452,-0.128375,-0.009046,-0.418122,-0.111692,0.006161,-0.326343,-0.081033,-0.11767,-0.398074,-0.061958,-0.125581,-0.499423,-0.111229,-0.089258,-0.408868,-0.091136,-0.069945,-0.32918,-0.062857,0.0,0.0,0.0,-0.156106,-0.0898,-0.051722,-0.284175,-0.275639,-0.076728,-0.348856,-0.444842,-0.107476,-0.38668,-0.577809,-0.134474,-0.152487,-0.495072,-0.028747,-0.158829,-0.741623,-0.077911,-0.159233,-0.872056,-0.10101,-0.160383,-0.980311,-0.115188,-0.054229,-0.494351,-0.036637,-0.074728,-0.591339,-0.126395,-0.088706,-0.432283,-0.141226,-0.083122,-0.331438,-0.128749,0.039165,-0.477455,-0.054498,0.022842,-0.563247,-0.144981,-0.00349,-0.412692,-0.125811,-0.002499,-0.324438,-0.087005,0.133171,-0.448693,-0.076747,0.12966,-0.583741,-0.124561,0.096297,-0.494488,-0.100317,0.089175,-0.41474,-0.067839,W
0.0,0.0,0.0,0.131249,-0.08039,-0.052753,0.222779,-0.263616,-0.074408,0.263736,-0.435571,-0.097374,0.284001,-0.568917,-0.117301,0.185991,-0.488364,-0.042012,0.2007,-0.717832,-0.094505,0.199687,-0.854827,-0.124226,0.194937,-0.970146,-0.144281,0.101301,-0.491709,-0.044166,0.119555,-0.551341,-0.132631,0.128696,-0.397908,-0.15339,0.127318,-0.294722,-0.14793,0.013056,-0.471308,-0.053557,0.030476,-0.506946,-0.138668,0.045467,-0.366656,-0.119941,0.04623,-0.282513,-0.086147,-0.079416,-0.434,-0.067839,-0.055346,-0.485304,-0.120113,-0.033637,-0.379791,-0.099113,-0.034158,-0.306805,-0.069315,0.0,0.0,0.0,-0.151291,-0.031777,-0.045241,-0.302424,-0.250445,-0.063596,-0.358279,-0.465959,-0.086597,-0.372148,-0.614846,-0.105972,-0.186681,-0.522254,-0.027442,-0.201785,-0.781794,-0.077435,-0.214602,-0.891132,-0.103732,-0.225559,-0.966576,-0.12188,-0.072464,-0.53733,-0.038825,-0.109709,-0.66957,-0.120379,-0.118023,-0.504213,-0.133829,-0.100821,-0.385592,-0.125114,0.034868,-0.524605,-0.059866,0.001131,-0.644715,-0.141454,-0.025327,-0.490967,-0.118066,-0.020172,-0.392857,-0.083313,0.143303,-0.494383,-0.084835,0.121697,-0.642482,-0.131197,0.08212,-0.539291,-0.106372,0.076572,-0.444997,-0.077597,W
